,Nom Anglais,nb games valide,total games,ratio,%,pts moy,pts moy total,total point,cout,pts par cout moy,pts par cout total,pts par cout moy+1,pts par cout total+1
Mental d'Acier,Steel Aura,8,9,0.89,89%,18.0,16.0,144,2,9.0,8.0,6.0,5.33
Totem Équivalent,Equivalent Totem,9,9,1.0,100%,13.67,13.67,123,2,6.83,6.83,4.56,4.56
Griffes Sauvages,Wild Claw,9,9,1.0,100%,13.22,13.22,119,3,4.41,4.41,3.31,3.31
Assistance Divine,Sacred Help,5,9,0.56,56%,20.0,11.11,100,2,10.0,5.55,6.67,3.7
Aveuglement,Incapacitor,9,9,1.0,100%,8.67,8.67,78,3,2.89,2.89,2.17,2.17
Esprit de l'Écuyer,Spirit of the Squire,7,9,0.78,78%,10.71,8.33,75,3,3.57,2.78,2.68,2.08
Marteau Collecteur,Collecting Hammer,4,9,0.44,44%,18.0,8.0,72,2,9.0,4.0,6.0,2.67
Faux,Scythe,9,9,1.0,100%,7.78,7.78,70,3,2.59,2.59,1.95,1.95
Tombeau Rocheux,Rock Tomb,7,9,0.78,78%,10.0,7.78,70,1,10.0,7.78,5.0,3.89
Soif de Sang,Thirsty Dagger,4,9,0.44,44%,15.0,6.67,60,0,Gratuit,Gratuit,15.0,6.67
Décharge Élémentaire,Elemental Discharge,3,9,0.33,33%,18.0,6.0,54,1,18.0,6.0,9.0,3.0
Bâton de Conquête,Conquering Staff,2,9,0.22,22%,24.0,5.33,48,2,12.0,2.67,8.0,1.78
Lame Affutée,Sharp Blade,8,9,0.89,89%,5.62,5.0,45,3,1.87,1.67,1.41,1.25
Armure d'Obsidienne,Obsidian Battle Plate,2,9,0.22,22%,20.0,4.44,40,2,10.0,2.22,6.67,1.48
Esprit omniprésent,Omnipresent Spirit,2,9,0.22,22%,18.0,4.0,36,2,9.0,2.0,6.0,1.33
Être de Lumière,Being of Light,2,9,0.22,22%,18.0,4.0,36,1,18.0,4.0,9.0,2.0
Chasseur d'Âmes,Soul Hunter,2,9,0.22,22%,15.0,3.33,30,1,15.0,3.33,7.5,1.67
Coup de Mort,Death Helper,3,9,0.33,33%,10.0,3.33,30,1,10.0,3.33,5.0,1.67
Bâton du Conquérant,Staff of Conquered Worlds,2,9,0.22,22%,11.0,2.44,22,0,Gratuit,Gratuit,11.0,2.44
Totem du Gardien,Guardian Totem,9,9,1.0,100%,2.44,2.44,22,3,0.81,0.81,0.61,0.61
Esprit Sauvage,Wild Spirit,2,9,0.22,22%,10.0,2.22,20,0,Gratuit,Gratuit,10.0,2.22
Pillard Féroce,Savage Looter,1,9,0.11,11%,20.0,2.22,20,1,20.0,2.22,10.0,1.11
Le Marionnettiste,The Puppeteer,1,9,0.11,11%,20.0,2.22,20,2,10.0,1.11,6.67,0.74
Chasseur de Bêtes,Beast Hunter,1,9,0.11,11%,18.0,2.0,18,2,9.0,1.0,6.0,0.67
Épée Obscure,Swords of Darkness,1,9,0.11,11%,17.0,1.89,17,1,17.0,1.89,8.5,0.94
Économe Sagesse du Trésorier,Treasurer's Wisdom,1,9,0.11,11%,17.0,1.89,17,2,8.5,0.94,5.67,0.63
Armure d'Immortel,Immortal Breastplate,1,9,0.11,11%,14.0,1.56,14,1,14.0,1.56,7.0,0.78
Sabre Versatile,Versatil Saber,1,9,0.11,11%,11.0,1.22,11,1,11.0,1.22,5.5,0.61
Œil de Lynx,Hawk's Eye,1,9,0.11,11%,8.0,0.89,8,0,Gratuit,Gratuit,8.0,0.89
Danse Macabre,Dance of Death,1,9,0.11,11%,8.0,0.89,8,1,8.0,0.89,4.0,0.45
