,Nom Anglais,nb games valide,total games,ratio,%,pts moy,pts moy total,total point,cout,pts par cout moy,pts par cout total,pts par cout moy+1,pts par cout total+1
Mental d'Acier,Steel Aura,6,6,1.0,100%,18.0,18.0,108,2,9.0,9.0,6.0,6.0
Griffes Sauvages,Wild Claw,6,6,1.0,100%,13.83,13.83,83,3,4.61,4.61,3.46,3.46
Totem Équivalent,Equivalent Totem,6,6,1.0,100%,13.5,13.5,81,2,6.75,6.75,4.5,4.5
Marteau Collecteur,Collecting Hammer,3,6,0.5,50%,20.0,10.0,60,2,10.0,5.0,6.67,3.33
Assistance Divine,Sacred Help,3,6,0.5,50%,20.0,10.0,60,2,10.0,5.0,6.67,3.33
Tombeau Rocheux,Rock Tomb,5,6,0.83,83%,10.0,8.33,50,1,10.0,8.33,5.0,4.17
Esprit de l'Écuyer,Spirit of the Squire,5,6,0.83,83%,9.6,8.0,48,3,3.2,2.67,2.4,2.0
Faux,Scythe,6,6,1.0,100%,7.67,7.67,46,3,2.56,2.56,1.92,1.92
Aveuglement,Incapacitor,6,6,1.0,100%,7.5,7.5,45,3,2.5,2.5,1.88,1.88
Décharge Élémentaire,Elemental Discharge,2,6,0.33,33%,18.0,6.0,36,1,18.0,6.0,9.0,3.0
Lame Affutée,Sharp Blade,5,6,0.83,83%,6.6,5.5,33,3,2.2,1.83,1.65,1.38
Soif de Sang,Thirsty Dagger,2,6,0.33,33%,15.0,5.0,30,0,Gratuit,Gratuit,15.0,5.0
Bâton de Conquête,Conquering Staff,1,6,0.17,17%,24.0,4.0,24,2,12.0,2.0,8.0,1.33
Pillard Féroce,Savage Looter,1,6,0.17,17%,20.0,3.33,20,1,20.0,3.33,10.0,1.67
Coup de Mort,Death Helper,2,6,0.33,33%,10.0,3.33,20,1,10.0,3.33,5.0,1.67
Armure d'Obsidienne,Obsidian Battle Plate,1,6,0.17,17%,20.0,3.33,20,2,10.0,1.67,6.67,1.11
Esprit Sauvage,Wild Spirit,2,6,0.33,33%,10.0,3.33,20,0,Gratuit,Gratuit,10.0,3.33
Être de Lumière,Being of Light,1,6,0.17,17%,18.0,3.0,18,1,18.0,3.0,9.0,1.5
Chasseur de Bêtes,Beast Hunter,1,6,0.17,17%,18.0,3.0,18,2,9.0,1.5,6.0,1.0
Esprit omniprésent,Omnipresent Spirit,1,6,0.17,17%,18.0,3.0,18,2,9.0,1.5,6.0,1.0
Épée Obscure,Swords of Darkness,1,6,0.17,17%,17.0,2.83,17,1,17.0,2.83,8.5,1.42
Chasseur d'Âmes,Soul Hunter,1,6,0.17,17%,15.0,2.5,15,1,15.0,2.5,7.5,1.25
Totem du Gardien,Guardian Totem,6,6,1.0,100%,2.5,2.5,15,3,0.83,0.83,0.62,0.62
Bâton du Conquérant,Staff of Conquered Worlds,1,6,0.17,17%,11.0,1.83,11,0,Gratuit,Gratuit,11.0,1.83
Danse Macabre,Dance of Death,1,6,0.17,17%,8.0,1.33,8,1,8.0,1.33,4.0,0.67
