,Nom Anglais,nb games valide,total games,ratio,%,pts moy,pts moy total,total point,cout,pts par cout moy,pts par cout total,pts par cout moy+1,pts par cout total+1
Assistance Divine,Sacred Help,119,128,0.93,93%,20.0,18.59,2380,2,10.0,9.29,6.67,6.2
Griffes Sauvages,Wild Claw,128,128,1.0,100%,14.44,14.44,1848,3,4.81,4.81,3.61,3.61
Totem Équivalent,Equivalent Totem,128,128,1.0,100%,14.3,14.3,1831,2,7.15,7.15,4.77,4.77
Esprit de l'Écuyer,Spirit of the Squire,119,128,0.93,93%,11.32,10.52,1347,3,3.77,3.51,2.83,2.63
Aveuglement,Incapacitor,128,128,1.0,100%,10.1,10.1,1293,3,3.37,3.37,2.52,2.52
Lame Affutée,Sharp Blade,111,128,0.87,87%,10.54,9.14,1170,3,3.51,3.05,2.63,2.29
Chasseur de Bêtes,Beast Hunter,65,128,0.51,51%,18.0,9.14,1170,2,9.0,4.57,6.0,3.05
Armure d'Obsidienne,Obsidian Battle Plate,55,128,0.43,43%,20.0,8.59,1100,2,10.0,4.29,6.67,2.86
Tombeau Rocheux,Rock Tomb,108,128,0.84,84%,10.0,8.44,1080,1,10.0,8.44,5.0,4.22
Faux,Scythe,128,128,1.0,100%,8.36,8.36,1070,3,2.79,2.79,2.09,2.09
Marteau Collecteur,Collecting Hammer,66,128,0.52,52%,15.38,7.93,1015,2,7.69,3.96,5.13,2.64
Pillard Féroce,Savage Looter,44,128,0.34,34%,20.0,6.88,880,1,20.0,6.88,10.0,3.44
Décharge Élémentaire,Elemental Discharge,48,128,0.38,38%,18.0,6.75,864,1,18.0,6.75,9.0,3.38
Être de Lumière,Being of Light,47,128,0.37,37%,18.0,6.61,846,1,18.0,6.61,9.0,3.31
Coup de Mort,Death Helper,57,128,0.45,45%,13.0,5.79,741,1,13.0,5.79,6.5,2.9
Mental d'Acier,Steel Aura,36,128,0.28,28%,18.0,5.06,648,2,9.0,2.53,6.0,1.69
Bâton de Conquête,Conquering Staff,27,128,0.21,21%,24.0,5.06,648,2,12.0,2.53,8.0,1.69
Œil de Lynx,Hawk's Eye,59,128,0.46,46%,10.0,4.61,590,0,Gratuit,Gratuit,10.0,4.61
Esprit omniprésent,Omnipresent Spirit,32,128,0.25,25%,18.0,4.5,576,2,9.0,2.25,6.0,1.5
Esprit Sauvage,Wild Spirit,49,128,0.38,38%,10.0,3.83,490,0,Gratuit,Gratuit,10.0,3.83
Sabre Versatile,Versatil Saber,44,128,0.34,34%,11.0,3.78,484,1,11.0,3.78,5.5,1.89
Totem du Gardien,Guardian Totem,128,128,1.0,100%,3.45,3.45,441,3,1.15,1.15,0.86,0.86
Épée Obscure,Swords of Darkness,25,128,0.2,20%,17.0,3.32,425,1,17.0,3.32,8.5,1.66
Armure d'Immortel,Immortal Breastplate,26,128,0.2,20%,16.0,3.25,416,1,16.0,3.25,8.0,1.62
Soif de Sang,Thirsty Dagger,25,128,0.2,20%,15.0,2.93,375,0,Gratuit,Gratuit,15.0,2.93
Elan de Fureur,Rampage Momentum,23,128,0.18,18%,15.0,2.7,345,2,7.5,1.35,5.0,0.9
Danse Macabre,Dance of Death,41,128,0.32,32%,8.0,2.56,328,1,8.0,2.56,4.0,1.28
Économe Sagesse du Trésorier,Treasurer's Wisdom,19,128,0.15,15%,17.0,2.52,323,2,8.5,1.26,5.67,0.84
Aura Légendaire,Legend Aura,8,128,0.06,6%,40.0,2.5,320,3,13.33,0.83,10.0,0.62
Hache Frénétique,Berseker Ax,22,128,0.17,17%,14.0,2.41,308,2,7.0,1.21,4.67,0.8
Force Divine,Divine Impetu,20,128,0.16,16%,15.0,2.34,300,0,Gratuit,Gratuit,15.0,2.34
Le Marionnettiste,The Puppeteer,14,128,0.11,11%,20.0,2.19,280,2,10.0,1.09,6.67,0.73
Marteleur précis,Precise Hammer,15,128,0.12,12%,18.0,2.11,270,1,18.0,2.11,9.0,1.05
Chasseur d'Âmes,Soul Hunter,13,128,0.1,10%,20.0,2.03,260,1,20.0,2.03,10.0,1.01
Enchaînement Éclair,Unstoppable Lightning,14,128,0.11,11%,18.0,1.97,252,1,18.0,1.97,9.0,0.98
Bâton du Conquérant,Staff of Conquered Worlds,20,128,0.16,16%,11.0,1.72,220,0,Gratuit,Gratuit,11.0,1.72
Amulette Omnisciente,Omnipresent Amulet,13,128,0.1,10%,15.0,1.52,195,0,Gratuit,Gratuit,15.0,1.52
Épé Sainte,Holy Sword,17,128,0.13,13%,10.0,1.33,170,0,Gratuit,Gratuit,10.0,1.33
Triple Météore,Trimeteor,5,128,0.04,4%,30.0,1.17,150,0,Gratuit,Gratuit,30.0,1.17
Désintégrateur Magnétique,Magnetic Disintegrator,13,128,0.1,10%,11.0,1.12,143,0,Gratuit,Gratuit,11.0,1.12
Masse de Siège,Siege Mace,8,128,0.06,6%,16.0,1.0,128,0,Gratuit,Gratuit,16.0,1.0
Ascension Divine,Divine Ascent,5,128,0.04,4%,25.0,0.98,125,3,8.33,0.33,6.25,0.24
Parchemin Secret,Secret Scroll,5,128,0.04,4%,18.0,0.7,90,2,9.0,0.35,6.0,0.23
Adrénaline Arcanique,Arcane Adrenaline,5,128,0.04,4%,16.0,0.62,80,1,16.0,0.62,8.0,0.31
Esprit Guerrier,Spirit of the Warrior,3,128,0.02,2%,16.0,0.38,48,1,16.0,0.38,8.0,0.19
Vision Céleste,Heavenly Vision,2,128,0.02,2%,22.0,0.34,44,2,11.0,0.17,7.33,0.11
Couronne du Roi Nain,Crown of the Dwarf King,3,128,0.02,2%,13.0,0.3,39,0,Gratuit,Gratuit,13.0,0.3
Explosion Arcanique,Arcane Explosive,3,128,0.02,2%,12.0,0.28,36,1,12.0,0.28,6.0,0.14
Le Traqueur,The Stalker,1,128,0.01,1%,20.0,0.16,20,3,6.67,0.05,5.0,0.04
