,Nom Anglais,nb games valide,total games,ratio,%,pts moy,pts moy total,total point,cout,pts par cout moy,pts par cout total,pts par cout moy+1,pts par cout total+1
Griffes Sauvages,Wild Claw,4,4,1.0,100%,17.25,17.25,69,3,5.75,5.75,4.31,4.31
Totem Équivalent,Equivalent Totem,4,4,1.0,100%,15.0,15.0,60,2,7.5,7.5,5.0,5.0
Armure d'Obsidienne,Obsidian Battle Plate,3,4,0.75,75%,20.0,15.0,60,2,10.0,7.5,6.67,5.0
Pillard Féroce,Savage Looter,3,4,0.75,75%,20.0,15.0,60,1,20.0,15.0,10.0,7.5
Décharge Élémentaire,Elemental Discharge,3,4,0.75,75%,18.0,13.5,54,1,18.0,13.5,9.0,6.75
Chasseur de Bêtes,Beast Hunter,3,4,0.75,75%,18.0,13.5,54,2,9.0,6.75,6.0,4.5
Esprit de l'Écuyer,Spirit of the Squire,4,4,1.0,100%,13.5,13.5,54,3,4.5,4.5,3.38,3.38
Épée Obscure,Swords of Darkness,3,4,0.75,75%,17.0,12.75,51,1,17.0,12.75,8.5,6.38
Aveuglement,Incapacitor,4,4,1.0,100%,12.75,12.75,51,3,4.25,4.25,3.19,3.19
Lame Affutée,Sharp Blade,4,4,1.0,100%,11.25,11.25,45,3,3.75,3.75,2.81,2.81
Soif de Sang,Thirsty Dagger,3,4,0.75,75%,15.0,11.25,45,0,Gratuit,Gratuit,15.0,11.25
Faux,Scythe,4,4,1.0,100%,10.0,10.0,40,3,3.33,3.33,2.5,2.5
Esprit Sauvage,Wild Spirit,4,4,1.0,100%,10.0,10.0,40,0,Gratuit,Gratuit,10.0,10.0
Tombeau Rocheux,Rock Tomb,4,4,1.0,100%,10.0,10.0,40,1,10.0,10.0,5.0,5.0
Être de Lumière,Being of Light,2,4,0.5,50%,18.0,9.0,36,1,18.0,9.0,9.0,4.5
Sabre Versatile,Versatil Saber,3,4,0.75,75%,11.0,8.25,33,1,11.0,8.25,5.5,4.12
Marteau Collecteur,Collecting Hammer,2,4,0.5,50%,15.0,7.5,30,2,7.5,3.75,5.0,2.5
Triple Météore,Trimeteor,1,4,0.25,25%,30.0,7.5,30,0,Gratuit,Gratuit,30.0,7.5
Armure d'Immortel,Immortal Breastplate,2,4,0.5,50%,14.0,7.0,28,1,14.0,7.0,7.0,3.5
Totem du Gardien,Guardian Totem,4,4,1.0,100%,6.25,6.25,25,3,2.08,2.08,1.56,1.56
Bâton de Conquête,Conquering Staff,1,4,0.25,25%,24.0,6.0,24,2,12.0,3.0,8.0,2.0
Force Divine,Divine Impetu,2,4,0.5,50%,11.0,5.5,22,0,Gratuit,Gratuit,11.0,5.5
Coup de Mort,Death Helper,2,4,0.5,50%,10.0,5.0,20,1,10.0,5.0,5.0,2.5
Assistance Divine,Sacred Help,1,4,0.25,25%,20.0,5.0,20,2,10.0,2.5,6.67,1.67
Mental d'Acier,Steel Aura,1,4,0.25,25%,18.0,4.5,18,2,9.0,2.25,6.0,1.5
Marteleur précis,Precise Hammer,1,4,0.25,25%,18.0,4.5,18,1,18.0,4.5,9.0,2.25
Esprit omniprésent,Omnipresent Spirit,1,4,0.25,25%,18.0,4.5,18,2,9.0,2.25,6.0,1.5
Économe Sagesse du Trésorier,Treasurer's Wisdom,1,4,0.25,25%,17.0,4.25,17,2,8.5,2.12,5.67,1.42
Œil de Lynx,Hawk's Eye,2,4,0.5,50%,8.0,4.0,16,0,Gratuit,Gratuit,8.0,4.0
Danse Macabre,Dance of Death,2,4,0.5,50%,8.0,4.0,16,1,8.0,4.0,4.0,2.0
Hache Frénétique,Berseker Ax,1,4,0.25,25%,14.0,3.5,14,2,7.0,1.75,4.67,1.17
Bâton du Conquérant,Staff of Conquered Worlds,1,4,0.25,25%,11.0,2.75,11,0,Gratuit,Gratuit,11.0,2.75
Amulette Omnisciente,Omnipresent Amulet,1,4,0.25,25%,11.0,2.75,11,0,Gratuit,Gratuit,11.0,2.75
