,Nom Anglais,nb games valide,total games,ratio,%,pts moy,pts moy total,total point,cout,pts par cout moy,pts par cout total
Pillard Féroce,Savage Looter,3,3,1.0,100%,20.0,20.0,60,1,20.0,20.0
Griffes Sauvages,Wild Claw,3,3,1.0,100%,17.67,17.67,53,3,5.89,5.89
Esprit de l'Écuyer,Spirit of the Squire,3,3,1.0,100%,16.0,16.0,48,3,5.33,5.33
Totem Équivalent,Equivalent Totem,3,3,1.0,100%,15.33,15.33,46,2,7.67,7.67
Soif de Sang,Thirsty Dagger,3,3,1.0,100%,15.0,15.0,45,0,Gratuit,Gratuit
Aveuglement,Incapacitor,3,3,1.0,100%,14.0,14.0,42,3,4.67,4.67
Armure d'Obsidienne,Obsidian Battle Plate,2,3,0.67,67%,20.0,13.33,40,2,10.0,6.67
Lame Affutée,Sharp Blade,3,3,1.0,100%,13.0,13.0,39,3,4.33,4.33
Être de Lumière,Being of Light,2,3,0.67,67%,18.0,12.0,36,1,18.0,12.0
Décharge Élémentaire,Elemental Discharge,2,3,0.67,67%,18.0,12.0,36,1,18.0,12.0
Chasseur de Bêtes,Beast Hunter,2,3,0.67,67%,18.0,12.0,36,2,9.0,6.0
Épée Obscure,Swords of Darkness,2,3,0.67,67%,17.0,11.33,34,1,17.0,11.33
Faux,Scythe,3,3,1.0,100%,10.33,10.33,31,3,3.44,3.44
Tombeau Rocheux,Rock Tomb,3,3,1.0,100%,10.0,10.0,30,1,10.0,10.0
Marteau Collecteur,Collecting Hammer,2,3,0.67,67%,15.0,10.0,30,2,7.5,5.0
Triple Météore,Trimeteor,1,3,0.33,33%,30.0,10.0,30,0,Gratuit,Gratuit
Esprit Sauvage,Wild Spirit,3,3,1.0,100%,10.0,10.0,30,0,Gratuit,Gratuit
Bâton de Conquête,Conquering Staff,1,3,0.33,33%,24.0,8.0,24,2,12.0,4.0
Sabre Versatile,Versatil Saber,2,3,0.67,67%,11.0,7.33,22,1,11.0,7.33
Coup de Mort,Death Helper,2,3,0.67,67%,10.0,6.67,20,1,10.0,6.67
Assistance Divine,Sacred Help,1,3,0.33,33%,20.0,6.67,20,2,10.0,3.33
Marteleur précis,Precise Hammer,1,3,0.33,33%,18.0,6.0,18,1,18.0,6.0
Mental d'Acier,Steel Aura,1,3,0.33,33%,18.0,6.0,18,2,9.0,3.0
Esprit omniprésent,Omnipresent Spirit,1,3,0.33,33%,18.0,6.0,18,2,9.0,3.0
Économe Sagesse du Trésorier,Treasurer's Wisdom,1,3,0.33,33%,17.0,5.67,17,2,8.5,2.83
Danse Macabre,Dance of Death,2,3,0.67,67%,8.0,5.33,16,1,8.0,5.33
Totem du Gardien,Guardian Totem,3,3,1.0,100%,5.33,5.33,16,3,1.78,1.78
Armure d'Immortel,Immortal Breastplate,1,3,0.33,33%,14.0,4.67,14,1,14.0,4.67
Force Divine,Divine Impetu,1,3,0.33,33%,11.0,3.67,11,0,Gratuit,Gratuit
Bâton du Conquérant,Staff of Conquered Worlds,1,3,0.33,33%,11.0,3.67,11,0,Gratuit,Gratuit
Amulette Omnisciente,Omnipresent Amulet,1,3,0.33,33%,11.0,3.67,11,0,Gratuit,Gratuit
Œil de Lynx,Hawk's Eye,1,3,0.33,33%,8.0,2.67,8,0,Gratuit,Gratuit
