,Nom Anglais,nb games valide,total games,ratio,%,pts moy,pts moy total,total point,cout,pts par cout moy,pts par cout total
Aveuglement,Incapacitor,8,8,1.0,100%,21.0,21.0,168,3,7.0,7.0
Griffes Sauvages,Wild Claw,8,8,1.0,100%,16.5,16.5,132,3,5.5,5.5
Assistance Divine,Sacred Help,4,8,0.5,50%,20.0,10.0,80,2,10.0,5.0
Bâton de Conquête,Conquering Staff,3,8,0.38,38%,24.0,9.0,72,2,12.0,4.5
Faux,Scythe,8,8,1.0,100%,8.75,8.75,70,3,2.92,2.92
Tombeau Rocheux,Rock Tomb,6,8,0.75,75%,10.0,7.5,60,1,10.0,7.5
Totem du Gardien,Guardian Totem,8,8,1.0,100%,6.62,6.62,53,3,2.21,2.21
Esprit Sauvage,Wild Spirit,5,8,0.62,62%,10.0,6.25,50,0,Gratuit,Gratuit
Esprit de l'Écuyer,Spirit of the Squire,5,8,0.62,62%,9.6,6.0,48,3,3.2,2.0
Esprit omniprésent,Omnipresent Spirit,2,8,0.25,25%,18.0,4.5,36,2,9.0,2.25
Mental d'Acier,Steel Aura,2,8,0.25,25%,18.0,4.5,36,2,9.0,2.25
Décharge Élémentaire,Elemental Discharge,2,8,0.25,25%,18.0,4.5,36,1,18.0,4.5
Chasseur de Bêtes,Beast Hunter,2,8,0.25,25%,18.0,4.5,36,2,9.0,2.25
Le Traqueur,The Stalker,2,8,0.25,25%,18.0,4.5,36,3,6.0,1.5
Soif de Sang,Thirsty Dagger,2,8,0.25,25%,15.0,3.75,30,0,Gratuit,Gratuit
Instinct Sanguinaire,Bloody Instinct,2,8,0.25,25%,15.0,3.75,30,2,7.5,1.88
Ascension Divine,Divine Ascent,1,8,0.12,12%,25.0,3.12,25,3,8.33,1.04
Bâton du Conquérant,Staff of Conquered Worlds,2,8,0.25,25%,11.0,2.75,22,0,Gratuit,Gratuit
Lame Affutée,Sharp Blade,4,8,0.5,50%,5.25,2.62,21,3,1.75,0.87
Pillard Féroce,Savage Looter,1,8,0.12,12%,20.0,2.5,20,1,20.0,2.5
Armure d'Obsidienne,Obsidian Battle Plate,1,8,0.12,12%,20.0,2.5,20,2,10.0,1.25
Coup de Mort,Death Helper,2,8,0.25,25%,10.0,2.5,20,1,10.0,2.5
Être de Lumière,Being of Light,1,8,0.12,12%,18.0,2.25,18,1,18.0,2.25
Économe Sagesse du Trésorier,Treasurer's Wisdom,1,8,0.12,12%,17.0,2.12,17,2,8.5,1.06
Œil de Lynx,Hawk's Eye,2,8,0.25,25%,8.0,2.0,16,0,Gratuit,Gratuit
Masse de Siège,Siege Mace,1,8,0.12,12%,16.0,2.0,16,0,Gratuit,Gratuit
Bâton Élémentaire,Earthly Staff,1,8,0.12,12%,15.0,1.88,15,0,Gratuit,Gratuit
Armure d'Immortel,Immortal Breastplate,1,8,0.12,12%,14.0,1.75,14,1,14.0,1.75
Sabre Versatile,Versatil Saber,1,8,0.12,12%,11.0,1.38,11,1,11.0,1.38
Amulette Omnisciente,Omnipresent Amulet,1,8,0.12,12%,11.0,1.38,11,0,Gratuit,Gratuit
Force Divine,Divine Impetu,1,8,0.12,12%,11.0,1.38,11,0,Gratuit,Gratuit
