,Nom Anglais,nb games valide,total games,ratio,%,pts moy,pts moy total,total point,cout,pts par cout moy,pts par cout total
Aveuglement,Incapacitor,6,6,1.0,100%,21.5,21.5,129,3,7.17,7.17
Griffes Sauvages,Wild Claw,6,6,1.0,100%,17.5,17.5,105,3,5.83,5.83
Assistance Divine,Sacred Help,4,6,0.67,67%,20.0,13.33,80,2,10.0,6.67
Faux,Scythe,6,6,1.0,100%,9.33,9.33,56,3,3.11,3.11
Esprit Sauvage,Wild Spirit,5,6,0.83,83%,10.0,8.33,50,0,Gratuit,Gratuit
Tombeau Rocheux,Rock Tomb,5,6,0.83,83%,10.0,8.33,50,1,10.0,8.33
Bâton de Conquête,Conquering Staff,2,6,0.33,33%,24.0,8.0,48,2,12.0,4.0
Esprit de l'Écuyer,Spirit of the Squire,5,6,0.83,83%,9.6,8.0,48,3,3.2,2.67
Totem du Gardien,Guardian Totem,6,6,1.0,100%,8.0,8.0,48,3,2.67,2.67
Chasseur de Bêtes,Beast Hunter,2,6,0.33,33%,18.0,6.0,36,2,9.0,3.0
Décharge Élémentaire,Elemental Discharge,2,6,0.33,33%,18.0,6.0,36,1,18.0,6.0
Le Traqueur,The Stalker,2,6,0.33,33%,18.0,6.0,36,3,6.0,2.0
Mental d'Acier,Steel Aura,2,6,0.33,33%,18.0,6.0,36,2,9.0,3.0
Instinct Sanguinaire,Bloody Instinct,2,6,0.33,33%,15.0,5.0,30,2,7.5,2.5
Ascension Divine,Divine Ascent,1,6,0.17,17%,25.0,4.17,25,3,8.33,1.39
Armure d'Obsidienne,Obsidian Battle Plate,1,6,0.17,17%,20.0,3.33,20,2,10.0,1.67
Coup de Mort,Death Helper,2,6,0.33,33%,10.0,3.33,20,1,10.0,3.33
Pillard Féroce,Savage Looter,1,6,0.17,17%,20.0,3.33,20,1,20.0,3.33
Être de Lumière,Being of Light,1,6,0.17,17%,18.0,3.0,18,1,18.0,3.0
Esprit omniprésent,Omnipresent Spirit,1,6,0.17,17%,18.0,3.0,18,2,9.0,1.5
Économe Sagesse du Trésorier,Treasurer's Wisdom,1,6,0.17,17%,17.0,2.83,17,2,8.5,1.42
Œil de Lynx,Hawk's Eye,2,6,0.33,33%,8.0,2.67,16,0,Gratuit,Gratuit
Masse de Siège,Siege Mace,1,6,0.17,17%,16.0,2.67,16,0,Gratuit,Gratuit
Soif de Sang,Thirsty Dagger,1,6,0.17,17%,15.0,2.5,15,0,Gratuit,Gratuit
Lame Affutée,Sharp Blade,3,6,0.5,50%,5.0,2.5,15,3,1.67,0.83
Bâton Élémentaire,Earthly Staff,1,6,0.17,17%,15.0,2.5,15,0,Gratuit,Gratuit
Armure d'Immortel,Immortal Breastplate,1,6,0.17,17%,14.0,2.33,14,1,14.0,2.33
Sabre Versatile,Versatil Saber,1,6,0.17,17%,11.0,1.83,11,1,11.0,1.83
Bâton du Conquérant,Staff of Conquered Worlds,1,6,0.17,17%,11.0,1.83,11,0,Gratuit,Gratuit
Amulette Omnisciente,Omnipresent Amulet,1,6,0.17,17%,11.0,1.83,11,0,Gratuit,Gratuit
Force Divine,Divine Impetu,1,6,0.17,17%,11.0,1.83,11,0,Gratuit,Gratuit
