,Nom Anglais,nb games valide,total games,ratio,%,pts moy,pts moy total,total point,cout,pts par cout moy,pts par cout total
Aveuglement,Incapacitor,11,11,1.0,100%,20.73,20.73,228,3,6.91,6.91
Griffes Sauvages,Wild Claw,11,11,1.0,100%,16.0,16.0,176,3,5.33,5.33
Assistance Divine,Sacred Help,5,11,0.45,45%,20.0,9.09,100,2,10.0,4.54
Bâton de Conquête,Conquering Staff,4,11,0.36,36%,24.0,8.73,96,2,12.0,4.37
Faux,Scythe,11,11,1.0,100%,8.45,8.45,93,3,2.82,2.82
Tombeau Rocheux,Rock Tomb,8,11,0.73,73%,10.0,7.27,80,1,10.0,7.27
Totem du Gardien,Guardian Totem,11,11,1.0,100%,6.0,6.0,66,3,2.0,2.0
Esprit de l'Écuyer,Spirit of the Squire,8,11,0.73,73%,7.88,5.73,63,3,2.63,1.91
Esprit Sauvage,Wild Spirit,6,11,0.55,55%,10.0,5.45,60,0,Gratuit,Gratuit
Instinct Sanguinaire,Bloody Instinct,4,11,0.36,36%,15.0,5.45,60,2,7.5,2.73
Esprit omniprésent,Omnipresent Spirit,3,11,0.27,27%,18.0,4.91,54,2,9.0,2.46
Mental d'Acier,Steel Aura,3,11,0.27,27%,18.0,4.91,54,2,9.0,2.46
Armure d'Obsidienne,Obsidian Battle Plate,2,11,0.18,18%,20.0,3.64,40,2,10.0,1.82
Pillard Féroce,Savage Looter,2,11,0.18,18%,20.0,3.64,40,1,20.0,3.64
Le Traqueur,The Stalker,2,11,0.18,18%,18.0,3.27,36,3,6.0,1.09
Chasseur de Bêtes,Beast Hunter,2,11,0.18,18%,18.0,3.27,36,2,9.0,1.64
Décharge Élémentaire,Elemental Discharge,2,11,0.18,18%,18.0,3.27,36,1,18.0,3.27
Bâton du Conquérant,Staff of Conquered Worlds,3,11,0.27,27%,11.0,3.0,33,0,Gratuit,Gratuit
Bâton Élémentaire,Earthly Staff,2,11,0.18,18%,15.0,2.73,30,0,Gratuit,Gratuit
Soif de Sang,Thirsty Dagger,2,11,0.18,18%,15.0,2.73,30,0,Gratuit,Gratuit
Lame Affutée,Sharp Blade,6,11,0.55,55%,4.5,2.45,27,3,1.5,0.82
Ascension Divine,Divine Ascent,1,11,0.09,9%,25.0,2.27,25,3,8.33,0.76
Œil de Lynx,Hawk's Eye,3,11,0.27,27%,8.0,2.18,24,0,Gratuit,Gratuit
Coup de Mort,Death Helper,2,11,0.18,18%,10.0,1.82,20,1,10.0,1.82
Être de Lumière,Being of Light,1,11,0.09,9%,18.0,1.64,18,1,18.0,1.64
Économe Sagesse du Trésorier,Treasurer's Wisdom,1,11,0.09,9%,17.0,1.55,17,2,8.5,0.78
Masse de Siège,Siege Mace,1,11,0.09,9%,16.0,1.45,16,0,Gratuit,Gratuit
Armure d'Immortel,Immortal Breastplate,1,11,0.09,9%,14.0,1.27,14,1,14.0,1.27
Sabre Versatile,Versatil Saber,1,11,0.09,9%,11.0,1.0,11,1,11.0,1.0
Amulette Omnisciente,Omnipresent Amulet,1,11,0.09,9%,11.0,1.0,11,0,Gratuit,Gratuit
Force Divine,Divine Impetu,1,11,0.09,9%,11.0,1.0,11,0,Gratuit,Gratuit
