,Nom Anglais,nb games valide,total games,ratio,%,pts moy,pts moy total,total point,cout,pts par cout moy,pts par cout total,pts par cout moy+1,pts par cout total+1
Totem Équivalent,Equivalent Totem,2,2,1.0,100%,13.5,13.5,27,2,6.75,6.75,4.5,4.5
Griffes Sauvages,Wild Claw,2,2,1.0,100%,12.5,12.5,25,3,4.17,4.17,3.12,3.12
Armure d'Obsidienne,Obsidian Battle Plate,1,2,0.5,50%,20.0,10.0,20,2,10.0,5.0,6.67,3.33
Assistance Divine,Sacred Help,1,2,0.5,50%,20.0,10.0,20,2,10.0,5.0,6.67,3.33
Chasseur de Bêtes,Beast Hunter,1,2,0.5,50%,18.0,9.0,18,2,9.0,4.5,6.0,3.0
Aveuglement,Incapacitor,2,2,1.0,100%,7.5,7.5,15,3,2.5,2.5,1.88,1.88
Faux,Scythe,2,2,1.0,100%,7.5,7.5,15,3,2.5,2.5,1.88,1.88
Tombeau Rocheux,Rock Tomb,1,2,0.5,50%,10.0,5.0,10,1,10.0,5.0,5.0,2.5
Lame Affutée,Sharp Blade,2,2,1.0,100%,4.5,4.5,9,3,1.5,1.5,1.12,1.12
Totem du Gardien,Guardian Totem,2,2,1.0,100%,3.5,3.5,7,3,1.17,1.17,0.88,0.88
Esprit de l'Écuyer,Spirit of the Squire,1,2,0.5,50%,3.0,1.5,3,3,1.0,0.5,0.75,0.38
