,Nom Anglais,nb games valide,total games,ratio,%,pts moy,pts moy total,total point,cout,pts par cout moy,pts par cout total,pts par cout moy+1,pts par cout total+1
Armure d'Obsidienne,Obsidian Battle Plate,4,5,0.8,80%,20.0,16.0,80,2,10.0,8.0,6.67,5.33
Griffes Sauvages,Wild Claw,5,5,1.0,100%,15.2,15.2,76,3,5.07,5.07,3.8,3.8
Totem Équivalent,Equivalent Totem,5,5,1.0,100%,14.0,14.0,70,2,7.0,7.0,4.67,4.67
Pillard Féroce,Savage Looter,3,5,0.6,60%,20.0,12.0,60,1,20.0,12.0,10.0,6.0
Aveuglement,Incapacitor,5,5,1.0,100%,12.0,12.0,60,3,4.0,4.0,3.0,3.0
Esprit de l'Écuyer,Spirit of the Squire,5,5,1.0,100%,11.4,11.4,57,3,3.8,3.8,2.85,2.85
Décharge Élémentaire,Elemental Discharge,3,5,0.6,60%,18.0,10.8,54,1,18.0,10.8,9.0,5.4
Chasseur de Bêtes,Beast Hunter,3,5,0.6,60%,18.0,10.8,54,2,9.0,5.4,6.0,3.6
Bâton de Conquête,Conquering Staff,2,5,0.4,40%,24.0,9.6,48,2,12.0,4.8,8.0,3.2
Faux,Scythe,5,5,1.0,100%,9.0,9.0,45,3,3.0,3.0,2.25,2.25
Sabre Versatile,Versatil Saber,4,5,0.8,80%,11.0,8.8,44,1,11.0,8.8,5.5,4.4
Marteau Collecteur,Collecting Hammer,3,5,0.6,60%,14.0,8.4,42,2,7.0,4.2,4.67,2.8
Tombeau Rocheux,Rock Tomb,4,5,0.8,80%,10.0,8.0,40,1,10.0,8.0,5.0,4.0
Mental d'Acier,Steel Aura,2,5,0.4,40%,18.0,7.2,36,2,9.0,3.6,6.0,2.4
Amulette Omnisciente,Omnipresent Amulet,3,5,0.6,60%,11.0,6.6,33,0,Gratuit,Gratuit,11.0,6.6
Coup de Mort,Death Helper,3,5,0.6,60%,10.0,6.0,30,1,10.0,6.0,5.0,3.0
Armure d'Immortel,Immortal Breastplate,2,5,0.4,40%,14.0,5.6,28,1,14.0,5.6,7.0,2.8
Lame Affutée,Sharp Blade,5,5,1.0,100%,5.4,5.4,27,3,1.8,1.8,1.35,1.35
Bâton du Conquérant,Staff of Conquered Worlds,2,5,0.4,40%,11.0,4.4,22,0,Gratuit,Gratuit,11.0,4.4
Esprit Sauvage,Wild Spirit,2,5,0.4,40%,10.0,4.0,20,0,Gratuit,Gratuit,10.0,4.0
Le Marionnettiste,The Puppeteer,1,5,0.2,20%,20.0,4.0,20,2,10.0,2.0,6.67,1.33
Totem du Gardien,Guardian Totem,5,5,1.0,100%,4.0,4.0,20,3,1.33,1.33,1.0,1.0
Esprit omniprésent,Omnipresent Spirit,1,5,0.2,20%,18.0,3.6,18,2,9.0,1.8,6.0,1.2
Épée Obscure,Swords of Darkness,1,5,0.2,20%,17.0,3.4,17,1,17.0,3.4,8.5,1.7
Œil de Lynx,Hawk's Eye,2,5,0.4,40%,8.0,3.2,16,0,Gratuit,Gratuit,8.0,3.2
Masse de Siège,Siege Mace,1,5,0.2,20%,16.0,3.2,16,0,Gratuit,Gratuit,16.0,3.2
Soif de Sang,Thirsty Dagger,1,5,0.2,20%,15.0,3.0,15,0,Gratuit,Gratuit,15.0,3.0
Force Divine,Divine Impetu,1,5,0.2,20%,11.0,2.2,11,0,Gratuit,Gratuit,11.0,2.2
