,Nom Anglais,nb games valide,total games,ratio,%,pts moy,pts moy total,total point,cout,pts par cout moy,pts par cout total,pts par cout moy+1,pts par cout total+1
Être de Lumière,Being of Light,2,2,1.0,100%,20.0,20.0,40,1,20.0,20.0,10.0,10.0
Assistance Divine,Sacred Help,2,2,1.0,100%,20.0,20.0,40,2,10.0,10.0,6.67,6.67
Griffes Sauvages,Wild Claw,2,2,1.0,100%,18.5,18.5,37,3,6.17,6.17,4.62,4.62
Totem Équivalent,Equivalent Totem,2,2,1.0,100%,15.5,15.5,31,3,5.17,5.17,3.88,3.88
Aveuglement,Incapacitor,2,2,1.0,100%,15.0,15.0,30,3,5.0,5.0,3.75,3.75
Bâton de Conquête,Conquering Staff,1,2,0.5,50%,24.0,12.0,24,2,12.0,6.0,8.0,4.0
Esprit de l'Écuyer,Spirit of the Squire,2,2,1.0,100%,12.0,12.0,24,3,4.0,4.0,3.0,3.0
Lame Affutée,Sharp Blade,2,2,1.0,100%,12.0,12.0,24,3,4.0,4.0,3.0,3.0
Faux,Scythe,2,2,1.0,100%,11.0,11.0,22,3,3.67,3.67,2.75,2.75
Armure d'Obsidienne,Obsidian Battle Plate,1,2,0.5,50%,20.0,10.0,20,2,10.0,5.0,6.67,3.33
Épée Obscure,Swords of Darkness,1,2,0.5,50%,20.0,10.0,20,1,20.0,10.0,10.0,5.0
Pillard Féroce,Savage Looter,1,2,0.5,50%,20.0,10.0,20,1,20.0,10.0,10.0,5.0
Décharge Élémentaire,Elemental Discharge,1,2,0.5,50%,20.0,10.0,20,1,20.0,10.0,10.0,5.0
Chasseur d'Âmes,Soul Hunter,1,2,0.5,50%,20.0,10.0,20,1,20.0,10.0,10.0,5.0
Sabre Versatile,Versatil Saber,1,2,0.5,50%,18.0,9.0,18,1,18.0,9.0,9.0,4.5
Esprit Sauvage,Wild Spirit,2,2,1.0,100%,8.0,8.0,16,0,Gratuit,Gratuit,8.0,8.0
Hache Frénétique,Berseker Ax,1,2,0.5,50%,16.0,8.0,16,2,8.0,4.0,5.33,2.67
Bâton du Conquérant,Staff of Conquered Worlds,1,2,0.5,50%,15.0,7.5,15,0,Gratuit,Gratuit,15.0,7.5
Marteau Collecteur,Collecting Hammer,1,2,0.5,50%,14.0,7.0,14,2,7.0,3.5,4.67,2.33
Coup de Mort,Death Helper,1,2,0.5,50%,13.0,6.5,13,1,13.0,6.5,6.5,3.25
Danse Macabre,Dance of Death,1,2,0.5,50%,10.0,5.0,10,1,10.0,5.0,5.0,2.5
Œil de Lynx,Hawk's Eye,1,2,0.5,50%,8.0,4.0,8,0,Gratuit,Gratuit,8.0,4.0
Totem du Gardien,Guardian Totem,2,2,1.0,100%,4.0,4.0,8,3,1.33,1.33,1.0,1.0
