,Nom Anglais,nb games valide,total games,ratio,%,pts moy,pts moy total,total point,cout,pts par cout moy,pts par cout total
Aveuglement,Incapacitor,5,5,1.0,100%,22.2,22.2,111,3,7.4,7.4
Griffes Sauvages,Wild Claw,5,5,1.0,100%,18.6,18.6,93,3,6.2,6.2
Chasseur de Bêtes,Beast Hunter,5,5,1.0,100%,18.0,18.0,90,2,9.0,9.0
Assistance Divine,Sacred Help,4,5,0.8,80%,20.0,16.0,80,2,10.0,8.0
Pillard Féroce,Savage Looter,4,5,0.8,80%,20.0,16.0,80,1,20.0,16.0
Armure d'Obsidienne,Obsidian Battle Plate,3,5,0.6,60%,20.0,12.0,60,2,10.0,6.0
Bâton de Conquête,Conquering Staff,2,5,0.4,40%,24.0,9.6,48,2,12.0,4.8
Faux,Scythe,5,5,1.0,100%,9.4,9.4,47,3,3.13,3.13
Tombeau Rocheux,Rock Tomb,4,5,0.8,80%,10.0,8.0,40,1,10.0,8.0
Esprit Sauvage,Wild Spirit,4,5,0.8,80%,10.0,8.0,40,0,Gratuit,Gratuit
Lame Affutée,Sharp Blade,4,5,0.8,80%,9.75,7.8,39,3,3.25,2.6
Mental d'Acier,Steel Aura,2,5,0.4,40%,18.0,7.2,36,2,9.0,3.6
Être de Lumière,Being of Light,2,5,0.4,40%,18.0,7.2,36,1,18.0,7.2
Décharge Élémentaire,Elemental Discharge,2,5,0.4,40%,18.0,7.2,36,1,18.0,7.2
Sabre Versatile,Versatil Saber,3,5,0.6,60%,11.0,6.6,33,1,11.0,6.6
Esprit de l'Écuyer,Spirit of the Squire,4,5,0.8,80%,7.5,6.0,30,3,2.5,2.0
Soif de Sang,Thirsty Dagger,2,5,0.4,40%,15.0,6.0,30,0,Gratuit,Gratuit
Bâton du Conquérant,Staff of Conquered Worlds,2,5,0.4,40%,11.0,4.4,22,0,Gratuit,Gratuit
Marteleur précis,Precise Hammer,1,5,0.2,20%,18.0,3.6,18,1,18.0,3.6
Esprit omniprésent,Omnipresent Spirit,1,5,0.2,20%,18.0,3.6,18,2,9.0,1.8
Œil de Lynx,Hawk's Eye,2,5,0.4,40%,8.0,3.2,16,0,Gratuit,Gratuit
Esprit Guerrier,Spirit of the Warrior,1,5,0.2,20%,16.0,3.2,16,1,16.0,3.2
Danse Macabre,Dance of Death,2,5,0.4,40%,8.0,3.2,16,1,8.0,3.2
Totem du Gardien,Guardian Totem,5,5,1.0,100%,3.2,3.2,16,3,1.07,1.07
Elan de Fureur,Rampage Momentum,1,5,0.2,20%,15.0,3.0,15,2,7.5,1.5
Épée Obscure,Swords of Darkness,1,5,0.2,20%,15.0,3.0,15,1,15.0,3.0
Bâton Élémentaire,Earthly Staff,1,5,0.2,20%,15.0,3.0,15,0,Gratuit,Gratuit
Amulette Omnisciente,Omnipresent Amulet,1,5,0.2,20%,11.0,2.2,11,0,Gratuit,Gratuit
Force Divine,Divine Impetu,1,5,0.2,20%,11.0,2.2,11,0,Gratuit,Gratuit
Épées Jumelles,Twin Swords,1,5,0.2,20%,10.0,2.0,10,1,10.0,2.0
Lance Doublée,Dual Spear,1,5,0.2,20%,8.0,1.6,8,0,Gratuit,Gratuit
