,Nom Anglais,nb games valide,total games,ratio,%,pts moy,pts moy total,total point,cout,pts par cout moy,pts par cout total
Griffes Sauvages,Wild Claw,3,3,1.0,100%,15.0,15.0,45,3,5.0,5.0
Totem Équivalent,Equivalent Totem,3,3,1.0,100%,13.67,13.67,41,1,13.67,13.67
Armure d'Obsidienne,Obsidian Battle Plate,2,3,0.67,67%,20.0,13.33,40,2,10.0,6.67
Aveuglement,Incapacitor,3,3,1.0,100%,13.0,13.0,39,3,4.33,4.33
Esprit de l'Écuyer,Spirit of the Squire,3,3,1.0,100%,10.0,10.0,30,3,3.33,3.33
Faux,Scythe,3,3,1.0,100%,9.33,9.33,28,3,3.11,3.11
Bâton de Conquête,Conquering Staff,1,3,0.33,33%,24.0,8.0,24,2,12.0,4.0
Sabre Versatile,Versatil Saber,2,3,0.67,67%,11.0,7.33,22,1,11.0,7.33
Pillard Féroce,Savage Looter,1,3,0.33,33%,20.0,6.67,20,1,20.0,6.67
Tombeau Rocheux,Rock Tomb,2,3,0.67,67%,10.0,6.67,20,1,10.0,6.67
Coup de Mort,Death Helper,2,3,0.67,67%,10.0,6.67,20,1,10.0,6.67
Mental d'Acier,Steel Aura,1,3,0.33,33%,18.0,6.0,18,2,9.0,3.0
Marteau Collecteur,Collecting Hammer,1,3,0.33,33%,18.0,6.0,18,2,9.0,3.0
Lame Affutée,Sharp Blade,3,3,1.0,100%,6.0,6.0,18,3,2.0,2.0
Chasseur de Bêtes,Beast Hunter,1,3,0.33,33%,18.0,6.0,18,2,9.0,3.0
Décharge Élémentaire,Elemental Discharge,1,3,0.33,33%,18.0,6.0,18,1,18.0,6.0
Épée Obscure,Swords of Darkness,1,3,0.33,33%,17.0,5.67,17,1,17.0,5.67
Masse de Siège,Siege Mace,1,3,0.33,33%,16.0,5.33,16,0,Gratuit,Gratuit
Soif de Sang,Thirsty Dagger,1,3,0.33,33%,15.0,5.0,15,0,Gratuit,Gratuit
Armure d'Immortel,Immortal Breastplate,1,3,0.33,33%,14.0,4.67,14,1,14.0,4.67
Bâton du Conquérant,Staff of Conquered Worlds,1,3,0.33,33%,11.0,3.67,11,0,Gratuit,Gratuit
Amulette Omnisciente,Omnipresent Amulet,1,3,0.33,33%,11.0,3.67,11,0,Gratuit,Gratuit
Esprit Sauvage,Wild Spirit,1,3,0.33,33%,10.0,3.33,10,0,Gratuit,Gratuit
Totem du Gardien,Guardian Totem,3,3,1.0,100%,3.33,3.33,10,3,1.11,1.11
Œil de Lynx,Hawk's Eye,1,3,0.33,33%,8.0,2.67,8,0,Gratuit,Gratuit
