,Nom Anglais,nb games valide,total games,ratio,%,pts moy,pts moy total,total point,cout,pts par cout moy,pts par cout total
Aveuglement,Incapacitor,9,9,1.0,100%,20.33,20.33,183,3,6.78,6.78
Griffes Sauvages,Wild Claw,9,9,1.0,100%,16.0,16.0,144,3,5.33,5.33
Bâton de Conquête,Conquering Staff,4,9,0.44,44%,24.0,10.67,96,2,12.0,5.33
Chasseur de Bêtes,Beast Hunter,5,9,0.56,56%,18.0,10.0,90,2,9.0,5.0
Faux,Scythe,9,9,1.0,100%,8.0,8.0,72,3,2.67,2.67
Mental d'Acier,Steel Aura,4,9,0.44,44%,18.0,8.0,72,2,9.0,4.0
Être de Lumière,Being of Light,4,9,0.44,44%,18.0,8.0,72,1,18.0,8.0
Tombeau Rocheux,Rock Tomb,7,9,0.78,78%,10.0,7.78,70,1,10.0,7.78
Pillard Féroce,Savage Looter,3,9,0.33,33%,20.0,6.67,60,1,20.0,6.67
Armure d'Obsidienne,Obsidian Battle Plate,3,9,0.33,33%,20.0,6.67,60,2,10.0,3.33
Assistance Divine,Sacred Help,3,9,0.33,33%,20.0,6.67,60,2,10.0,3.33
Bâton du Conquérant,Staff of Conquered Worlds,5,9,0.56,56%,11.0,6.11,55,0,Gratuit,Gratuit
Esprit de l'Écuyer,Spirit of the Squire,8,9,0.89,89%,6.0,5.33,48,3,2.0,1.78
Décharge Élémentaire,Elemental Discharge,2,9,0.22,22%,18.0,4.0,36,1,18.0,4.0
Lame Affutée,Sharp Blade,7,9,0.78,78%,5.14,4.0,36,3,1.71,1.33
Totem du Gardien,Guardian Totem,9,9,1.0,100%,3.44,3.44,31,3,1.15,1.15
Bâton Élémentaire,Earthly Staff,2,9,0.22,22%,15.0,3.33,30,0,Gratuit,Gratuit
Instinct Sanguinaire,Bloody Instinct,2,9,0.22,22%,15.0,3.33,30,2,7.5,1.67
Esprit Sauvage,Wild Spirit,3,9,0.33,33%,10.0,3.33,30,0,Gratuit,Gratuit
Œil de Lynx,Hawk's Eye,3,9,0.33,33%,8.0,2.67,24,0,Gratuit,Gratuit
Coup de Mort,Death Helper,2,9,0.22,22%,10.0,2.22,20,1,10.0,2.22
Marteleur précis,Precise Hammer,1,9,0.11,11%,18.0,2.0,18,1,18.0,2.0
Esprit omniprésent,Omnipresent Spirit,1,9,0.11,11%,18.0,2.0,18,2,9.0,1.0
Masse de Siège,Siege Mace,1,9,0.11,11%,16.0,1.78,16,0,Gratuit,Gratuit
Sabre Versatile,Versatil Saber,1,9,0.11,11%,11.0,1.22,11,1,11.0,1.22
Amulette Omnisciente,Omnipresent Amulet,1,9,0.11,11%,11.0,1.22,11,0,Gratuit,Gratuit
Force Divine,Divine Impetu,1,9,0.11,11%,11.0,1.22,11,0,Gratuit,Gratuit
