,Nom Anglais,nb games valide,total games,ratio,%,pts moy,pts moy total,total point,cout,pts par cout moy,pts par cout total
Aveuglement,Incapacitor,10,10,1.0,100%,21.6,21.6,216,3,7.2,7.2
Griffes Sauvages,Wild Claw,10,10,1.0,100%,15.6,15.6,156,3,5.2,5.2
Bâton de Conquête,Conquering Staff,5,10,0.5,50%,24.0,12.0,120,2,12.0,6.0
Chasseur de Bêtes,Beast Hunter,5,10,0.5,50%,18.0,9.0,90,2,9.0,4.5
Tombeau Rocheux,Rock Tomb,8,10,0.8,80%,10.0,8.0,80,1,10.0,8.0
Faux,Scythe,10,10,1.0,100%,7.8,7.8,78,3,2.6,2.6
Être de Lumière,Being of Light,4,10,0.4,40%,18.0,7.2,72,1,18.0,7.2
Mental d'Acier,Steel Aura,4,10,0.4,40%,18.0,7.2,72,2,9.0,3.6
Bâton du Conquérant,Staff of Conquered Worlds,6,10,0.6,60%,11.0,6.6,66,0,Gratuit,Gratuit
Pillard Féroce,Savage Looter,3,10,0.3,30%,20.0,6.0,60,1,20.0,6.0
Armure d'Obsidienne,Obsidian Battle Plate,3,10,0.3,30%,20.0,6.0,60,2,10.0,3.0
Assistance Divine,Sacred Help,3,10,0.3,30%,20.0,6.0,60,2,10.0,3.0
Esprit de l'Écuyer,Spirit of the Squire,9,10,0.9,90%,6.0,5.4,54,3,2.0,1.8
Lame Affutée,Sharp Blade,8,10,0.8,80%,6.0,4.8,48,3,2.0,1.6
Instinct Sanguinaire,Bloody Instinct,3,10,0.3,30%,15.0,4.5,45,2,7.5,2.25
Décharge Élémentaire,Elemental Discharge,2,10,0.2,20%,18.0,3.6,36,1,18.0,3.6
Marteleur précis,Precise Hammer,2,10,0.2,20%,18.0,3.6,36,1,18.0,3.6
Totem du Gardien,Guardian Totem,10,10,1.0,100%,3.3,3.3,33,3,1.1,1.1
Œil de Lynx,Hawk's Eye,4,10,0.4,40%,8.0,3.2,32,0,Gratuit,Gratuit
Bâton Élémentaire,Earthly Staff,2,10,0.2,20%,15.0,3.0,30,0,Gratuit,Gratuit
Esprit Sauvage,Wild Spirit,3,10,0.3,30%,10.0,3.0,30,0,Gratuit,Gratuit
Coup de Mort,Death Helper,2,10,0.2,20%,10.0,2.0,20,1,10.0,2.0
Esprit omniprésent,Omnipresent Spirit,1,10,0.1,10%,18.0,1.8,18,2,9.0,0.9
Masse de Siège,Siege Mace,1,10,0.1,10%,16.0,1.6,16,0,Gratuit,Gratuit
Elan de Fureur,Rampage Momentum,1,10,0.1,10%,15.0,1.5,15,2,7.5,0.75
Le Croque-mort,The Undertaker,1,10,0.1,10%,14.0,1.4,14,1,14.0,1.4
Sabre Versatile,Versatil Saber,1,10,0.1,10%,11.0,1.1,11,1,11.0,1.1
Amulette Omnisciente,Omnipresent Amulet,1,10,0.1,10%,11.0,1.1,11,0,Gratuit,Gratuit
Force Divine,Divine Impetu,1,10,0.1,10%,11.0,1.1,11,0,Gratuit,Gratuit
Danse Macabre,Dance of Death,1,10,0.1,10%,8.0,0.8,8,1,8.0,0.8
