,Nom Anglais,nb games valide,total games,ratio,%,pts moy,pts moy total,total point,cout,pts par cout moy,pts par cout total
Aveuglement,Incapacitor,11,11,1.0,100%,22.64,22.64,249,3,7.55,7.55
Griffes Sauvages,Wild Claw,11,11,1.0,100%,15.91,15.91,175,3,5.3,5.3
Bâton de Conquête,Conquering Staff,6,11,0.55,55%,24.0,13.09,144,2,12.0,6.54
Mental d'Acier,Steel Aura,5,11,0.45,45%,18.0,8.18,90,2,9.0,4.09
Être de Lumière,Being of Light,5,11,0.45,45%,18.0,8.18,90,1,18.0,8.18
Tombeau Rocheux,Rock Tomb,9,11,0.82,82%,10.0,8.18,90,1,10.0,8.18
Chasseur de Bêtes,Beast Hunter,5,11,0.45,45%,18.0,8.18,90,2,9.0,4.09
Faux,Scythe,11,11,1.0,100%,7.91,7.91,87,3,2.64,2.64
Armure d'Obsidienne,Obsidian Battle Plate,4,11,0.36,36%,20.0,7.27,80,2,10.0,3.63
Pillard Féroce,Savage Looter,4,11,0.36,36%,20.0,7.27,80,1,20.0,7.27
Assistance Divine,Sacred Help,4,11,0.36,36%,20.0,7.27,80,2,10.0,3.63
Bâton du Conquérant,Staff of Conquered Worlds,7,11,0.64,64%,11.0,7.0,77,0,Gratuit,Gratuit
Esprit de l'Écuyer,Spirit of the Squire,10,11,0.91,91%,6.9,6.27,69,3,2.3,2.09
Lame Affutée,Sharp Blade,9,11,0.82,82%,5.67,4.64,51,3,1.89,1.55
Instinct Sanguinaire,Bloody Instinct,3,11,0.27,27%,15.0,4.09,45,2,7.5,2.04
Œil de Lynx,Hawk's Eye,5,11,0.45,45%,8.0,3.64,40,0,Gratuit,Gratuit
Esprit Sauvage,Wild Spirit,4,11,0.36,36%,10.0,3.64,40,0,Gratuit,Gratuit
Décharge Élémentaire,Elemental Discharge,2,11,0.18,18%,18.0,3.27,36,1,18.0,3.27
Marteleur précis,Precise Hammer,2,11,0.18,18%,18.0,3.27,36,1,18.0,3.27
Totem du Gardien,Guardian Totem,11,11,1.0,100%,3.27,3.27,36,3,1.09,1.09
Bâton Élémentaire,Earthly Staff,2,11,0.18,18%,15.0,2.73,30,0,Gratuit,Gratuit
Coup de Mort,Death Helper,3,11,0.27,27%,10.0,2.73,30,1,10.0,2.73
Sabre Versatile,Versatil Saber,2,11,0.18,18%,11.0,2.0,22,1,11.0,2.0
Esprit omniprésent,Omnipresent Spirit,1,11,0.09,9%,18.0,1.64,18,2,9.0,0.82
Masse de Siège,Siege Mace,1,11,0.09,9%,16.0,1.45,16,0,Gratuit,Gratuit
Elan de Fureur,Rampage Momentum,1,11,0.09,9%,15.0,1.36,15,2,7.5,0.68
Le Croque-mort,The Undertaker,1,11,0.09,9%,14.0,1.27,14,1,14.0,1.27
Amulette Omnisciente,Omnipresent Amulet,1,11,0.09,9%,11.0,1.0,11,0,Gratuit,Gratuit
Force Divine,Divine Impetu,1,11,0.09,9%,11.0,1.0,11,0,Gratuit,Gratuit
Danse Macabre,Dance of Death,1,11,0.09,9%,8.0,0.73,8,1,8.0,0.73
