,Nom Anglais,nb games valide,total games,ratio,%,pts moy,pts moy total,total point,cout,pts par cout moy,pts par cout total
Assistance Divine,Sacred Help,9,10,0.9,90%,20.0,18.0,180,2,10.0,9.0
Griffes Sauvages,Wild Claw,10,10,1.0,100%,16.9,16.9,169,3,5.63,5.63
Aveuglement,Incapacitor,10,10,1.0,100%,16.2,16.2,162,3,5.4,5.4
Lame Affutée,Sharp Blade,9,10,0.9,90%,10.33,9.3,93,3,3.44,3.1
Faux,Scythe,10,10,1.0,100%,9.2,9.2,92,3,3.07,3.07
Pillard Féroce,Savage Looter,4,10,0.4,40%,20.0,8.0,80,1,20.0,8.0
Décharge Élémentaire,Elemental Discharge,4,10,0.4,40%,18.0,7.2,72,1,18.0,7.2
Tombeau Rocheux,Rock Tomb,7,10,0.7,70%,10.0,7.0,70,1,10.0,7.0
Armure d'Obsidienne,Obsidian Battle Plate,3,10,0.3,30%,20.0,6.0,60,2,10.0,3.0
Être de Lumière,Being of Light,3,10,0.3,30%,18.0,5.4,54,1,18.0,5.4
Esprit de l'Écuyer,Spirit of the Squire,8,10,0.8,80%,6.75,5.4,54,3,2.25,1.8
Marteleur précis,Precise Hammer,3,10,0.3,30%,18.0,5.4,54,1,18.0,5.4
Esprit Sauvage,Wild Spirit,5,10,0.5,50%,10.0,5.0,50,0,Gratuit,Gratuit
Bâton de Conquête,Conquering Staff,2,10,0.2,20%,24.0,4.8,48,2,12.0,2.4
Épée Obscure,Swords of Darkness,3,10,0.3,30%,15.0,4.5,45,1,15.0,4.5
Instinct Sanguinaire,Bloody Instinct,3,10,0.3,30%,15.0,4.5,45,2,7.5,2.25
Totem du Gardien,Guardian Totem,10,10,1.0,100%,3.8,3.8,38,3,1.27,1.27
Mental d'Acier,Steel Aura,2,10,0.2,20%,18.0,3.6,36,2,9.0,1.8
Esprit omniprésent,Omnipresent Spirit,2,10,0.2,20%,18.0,3.6,36,2,9.0,1.8
Enchaînement Éclair,Unstoppable Lightning,2,10,0.2,20%,18.0,3.6,36,1,18.0,3.6
Chasseur de Bêtes,Beast Hunter,2,10,0.2,20%,18.0,3.6,36,2,9.0,1.8
Économe Sagesse du Trésorier,Treasurer's Wisdom,2,10,0.2,20%,17.0,3.4,34,2,8.5,1.7
Danse Macabre,Dance of Death,4,10,0.4,40%,8.0,3.2,32,1,8.0,3.2
Épées Jumelles,Twin Swords,3,10,0.3,30%,10.0,3.0,30,1,10.0,3.0
Esquive Salvatrice,Evasive Protection,2,10,0.2,20%,15.0,3.0,30,0,Gratuit,Gratuit
Elan de Fureur,Rampage Momentum,2,10,0.2,20%,15.0,3.0,30,2,7.5,1.5
Triple Météore,Trimeteor,1,10,0.1,10%,30.0,3.0,30,0,Gratuit,Gratuit
Le Croque-mort,The Undertaker,2,10,0.2,20%,14.0,2.8,28,1,14.0,2.8
Armure d'Immortel,Immortal Breastplate,2,10,0.2,20%,14.0,2.8,28,1,14.0,2.8
Désintégrateur Magnétique,Magnetic Disintegrator,2,10,0.2,20%,11.0,2.2,22,0,Gratuit,Gratuit
Sabre Versatile,Versatil Saber,2,10,0.2,20%,11.0,2.2,22,1,11.0,2.2
Lance Triplée,Triple Spear,1,10,0.1,10%,20.0,2.0,20,0,Gratuit,Gratuit
Épé Sainte,Holy Sword,2,10,0.2,20%,10.0,2.0,20,0,Gratuit,Gratuit
Parchemin Secret,Secret Scroll,1,10,0.1,10%,18.0,1.8,18,2,9.0,0.9
Le Traqueur,The Stalker,1,10,0.1,10%,18.0,1.8,18,3,6.0,0.6
Œil de Lynx,Hawk's Eye,2,10,0.2,20%,8.0,1.6,16,0,Gratuit,Gratuit
Lance Doublée,Dual Spear,2,10,0.2,20%,8.0,1.6,16,0,Gratuit,Gratuit
Chasseur d'Âmes,Soul Hunter,1,10,0.1,10%,15.0,1.5,15,1,15.0,1.5
Explosion Arcanique,Arcane Explosive,1,10,0.1,10%,12.0,1.2,12,1,12.0,1.2
Bâton du Conquérant,Staff of Conquered Worlds,1,10,0.1,10%,11.0,1.1,11,0,Gratuit,Gratuit
Destruction Royale,Royal Destroyer,1,10,0.1,10%,11.0,1.1,11,0,Gratuit,Gratuit
Coup de Mort,Death Helper,1,10,0.1,10%,10.0,1.0,10,1,10.0,1.0
