,Nom Anglais,nb games valide,total games,ratio,%,pts moy,pts moy total,total point,cout,pts par cout moy,pts par cout total
Assistance Divine,Sacred Help,12,13,0.92,92%,20.0,18.46,240,2,10.0,9.23
Aveuglement,Incapacitor,13,13,1.0,100%,17.77,17.77,231,3,5.92,5.92
Griffes Sauvages,Wild Claw,13,13,1.0,100%,16.23,16.23,211,3,5.41,5.41
Décharge Élémentaire,Elemental Discharge,7,13,0.54,54%,18.0,9.69,126,1,18.0,9.69
Pillard Féroce,Savage Looter,6,13,0.46,46%,20.0,9.23,120,1,20.0,9.23
Armure d'Obsidienne,Obsidian Battle Plate,6,13,0.46,46%,20.0,9.23,120,2,10.0,4.62
Faux,Scythe,13,13,1.0,100%,8.92,8.92,116,3,2.97,2.97
Lame Affutée,Sharp Blade,12,13,0.92,92%,9.25,8.54,111,3,3.08,2.85
Être de Lumière,Being of Light,6,13,0.46,46%,18.0,8.31,108,1,18.0,8.31
Tombeau Rocheux,Rock Tomb,10,13,0.77,77%,10.0,7.69,100,1,10.0,7.69
Esprit de l'Écuyer,Spirit of the Squire,11,13,0.85,85%,9.0,7.62,99,3,3.0,2.54
Marteleur précis,Precise Hammer,4,13,0.31,31%,18.0,5.54,72,1,18.0,5.54
Mental d'Acier,Steel Aura,4,13,0.31,31%,18.0,5.54,72,2,9.0,2.77
Bâton de Conquête,Conquering Staff,3,13,0.23,23%,24.0,5.54,72,2,12.0,2.77
Instinct Sanguinaire,Bloody Instinct,4,13,0.31,31%,15.0,4.62,60,2,7.5,2.31
Esquive Salvatrice,Evasive Protection,4,13,0.31,31%,15.0,4.62,60,0,Gratuit,Gratuit
Armure d'Immortel,Immortal Breastplate,4,13,0.31,31%,14.0,4.31,56,1,14.0,4.31
Sabre Versatile,Versatil Saber,5,13,0.38,38%,11.0,4.23,55,1,11.0,4.23
Esprit omniprésent,Omnipresent Spirit,3,13,0.23,23%,18.0,4.15,54,2,9.0,2.08
Esprit Sauvage,Wild Spirit,5,13,0.38,38%,10.0,3.85,50,0,Gratuit,Gratuit
Totem du Gardien,Guardian Totem,13,13,1.0,100%,3.85,3.85,50,3,1.28,1.28
Épée Obscure,Swords of Darkness,3,13,0.23,23%,15.0,3.46,45,1,15.0,3.46
Chasseur de Bêtes,Beast Hunter,2,13,0.15,15%,18.0,2.77,36,2,9.0,1.39
Enchaînement Éclair,Unstoppable Lightning,2,13,0.15,15%,18.0,2.77,36,1,18.0,2.77
Explosion Arcanique,Arcane Explosive,3,13,0.23,23%,12.0,2.77,36,1,12.0,2.77
Économe Sagesse du Trésorier,Treasurer's Wisdom,2,13,0.15,15%,17.0,2.62,34,2,8.5,1.31
Désintégrateur Magnétique,Magnetic Disintegrator,3,13,0.23,23%,11.0,2.54,33,0,Gratuit,Gratuit
Bâton du Conquérant,Staff of Conquered Worlds,3,13,0.23,23%,11.0,2.54,33,0,Gratuit,Gratuit
Danse Macabre,Dance of Death,4,13,0.31,31%,8.0,2.46,32,1,8.0,2.46
Coup de Mort,Death Helper,3,13,0.23,23%,10.0,2.31,30,1,10.0,2.31
Épées Jumelles,Twin Swords,3,13,0.23,23%,10.0,2.31,30,1,10.0,2.31
Elan de Fureur,Rampage Momentum,2,13,0.15,15%,15.0,2.31,30,2,7.5,1.16
Triple Météore,Trimeteor,1,13,0.08,8%,30.0,2.31,30,0,Gratuit,Gratuit
Le Croque-mort,The Undertaker,2,13,0.15,15%,14.0,2.15,28,1,14.0,2.15
Œil de Lynx,Hawk's Eye,3,13,0.23,23%,8.0,1.85,24,0,Gratuit,Gratuit
Amulette Omnisciente,Omnipresent Amulet,2,13,0.15,15%,11.0,1.69,22,0,Gratuit,Gratuit
Force Divine,Divine Impetu,2,13,0.15,15%,11.0,1.69,22,0,Gratuit,Gratuit
Destruction Royale,Royal Destroyer,2,13,0.15,15%,11.0,1.69,22,0,Gratuit,Gratuit
Lance Triplée,Triple Spear,1,13,0.08,8%,20.0,1.54,20,0,Gratuit,Gratuit
Épé Sainte,Holy Sword,2,13,0.15,15%,10.0,1.54,20,0,Gratuit,Gratuit
Parchemin Secret,Secret Scroll,1,13,0.08,8%,18.0,1.38,18,2,9.0,0.69
Le Traqueur,The Stalker,1,13,0.08,8%,18.0,1.38,18,3,6.0,0.46
Lance Doublée,Dual Spear,2,13,0.15,15%,8.0,1.23,16,0,Gratuit,Gratuit
Masse de Siège,Siege Mace,1,13,0.08,8%,16.0,1.23,16,0,Gratuit,Gratuit
Chasseur d'Âmes,Soul Hunter,1,13,0.08,8%,15.0,1.15,15,1,15.0,1.15
