,Nom Anglais,nb games valide,total games,ratio,%,pts moy,pts moy total,total point,cout,pts par cout moy,pts par cout total
Assistance Divine,Sacred Help,10,11,0.91,91%,20.0,18.18,200,2,10.0,9.09
Griffes Sauvages,Wild Claw,11,11,1.0,100%,16.55,16.55,182,3,5.52,5.52
Aveuglement,Incapacitor,11,11,1.0,100%,15.82,15.82,174,3,5.27,5.27
Lame Affutée,Sharp Blade,10,11,0.91,91%,10.2,9.27,102,3,3.4,3.09
Faux,Scythe,11,11,1.0,100%,9.09,9.09,100,3,3.03,3.03
Décharge Élémentaire,Elemental Discharge,5,11,0.45,45%,18.0,8.18,90,1,18.0,8.18
Pillard Féroce,Savage Looter,4,11,0.36,36%,20.0,7.27,80,1,20.0,7.27
Armure d'Obsidienne,Obsidian Battle Plate,4,11,0.36,36%,20.0,7.27,80,2,10.0,3.63
Tombeau Rocheux,Rock Tomb,8,11,0.73,73%,10.0,7.27,80,1,10.0,7.27
Être de Lumière,Being of Light,4,11,0.36,36%,18.0,6.55,72,1,18.0,6.55
Esprit de l'Écuyer,Spirit of the Squire,9,11,0.82,82%,7.0,5.73,63,3,2.33,1.91
Marteleur précis,Precise Hammer,3,11,0.27,27%,18.0,4.91,54,1,18.0,4.91
Mental d'Acier,Steel Aura,3,11,0.27,27%,18.0,4.91,54,2,9.0,2.46
Esprit Sauvage,Wild Spirit,5,11,0.45,45%,10.0,4.55,50,0,Gratuit,Gratuit
Bâton de Conquête,Conquering Staff,2,11,0.18,18%,24.0,4.36,48,2,12.0,2.18
Instinct Sanguinaire,Bloody Instinct,3,11,0.27,27%,15.0,4.09,45,2,7.5,2.04
Épée Obscure,Swords of Darkness,3,11,0.27,27%,15.0,4.09,45,1,15.0,4.09
Esquive Salvatrice,Evasive Protection,3,11,0.27,27%,15.0,4.09,45,0,Gratuit,Gratuit
Armure d'Immortel,Immortal Breastplate,3,11,0.27,27%,14.0,3.82,42,1,14.0,3.82
Totem du Gardien,Guardian Totem,11,11,1.0,100%,3.73,3.73,41,3,1.24,1.24
Esprit omniprésent,Omnipresent Spirit,2,11,0.18,18%,18.0,3.27,36,2,9.0,1.64
Enchaînement Éclair,Unstoppable Lightning,2,11,0.18,18%,18.0,3.27,36,1,18.0,3.27
Chasseur de Bêtes,Beast Hunter,2,11,0.18,18%,18.0,3.27,36,2,9.0,1.64
Économe Sagesse du Trésorier,Treasurer's Wisdom,2,11,0.18,18%,17.0,3.09,34,2,8.5,1.54
Désintégrateur Magnétique,Magnetic Disintegrator,3,11,0.27,27%,11.0,3.0,33,0,Gratuit,Gratuit
Sabre Versatile,Versatil Saber,3,11,0.27,27%,11.0,3.0,33,1,11.0,3.0
Danse Macabre,Dance of Death,4,11,0.36,36%,8.0,2.91,32,1,8.0,2.91
Elan de Fureur,Rampage Momentum,2,11,0.18,18%,15.0,2.73,30,2,7.5,1.36
Triple Météore,Trimeteor,1,11,0.09,9%,30.0,2.73,30,0,Gratuit,Gratuit
Épées Jumelles,Twin Swords,3,11,0.27,27%,10.0,2.73,30,1,10.0,2.73
Le Croque-mort,The Undertaker,2,11,0.18,18%,14.0,2.55,28,1,14.0,2.55
Bâton du Conquérant,Staff of Conquered Worlds,2,11,0.18,18%,11.0,2.0,22,0,Gratuit,Gratuit
Destruction Royale,Royal Destroyer,2,11,0.18,18%,11.0,2.0,22,0,Gratuit,Gratuit
Lance Triplée,Triple Spear,1,11,0.09,9%,20.0,1.82,20,0,Gratuit,Gratuit
Épé Sainte,Holy Sword,2,11,0.18,18%,10.0,1.82,20,0,Gratuit,Gratuit
Parchemin Secret,Secret Scroll,1,11,0.09,9%,18.0,1.64,18,2,9.0,0.82
Le Traqueur,The Stalker,1,11,0.09,9%,18.0,1.64,18,3,6.0,0.55
Œil de Lynx,Hawk's Eye,2,11,0.18,18%,8.0,1.45,16,0,Gratuit,Gratuit
Lance Doublée,Dual Spear,2,11,0.18,18%,8.0,1.45,16,0,Gratuit,Gratuit
Chasseur d'Âmes,Soul Hunter,1,11,0.09,9%,15.0,1.36,15,1,15.0,1.36
Explosion Arcanique,Arcane Explosive,1,11,0.09,9%,12.0,1.09,12,1,12.0,1.09
Coup de Mort,Death Helper,1,11,0.09,9%,10.0,0.91,10,1,10.0,0.91
