,Nom Anglais,nb games valide,total games,ratio,%,pts moy,pts moy total,total point,cout,pts par cout moy,pts par cout total,pts par cout moy+1,pts par cout total+1
Aveuglement,Incapacitor,4,4,1.0,100%,21.75,21.75,87,3,7.25,7.25,5.44,5.44
Griffes Sauvages,Wild Claw,4,4,1.0,100%,18.25,18.25,73,3,6.08,6.08,4.56,4.56
Totem Équivalent,Equivalent Totem,4,4,1.0,100%,15.5,15.5,62,2,7.75,7.75,5.17,5.17
Décharge Élémentaire,Elemental Discharge,3,4,0.75,75%,18.0,13.5,54,1,18.0,13.5,9.0,6.75
Esprit de l'Écuyer,Spirit of the Squire,4,4,1.0,100%,12.75,12.75,51,3,4.25,4.25,3.19,3.19
Faux,Scythe,4,4,1.0,100%,12.0,12.0,48,3,4.0,4.0,3.0,3.0
Bâton de Conquête,Conquering Staff,2,4,0.5,50%,24.0,12.0,48,2,12.0,6.0,8.0,4.0
Assistance Divine,Sacred Help,2,4,0.5,50%,20.0,10.0,40,2,10.0,5.0,6.67,3.33
Tombeau Rocheux,Rock Tomb,4,4,1.0,100%,10.0,10.0,40,1,10.0,10.0,5.0,5.0
Chasseur de Bêtes,Beast Hunter,2,4,0.5,50%,18.0,9.0,36,2,9.0,4.5,6.0,3.0
Économe Sagesse du Trésorier,Treasurer's Wisdom,2,4,0.5,50%,17.0,8.5,34,2,8.5,4.25,5.67,2.83
Lame Affutée,Sharp Blade,4,4,1.0,100%,8.25,8.25,33,3,2.75,2.75,2.06,2.06
Chasseur d'Âmes,Soul Hunter,2,4,0.5,50%,15.0,7.5,30,1,15.0,7.5,7.5,3.75
Marteau Collecteur,Collecting Hammer,2,4,0.5,50%,15.0,7.5,30,2,7.5,3.75,5.0,2.5
Totem du Gardien,Guardian Totem,4,4,1.0,100%,7.5,7.5,30,3,2.5,2.5,1.88,1.88
Esprit Sauvage,Wild Spirit,3,4,0.75,75%,10.0,7.5,30,0,Gratuit,Gratuit,10.0,7.5
Coup de Mort,Death Helper,3,4,0.75,75%,10.0,7.5,30,1,10.0,7.5,5.0,3.75
Hache Frénétique,Berseker Ax,2,4,0.5,50%,14.0,7.0,28,2,7.0,3.5,4.67,2.33
Faux Assoiffées,Thirsty Scythes,1,4,0.25,25%,25.0,6.25,25,3,8.33,2.08,6.25,1.56
Ascension Divine,Divine Ascent,1,4,0.25,25%,25.0,6.25,25,3,8.33,2.08,6.25,1.56
Œil de Lynx,Hawk's Eye,3,4,0.75,75%,8.0,6.0,24,0,Gratuit,Gratuit,8.0,6.0
Vision Céleste,Heavenly Vision,1,4,0.25,25%,22.0,5.5,22,2,11.0,2.75,7.33,1.83
Bâton du Conquérant,Staff of Conquered Worlds,2,4,0.5,50%,11.0,5.5,22,0,Gratuit,Gratuit,11.0,5.5
Pillard Féroce,Savage Looter,1,4,0.25,25%,20.0,5.0,20,1,20.0,5.0,10.0,2.5
Le Marionnettiste,The Puppeteer,1,4,0.25,25%,20.0,5.0,20,2,10.0,2.5,6.67,1.67
Armure d'Obsidienne,Obsidian Battle Plate,1,4,0.25,25%,20.0,5.0,20,2,10.0,2.5,6.67,1.67
Être de Lumière,Being of Light,1,4,0.25,25%,18.0,4.5,18,1,18.0,4.5,9.0,2.25
Mental d'Acier,Steel Aura,1,4,0.25,25%,18.0,4.5,18,2,9.0,2.25,6.0,1.5
Le Traqueur,The Stalker,1,4,0.25,25%,16.0,4.0,16,3,5.33,1.33,4.0,1.0
Adrénaline Arcanique,Arcane Adrenaline,1,4,0.25,25%,16.0,4.0,16,1,16.0,4.0,8.0,2.0
Explosion Arcanique,Arcane Explosive,1,4,0.25,25%,12.0,3.0,12,1,12.0,3.0,6.0,1.5
Sabre Versatile,Versatil Saber,1,4,0.25,25%,11.0,2.75,11,1,11.0,2.75,5.5,1.38
Danse Macabre,Dance of Death,1,4,0.25,25%,8.0,2.0,8,1,8.0,2.0,4.0,1.0
