,Nom Anglais,nb games valide,total games,ratio,%,pts moy,pts moy total,total point,cout,pts par cout moy,pts par cout total
Aveuglement,Incapacitor,10,10,1.0,100%,26.1,26.1,261,3,8.7,8.7
Bâton de Conquête,Conquering Staff,8,10,0.8,80%,24.0,19.2,192,2,12.0,9.6
Griffes Sauvages,Wild Claw,10,10,1.0,100%,17.8,17.8,178,3,5.93,5.93
Assistance Divine,Sacred Help,6,10,0.6,60%,20.0,12.0,120,2,10.0,6.0
Chasseur de Bêtes,Beast Hunter,6,10,0.6,60%,18.0,10.8,108,2,9.0,5.4
Esprit de l'Écuyer,Spirit of the Squire,10,10,1.0,100%,10.5,10.5,105,3,3.5,3.5
Armure d'Obsidienne,Obsidian Battle Plate,5,10,0.5,50%,20.0,10.0,100,2,10.0,5.0
Faux,Scythe,10,10,1.0,100%,9.4,9.4,94,3,3.13,3.13
Lame Affutée,Sharp Blade,9,10,0.9,90%,10.33,9.3,93,3,3.44,3.1
Tombeau Rocheux,Rock Tomb,8,10,0.8,80%,10.0,8.0,80,1,10.0,8.0
Pillard Féroce,Savage Looter,4,10,0.4,40%,20.0,8.0,80,1,20.0,8.0
Œil de Lynx,Hawk's Eye,8,10,0.8,80%,8.0,6.4,64,0,Gratuit,Gratuit
Épée Obscure,Swords of Darkness,4,10,0.4,40%,15.0,6.0,60,1,15.0,6.0
Esprit Sauvage,Wild Spirit,6,10,0.6,60%,10.0,6.0,60,0,Gratuit,Gratuit
Sabre Versatile,Versatil Saber,5,10,0.5,50%,11.0,5.5,55,1,11.0,5.5
Mental d'Acier,Steel Aura,3,10,0.3,30%,18.0,5.4,54,2,9.0,2.7
Être de Lumière,Being of Light,3,10,0.3,30%,18.0,5.4,54,1,18.0,5.4
Décharge Élémentaire,Elemental Discharge,3,10,0.3,30%,18.0,5.4,54,1,18.0,5.4
Totem du Gardien,Guardian Totem,10,10,1.0,100%,5.3,5.3,53,3,1.77,1.77
Coup de Mort,Death Helper,5,10,0.5,50%,10.0,5.0,50,1,10.0,5.0
Épées Jumelles,Twin Swords,4,10,0.4,40%,12.5,5.0,50,1,12.5,5.0
Masse de Siège,Siege Mace,3,10,0.3,30%,16.0,4.8,48,0,Gratuit,Gratuit
Elan de Fureur,Rampage Momentum,3,10,0.3,30%,15.0,4.5,45,2,7.5,2.25
Bâton du Conquérant,Staff of Conquered Worlds,4,10,0.4,40%,11.0,4.4,44,0,Gratuit,Gratuit
Hache Frénétique,Berseker Ax,3,10,0.3,30%,14.0,4.2,42,2,7.0,2.1
Aura Légendaire,Legend Aura,1,10,0.1,10%,40.0,4.0,40,3,13.33,1.33
Danse Macabre,Dance of Death,4,10,0.4,40%,8.0,3.2,32,1,8.0,3.2
Le Croque-mort,The Undertaker,2,10,0.2,20%,14.0,2.8,28,1,14.0,2.8
Armure d'Immortel,Immortal Breastplate,2,10,0.2,20%,14.0,2.8,28,1,14.0,2.8
Vision Céleste,Heavenly Vision,1,10,0.1,10%,22.0,2.2,22,2,11.0,1.1
Force Divine,Divine Impetu,2,10,0.2,20%,11.0,2.2,22,0,Gratuit,Gratuit
Le Traqueur,The Stalker,1,10,0.1,10%,18.0,1.8,18,3,6.0,0.6
Esprit omniprésent,Omnipresent Spirit,1,10,0.1,10%,18.0,1.8,18,2,9.0,0.9
Marteleur précis,Precise Hammer,1,10,0.1,10%,18.0,1.8,18,1,18.0,1.8
Enchaînement Éclair,Unstoppable Lightning,1,10,0.1,10%,18.0,1.8,18,1,18.0,1.8
Économe Sagesse du Trésorier,Treasurer's Wisdom,1,10,0.1,10%,17.0,1.7,17,2,8.5,0.85
Adrénaline Arcanique,Arcane Adrenaline,1,10,0.1,10%,16.0,1.6,16,1,16.0,1.6
Lance Doublée,Dual Spear,2,10,0.2,20%,8.0,1.6,16,0,Gratuit,Gratuit
Soif de Sang,Thirsty Dagger,1,10,0.1,10%,15.0,1.5,15,0,Gratuit,Gratuit
Chasseur d'Âmes,Soul Hunter,1,10,0.1,10%,15.0,1.5,15,1,15.0,1.5
Instinct Sanguinaire,Bloody Instinct,1,10,0.1,10%,15.0,1.5,15,2,7.5,0.75
Désintégrateur Magnétique,Magnetic Disintegrator,1,10,0.1,10%,11.0,1.1,11,0,Gratuit,Gratuit
Amulette Omnisciente,Omnipresent Amulet,1,10,0.1,10%,11.0,1.1,11,0,Gratuit,Gratuit
Destruction Royale,Royal Destroyer,1,10,0.1,10%,11.0,1.1,11,0,Gratuit,Gratuit
Épé Sainte,Holy Sword,1,10,0.1,10%,10.0,1.0,10,0,Gratuit,Gratuit
