,Nom Anglais,nb games valide,total games,ratio,%,pts moy,pts moy total,total point,cout,pts par cout moy,pts par cout total,pts par cout moy+1,pts par cout total+1
Griffes Sauvages,Wild Claw,6,6,1.0,100%,17.17,17.17,103,3,5.72,5.72,4.29,4.29
Aveuglement,Incapacitor,5,6,0.83,83%,19.8,16.5,99,3,6.6,5.5,4.95,4.12
Totem Équivalent,Equivalent Totem,6,6,1.0,100%,14.83,14.83,89,2,7.42,7.42,4.94,4.94
Esprit de l'Écuyer,Spirit of the Squire,6,6,1.0,100%,12.5,12.5,75,3,4.17,4.17,3.12,3.12
Décharge Élémentaire,Elemental Discharge,4,6,0.67,67%,18.0,12.0,72,1,18.0,12.0,9.0,6.0
Faux,Scythe,6,6,1.0,100%,10.67,10.67,64,3,3.56,3.56,2.67,2.67
Assistance Divine,Sacred Help,3,6,0.5,50%,20.0,10.0,60,2,10.0,5.0,6.67,3.33
Économe Sagesse du Trésorier,Treasurer's Wisdom,3,6,0.5,50%,17.0,8.5,51,2,8.5,4.25,5.67,2.83
Ascension Divine,Divine Ascent,2,6,0.33,33%,25.0,8.33,50,3,8.33,2.78,6.25,2.08
Tombeau Rocheux,Rock Tomb,5,6,0.83,83%,10.0,8.33,50,1,10.0,8.33,5.0,4.17
Lame Affutée,Sharp Blade,5,6,0.83,83%,9.6,8.0,48,3,3.2,2.67,2.4,2.0
Bâton de Conquête,Conquering Staff,2,6,0.33,33%,24.0,8.0,48,2,12.0,4.0,8.0,2.67
Hache Frénétique,Berseker Ax,3,6,0.5,50%,14.0,7.0,42,2,7.0,3.5,4.67,2.33
Coup de Mort,Death Helper,4,6,0.67,67%,10.0,6.67,40,1,10.0,6.67,5.0,3.33
Pillard Féroce,Savage Looter,2,6,0.33,33%,20.0,6.67,40,1,20.0,6.67,10.0,3.33
Esprit Sauvage,Wild Spirit,4,6,0.67,67%,10.0,6.67,40,0,Gratuit,Gratuit,10.0,6.67
Mental d'Acier,Steel Aura,2,6,0.33,33%,18.0,6.0,36,2,9.0,3.0,6.0,2.0
Chasseur de Bêtes,Beast Hunter,2,6,0.33,33%,18.0,6.0,36,2,9.0,3.0,6.0,2.0
Totem du Gardien,Guardian Totem,6,6,1.0,100%,6.0,6.0,36,3,2.0,2.0,1.5,1.5
Œil de Lynx,Hawk's Eye,4,6,0.67,67%,8.0,5.33,32,0,Gratuit,Gratuit,8.0,5.33
Marteau Collecteur,Collecting Hammer,2,6,0.33,33%,15.0,5.0,30,2,7.5,2.5,5.0,1.67
Chasseur d'Âmes,Soul Hunter,2,6,0.33,33%,15.0,5.0,30,1,15.0,5.0,7.5,2.5
Faux Assoiffées,Thirsty Scythes,1,6,0.17,17%,25.0,4.17,25,3,8.33,1.39,6.25,1.04
Explosion Arcanique,Arcane Explosive,2,6,0.33,33%,12.0,4.0,24,1,12.0,4.0,6.0,2.0
Bâton du Conquérant,Staff of Conquered Worlds,2,6,0.33,33%,11.0,3.67,22,0,Gratuit,Gratuit,11.0,3.67
Sabre Versatile,Versatil Saber,2,6,0.33,33%,11.0,3.67,22,1,11.0,3.67,5.5,1.83
Vision Céleste,Heavenly Vision,1,6,0.17,17%,22.0,3.67,22,2,11.0,1.83,7.33,1.22
Armure d'Obsidienne,Obsidian Battle Plate,1,6,0.17,17%,20.0,3.33,20,2,10.0,1.67,6.67,1.11
Le Marionnettiste,The Puppeteer,1,6,0.17,17%,20.0,3.33,20,2,10.0,1.67,6.67,1.11
Être de Lumière,Being of Light,1,6,0.17,17%,18.0,3.0,18,1,18.0,3.0,9.0,1.5
Esprit omniprésent,Omnipresent Spirit,1,6,0.17,17%,18.0,3.0,18,2,9.0,1.5,6.0,1.0
Épée Obscure,Swords of Darkness,1,6,0.17,17%,17.0,2.83,17,1,17.0,2.83,8.5,1.42
Adrénaline Arcanique,Arcane Adrenaline,1,6,0.17,17%,16.0,2.67,16,1,16.0,2.67,8.0,1.33
Le Traqueur,The Stalker,1,6,0.17,17%,16.0,2.67,16,3,5.33,0.89,4.0,0.67
Danse Macabre,Dance of Death,2,6,0.33,33%,8.0,2.67,16,1,8.0,2.67,4.0,1.33
Elan de Fureur,Rampage Momentum,1,6,0.17,17%,15.0,2.5,15,2,7.5,1.25,5.0,0.83
Désintégrateur Magnétique,Magnetic Disintegrator,1,6,0.17,17%,11.0,1.83,11,0,Gratuit,Gratuit,11.0,1.83
