,Nom Anglais,nb games valide,total games,ratio,%,pts moy,pts moy total,total point,cout,pts par cout moy,pts par cout total
Aveuglement,Incapacitor,13,13,1.0,100%,26.77,26.77,348,3,8.92,8.92
Bâton de Conquête,Conquering Staff,10,13,0.77,77%,24.0,18.46,240,2,12.0,9.23
Griffes Sauvages,Wild Claw,13,13,1.0,100%,17.54,17.54,228,3,5.85,5.85
Assistance Divine,Sacred Help,9,13,0.69,69%,20.0,13.85,180,2,10.0,6.92
Chasseur de Bêtes,Beast Hunter,9,13,0.69,69%,18.0,12.46,162,2,9.0,6.23
Esprit de l'Écuyer,Spirit of the Squire,12,13,0.92,92%,10.75,9.92,129,3,3.58,3.31
Lame Affutée,Sharp Blade,12,13,0.92,92%,10.25,9.46,123,3,3.42,3.15
Faux,Scythe,13,13,1.0,100%,9.38,9.38,122,3,3.13,3.13
Armure d'Obsidienne,Obsidian Battle Plate,6,13,0.46,46%,20.0,9.23,120,2,10.0,4.62
Tombeau Rocheux,Rock Tomb,10,13,0.77,77%,10.0,7.69,100,1,10.0,7.69
Pillard Féroce,Savage Looter,5,13,0.38,38%,20.0,7.69,100,1,20.0,7.69
Mental d'Acier,Steel Aura,5,13,0.38,38%,18.0,6.92,90,2,9.0,3.46
Être de Lumière,Being of Light,5,13,0.38,38%,18.0,6.92,90,1,18.0,6.92
Œil de Lynx,Hawk's Eye,10,13,0.77,77%,8.0,6.15,80,0,Gratuit,Gratuit
Bâton du Conquérant,Staff of Conquered Worlds,7,13,0.54,54%,11.0,5.92,77,0,Gratuit,Gratuit
Épée Obscure,Swords of Darkness,5,13,0.38,38%,15.0,5.77,75,1,15.0,5.77
Esprit Sauvage,Wild Spirit,7,13,0.54,54%,10.0,5.38,70,0,Gratuit,Gratuit
Épées Jumelles,Twin Swords,5,13,0.38,38%,14.0,5.38,70,1,14.0,5.38
Sabre Versatile,Versatil Saber,6,13,0.46,46%,11.0,5.08,66,1,11.0,5.08
Totem du Gardien,Guardian Totem,13,13,1.0,100%,4.69,4.69,61,3,1.56,1.56
Elan de Fureur,Rampage Momentum,4,13,0.31,31%,15.0,4.62,60,2,7.5,2.31
Coup de Mort,Death Helper,6,13,0.46,46%,10.0,4.62,60,1,10.0,4.62
Hache Frénétique,Berseker Ax,4,13,0.31,31%,14.0,4.31,56,2,7.0,2.15
Décharge Élémentaire,Elemental Discharge,3,13,0.23,23%,18.0,4.15,54,1,18.0,4.15
Masse de Siège,Siege Mace,3,13,0.23,23%,16.0,3.69,48,0,Gratuit,Gratuit
Le Croque-mort,The Undertaker,3,13,0.23,23%,14.0,3.23,42,1,14.0,3.23
Danse Macabre,Dance of Death,5,13,0.38,38%,8.0,3.08,40,1,8.0,3.08
Aura Légendaire,Legend Aura,1,13,0.08,8%,40.0,3.08,40,3,13.33,1.03
Marteleur précis,Precise Hammer,2,13,0.15,15%,18.0,2.77,36,1,18.0,2.77
Esprit omniprésent,Omnipresent Spirit,2,13,0.15,15%,18.0,2.77,36,2,9.0,1.39
Économe Sagesse du Trésorier,Treasurer's Wisdom,2,13,0.15,15%,17.0,2.62,34,2,8.5,1.31
Soif de Sang,Thirsty Dagger,2,13,0.15,15%,15.0,2.31,30,0,Gratuit,Gratuit
Chasseur d'Âmes,Soul Hunter,2,13,0.15,15%,15.0,2.31,30,1,15.0,2.31
Armure d'Immortel,Immortal Breastplate,2,13,0.15,15%,14.0,2.15,28,1,14.0,2.15
Lance Doublée,Dual Spear,3,13,0.23,23%,8.0,1.85,24,0,Gratuit,Gratuit
Vision Céleste,Heavenly Vision,1,13,0.08,8%,22.0,1.69,22,2,11.0,0.84
Force Divine,Divine Impetu,2,13,0.15,15%,11.0,1.69,22,0,Gratuit,Gratuit
Épé Sainte,Holy Sword,2,13,0.15,15%,10.0,1.54,20,0,Gratuit,Gratuit
Enchaînement Éclair,Unstoppable Lightning,1,13,0.08,8%,18.0,1.38,18,1,18.0,1.38
Le Traqueur,The Stalker,1,13,0.08,8%,18.0,1.38,18,3,6.0,0.46
Adrénaline Arcanique,Arcane Adrenaline,1,13,0.08,8%,16.0,1.23,16,1,16.0,1.23
Instinct Sanguinaire,Bloody Instinct,1,13,0.08,8%,15.0,1.15,15,2,7.5,0.57
Désintégrateur Magnétique,Magnetic Disintegrator,1,13,0.08,8%,11.0,0.85,11,0,Gratuit,Gratuit
Amulette Omnisciente,Omnipresent Amulet,1,13,0.08,8%,11.0,0.85,11,0,Gratuit,Gratuit
Destruction Royale,Royal Destroyer,1,13,0.08,8%,11.0,0.85,11,0,Gratuit,Gratuit
