,Nom Anglais,nb games valide,total games,ratio,%,pts moy,pts moy total,total point,cout,pts par cout moy,pts par cout total
Griffes Sauvages,Wild Claw,3,3,1.0,100%,16.67,16.67,50,3,5.56,5.56
Totem Équivalent,Equivalent Totem,3,3,1.0,100%,14.67,14.67,44,2,7.33,7.33
Esprit de l'Écuyer,Spirit of the Squire,3,3,1.0,100%,12.0,12.0,36,3,4.0,4.0
Décharge Élémentaire,Elemental Discharge,2,3,0.67,67%,18.0,12.0,36,1,18.0,12.0
Aveuglement,Incapacitor,3,3,1.0,100%,11.0,11.0,33,3,3.67,3.67
Chasseur d'Âmes,Soul Hunter,2,3,0.67,67%,15.0,10.0,30,1,15.0,10.0
Tombeau Rocheux,Rock Tomb,3,3,1.0,100%,10.0,10.0,30,1,10.0,10.0
Faux,Scythe,3,3,1.0,100%,9.67,9.67,29,3,3.22,3.22
Lame Affutée,Sharp Blade,3,3,1.0,100%,9.0,9.0,27,3,3.0,3.0
Bâton de Conquête,Conquering Staff,1,3,0.33,33%,24.0,8.0,24,2,12.0,4.0
Coup de Mort,Death Helper,2,3,0.67,67%,10.0,6.67,20,1,10.0,6.67
Esprit Sauvage,Wild Spirit,2,3,0.67,67%,10.0,6.67,20,0,Gratuit,Gratuit
Le Marionnettiste,The Puppeteer,1,3,0.33,33%,20.0,6.67,20,2,10.0,3.33
Assistance Divine,Sacred Help,1,3,0.33,33%,20.0,6.67,20,2,10.0,3.33
Chasseur de Bêtes,Beast Hunter,1,3,0.33,33%,18.0,6.0,18,2,9.0,3.0
Mental d'Acier,Steel Aura,1,3,0.33,33%,18.0,6.0,18,2,9.0,3.0
Être de Lumière,Being of Light,1,3,0.33,33%,18.0,6.0,18,1,18.0,6.0
Économe Sagesse du Trésorier,Treasurer's Wisdom,1,3,0.33,33%,17.0,5.67,17,2,8.5,2.83
Œil de Lynx,Hawk's Eye,2,3,0.67,67%,8.0,5.33,16,0,Gratuit,Gratuit
Adrénaline Arcanique,Arcane Adrenaline,1,3,0.33,33%,16.0,5.33,16,1,16.0,5.33
Hache Frénétique,Berseker Ax,1,3,0.33,33%,14.0,4.67,14,2,7.0,2.33
Marteau Collecteur,Collecting Hammer,1,3,0.33,33%,12.0,4.0,12,2,6.0,2.0
Bâton du Conquérant,Staff of Conquered Worlds,1,3,0.33,33%,11.0,3.67,11,0,Gratuit,Gratuit
Totem du Gardien,Guardian Totem,3,3,1.0,100%,3.67,3.67,11,3,1.22,1.22
Danse Macabre,Dance of Death,1,3,0.33,33%,8.0,2.67,8,1,8.0,2.67
