,Nom Anglais,nb games valide,total games,ratio,%,pts moy,pts moy total,total point,cout,pts par cout moy,pts par cout total,pts par cout moy+1,pts par cout total+1
Griffes Sauvages,Wild Claw,9,9,1.0,100%,16.44,16.44,148,3,5.48,5.48,4.11,4.11
Aveuglement,Incapacitor,8,9,0.89,89%,17.62,15.67,141,3,5.87,5.22,4.41,3.92
Totem Équivalent,Equivalent Totem,9,9,1.0,100%,14.78,14.78,133,2,7.39,7.39,4.93,4.93
Esprit de l'Écuyer,Spirit of the Squire,9,9,1.0,100%,12.67,12.67,114,3,4.22,4.22,3.17,3.17
Faux,Scythe,9,9,1.0,100%,10.0,10.0,90,3,3.33,3.33,2.5,2.5
Lame Affutée,Sharp Blade,8,9,0.89,89%,10.5,9.33,84,3,3.5,3.11,2.62,2.33
Assistance Divine,Sacred Help,4,9,0.44,44%,20.0,8.89,80,2,10.0,4.45,6.67,2.96
Tombeau Rocheux,Rock Tomb,8,9,0.89,89%,10.0,8.89,80,1,10.0,8.89,5.0,4.45
Décharge Élémentaire,Elemental Discharge,4,9,0.44,44%,18.0,8.0,72,1,18.0,8.0,9.0,4.0
Bâton de Conquête,Conquering Staff,3,9,0.33,33%,24.0,8.0,72,2,12.0,4.0,8.0,2.67
Chasseur de Bêtes,Beast Hunter,4,9,0.44,44%,18.0,8.0,72,2,9.0,4.0,6.0,2.67
Économe Sagesse du Trésorier,Treasurer's Wisdom,4,9,0.44,44%,17.0,7.56,68,2,8.5,3.78,5.67,2.52
Marteau Collecteur,Collecting Hammer,5,9,0.56,56%,13.2,7.33,66,2,6.6,3.67,4.4,2.44
Armure d'Obsidienne,Obsidian Battle Plate,3,9,0.33,33%,20.0,6.67,60,2,10.0,3.33,6.67,2.22
Esprit Sauvage,Wild Spirit,6,9,0.67,67%,10.0,6.67,60,0,Gratuit,Gratuit,10.0,6.67
Pillard Féroce,Savage Looter,3,9,0.33,33%,20.0,6.67,60,1,20.0,6.67,10.0,3.33
Hache Frénétique,Berseker Ax,4,9,0.44,44%,14.0,6.22,56,2,7.0,3.11,4.67,2.07
Mental d'Acier,Steel Aura,3,9,0.33,33%,18.0,6.0,54,2,9.0,3.0,6.0,2.0
Esprit omniprésent,Omnipresent Spirit,3,9,0.33,33%,18.0,6.0,54,2,9.0,3.0,6.0,2.0
Ascension Divine,Divine Ascent,2,9,0.22,22%,25.0,5.56,50,3,8.33,1.85,6.25,1.39
Coup de Mort,Death Helper,5,9,0.56,56%,10.0,5.56,50,1,10.0,5.56,5.0,2.78
Œil de Lynx,Hawk's Eye,6,9,0.67,67%,8.0,5.33,48,0,Gratuit,Gratuit,8.0,5.33
Totem du Gardien,Guardian Totem,9,9,1.0,100%,4.89,4.89,44,3,1.63,1.63,1.22,1.22
Sabre Versatile,Versatil Saber,4,9,0.44,44%,11.0,4.89,44,1,11.0,4.89,5.5,2.44
Être de Lumière,Being of Light,2,9,0.22,22%,18.0,4.0,36,1,18.0,4.0,9.0,2.0
Épée Obscure,Swords of Darkness,2,9,0.22,22%,17.0,3.78,34,1,17.0,3.78,8.5,1.89
Bâton du Conquérant,Staff of Conquered Worlds,3,9,0.33,33%,11.0,3.67,33,0,Gratuit,Gratuit,11.0,3.67
Elan de Fureur,Rampage Momentum,2,9,0.22,22%,15.0,3.33,30,2,7.5,1.67,5.0,1.11
Chasseur d'Âmes,Soul Hunter,2,9,0.22,22%,15.0,3.33,30,1,15.0,3.33,7.5,1.67
Armure d'Immortel,Immortal Breastplate,2,9,0.22,22%,14.0,3.11,28,1,14.0,3.11,7.0,1.55
Faux Assoiffées,Thirsty Scythes,1,9,0.11,11%,25.0,2.78,25,3,8.33,0.93,6.25,0.69
Explosion Arcanique,Arcane Explosive,2,9,0.22,22%,12.0,2.67,24,1,12.0,2.67,6.0,1.33
Danse Macabre,Dance of Death,3,9,0.33,33%,8.0,2.67,24,1,8.0,2.67,4.0,1.33
Désintégrateur Magnétique,Magnetic Disintegrator,2,9,0.22,22%,11.0,2.44,22,0,Gratuit,Gratuit,11.0,2.44
Vision Céleste,Heavenly Vision,1,9,0.11,11%,22.0,2.44,22,2,11.0,1.22,7.33,0.81
Le Marionnettiste,The Puppeteer,1,9,0.11,11%,20.0,2.22,20,2,10.0,1.11,6.67,0.74
Adrénaline Arcanique,Arcane Adrenaline,1,9,0.11,11%,16.0,1.78,16,1,16.0,1.78,8.0,0.89
Le Traqueur,The Stalker,1,9,0.11,11%,16.0,1.78,16,3,5.33,0.59,4.0,0.45
Force Divine,Divine Impetu,1,9,0.11,11%,11.0,1.22,11,0,Gratuit,Gratuit,11.0,1.22
Épé Sainte,Holy Sword,1,9,0.11,11%,10.0,1.11,10,0,Gratuit,Gratuit,10.0,1.11
