,Nom Anglais,nb games valide,total games,ratio,%,pts moy,pts moy total,total point,cout,pts par cout moy,pts par cout total,pts par cout moy+1,pts par cout total+1
Totem Équivalent,Equivalent Totem,17,17,1.0,100%,13.82,13.82,235,2,6.91,6.91,4.61,4.61
Griffes Sauvages,Wild Claw,17,17,1.0,100%,12.35,12.35,210,3,4.12,4.12,3.09,3.09
Armure d'Obsidienne,Obsidian Battle Plate,10,17,0.59,59%,20.0,11.76,200,2,10.0,5.88,6.67,3.92
Esprit de l'Écuyer,Spirit of the Squire,16,17,0.94,94%,10.5,9.88,168,3,3.5,3.29,2.62,2.47
Aveuglement,Incapacitor,17,17,1.0,100%,9.53,9.53,162,3,3.18,3.18,2.38,2.38
Décharge Élémentaire,Elemental Discharge,8,17,0.47,47%,18.0,8.47,144,1,18.0,8.47,9.0,4.24
Faux,Scythe,17,17,1.0,100%,7.24,7.24,123,3,2.41,2.41,1.81,1.81
Tombeau Rocheux,Rock Tomb,11,17,0.65,65%,10.0,6.47,110,1,10.0,6.47,5.0,3.23
Lame Affutée,Sharp Blade,11,17,0.65,65%,9.27,6.0,102,3,3.09,2.0,2.32,1.5
Coup de Mort,Death Helper,8,17,0.47,47%,11.88,5.59,95,1,11.88,5.59,5.94,2.79
Marteau Collecteur,Collecting Hammer,7,17,0.41,41%,13.0,5.35,91,2,6.5,2.67,4.33,1.78
Soif de Sang,Thirsty Dagger,6,17,0.35,35%,15.0,5.29,90,0,Gratuit,Gratuit,15.0,5.29
Assistance Divine,Sacred Help,4,17,0.24,24%,20.0,4.71,80,2,10.0,2.35,6.67,1.57
Œil de Lynx,Hawk's Eye,9,17,0.53,53%,8.67,4.59,78,0,Gratuit,Gratuit,8.67,4.59
Mental d'Acier,Steel Aura,4,17,0.24,24%,18.0,4.24,72,2,9.0,2.12,6.0,1.41
Totem du Gardien,Guardian Totem,17,17,1.0,100%,4.0,4.0,68,3,1.33,1.33,1.0,1.0
Sabre Versatile,Versatil Saber,6,17,0.35,35%,11.0,3.88,66,1,11.0,3.88,5.5,1.94
Le Marionnettiste,The Puppeteer,3,17,0.18,18%,20.0,3.53,60,2,10.0,1.76,6.67,1.18
Pillard Féroce,Savage Looter,3,17,0.18,18%,20.0,3.53,60,1,20.0,3.53,10.0,1.76
Danse Macabre,Dance of Death,5,17,0.29,29%,8.0,2.35,40,1,8.0,2.35,4.0,1.18
Marteleur précis,Precise Hammer,2,17,0.12,12%,18.0,2.12,36,1,18.0,2.12,9.0,1.06
Esprit omniprésent,Omnipresent Spirit,2,17,0.12,12%,18.0,2.12,36,2,9.0,1.06,6.0,0.71
Chasseur de Bêtes,Beast Hunter,2,17,0.12,12%,18.0,2.12,36,2,9.0,1.06,6.0,0.71
Armure d'Immortel,Immortal Breastplate,2,17,0.12,12%,16.0,1.88,32,1,16.0,1.88,8.0,0.94
Amulette Omnisciente,Omnipresent Amulet,2,17,0.12,12%,15.0,1.76,30,0,Gratuit,Gratuit,15.0,1.76
Elan de Fureur,Rampage Momentum,2,17,0.12,12%,15.0,1.76,30,2,7.5,0.88,5.0,0.59
Hache Frénétique,Berseker Ax,2,17,0.12,12%,14.0,1.65,28,2,7.0,0.82,4.67,0.55
Bâton de Conquête,Conquering Staff,1,17,0.06,6%,24.0,1.41,24,2,12.0,0.7,8.0,0.47
Bâton du Conquérant,Staff of Conquered Worlds,2,17,0.12,12%,11.0,1.29,22,0,Gratuit,Gratuit,11.0,1.29
Épé Sainte,Holy Sword,2,17,0.12,12%,10.0,1.18,20,0,Gratuit,Gratuit,10.0,1.18
Chasseur d'Âmes,Soul Hunter,1,17,0.06,6%,20.0,1.18,20,1,20.0,1.18,10.0,0.59
Esprit Sauvage,Wild Spirit,2,17,0.12,12%,10.0,1.18,20,0,Gratuit,Gratuit,10.0,1.18
Enchaînement Éclair,Unstoppable Lightning,1,17,0.06,6%,18.0,1.06,18,1,18.0,1.06,9.0,0.53
Être de Lumière,Being of Light,1,17,0.06,6%,18.0,1.06,18,1,18.0,1.06,9.0,0.53
Le Traqueur,The Stalker,1,17,0.06,6%,16.0,0.94,16,3,5.33,0.31,4.0,0.23
Masse de Siège,Siege Mace,1,17,0.06,6%,16.0,0.94,16,0,Gratuit,Gratuit,16.0,0.94
Adrénaline Arcanique,Arcane Adrenaline,1,17,0.06,6%,16.0,0.94,16,1,16.0,0.94,8.0,0.47
Force Divine,Divine Impetu,1,17,0.06,6%,15.0,0.88,15,0,Gratuit,Gratuit,15.0,0.88
Désintégrateur Magnétique,Magnetic Disintegrator,1,17,0.06,6%,11.0,0.65,11,0,Gratuit,Gratuit,11.0,0.65
