,Nom Anglais,nb games valide,total games,ratio,%,pts moy,pts moy total,total point,cout,pts par cout moy,pts par cout total,pts par cout moy+1,pts par cout total+1
Aveuglement,Incapacitor,4,4,1.0,100%,15.75,15.75,63,3,5.25,5.25,3.94,3.94
Totem Équivalent,Equivalent Totem,4,4,1.0,100%,15.0,15.0,60,2,7.5,7.5,5.0,5.0
Griffes Sauvages,Wild Claw,4,4,1.0,100%,13.75,13.75,55,3,4.58,4.58,3.44,3.44
Esprit de l'Écuyer,Spirit of the Squire,4,4,1.0,100%,9.0,9.0,36,3,3.0,3.0,2.25,2.25
Mental d'Acier,Steel Aura,2,4,0.5,50%,18.0,9.0,36,2,9.0,4.5,6.0,3.0
Faux,Scythe,4,4,1.0,100%,8.5,8.5,34,3,2.83,2.83,2.12,2.12
Œil de Lynx,Hawk's Eye,4,4,1.0,100%,8.0,8.0,32,0,Gratuit,Gratuit,8.0,8.0
Tombeau Rocheux,Rock Tomb,3,4,0.75,75%,10.0,7.5,30,1,10.0,7.5,5.0,3.75
Soif de Sang,Thirsty Dagger,2,4,0.5,50%,15.0,7.5,30,0,Gratuit,Gratuit,15.0,7.5
Totem du Gardien,Guardian Totem,4,4,1.0,100%,7.0,7.0,28,3,2.33,2.33,1.75,1.75
Lame Affutée,Sharp Blade,3,4,0.75,75%,9.0,6.75,27,3,3.0,2.25,2.25,1.69
Bâton de Conquête,Conquering Staff,1,4,0.25,25%,24.0,6.0,24,2,12.0,3.0,8.0,2.0
Marteau Collecteur,Collecting Hammer,2,4,0.5,50%,12.0,6.0,24,2,6.0,3.0,4.0,2.0
Armure d'Obsidienne,Obsidian Battle Plate,1,4,0.25,25%,20.0,5.0,20,2,10.0,2.5,6.67,1.67
Assistance Divine,Sacred Help,1,4,0.25,25%,20.0,5.0,20,2,10.0,2.5,6.67,1.67
Le Marionnettiste,The Puppeteer,1,4,0.25,25%,20.0,5.0,20,2,10.0,2.5,6.67,1.67
Le Traqueur,The Stalker,1,4,0.25,25%,16.0,4.0,16,3,5.33,1.33,4.0,1.0
Masse de Siège,Siege Mace,1,4,0.25,25%,16.0,4.0,16,0,Gratuit,Gratuit,16.0,4.0
Hache Frénétique,Berseker Ax,1,4,0.25,25%,14.0,3.5,14,2,7.0,1.75,4.67,1.17
Coup de Mort,Death Helper,1,4,0.25,25%,10.0,2.5,10,1,10.0,2.5,5.0,1.25
Épé Sainte,Holy Sword,1,4,0.25,25%,10.0,2.5,10,0,Gratuit,Gratuit,10.0,2.5
Esprit Sauvage,Wild Spirit,1,4,0.25,25%,10.0,2.5,10,0,Gratuit,Gratuit,10.0,2.5
Danse Macabre,Dance of Death,1,4,0.25,25%,8.0,2.0,8,1,8.0,2.0,4.0,1.0
