,Nom Anglais,nb games valide,total games,ratio,%,pts moy,pts moy total,total point,cout,pts par cout moy,pts par cout total
Aveuglement,Incapacitor,12,12,1.0,100%,20.5,20.5,246,3,6.83,6.83
Griffes Sauvages,Wild Claw,12,12,1.0,100%,15.75,15.75,189,3,5.25,5.25
Bâton de Conquête,Conquering Staff,6,12,0.5,50%,24.0,12.0,144,2,12.0,6.0
Assistance Divine,Sacred Help,7,12,0.58,58%,20.0,11.67,140,2,10.0,5.83
Esprit de l'Écuyer,Spirit of the Squire,11,12,0.92,92%,11.18,10.25,123,3,3.73,3.42
Faux,Scythe,12,12,1.0,100%,8.08,8.08,97,3,2.69,2.69
Tombeau Rocheux,Rock Tomb,9,12,0.75,75%,10.0,7.5,90,1,10.0,7.5
Œil de Lynx,Hawk's Eye,11,12,0.92,92%,8.0,7.33,88,0,Gratuit,Gratuit
Armure d'Obsidienne,Obsidian Battle Plate,4,12,0.33,33%,20.0,6.67,80,2,10.0,3.33
Totem du Gardien,Guardian Totem,12,12,1.0,100%,6.5,6.5,78,3,2.17,2.17
Lame Affutée,Sharp Blade,10,12,0.83,83%,6.6,5.5,66,3,2.2,1.83
Soif de Sang,Thirsty Dagger,4,12,0.33,33%,15.0,5.0,60,0,Gratuit,Gratuit
Coup de Mort,Death Helper,6,12,0.5,50%,10.0,5.0,60,1,10.0,5.0
Esprit omniprésent,Omnipresent Spirit,3,12,0.25,25%,18.0,4.5,54,2,9.0,2.25
Décharge Élémentaire,Elemental Discharge,3,12,0.25,25%,18.0,4.5,54,1,18.0,4.5
Sabre Versatile,Versatil Saber,4,12,0.33,33%,11.0,3.67,44,1,11.0,3.67
Esprit Sauvage,Wild Spirit,4,12,0.33,33%,10.0,3.33,40,0,Gratuit,Gratuit
Pillard Féroce,Savage Looter,2,12,0.17,17%,20.0,3.33,40,1,20.0,3.33
Chasseur de Bêtes,Beast Hunter,2,12,0.17,17%,18.0,3.0,36,2,9.0,1.5
Amulette Omnisciente,Omnipresent Amulet,3,12,0.25,25%,11.0,2.75,33,0,Gratuit,Gratuit
Hache Frénétique,Berseker Ax,2,12,0.17,17%,14.0,2.33,28,2,7.0,1.17
Vision Céleste,Heavenly Vision,1,12,0.08,8%,22.0,1.83,22,2,11.0,0.92
Désintégrateur Magnétique,Magnetic Disintegrator,2,12,0.17,17%,11.0,1.83,22,0,Gratuit,Gratuit
Bâton du Conquérant,Staff of Conquered Worlds,2,12,0.17,17%,11.0,1.83,22,0,Gratuit,Gratuit
Destruction Royale,Royal Destroyer,2,12,0.17,17%,11.0,1.83,22,0,Gratuit,Gratuit
Être de Lumière,Being of Light,1,12,0.08,8%,18.0,1.5,18,1,18.0,1.5
Mental d'Acier,Steel Aura,1,12,0.08,8%,18.0,1.5,18,2,9.0,0.75
Le Traqueur,The Stalker,1,12,0.08,8%,18.0,1.5,18,3,6.0,0.5
Marteleur précis,Precise Hammer,1,12,0.08,8%,18.0,1.5,18,1,18.0,1.5
Économe Sagesse du Trésorier,Treasurer's Wisdom,1,12,0.08,8%,17.0,1.42,17,2,8.5,0.71
Instinct Sanguinaire,Bloody Instinct,1,12,0.08,8%,15.0,1.25,15,2,7.5,0.62
Chasseur d'Âmes,Soul Hunter,1,12,0.08,8%,15.0,1.25,15,1,15.0,1.25
Épée Obscure,Swords of Darkness,1,12,0.08,8%,15.0,1.25,15,1,15.0,1.25
Bâton Élémentaire,Earthly Staff,1,12,0.08,8%,15.0,1.25,15,0,Gratuit,Gratuit
Armure d'Immortel,Immortal Breastplate,1,12,0.08,8%,14.0,1.17,14,1,14.0,1.17
Force Divine,Divine Impetu,1,12,0.08,8%,11.0,0.92,11,0,Gratuit,Gratuit
Épées Jumelles,Twin Swords,1,12,0.08,8%,10.0,0.83,10,1,10.0,0.83
Épé Sainte,Holy Sword,1,12,0.08,8%,10.0,0.83,10,0,Gratuit,Gratuit
Danse Macabre,Dance of Death,1,12,0.08,8%,8.0,0.67,8,1,8.0,0.67
Lance Doublée,Dual Spear,1,12,0.08,8%,8.0,0.67,8,0,Gratuit,Gratuit
