,Nom Anglais,nb games valide,total games,ratio,%,pts moy,pts moy total,total point,cout,pts par cout moy,pts par cout total,pts par cout moy+1,pts par cout total+1
Totem Équivalent,Equivalent Totem,9,9,1.0,100%,14.0,14.0,126,2,7.0,7.0,4.67,4.67
Griffes Sauvages,Wild Claw,9,9,1.0,100%,13.0,13.0,117,3,4.33,4.33,3.25,3.25
Armure d'Obsidienne,Obsidian Battle Plate,5,9,0.56,56%,20.0,11.11,100,2,10.0,5.55,6.67,3.7
Aveuglement,Incapacitor,9,9,1.0,100%,11.0,11.0,99,3,3.67,3.67,2.75,2.75
Esprit de l'Écuyer,Spirit of the Squire,9,9,1.0,100%,8.0,8.0,72,3,2.67,2.67,2.0,2.0
Faux,Scythe,9,9,1.0,100%,7.56,7.56,68,3,2.52,2.52,1.89,1.89
Le Marionnettiste,The Puppeteer,3,9,0.33,33%,20.0,6.67,60,2,10.0,3.33,6.67,2.22
Tombeau Rocheux,Rock Tomb,6,9,0.67,67%,10.0,6.67,60,1,10.0,6.67,5.0,3.33
Mental d'Acier,Steel Aura,3,9,0.33,33%,18.0,6.0,54,2,9.0,3.0,6.0,2.0
Décharge Élémentaire,Elemental Discharge,3,9,0.33,33%,18.0,6.0,54,1,18.0,6.0,9.0,3.0
Œil de Lynx,Hawk's Eye,6,9,0.67,67%,8.0,5.33,48,0,Gratuit,Gratuit,8.0,5.33
Soif de Sang,Thirsty Dagger,3,9,0.33,33%,15.0,5.0,45,0,Gratuit,Gratuit,15.0,5.0
Totem du Gardien,Guardian Totem,9,9,1.0,100%,4.89,4.89,44,3,1.63,1.63,1.22,1.22
Marteau Collecteur,Collecting Hammer,4,9,0.44,44%,10.5,4.67,42,2,5.25,2.33,3.5,1.56
Lame Affutée,Sharp Blade,5,9,0.56,56%,7.2,4.0,36,3,2.4,1.33,1.8,1.0
Coup de Mort,Death Helper,3,9,0.33,33%,10.0,3.33,30,1,10.0,3.33,5.0,1.67
Hache Frénétique,Berseker Ax,2,9,0.22,22%,14.0,3.11,28,2,7.0,1.55,4.67,1.04
Bâton de Conquête,Conquering Staff,1,9,0.11,11%,24.0,2.67,24,2,12.0,1.33,8.0,0.89
Sabre Versatile,Versatil Saber,2,9,0.22,22%,11.0,2.44,22,1,11.0,2.44,5.5,1.22
Assistance Divine,Sacred Help,1,9,0.11,11%,20.0,2.22,20,2,10.0,1.11,6.67,0.74
Pillard Féroce,Savage Looter,1,9,0.11,11%,20.0,2.22,20,1,20.0,2.22,10.0,1.11
Esprit omniprésent,Omnipresent Spirit,1,9,0.11,11%,18.0,2.0,18,2,9.0,1.0,6.0,0.67
Chasseur de Bêtes,Beast Hunter,1,9,0.11,11%,18.0,2.0,18,2,9.0,1.0,6.0,0.67
Marteleur précis,Precise Hammer,1,9,0.11,11%,18.0,2.0,18,1,18.0,2.0,9.0,1.0
Le Traqueur,The Stalker,1,9,0.11,11%,16.0,1.78,16,3,5.33,0.59,4.0,0.45
Adrénaline Arcanique,Arcane Adrenaline,1,9,0.11,11%,16.0,1.78,16,1,16.0,1.78,8.0,0.89
Masse de Siège,Siege Mace,1,9,0.11,11%,16.0,1.78,16,0,Gratuit,Gratuit,16.0,1.78
Bâton du Conquérant,Staff of Conquered Worlds,1,9,0.11,11%,11.0,1.22,11,0,Gratuit,Gratuit,11.0,1.22
Épé Sainte,Holy Sword,1,9,0.11,11%,10.0,1.11,10,0,Gratuit,Gratuit,10.0,1.11
Esprit Sauvage,Wild Spirit,1,9,0.11,11%,10.0,1.11,10,0,Gratuit,Gratuit,10.0,1.11
Danse Macabre,Dance of Death,1,9,0.11,11%,8.0,0.89,8,1,8.0,0.89,4.0,0.45
