,Nom Anglais,nb games valide,total games,ratio,%,pts moy,pts moy total,total point,cout,pts par cout moy,pts par cout total,pts par cout moy+1,pts par cout total+1
Totem Équivalent,Equivalent Totem,6,6,1.0,100%,14.17,14.17,85,2,7.08,7.08,4.72,4.72
Griffes Sauvages,Wild Claw,6,6,1.0,100%,13.17,13.17,79,3,4.39,4.39,3.29,3.29
Aveuglement,Incapacitor,6,6,1.0,100%,13.0,13.0,78,3,4.33,4.33,3.25,3.25
Armure d'Obsidienne,Obsidian Battle Plate,3,6,0.5,50%,20.0,10.0,60,2,10.0,5.0,6.67,3.33
Faux,Scythe,6,6,1.0,100%,8.0,8.0,48,3,2.67,2.67,2.0,2.0
Esprit de l'Écuyer,Spirit of the Squire,6,6,1.0,100%,7.0,7.0,42,3,2.33,2.33,1.75,1.75
Le Marionnettiste,The Puppeteer,2,6,0.33,33%,20.0,6.67,40,2,10.0,3.33,6.67,2.22
Tombeau Rocheux,Rock Tomb,4,6,0.67,67%,10.0,6.67,40,1,10.0,6.67,5.0,3.33
Mental d'Acier,Steel Aura,2,6,0.33,33%,18.0,6.0,36,2,9.0,3.0,6.0,2.0
Totem du Gardien,Guardian Totem,6,6,1.0,100%,5.67,5.67,34,3,1.89,1.89,1.42,1.42
Œil de Lynx,Hawk's Eye,4,6,0.67,67%,8.0,5.33,32,0,Gratuit,Gratuit,8.0,5.33
Soif de Sang,Thirsty Dagger,2,6,0.33,33%,15.0,5.0,30,0,Gratuit,Gratuit,15.0,5.0
Hache Frénétique,Berseker Ax,2,6,0.33,33%,14.0,4.67,28,2,7.0,2.33,4.67,1.56
Lame Affutée,Sharp Blade,3,6,0.5,50%,9.0,4.5,27,3,3.0,1.5,2.25,1.12
Marteau Collecteur,Collecting Hammer,2,6,0.33,33%,12.0,4.0,24,2,6.0,2.0,4.0,1.33
Bâton de Conquête,Conquering Staff,1,6,0.17,17%,24.0,4.0,24,2,12.0,2.0,8.0,1.33
Assistance Divine,Sacred Help,1,6,0.17,17%,20.0,3.33,20,2,10.0,1.67,6.67,1.11
Décharge Élémentaire,Elemental Discharge,1,6,0.17,17%,18.0,3.0,18,1,18.0,3.0,9.0,1.5
Esprit omniprésent,Omnipresent Spirit,1,6,0.17,17%,18.0,3.0,18,2,9.0,1.5,6.0,1.0
Adrénaline Arcanique,Arcane Adrenaline,1,6,0.17,17%,16.0,2.67,16,1,16.0,2.67,8.0,1.33
Le Traqueur,The Stalker,1,6,0.17,17%,16.0,2.67,16,3,5.33,0.89,4.0,0.67
Masse de Siège,Siege Mace,1,6,0.17,17%,16.0,2.67,16,0,Gratuit,Gratuit,16.0,2.67
Épé Sainte,Holy Sword,1,6,0.17,17%,10.0,1.67,10,0,Gratuit,Gratuit,10.0,1.67
Coup de Mort,Death Helper,1,6,0.17,17%,10.0,1.67,10,1,10.0,1.67,5.0,0.83
Esprit Sauvage,Wild Spirit,1,6,0.17,17%,10.0,1.67,10,0,Gratuit,Gratuit,10.0,1.67
Danse Macabre,Dance of Death,1,6,0.17,17%,8.0,1.33,8,1,8.0,1.33,4.0,0.67
