,Nom Anglais,nb games valide,total games,ratio,%,pts moy,pts moy total,total point,cout,pts par cout moy,pts par cout total
Aveuglement,Incapacitor,17,17,1.0,100%,21.18,21.18,360,3,7.06,7.06
Griffes Sauvages,Wild Claw,17,17,1.0,100%,16.71,16.71,284,3,5.57,5.57
Assistance Divine,Sacred Help,13,17,0.76,76%,20.0,15.29,260,2,10.0,7.64
Armure d'Obsidienne,Obsidian Battle Plate,9,17,0.53,53%,20.0,10.59,180,2,10.0,5.29
Lame Affutée,Sharp Blade,17,17,1.0,100%,9.53,9.53,162,3,3.18,3.18
Chasseur de Bêtes,Beast Hunter,9,17,0.53,53%,18.0,9.53,162,2,9.0,4.76
Faux,Scythe,17,17,1.0,100%,8.76,8.76,149,3,2.92,2.92
Bâton de Conquête,Conquering Staff,6,17,0.35,35%,24.0,8.47,144,2,12.0,4.24
Tombeau Rocheux,Rock Tomb,13,17,0.76,76%,10.0,7.65,130,1,10.0,7.65
Mental d'Acier,Steel Aura,7,17,0.41,41%,18.0,7.41,126,2,9.0,3.71
Esprit de l'Écuyer,Spirit of the Squire,15,17,0.88,88%,8.2,7.24,123,3,2.73,2.41
Être de Lumière,Being of Light,6,17,0.35,35%,18.0,6.35,108,1,18.0,6.35
Décharge Élémentaire,Elemental Discharge,5,17,0.29,29%,18.0,5.29,90,1,18.0,5.29
Épée Obscure,Swords of Darkness,6,17,0.35,35%,15.0,5.29,90,1,15.0,5.29
Soif de Sang,Thirsty Dagger,6,17,0.35,35%,15.0,5.29,90,0,Gratuit,Gratuit
Esprit Sauvage,Wild Spirit,8,17,0.47,47%,10.0,4.71,80,0,Gratuit,Gratuit
Aura Légendaire,Legend Aura,2,17,0.12,12%,40.0,4.71,80,3,13.33,1.57
Pillard Féroce,Savage Looter,4,17,0.24,24%,20.0,4.71,80,1,20.0,4.71
Marteleur précis,Precise Hammer,4,17,0.24,24%,18.0,4.24,72,1,18.0,4.24
Armure d'Immortel,Immortal Breastplate,5,17,0.29,29%,14.0,4.12,70,1,14.0,4.12
Sabre Versatile,Versatil Saber,6,17,0.35,35%,11.0,3.88,66,1,11.0,3.88
Bâton du Conquérant,Staff of Conquered Worlds,6,17,0.35,35%,11.0,3.88,66,0,Gratuit,Gratuit
Esquive Salvatrice,Evasive Protection,4,17,0.24,24%,15.0,3.53,60,0,Gratuit,Gratuit
Épées Jumelles,Twin Swords,6,17,0.35,35%,10.0,3.53,60,1,10.0,3.53
Bâton Élémentaire,Earthly Staff,4,17,0.24,24%,15.0,3.53,60,0,Gratuit,Gratuit
Esprit omniprésent,Omnipresent Spirit,3,17,0.18,18%,18.0,3.18,54,2,9.0,1.59
Coup de Mort,Death Helper,5,17,0.29,29%,10.0,2.94,50,1,10.0,2.94
Ascension Divine,Divine Ascent,2,17,0.12,12%,25.0,2.94,50,3,8.33,0.98
Elan de Fureur,Rampage Momentum,3,17,0.18,18%,15.0,2.65,45,2,7.5,1.32
Totem du Gardien,Guardian Totem,17,17,1.0,100%,2.59,2.59,44,3,0.86,0.86
Danse Macabre,Dance of Death,5,17,0.29,29%,8.0,2.35,40,1,8.0,2.35
Enchaînement Éclair,Unstoppable Lightning,2,17,0.12,12%,18.0,2.12,36,1,18.0,2.12
Économe Sagesse du Trésorier,Treasurer's Wisdom,2,17,0.12,12%,17.0,2.0,34,2,8.5,1.0
Désintégrateur Magnétique,Magnetic Disintegrator,3,17,0.18,18%,11.0,1.94,33,0,Gratuit,Gratuit
Force Divine,Divine Impetu,3,17,0.18,18%,11.0,1.94,33,0,Gratuit,Gratuit
Destruction Royale,Royal Destroyer,3,17,0.18,18%,11.0,1.94,33,0,Gratuit,Gratuit
Œil de Lynx,Hawk's Eye,4,17,0.24,24%,8.0,1.88,32,0,Gratuit,Gratuit
Instinct Sanguinaire,Bloody Instinct,2,17,0.12,12%,15.0,1.76,30,2,7.5,0.88
Chasseur d'Âmes,Soul Hunter,2,17,0.12,12%,15.0,1.76,30,1,15.0,1.76
Explosion Arcanique,Arcane Explosive,2,17,0.12,12%,12.0,1.41,24,1,12.0,1.41
Parchemin Secret,Secret Scroll,1,17,0.06,6%,18.0,1.06,18,2,9.0,0.53
Esprit Guerrier,Spirit of the Warrior,1,17,0.06,6%,16.0,0.94,16,1,16.0,0.94
Lance Doublée,Dual Spear,2,17,0.12,12%,8.0,0.94,16,0,Gratuit,Gratuit
Masse de Siège,Siege Mace,1,17,0.06,6%,16.0,0.94,16,0,Gratuit,Gratuit
Le Croque-mort,The Undertaker,1,17,0.06,6%,14.0,0.82,14,1,14.0,0.82
Couronne du Roi Nain,Crown of the Dwarf King,1,17,0.06,6%,13.0,0.76,13,0,Gratuit,Gratuit
Masse Colossale,Colossal Mace,1,17,0.06,6%,11.0,0.65,11,0,Gratuit,Gratuit
Épé Sainte,Holy Sword,1,17,0.06,6%,10.0,0.59,10,0,Gratuit,Gratuit
