,Nom Anglais,nb games valide,total games,ratio,%,pts moy,pts moy total,total point,cout,pts par cout moy,pts par cout total
Aveuglement,Incapacitor,7,7,1.0,100%,18.86,18.86,132,3,6.29,6.29
Griffes Sauvages,Wild Claw,7,7,1.0,100%,17.29,17.29,121,3,5.76,5.76
Assistance Divine,Sacred Help,6,7,0.86,86%,20.0,17.14,120,2,10.0,8.57
Chasseur de Bêtes,Beast Hunter,6,7,0.86,86%,18.0,15.43,108,2,9.0,7.71
Lame Affutée,Sharp Blade,7,7,1.0,100%,13.29,13.29,93,3,4.43,4.43
Épée Obscure,Swords of Darkness,6,7,0.86,86%,15.0,12.86,90,1,15.0,12.86
Aura Légendaire,Legend Aura,2,7,0.29,29%,40.0,11.43,80,3,13.33,3.81
Armure d'Obsidienne,Obsidian Battle Plate,4,7,0.57,57%,20.0,11.43,80,2,10.0,5.71
Mental d'Acier,Steel Aura,4,7,0.57,57%,18.0,10.29,72,2,9.0,5.14
Décharge Élémentaire,Elemental Discharge,4,7,0.57,57%,18.0,10.29,72,1,18.0,10.29
Faux,Scythe,7,7,1.0,100%,8.86,8.86,62,3,2.95,2.95
Épées Jumelles,Twin Swords,6,7,0.86,86%,10.0,8.57,60,1,10.0,8.57
Tombeau Rocheux,Rock Tomb,6,7,0.86,86%,10.0,8.57,60,1,10.0,8.57
Esprit de l'Écuyer,Spirit of the Squire,6,7,0.86,86%,9.5,8.14,57,3,3.17,2.71
Être de Lumière,Being of Light,3,7,0.43,43%,18.0,7.71,54,1,18.0,7.71
Esprit Sauvage,Wild Spirit,5,7,0.71,71%,10.0,7.14,50,0,Gratuit,Gratuit
Bâton de Conquête,Conquering Staff,2,7,0.29,29%,24.0,6.86,48,2,12.0,3.43
Esquive Salvatrice,Evasive Protection,3,7,0.43,43%,15.0,6.43,45,0,Gratuit,Gratuit
Soif de Sang,Thirsty Dagger,3,7,0.43,43%,15.0,6.43,45,0,Gratuit,Gratuit
Sabre Versatile,Versatil Saber,4,7,0.57,57%,11.0,6.29,44,1,11.0,6.29
Armure d'Immortel,Immortal Breastplate,3,7,0.43,43%,14.0,6.0,42,1,14.0,6.0
Pillard Féroce,Savage Looter,2,7,0.29,29%,20.0,5.71,40,1,20.0,5.71
Enchaînement Éclair,Unstoppable Lightning,2,7,0.29,29%,18.0,5.14,36,1,18.0,5.14
Marteleur précis,Precise Hammer,2,7,0.29,29%,18.0,5.14,36,1,18.0,5.14
Bâton du Conquérant,Staff of Conquered Worlds,3,7,0.43,43%,11.0,4.71,33,0,Gratuit,Gratuit
Force Divine,Divine Impetu,3,7,0.43,43%,11.0,4.71,33,0,Gratuit,Gratuit
Elan de Fureur,Rampage Momentum,2,7,0.29,29%,15.0,4.29,30,2,7.5,2.15
Bâton Élémentaire,Earthly Staff,2,7,0.29,29%,15.0,4.29,30,0,Gratuit,Gratuit
Coup de Mort,Death Helper,3,7,0.43,43%,10.0,4.29,30,1,10.0,4.29
Danse Macabre,Dance of Death,3,7,0.43,43%,8.0,3.43,24,1,8.0,3.43
Parchemin Secret,Secret Scroll,1,7,0.14,14%,18.0,2.57,18,2,9.0,1.28
Totem du Gardien,Guardian Totem,7,7,1.0,100%,2.57,2.57,18,3,0.86,0.86
Esprit omniprésent,Omnipresent Spirit,1,7,0.14,14%,18.0,2.57,18,2,9.0,1.28
Esprit Guerrier,Spirit of the Warrior,1,7,0.14,14%,16.0,2.29,16,1,16.0,2.29
Lance Doublée,Dual Spear,2,7,0.29,29%,8.0,2.29,16,0,Gratuit,Gratuit
Chasseur d'Âmes,Soul Hunter,1,7,0.14,14%,15.0,2.14,15,1,15.0,2.14
Instinct Sanguinaire,Bloody Instinct,1,7,0.14,14%,15.0,2.14,15,2,7.5,1.07
Le Croque-mort,The Undertaker,1,7,0.14,14%,14.0,2.0,14,1,14.0,2.0
Couronne du Roi Nain,Crown of the Dwarf King,1,7,0.14,14%,13.0,1.86,13,0,Gratuit,Gratuit
Explosion Arcanique,Arcane Explosive,1,7,0.14,14%,12.0,1.71,12,1,12.0,1.71
Désintégrateur Magnétique,Magnetic Disintegrator,1,7,0.14,14%,11.0,1.57,11,0,Gratuit,Gratuit
Masse Colossale,Colossal Mace,1,7,0.14,14%,11.0,1.57,11,0,Gratuit,Gratuit
Destruction Royale,Royal Destroyer,1,7,0.14,14%,11.0,1.57,11,0,Gratuit,Gratuit
Épé Sainte,Holy Sword,1,7,0.14,14%,10.0,1.43,10,0,Gratuit,Gratuit
Œil de Lynx,Hawk's Eye,1,7,0.14,14%,8.0,1.14,8,0,Gratuit,Gratuit
