,Nom Anglais,nb games valide,total games,ratio,%,pts moy,pts moy total,total point,cout,pts par cout moy,pts par cout total
Aveuglement,Incapacitor,11,11,1.0,100%,20.73,20.73,228,3,6.91,6.91
Griffes Sauvages,Wild Claw,11,11,1.0,100%,16.55,16.55,182,3,5.52,5.52
Assistance Divine,Sacred Help,9,11,0.82,82%,20.0,16.36,180,2,10.0,8.18
Armure d'Obsidienne,Obsidian Battle Plate,8,11,0.73,73%,20.0,14.55,160,2,10.0,7.28
Lame Affutée,Sharp Blade,11,11,1.0,100%,11.45,11.45,126,3,3.82,3.82
Chasseur de Bêtes,Beast Hunter,6,11,0.55,55%,18.0,9.82,108,2,9.0,4.91
Tombeau Rocheux,Rock Tomb,10,11,0.91,91%,10.0,9.09,100,1,10.0,9.09
Faux,Scythe,11,11,1.0,100%,8.82,8.82,97,3,2.94,2.94
Bâton de Conquête,Conquering Staff,4,11,0.36,36%,24.0,8.73,96,2,12.0,4.37
Épée Obscure,Swords of Darkness,6,11,0.55,55%,15.0,8.18,90,1,15.0,8.18
Décharge Élémentaire,Elemental Discharge,5,11,0.45,45%,18.0,8.18,90,1,18.0,8.18
Soif de Sang,Thirsty Dagger,6,11,0.55,55%,15.0,8.18,90,0,Gratuit,Gratuit
Mental d'Acier,Steel Aura,5,11,0.45,45%,18.0,8.18,90,2,9.0,4.09
Être de Lumière,Being of Light,5,11,0.45,45%,18.0,8.18,90,1,18.0,8.18
Esprit de l'Écuyer,Spirit of the Squire,10,11,0.91,91%,8.7,7.91,87,3,2.9,2.64
Aura Légendaire,Legend Aura,2,11,0.18,18%,40.0,7.27,80,3,13.33,2.42
Marteleur précis,Precise Hammer,4,11,0.36,36%,18.0,6.55,72,1,18.0,6.55
Armure d'Immortel,Immortal Breastplate,5,11,0.45,45%,14.0,6.36,70,1,14.0,6.36
Sabre Versatile,Versatil Saber,6,11,0.55,55%,11.0,6.0,66,1,11.0,6.0
Esquive Salvatrice,Evasive Protection,4,11,0.36,36%,15.0,5.45,60,0,Gratuit,Gratuit
Pillard Féroce,Savage Looter,3,11,0.27,27%,20.0,5.45,60,1,20.0,5.45
Esprit Sauvage,Wild Spirit,6,11,0.55,55%,10.0,5.45,60,0,Gratuit,Gratuit
Épées Jumelles,Twin Swords,6,11,0.55,55%,10.0,5.45,60,1,10.0,5.45
Elan de Fureur,Rampage Momentum,3,11,0.27,27%,15.0,4.09,45,2,7.5,2.04
Bâton Élémentaire,Earthly Staff,3,11,0.27,27%,15.0,4.09,45,0,Gratuit,Gratuit
Bâton du Conquérant,Staff of Conquered Worlds,4,11,0.36,36%,11.0,4.0,44,0,Gratuit,Gratuit
Coup de Mort,Death Helper,4,11,0.36,36%,10.0,3.64,40,1,10.0,3.64
Enchaînement Éclair,Unstoppable Lightning,2,11,0.18,18%,18.0,3.27,36,1,18.0,3.27
Esprit omniprésent,Omnipresent Spirit,2,11,0.18,18%,18.0,3.27,36,2,9.0,1.64
Désintégrateur Magnétique,Magnetic Disintegrator,3,11,0.27,27%,11.0,3.0,33,0,Gratuit,Gratuit
Force Divine,Divine Impetu,3,11,0.27,27%,11.0,3.0,33,0,Gratuit,Gratuit
Destruction Royale,Royal Destroyer,3,11,0.27,27%,11.0,3.0,33,0,Gratuit,Gratuit
Danse Macabre,Dance of Death,4,11,0.36,36%,8.0,2.91,32,1,8.0,2.91
Totem du Gardien,Guardian Totem,11,11,1.0,100%,2.45,2.45,27,3,0.82,0.82
Ascension Divine,Divine Ascent,1,11,0.09,9%,25.0,2.27,25,3,8.33,0.76
Explosion Arcanique,Arcane Explosive,2,11,0.18,18%,12.0,2.18,24,1,12.0,2.18
Parchemin Secret,Secret Scroll,1,11,0.09,9%,18.0,1.64,18,2,9.0,0.82
Économe Sagesse du Trésorier,Treasurer's Wisdom,1,11,0.09,9%,17.0,1.55,17,2,8.5,0.78
Esprit Guerrier,Spirit of the Warrior,1,11,0.09,9%,16.0,1.45,16,1,16.0,1.45
Œil de Lynx,Hawk's Eye,2,11,0.18,18%,8.0,1.45,16,0,Gratuit,Gratuit
Lance Doublée,Dual Spear,2,11,0.18,18%,8.0,1.45,16,0,Gratuit,Gratuit
Chasseur d'Âmes,Soul Hunter,1,11,0.09,9%,15.0,1.36,15,1,15.0,1.36
Instinct Sanguinaire,Bloody Instinct,1,11,0.09,9%,15.0,1.36,15,2,7.5,0.68
Le Croque-mort,The Undertaker,1,11,0.09,9%,14.0,1.27,14,1,14.0,1.27
Couronne du Roi Nain,Crown of the Dwarf King,1,11,0.09,9%,13.0,1.18,13,0,Gratuit,Gratuit
Masse Colossale,Colossal Mace,1,11,0.09,9%,11.0,1.0,11,0,Gratuit,Gratuit
Épé Sainte,Holy Sword,1,11,0.09,9%,10.0,0.91,10,0,Gratuit,Gratuit
