,Nom Anglais,nb games valide,total games,ratio,%,pts moy,pts moy total,total point,cout,pts par cout moy,pts par cout total
Aveuglement,Incapacitor,5,5,1.0,100%,21.0,21.0,105,3,7.0,7.0
Griffes Sauvages,Wild Claw,5,5,1.0,100%,17.2,17.2,86,3,5.73,5.73
Assistance Divine,Sacred Help,4,5,0.8,80%,20.0,16.0,80,2,10.0,8.0
Chasseur de Bêtes,Beast Hunter,4,5,0.8,80%,18.0,14.4,72,2,9.0,7.2
Armure d'Obsidienne,Obsidian Battle Plate,3,5,0.6,60%,20.0,12.0,60,2,10.0,6.0
Épée Obscure,Swords of Darkness,4,5,0.8,80%,15.0,12.0,60,1,15.0,12.0
Lame Affutée,Sharp Blade,5,5,1.0,100%,11.4,11.4,57,3,3.8,3.8
Décharge Élémentaire,Elemental Discharge,3,5,0.6,60%,18.0,10.8,54,1,18.0,10.8
Esprit de l'Écuyer,Spirit of the Squire,4,5,0.8,80%,12.75,10.2,51,3,4.25,3.4
Tombeau Rocheux,Rock Tomb,5,5,1.0,100%,10.0,10.0,50,1,10.0,10.0
Bâton de Conquête,Conquering Staff,2,5,0.4,40%,24.0,9.6,48,2,12.0,4.8
Faux,Scythe,5,5,1.0,100%,8.8,8.8,44,3,2.93,2.93
Épées Jumelles,Twin Swords,4,5,0.8,80%,10.0,8.0,40,1,10.0,8.0
Aura Légendaire,Legend Aura,1,5,0.2,20%,40.0,8.0,40,3,13.33,2.67
Mental d'Acier,Steel Aura,2,5,0.4,40%,18.0,7.2,36,2,9.0,3.6
Bâton du Conquérant,Staff of Conquered Worlds,3,5,0.6,60%,11.0,6.6,33,0,Gratuit,Gratuit
Sabre Versatile,Versatil Saber,3,5,0.6,60%,11.0,6.6,33,1,11.0,6.6
Esquive Salvatrice,Evasive Protection,2,5,0.4,40%,15.0,6.0,30,0,Gratuit,Gratuit
Soif de Sang,Thirsty Dagger,2,5,0.4,40%,15.0,6.0,30,0,Gratuit,Gratuit
Coup de Mort,Death Helper,3,5,0.6,60%,10.0,6.0,30,1,10.0,6.0
Bâton Élémentaire,Earthly Staff,2,5,0.4,40%,15.0,6.0,30,0,Gratuit,Gratuit
Esprit Sauvage,Wild Spirit,3,5,0.6,60%,10.0,6.0,30,0,Gratuit,Gratuit
Armure d'Immortel,Immortal Breastplate,2,5,0.4,40%,14.0,5.6,28,1,14.0,5.6
Force Divine,Divine Impetu,2,5,0.4,40%,11.0,4.4,22,0,Gratuit,Gratuit
Pillard Féroce,Savage Looter,1,5,0.2,20%,20.0,4.0,20,1,20.0,4.0
Être de Lumière,Being of Light,1,5,0.2,20%,18.0,3.6,18,1,18.0,3.6
Enchaînement Éclair,Unstoppable Lightning,1,5,0.2,20%,18.0,3.6,18,1,18.0,3.6
Marteleur précis,Precise Hammer,1,5,0.2,20%,18.0,3.6,18,1,18.0,3.6
Esprit omniprésent,Omnipresent Spirit,1,5,0.2,20%,18.0,3.6,18,2,9.0,1.8
Danse Macabre,Dance of Death,2,5,0.4,40%,8.0,3.2,16,1,8.0,3.2
Instinct Sanguinaire,Bloody Instinct,1,5,0.2,20%,15.0,3.0,15,2,7.5,1.5
Elan de Fureur,Rampage Momentum,1,5,0.2,20%,15.0,3.0,15,2,7.5,1.5
Totem du Gardien,Guardian Totem,5,5,1.0,100%,2.6,2.6,13,3,0.87,0.87
Destruction Royale,Royal Destroyer,1,5,0.2,20%,11.0,2.2,11,0,Gratuit,Gratuit
Désintégrateur Magnétique,Magnetic Disintegrator,1,5,0.2,20%,11.0,2.2,11,0,Gratuit,Gratuit
Œil de Lynx,Hawk's Eye,1,5,0.2,20%,8.0,1.6,8,0,Gratuit,Gratuit
Lance Doublée,Dual Spear,1,5,0.2,20%,8.0,1.6,8,0,Gratuit,Gratuit
