,Nom Anglais,nb games valide,total games,ratio,%,pts moy,pts moy total,total point,cout,pts par cout moy,pts par cout total,pts par cout moy+1,pts par cout total+1
Griffes Sauvages,Wild Claw,11,11,1.0,100%,15.27,15.27,168,3,5.09,5.09,3.82,3.82
Totem Équivalent,Equivalent Totem,11,11,1.0,100%,14.55,14.55,160,2,7.28,7.28,4.85,4.85
Chasseur de Bêtes,Beast Hunter,7,11,0.64,64%,18.0,11.45,126,2,9.0,5.72,6.0,3.82
Aveuglement,Incapacitor,11,11,1.0,100%,9.82,9.82,108,3,3.27,3.27,2.46,2.46
Armure d'Obsidienne,Obsidian Battle Plate,5,11,0.45,45%,20.0,9.09,100,2,10.0,4.54,6.67,3.03
Pillard Féroce,Savage Looter,5,11,0.45,45%,20.0,9.09,100,1,20.0,9.09,10.0,4.54
Faux,Scythe,11,11,1.0,100%,8.45,8.45,93,3,2.82,2.82,2.11,2.11
Esprit de l'Écuyer,Spirit of the Squire,10,11,0.91,91%,9.3,8.45,93,3,3.1,2.82,2.33,2.11
Tombeau Rocheux,Rock Tomb,9,11,0.82,82%,10.0,8.18,90,1,10.0,8.18,5.0,4.09
Décharge Élémentaire,Elemental Discharge,4,11,0.36,36%,18.0,6.55,72,1,18.0,6.55,9.0,3.27
Lame Affutée,Sharp Blade,9,11,0.82,82%,7.0,5.73,63,3,2.33,1.91,1.75,1.43
Totem du Gardien,Guardian Totem,11,11,1.0,100%,5.45,5.45,60,3,1.82,1.82,1.36,1.36
Esprit Sauvage,Wild Spirit,6,11,0.55,55%,10.0,5.45,60,0,Gratuit,Gratuit,10.0,5.45
Mental d'Acier,Steel Aura,3,11,0.27,27%,18.0,4.91,54,2,9.0,2.46,6.0,1.64
Marteau Collecteur,Collecting Hammer,4,11,0.36,36%,12.0,4.36,48,2,6.0,2.18,4.0,1.45
Bâton de Conquête,Conquering Staff,2,11,0.18,18%,24.0,4.36,48,2,12.0,2.18,8.0,1.45
Œil de Lynx,Hawk's Eye,5,11,0.45,45%,8.0,3.64,40,0,Gratuit,Gratuit,8.0,3.64
Marteleur précis,Precise Hammer,2,11,0.18,18%,18.0,3.27,36,1,18.0,3.27,9.0,1.64
Économe Sagesse du Trésorier,Treasurer's Wisdom,2,11,0.18,18%,17.0,3.09,34,2,8.5,1.54,5.67,1.03
Sabre Versatile,Versatil Saber,3,11,0.27,27%,11.0,3.0,33,1,11.0,3.0,5.5,1.5
Désintégrateur Magnétique,Magnetic Disintegrator,3,11,0.27,27%,11.0,3.0,33,0,Gratuit,Gratuit,11.0,3.0
Le Traqueur,The Stalker,2,11,0.18,18%,16.0,2.91,32,3,5.33,0.97,4.0,0.73
Chasseur d'Âmes,Soul Hunter,2,11,0.18,18%,15.0,2.73,30,1,15.0,2.73,7.5,1.36
Coup de Mort,Death Helper,3,11,0.27,27%,10.0,2.73,30,1,10.0,2.73,5.0,1.36
Armure d'Immortel,Immortal Breastplate,2,11,0.18,18%,14.0,2.55,28,1,14.0,2.55,7.0,1.27
Hache Frénétique,Berseker Ax,2,11,0.18,18%,14.0,2.55,28,2,7.0,1.27,4.67,0.85
Amulette Omnisciente,Omnipresent Amulet,2,11,0.18,18%,11.0,2.0,22,0,Gratuit,Gratuit,11.0,2.0
Le Marionnettiste,The Puppeteer,1,11,0.09,9%,20.0,1.82,20,2,10.0,0.91,6.67,0.61
Assistance Divine,Sacred Help,1,11,0.09,9%,20.0,1.82,20,2,10.0,0.91,6.67,0.61
Esprit omniprésent,Omnipresent Spirit,1,11,0.09,9%,18.0,1.64,18,2,9.0,0.82,6.0,0.55
Danse Macabre,Dance of Death,2,11,0.18,18%,8.0,1.45,16,1,8.0,1.45,4.0,0.72
Elan de Fureur,Rampage Momentum,1,11,0.09,9%,15.0,1.36,15,2,7.5,0.68,5.0,0.45
Soif de Sang,Thirsty Dagger,1,11,0.09,9%,15.0,1.36,15,0,Gratuit,Gratuit,15.0,1.36
