,Nom Anglais,nb games valide,total games,ratio,%,pts moy,pts moy total,total point,cout,pts par cout moy,pts par cout total
Griffes Sauvages,Wild Claw,3,3,1.0,100%,17.0,17.0,51,3,5.67,5.67
Totem Équivalent,Equivalent Totem,3,3,1.0,100%,14.0,14.0,42,1,14.0,14.0
Chasseur de Bêtes,Beast Hunter,2,3,0.67,67%,18.0,12.0,36,2,9.0,6.0
Aveuglement,Incapacitor,3,3,1.0,100%,12.0,12.0,36,3,4.0,4.0
Faux,Scythe,3,3,1.0,100%,9.67,9.67,29,3,3.22,3.22
Bâton de Conquête,Conquering Staff,1,3,0.33,33%,24.0,8.0,24,2,12.0,4.0
Esprit de l'Écuyer,Spirit of the Squire,2,3,0.67,67%,10.5,7.0,21,3,3.5,2.33
Pillard Féroce,Savage Looter,1,3,0.33,33%,20.0,6.67,20,1,20.0,6.67
Esprit Sauvage,Wild Spirit,2,3,0.67,67%,10.0,6.67,20,0,Gratuit,Gratuit
Tombeau Rocheux,Rock Tomb,2,3,0.67,67%,10.0,6.67,20,1,10.0,6.67
Marteleur précis,Precise Hammer,1,3,0.33,33%,18.0,6.0,18,1,18.0,6.0
Totem du Gardien,Guardian Totem,3,3,1.0,100%,6.0,6.0,18,3,2.0,2.0
Décharge Élémentaire,Elemental Discharge,1,3,0.33,33%,18.0,6.0,18,1,18.0,6.0
Économe Sagesse du Trésorier,Treasurer's Wisdom,1,3,0.33,33%,17.0,5.67,17,2,8.5,2.83
Le Traqueur,The Stalker,1,3,0.33,33%,16.0,5.33,16,3,5.33,1.78
Marteau Collecteur,Collecting Hammer,1,3,0.33,33%,12.0,4.0,12,2,6.0,2.0
Coup de Mort,Death Helper,1,3,0.33,33%,10.0,3.33,10,1,10.0,3.33
Lame Affutée,Sharp Blade,2,3,0.67,67%,4.5,3.0,9,3,1.5,1.0
Œil de Lynx,Hawk's Eye,1,3,0.33,33%,8.0,2.67,8,0,Gratuit,Gratuit
