,Nom Anglais,nb games valide,total games,ratio,%,pts moy,pts moy total,total point,cout,pts par cout moy,pts par cout total,pts par cout moy+1,pts par cout total+1
Griffes Sauvages,Wild Claw,9,9,1.0,100%,15.56,15.56,140,3,5.19,5.19,3.89,3.89
Totem Équivalent,Equivalent Totem,9,9,1.0,100%,14.78,14.78,133,2,7.39,7.39,4.93,4.93
Chasseur de Bêtes,Beast Hunter,6,9,0.67,67%,18.0,12.0,108,2,9.0,6.0,6.0,4.0
Pillard Féroce,Savage Looter,5,9,0.56,56%,20.0,11.11,100,1,20.0,11.11,10.0,5.55
Armure d'Obsidienne,Obsidian Battle Plate,5,9,0.56,56%,20.0,11.11,100,2,10.0,5.55,6.67,3.7
Aveuglement,Incapacitor,9,9,1.0,100%,11.0,11.0,99,3,3.67,3.67,2.75,2.75
Esprit de l'Écuyer,Spirit of the Squire,8,9,0.89,89%,10.5,9.33,84,3,3.5,3.11,2.62,2.33
Tombeau Rocheux,Rock Tomb,8,9,0.89,89%,10.0,8.89,80,1,10.0,8.89,5.0,4.45
Faux,Scythe,9,9,1.0,100%,8.67,8.67,78,3,2.89,2.89,2.17,2.17
Décharge Élémentaire,Elemental Discharge,4,9,0.44,44%,18.0,8.0,72,1,18.0,8.0,9.0,4.0
Lame Affutée,Sharp Blade,8,9,0.89,89%,7.12,6.33,57,3,2.37,2.11,1.78,1.58
Totem du Gardien,Guardian Totem,9,9,1.0,100%,6.11,6.11,55,3,2.04,2.04,1.53,1.53
Esprit Sauvage,Wild Spirit,5,9,0.56,56%,10.0,5.56,50,0,Gratuit,Gratuit,10.0,5.56
Marteau Collecteur,Collecting Hammer,4,9,0.44,44%,12.0,5.33,48,2,6.0,2.67,4.0,1.78
Bâton de Conquête,Conquering Staff,2,9,0.22,22%,24.0,5.33,48,2,12.0,2.67,8.0,1.78
Œil de Lynx,Hawk's Eye,5,9,0.56,56%,8.0,4.44,40,0,Gratuit,Gratuit,8.0,4.44
Mental d'Acier,Steel Aura,2,9,0.22,22%,18.0,4.0,36,2,9.0,2.0,6.0,1.33
Marteleur précis,Precise Hammer,2,9,0.22,22%,18.0,4.0,36,1,18.0,4.0,9.0,2.0
Économe Sagesse du Trésorier,Treasurer's Wisdom,2,9,0.22,22%,17.0,3.78,34,2,8.5,1.89,5.67,1.26
Désintégrateur Magnétique,Magnetic Disintegrator,3,9,0.33,33%,11.0,3.67,33,0,Gratuit,Gratuit,11.0,3.67
Sabre Versatile,Versatil Saber,3,9,0.33,33%,11.0,3.67,33,1,11.0,3.67,5.5,1.83
Le Traqueur,The Stalker,2,9,0.22,22%,16.0,3.56,32,3,5.33,1.19,4.0,0.89
Coup de Mort,Death Helper,3,9,0.33,33%,10.0,3.33,30,1,10.0,3.33,5.0,1.67
Chasseur d'Âmes,Soul Hunter,2,9,0.22,22%,15.0,3.33,30,1,15.0,3.33,7.5,1.67
Armure d'Immortel,Immortal Breastplate,2,9,0.22,22%,14.0,3.11,28,1,14.0,3.11,7.0,1.55
Hache Frénétique,Berseker Ax,2,9,0.22,22%,14.0,3.11,28,2,7.0,1.55,4.67,1.04
Amulette Omnisciente,Omnipresent Amulet,2,9,0.22,22%,11.0,2.44,22,0,Gratuit,Gratuit,11.0,2.44
Assistance Divine,Sacred Help,1,9,0.11,11%,20.0,2.22,20,2,10.0,1.11,6.67,0.74
Danse Macabre,Dance of Death,2,9,0.22,22%,8.0,1.78,16,1,8.0,1.78,4.0,0.89
Elan de Fureur,Rampage Momentum,1,9,0.11,11%,15.0,1.67,15,2,7.5,0.83,5.0,0.56
Soif de Sang,Thirsty Dagger,1,9,0.11,11%,15.0,1.67,15,0,Gratuit,Gratuit,15.0,1.67
