,Nom Anglais,nb games valide,total games,ratio,%,pts moy,pts moy total,total point,cout,pts par cout moy,pts par cout total,pts par cout moy+1,pts par cout total+1
Griffes Sauvages,Wild Claw,7,7,1.0,100%,16.71,16.71,117,3,5.57,5.57,4.18,4.18
Totem Équivalent,Equivalent Totem,7,7,1.0,100%,14.86,14.86,104,2,7.43,7.43,4.95,4.95
Aveuglement,Incapacitor,7,7,1.0,100%,11.57,11.57,81,3,3.86,3.86,2.89,2.89
Chasseur de Bêtes,Beast Hunter,4,7,0.57,57%,18.0,10.29,72,2,9.0,5.14,6.0,3.43
Économe Sagesse du Trésorier,Treasurer's Wisdom,4,7,0.57,57%,17.0,9.71,68,2,8.5,4.86,5.67,3.24
Faux,Scythe,7,7,1.0,100%,9.57,9.57,67,3,3.19,3.19,2.39,2.39
Lame Affutée,Sharp Blade,7,7,1.0,100%,9.43,9.43,66,3,3.14,3.14,2.36,2.36
Esprit de l'Écuyer,Spirit of the Squire,6,7,0.86,86%,10.0,8.57,60,3,3.33,2.86,2.5,2.14
Tombeau Rocheux,Rock Tomb,5,7,0.71,71%,10.0,7.14,50,1,10.0,7.14,5.0,3.57
Esprit Sauvage,Wild Spirit,5,7,0.71,71%,10.0,7.14,50,0,Gratuit,Gratuit,10.0,7.14
Marteau Collecteur,Collecting Hammer,4,7,0.57,57%,12.0,6.86,48,2,6.0,3.43,4.0,2.29
Bâton de Conquête,Conquering Staff,2,7,0.29,29%,24.0,6.86,48,2,12.0,3.43,8.0,2.29
Assistance Divine,Sacred Help,2,7,0.29,29%,20.0,5.71,40,2,10.0,2.85,6.67,1.9
Décharge Élémentaire,Elemental Discharge,2,7,0.29,29%,18.0,5.14,36,1,18.0,5.14,9.0,2.57
Mental d'Acier,Steel Aura,2,7,0.29,29%,18.0,5.14,36,2,9.0,2.57,6.0,1.71
Œil de Lynx,Hawk's Eye,4,7,0.57,57%,8.0,4.57,32,0,Gratuit,Gratuit,8.0,4.57
Masse de Siège,Siege Mace,2,7,0.29,29%,16.0,4.57,32,0,Gratuit,Gratuit,16.0,4.57
Coup de Mort,Death Helper,3,7,0.43,43%,10.0,4.29,30,1,10.0,4.29,5.0,2.15
Hache Frénétique,Berseker Ax,2,7,0.29,29%,14.0,4.0,28,2,7.0,2.0,4.67,1.33
Danse Macabre,Dance of Death,3,7,0.43,43%,8.0,3.43,24,1,8.0,3.43,4.0,1.72
Le Marionnettiste,The Puppeteer,1,7,0.14,14%,20.0,2.86,20,2,10.0,1.43,6.67,0.95
Armure d'Obsidienne,Obsidian Battle Plate,1,7,0.14,14%,20.0,2.86,20,2,10.0,1.43,6.67,0.95
Esprit omniprésent,Omnipresent Spirit,1,7,0.14,14%,18.0,2.57,18,2,9.0,1.28,6.0,0.86
Épée Obscure,Swords of Darkness,1,7,0.14,14%,17.0,2.43,17,1,17.0,2.43,8.5,1.22
Esprit Guerrier,Spirit of the Warrior,1,7,0.14,14%,16.0,2.29,16,1,16.0,2.29,8.0,1.15
Adrénaline Arcanique,Arcane Adrenaline,1,7,0.14,14%,16.0,2.29,16,1,16.0,2.29,8.0,1.15
Totem du Gardien,Guardian Totem,7,7,1.0,100%,2.29,2.29,16,3,0.76,0.76,0.57,0.57
Explosion Arcanique,Arcane Explosive,1,7,0.14,14%,12.0,1.71,12,1,12.0,1.71,6.0,0.85
Sabre Versatile,Versatil Saber,1,7,0.14,14%,11.0,1.57,11,1,11.0,1.57,5.5,0.79
Force Divine,Divine Impetu,1,7,0.14,14%,11.0,1.57,11,0,Gratuit,Gratuit,11.0,1.57
Bâton du Conquérant,Staff of Conquered Worlds,1,7,0.14,14%,11.0,1.57,11,0,Gratuit,Gratuit,11.0,1.57
