,Nom Anglais,nb games valide,total games,ratio,%,pts moy,pts moy total,total point,cout,pts par cout moy,pts par cout total
Aveuglement,Incapacitor,7,7,1.0,100%,25.71,25.71,180,3,8.57,8.57
Assistance Divine,Sacred Help,6,7,0.86,86%,20.0,17.14,120,2,10.0,8.57
Bâton de Conquête,Conquering Staff,5,7,0.71,71%,24.0,17.14,120,2,12.0,8.57
Griffes Sauvages,Wild Claw,7,7,1.0,100%,17.0,17.0,119,3,5.67,5.67
Armure d'Obsidienne,Obsidian Battle Plate,5,7,0.71,71%,20.0,14.29,100,2,10.0,7.14
Pillard Féroce,Savage Looter,4,7,0.57,57%,20.0,11.43,80,1,20.0,11.43
Chasseur de Bêtes,Beast Hunter,4,7,0.57,57%,18.0,10.29,72,2,9.0,5.14
Lame Affutée,Sharp Blade,6,7,0.86,86%,12.0,10.29,72,3,4.0,3.43
Faux,Scythe,7,7,1.0,100%,9.0,9.0,63,3,3.0,3.0
Tombeau Rocheux,Rock Tomb,6,7,0.86,86%,10.0,8.57,60,1,10.0,8.57
Décharge Élémentaire,Elemental Discharge,3,7,0.43,43%,18.0,7.71,54,1,18.0,7.71
Être de Lumière,Being of Light,3,7,0.43,43%,18.0,7.71,54,1,18.0,7.71
Esprit de l'Écuyer,Spirit of the Squire,6,7,0.86,86%,9.0,7.71,54,3,3.0,2.57
Œil de Lynx,Hawk's Eye,5,7,0.71,71%,8.0,5.71,40,0,Gratuit,Gratuit
Épées Jumelles,Twin Swords,1,7,0.14,14%,40.0,5.71,40,1,40.0,5.71
Mental d'Acier,Steel Aura,2,7,0.29,29%,18.0,5.14,36,2,9.0,2.57
Économe Sagesse du Trésorier,Treasurer's Wisdom,2,7,0.29,29%,17.0,4.86,34,2,8.5,2.43
Sabre Versatile,Versatil Saber,3,7,0.43,43%,11.0,4.71,33,1,11.0,4.71
Totem du Gardien,Guardian Totem,7,7,1.0,100%,4.57,4.57,32,3,1.52,1.52
Chasseur d'Âmes,Soul Hunter,2,7,0.29,29%,15.0,4.29,30,1,15.0,4.29
Instinct Sanguinaire,Bloody Instinct,2,7,0.29,29%,15.0,4.29,30,2,7.5,2.15
Esprit Sauvage,Wild Spirit,3,7,0.43,43%,10.0,4.29,30,0,Gratuit,Gratuit
Hache Frénétique,Berseker Ax,2,7,0.29,29%,14.0,4.0,28,2,7.0,2.0
Ascension Divine,Divine Ascent,1,7,0.14,14%,25.0,3.57,25,3,8.33,1.19
Danse Macabre,Dance of Death,3,7,0.43,43%,8.0,3.43,24,1,8.0,3.43
Désintégrateur Magnétique,Magnetic Disintegrator,2,7,0.29,29%,11.0,3.14,22,0,Gratuit,Gratuit
Bâton du Conquérant,Staff of Conquered Worlds,2,7,0.29,29%,11.0,3.14,22,0,Gratuit,Gratuit
Destruction Royale,Royal Destroyer,2,7,0.29,29%,11.0,3.14,22,0,Gratuit,Gratuit
Coup de Mort,Death Helper,2,7,0.29,29%,10.0,2.86,20,1,10.0,2.86
Esprit omniprésent,Omnipresent Spirit,1,7,0.14,14%,18.0,2.57,18,2,9.0,1.28
Enchaînement Éclair,Unstoppable Lightning,1,7,0.14,14%,18.0,2.57,18,1,18.0,2.57
Masse de Siège,Siege Mace,1,7,0.14,14%,16.0,2.29,16,0,Gratuit,Gratuit
Elan de Fureur,Rampage Momentum,1,7,0.14,14%,15.0,2.14,15,2,7.5,1.07
Soif de Sang,Thirsty Dagger,1,7,0.14,14%,15.0,2.14,15,0,Gratuit,Gratuit
Épée Obscure,Swords of Darkness,1,7,0.14,14%,15.0,2.14,15,1,15.0,2.14
Le Croque-mort,The Undertaker,1,7,0.14,14%,14.0,2.0,14,1,14.0,2.0
Force Divine,Divine Impetu,1,7,0.14,14%,11.0,1.57,11,0,Gratuit,Gratuit
Épé Sainte,Holy Sword,1,7,0.14,14%,10.0,1.43,10,0,Gratuit,Gratuit
Lance Doublée,Dual Spear,1,7,0.14,14%,8.0,1.14,8,0,Gratuit,Gratuit
