,Nom Anglais,nb games valide,total games,ratio,%,pts moy,pts moy total,total point,cout,pts par cout moy,pts par cout total,pts par cout moy+1,pts par cout total+1
Griffes Sauvages,Wild Claw,4,4,1.0,100%,16.5,16.5,66,3,5.5,5.5,4.12,4.12
Totem Équivalent,Equivalent Totem,4,4,1.0,100%,14.75,14.75,59,2,7.38,7.38,4.92,4.92
Aveuglement,Incapacitor,4,4,1.0,100%,12.75,12.75,51,3,4.25,4.25,3.19,3.19
Économe Sagesse du Trésorier,Treasurer's Wisdom,3,4,0.75,75%,17.0,12.75,51,2,8.5,6.38,5.67,4.25
Bâton de Conquête,Conquering Staff,2,4,0.5,50%,24.0,12.0,48,2,12.0,6.0,8.0,4.0
Assistance Divine,Sacred Help,2,4,0.5,50%,20.0,10.0,40,2,10.0,5.0,6.67,3.33
Faux,Scythe,4,4,1.0,100%,9.5,9.5,38,3,3.17,3.17,2.38,2.38
Décharge Élémentaire,Elemental Discharge,2,4,0.5,50%,18.0,9.0,36,1,18.0,9.0,9.0,4.5
Chasseur de Bêtes,Beast Hunter,2,4,0.5,50%,18.0,9.0,36,2,9.0,4.5,6.0,3.0
Lame Affutée,Sharp Blade,4,4,1.0,100%,9.0,9.0,36,3,3.0,3.0,2.25,2.25
Mental d'Acier,Steel Aura,2,4,0.5,50%,18.0,9.0,36,2,9.0,4.5,6.0,3.0
Esprit de l'Écuyer,Spirit of the Squire,4,4,1.0,100%,8.25,8.25,33,3,2.75,2.75,2.06,2.06
Esprit Sauvage,Wild Spirit,3,4,0.75,75%,10.0,7.5,30,0,Gratuit,Gratuit,10.0,7.5
Tombeau Rocheux,Rock Tomb,3,4,0.75,75%,10.0,7.5,30,1,10.0,7.5,5.0,3.75
Hache Frénétique,Berseker Ax,2,4,0.5,50%,14.0,7.0,28,2,7.0,3.5,4.67,2.33
Marteau Collecteur,Collecting Hammer,3,4,0.75,75%,8.0,6.0,24,2,4.0,3.0,2.67,2.0
Armure d'Obsidienne,Obsidian Battle Plate,1,4,0.25,25%,20.0,5.0,20,2,10.0,2.5,6.67,1.67
Coup de Mort,Death Helper,2,4,0.5,50%,10.0,5.0,20,1,10.0,5.0,5.0,2.5
Le Marionnettiste,The Puppeteer,1,4,0.25,25%,20.0,5.0,20,2,10.0,2.5,6.67,1.67
Esprit omniprésent,Omnipresent Spirit,1,4,0.25,25%,18.0,4.5,18,2,9.0,2.25,6.0,1.5
Épée Obscure,Swords of Darkness,1,4,0.25,25%,17.0,4.25,17,1,17.0,4.25,8.5,2.12
Esprit Guerrier,Spirit of the Warrior,1,4,0.25,25%,16.0,4.0,16,1,16.0,4.0,8.0,2.0
Adrénaline Arcanique,Arcane Adrenaline,1,4,0.25,25%,16.0,4.0,16,1,16.0,4.0,8.0,2.0
Œil de Lynx,Hawk's Eye,2,4,0.5,50%,8.0,4.0,16,0,Gratuit,Gratuit,8.0,4.0
Danse Macabre,Dance of Death,2,4,0.5,50%,8.0,4.0,16,1,8.0,4.0,4.0,2.0
Masse de Siège,Siege Mace,1,4,0.25,25%,16.0,4.0,16,0,Gratuit,Gratuit,16.0,4.0
Explosion Arcanique,Arcane Explosive,1,4,0.25,25%,12.0,3.0,12,1,12.0,3.0,6.0,1.5
Sabre Versatile,Versatil Saber,1,4,0.25,25%,11.0,2.75,11,1,11.0,2.75,5.5,1.38
Force Divine,Divine Impetu,1,4,0.25,25%,11.0,2.75,11,0,Gratuit,Gratuit,11.0,2.75
Bâton du Conquérant,Staff of Conquered Worlds,1,4,0.25,25%,11.0,2.75,11,0,Gratuit,Gratuit,11.0,2.75
Totem du Gardien,Guardian Totem,4,4,1.0,100%,2.0,2.0,8,3,0.67,0.67,0.5,0.5
