,Nom Anglais,nb games valide,total games,ratio,%,pts moy,pts moy total,total point,cout,pts par cout moy,pts par cout total
Aveuglement,Incapacitor,5,5,1.0,100%,28.8,28.8,144,3,9.6,9.6
Bâton de Conquête,Conquering Staff,4,5,0.8,80%,24.0,19.2,96,2,12.0,9.6
Assistance Divine,Sacred Help,4,5,0.8,80%,20.0,16.0,80,2,10.0,8.0
Griffes Sauvages,Wild Claw,5,5,1.0,100%,15.6,15.6,78,3,5.2,5.2
Armure d'Obsidienne,Obsidian Battle Plate,3,5,0.6,60%,20.0,12.0,60,2,10.0,6.0
Faux,Scythe,5,5,1.0,100%,8.6,8.6,43,3,2.87,2.87
Tombeau Rocheux,Rock Tomb,4,5,0.8,80%,10.0,8.0,40,1,10.0,8.0
Pillard Féroce,Savage Looter,2,5,0.4,40%,20.0,8.0,40,1,20.0,8.0
Esprit de l'Écuyer,Spirit of the Squire,4,5,0.8,80%,9.75,7.8,39,3,3.25,2.6
Mental d'Acier,Steel Aura,2,5,0.4,40%,18.0,7.2,36,2,9.0,3.6
Chasseur de Bêtes,Beast Hunter,2,5,0.4,40%,18.0,7.2,36,2,9.0,3.6
Lame Affutée,Sharp Blade,4,5,0.8,80%,9.0,7.2,36,3,3.0,2.4
Chasseur d'Âmes,Soul Hunter,2,5,0.4,40%,15.0,6.0,30,1,15.0,6.0
Ascension Divine,Divine Ascent,1,5,0.2,20%,25.0,5.0,25,3,8.33,1.67
Œil de Lynx,Hawk's Eye,3,5,0.6,60%,8.0,4.8,24,0,Gratuit,Gratuit
Bâton du Conquérant,Staff of Conquered Worlds,2,5,0.4,40%,11.0,4.4,22,0,Gratuit,Gratuit
Être de Lumière,Being of Light,1,5,0.2,20%,18.0,3.6,18,1,18.0,3.6
Esprit omniprésent,Omnipresent Spirit,1,5,0.2,20%,18.0,3.6,18,2,9.0,1.8
Décharge Élémentaire,Elemental Discharge,1,5,0.2,20%,18.0,3.6,18,1,18.0,3.6
Économe Sagesse du Trésorier,Treasurer's Wisdom,1,5,0.2,20%,17.0,3.4,17,2,8.5,1.7
Masse de Siège,Siege Mace,1,5,0.2,20%,16.0,3.2,16,0,Gratuit,Gratuit
Danse Macabre,Dance of Death,2,5,0.4,40%,8.0,3.2,16,1,8.0,3.2
Totem du Gardien,Guardian Totem,5,5,1.0,100%,3.2,3.2,16,3,1.07,1.07
Instinct Sanguinaire,Bloody Instinct,1,5,0.2,20%,15.0,3.0,15,2,7.5,1.5
Hache Frénétique,Berseker Ax,1,5,0.2,20%,14.0,2.8,14,2,7.0,1.4
Sabre Versatile,Versatil Saber,1,5,0.2,20%,11.0,2.2,11,1,11.0,2.2
Destruction Royale,Royal Destroyer,1,5,0.2,20%,11.0,2.2,11,0,Gratuit,Gratuit
Désintégrateur Magnétique,Magnetic Disintegrator,1,5,0.2,20%,11.0,2.2,11,0,Gratuit,Gratuit
Coup de Mort,Death Helper,1,5,0.2,20%,10.0,2.0,10,1,10.0,2.0
Esprit Sauvage,Wild Spirit,1,5,0.2,20%,10.0,2.0,10,0,Gratuit,Gratuit
