,Nom Anglais,nb games valide,total games,ratio,%,pts moy,pts moy total,total point,cout,pts par cout moy,pts par cout total,pts par cout moy+1,pts par cout total+1
Griffes Sauvages,Wild Claw,6,6,1.0,100%,17.67,17.67,106,3,5.89,5.89,4.42,4.42
Totem Équivalent,Equivalent Totem,6,6,1.0,100%,15.33,15.33,92,2,7.67,7.67,5.11,5.11
Aveuglement,Incapacitor,6,6,1.0,100%,12.0,12.0,72,3,4.0,4.0,3.0,3.0
Économe Sagesse du Trésorier,Treasurer's Wisdom,4,6,0.67,67%,17.0,11.33,68,2,8.5,5.67,5.67,3.78
Faux,Scythe,6,6,1.0,100%,10.17,10.17,61,3,3.39,3.39,2.54,2.54
Esprit de l'Écuyer,Spirit of the Squire,6,6,1.0,100%,10.0,10.0,60,3,3.33,3.33,2.5,2.5
Lame Affutée,Sharp Blade,6,6,1.0,100%,9.5,9.5,57,3,3.17,3.17,2.38,2.38
Chasseur de Bêtes,Beast Hunter,3,6,0.5,50%,18.0,9.0,54,2,9.0,4.5,6.0,3.0
Tombeau Rocheux,Rock Tomb,5,6,0.83,83%,10.0,8.33,50,1,10.0,8.33,5.0,4.17
Esprit Sauvage,Wild Spirit,5,6,0.83,83%,10.0,8.33,50,0,Gratuit,Gratuit,10.0,8.33
Marteau Collecteur,Collecting Hammer,4,6,0.67,67%,12.0,8.0,48,2,6.0,4.0,4.0,2.67
Bâton de Conquête,Conquering Staff,2,6,0.33,33%,24.0,8.0,48,2,12.0,4.0,8.0,2.67
Assistance Divine,Sacred Help,2,6,0.33,33%,20.0,6.67,40,2,10.0,3.33,6.67,2.22
Décharge Élémentaire,Elemental Discharge,2,6,0.33,33%,18.0,6.0,36,1,18.0,6.0,9.0,3.0
Mental d'Acier,Steel Aura,2,6,0.33,33%,18.0,6.0,36,2,9.0,3.0,6.0,2.0
Œil de Lynx,Hawk's Eye,4,6,0.67,67%,8.0,5.33,32,0,Gratuit,Gratuit,8.0,5.33
Masse de Siège,Siege Mace,2,6,0.33,33%,16.0,5.33,32,0,Gratuit,Gratuit,16.0,5.33
Coup de Mort,Death Helper,3,6,0.5,50%,10.0,5.0,30,1,10.0,5.0,5.0,2.5
Hache Frénétique,Berseker Ax,2,6,0.33,33%,14.0,4.67,28,2,7.0,2.33,4.67,1.56
Danse Macabre,Dance of Death,3,6,0.5,50%,8.0,4.0,24,1,8.0,4.0,4.0,2.0
Le Marionnettiste,The Puppeteer,1,6,0.17,17%,20.0,3.33,20,2,10.0,1.67,6.67,1.11
Armure d'Obsidienne,Obsidian Battle Plate,1,6,0.17,17%,20.0,3.33,20,2,10.0,1.67,6.67,1.11
Esprit omniprésent,Omnipresent Spirit,1,6,0.17,17%,18.0,3.0,18,2,9.0,1.5,6.0,1.0
Épée Obscure,Swords of Darkness,1,6,0.17,17%,17.0,2.83,17,1,17.0,2.83,8.5,1.42
Esprit Guerrier,Spirit of the Warrior,1,6,0.17,17%,16.0,2.67,16,1,16.0,2.67,8.0,1.33
Adrénaline Arcanique,Arcane Adrenaline,1,6,0.17,17%,16.0,2.67,16,1,16.0,2.67,8.0,1.33
Totem du Gardien,Guardian Totem,6,6,1.0,100%,2.33,2.33,14,3,0.78,0.78,0.58,0.58
Explosion Arcanique,Arcane Explosive,1,6,0.17,17%,12.0,2.0,12,1,12.0,2.0,6.0,1.0
Sabre Versatile,Versatil Saber,1,6,0.17,17%,11.0,1.83,11,1,11.0,1.83,5.5,0.92
Force Divine,Divine Impetu,1,6,0.17,17%,11.0,1.83,11,0,Gratuit,Gratuit,11.0,1.83
Bâton du Conquérant,Staff of Conquered Worlds,1,6,0.17,17%,11.0,1.83,11,0,Gratuit,Gratuit,11.0,1.83
