,Nom Anglais,nb games valide,total games,ratio,%,pts moy,pts moy total,total point,cout,pts par cout moy,pts par cout total
Aveuglement,Incapacitor,8,8,1.0,100%,25.12,25.12,201,3,8.37,8.37
Bâton de Conquête,Conquering Staff,6,8,0.75,75%,24.0,18.0,144,2,12.0,9.0
Assistance Divine,Sacred Help,7,8,0.88,88%,20.0,17.5,140,2,10.0,8.75
Griffes Sauvages,Wild Claw,8,8,1.0,100%,17.25,17.25,138,3,5.75,5.75
Armure d'Obsidienne,Obsidian Battle Plate,5,8,0.62,62%,20.0,12.5,100,2,10.0,6.25
Pillard Féroce,Savage Looter,4,8,0.5,50%,20.0,10.0,80,1,20.0,10.0
Lame Affutée,Sharp Blade,7,8,0.88,88%,10.71,9.38,75,3,3.57,3.13
Faux,Scythe,8,8,1.0,100%,9.12,9.12,73,3,3.04,3.04
Décharge Élémentaire,Elemental Discharge,4,8,0.5,50%,18.0,9.0,72,1,18.0,9.0
Chasseur de Bêtes,Beast Hunter,4,8,0.5,50%,18.0,9.0,72,2,9.0,4.5
Tombeau Rocheux,Rock Tomb,7,8,0.88,88%,10.0,8.75,70,1,10.0,8.75
Esprit de l'Écuyer,Spirit of the Squire,7,8,0.88,88%,8.57,7.5,60,3,2.86,2.5
Être de Lumière,Being of Light,3,8,0.38,38%,18.0,6.75,54,1,18.0,6.75
Œil de Lynx,Hawk's Eye,6,8,0.75,75%,8.0,6.0,48,0,Gratuit,Gratuit
Esprit Sauvage,Wild Spirit,4,8,0.5,50%,10.0,5.0,40,0,Gratuit,Gratuit
Épées Jumelles,Twin Swords,1,8,0.12,12%,40.0,5.0,40,1,40.0,5.0
Totem du Gardien,Guardian Totem,8,8,1.0,100%,4.62,4.62,37,3,1.54,1.54
Mental d'Acier,Steel Aura,2,8,0.25,25%,18.0,4.5,36,2,9.0,2.25
Économe Sagesse du Trésorier,Treasurer's Wisdom,2,8,0.25,25%,17.0,4.25,34,2,8.5,2.12
Bâton du Conquérant,Staff of Conquered Worlds,3,8,0.38,38%,11.0,4.12,33,0,Gratuit,Gratuit
Sabre Versatile,Versatil Saber,3,8,0.38,38%,11.0,4.12,33,1,11.0,4.12
Chasseur d'Âmes,Soul Hunter,2,8,0.25,25%,15.0,3.75,30,1,15.0,3.75
Instinct Sanguinaire,Bloody Instinct,2,8,0.25,25%,15.0,3.75,30,2,7.5,1.88
Hache Frénétique,Berseker Ax,2,8,0.25,25%,14.0,3.5,28,2,7.0,1.75
Ascension Divine,Divine Ascent,1,8,0.12,12%,25.0,3.12,25,3,8.33,1.04
Danse Macabre,Dance of Death,3,8,0.38,38%,8.0,3.0,24,1,8.0,3.0
Désintégrateur Magnétique,Magnetic Disintegrator,2,8,0.25,25%,11.0,2.75,22,0,Gratuit,Gratuit
Destruction Royale,Royal Destroyer,2,8,0.25,25%,11.0,2.75,22,0,Gratuit,Gratuit
Coup de Mort,Death Helper,2,8,0.25,25%,10.0,2.5,20,1,10.0,2.5
Esprit omniprésent,Omnipresent Spirit,1,8,0.12,12%,18.0,2.25,18,2,9.0,1.12
Enchaînement Éclair,Unstoppable Lightning,1,8,0.12,12%,18.0,2.25,18,1,18.0,2.25
Masse de Siège,Siege Mace,1,8,0.12,12%,16.0,2.0,16,0,Gratuit,Gratuit
Elan de Fureur,Rampage Momentum,1,8,0.12,12%,15.0,1.88,15,2,7.5,0.94
Soif de Sang,Thirsty Dagger,1,8,0.12,12%,15.0,1.88,15,0,Gratuit,Gratuit
Épée Obscure,Swords of Darkness,1,8,0.12,12%,15.0,1.88,15,1,15.0,1.88
Le Croque-mort,The Undertaker,1,8,0.12,12%,14.0,1.75,14,1,14.0,1.75
Force Divine,Divine Impetu,1,8,0.12,12%,11.0,1.38,11,0,Gratuit,Gratuit
Épé Sainte,Holy Sword,1,8,0.12,12%,10.0,1.25,10,0,Gratuit,Gratuit
Lance Doublée,Dual Spear,1,8,0.12,12%,8.0,1.0,8,0,Gratuit,Gratuit
