,Nom Anglais,nb games valide,total games,ratio,%,pts moy,pts moy total,total point,cout,pts par cout moy,pts par cout total,pts par cout moy+1,pts par cout total+1
Bâton de Conquête,Conquering Staff,5,7,0.71,71%,24.0,17.14,120,2,12.0,8.57,8.0,5.71
Griffes Sauvages,Wild Claw,7,7,1.0,100%,16.71,16.71,117,3,5.57,5.57,4.18,4.18
Aveuglement,Incapacitor,7,7,1.0,100%,16.29,16.29,114,3,5.43,5.43,4.07,4.07
Totem Équivalent,Equivalent Totem,7,7,1.0,100%,15.57,15.57,109,2,7.79,7.79,5.19,5.19
Esprit de l'Écuyer,Spirit of the Squire,7,7,1.0,100%,11.57,11.57,81,3,3.86,3.86,2.89,2.89
Armure d'Obsidienne,Obsidian Battle Plate,4,7,0.57,57%,20.0,11.43,80,2,10.0,5.71,6.67,3.81
Faux,Scythe,7,7,1.0,100%,10.57,10.57,74,3,3.52,3.52,2.64,2.64
Tombeau Rocheux,Rock Tomb,7,7,1.0,100%,10.0,10.0,70,1,10.0,10.0,5.0,5.0
Économe Sagesse du Trésorier,Treasurer's Wisdom,4,7,0.57,57%,17.0,9.71,68,2,8.5,4.86,5.67,3.24
Pillard Féroce,Savage Looter,3,7,0.43,43%,20.0,8.57,60,1,20.0,8.57,10.0,4.29
Œil de Lynx,Hawk's Eye,7,7,1.0,100%,8.0,8.0,56,0,Gratuit,Gratuit,8.0,8.0
Mental d'Acier,Steel Aura,3,7,0.43,43%,18.0,7.71,54,2,9.0,3.85,6.0,2.57
Décharge Élémentaire,Elemental Discharge,3,7,0.43,43%,18.0,7.71,54,1,18.0,7.71,9.0,3.85
Chasseur de Bêtes,Beast Hunter,3,7,0.43,43%,18.0,7.71,54,2,9.0,3.85,6.0,2.57
Coup de Mort,Death Helper,5,7,0.71,71%,10.0,7.14,50,1,10.0,7.14,5.0,3.57
Esprit Sauvage,Wild Spirit,5,7,0.71,71%,10.0,7.14,50,0,Gratuit,Gratuit,10.0,7.14
Assistance Divine,Sacred Help,2,7,0.29,29%,20.0,5.71,40,2,10.0,2.85,6.67,1.9
Esprit omniprésent,Omnipresent Spirit,2,7,0.29,29%,18.0,5.14,36,2,9.0,2.57,6.0,1.71
Lame Affutée,Sharp Blade,6,7,0.86,86%,6.0,5.14,36,3,2.0,1.71,1.5,1.28
Force Divine,Divine Impetu,3,7,0.43,43%,11.0,4.71,33,0,Gratuit,Gratuit,11.0,4.71
Sabre Versatile,Versatil Saber,3,7,0.43,43%,11.0,4.71,33,1,11.0,4.71,5.5,2.35
Chasseur d'Âmes,Soul Hunter,2,7,0.29,29%,15.0,4.29,30,1,15.0,4.29,7.5,2.15
Armure d'Immortel,Immortal Breastplate,2,7,0.29,29%,14.0,4.0,28,1,14.0,4.0,7.0,2.0
Bâton du Conquérant,Staff of Conquered Worlds,2,7,0.29,29%,11.0,3.14,22,0,Gratuit,Gratuit,11.0,3.14
Le Marionnettiste,The Puppeteer,1,7,0.14,14%,20.0,2.86,20,2,10.0,1.43,6.67,0.95
Totem du Gardien,Guardian Totem,7,7,1.0,100%,2.86,2.86,20,3,0.95,0.95,0.71,0.71
Être de Lumière,Being of Light,1,7,0.14,14%,18.0,2.57,18,1,18.0,2.57,9.0,1.28
Adrénaline Arcanique,Arcane Adrenaline,1,7,0.14,14%,16.0,2.29,16,1,16.0,2.29,8.0,1.15
Hache Frénétique,Berseker Ax,1,7,0.14,14%,14.0,2.0,14,2,7.0,1.0,4.67,0.67
Amulette Omnisciente,Omnipresent Amulet,1,7,0.14,14%,11.0,1.57,11,0,Gratuit,Gratuit,11.0,1.57
Danse Macabre,Dance of Death,1,7,0.14,14%,8.0,1.14,8,1,8.0,1.14,4.0,0.57
Marteau Collecteur,Collecting Hammer,1,7,0.14,14%,6.0,0.86,6,2,3.0,0.43,2.0,0.29
