,Nom Anglais,nb games valide,total games,ratio,%,pts moy,pts moy total,total point,cout,pts par cout moy,pts par cout total
Aveuglement,Incapacitor,3,3,1.0,100%,17.0,17.0,51,3,5.67,5.67
Griffes Sauvages,Wild Claw,3,3,1.0,100%,16.67,16.67,50,3,5.56,5.56
Totem Équivalent,Equivalent Totem,3,3,1.0,100%,16.0,16.0,48,2,8.0,8.0
Bâton de Conquête,Conquering Staff,2,3,0.67,67%,24.0,16.0,48,2,12.0,8.0
Armure d'Obsidienne,Obsidian Battle Plate,2,3,0.67,67%,20.0,13.33,40,2,10.0,6.67
Esprit de l'Écuyer,Spirit of the Squire,3,3,1.0,100%,12.0,12.0,36,3,4.0,4.0
Mental d'Acier,Steel Aura,2,3,0.67,67%,18.0,12.0,36,2,9.0,6.0
Faux,Scythe,3,3,1.0,100%,10.67,10.67,32,3,3.56,3.56
Tombeau Rocheux,Rock Tomb,3,3,1.0,100%,10.0,10.0,30,1,10.0,10.0
Œil de Lynx,Hawk's Eye,3,3,1.0,100%,8.0,8.0,24,0,Gratuit,Gratuit
Esprit Sauvage,Wild Spirit,2,3,0.67,67%,10.0,6.67,20,0,Gratuit,Gratuit
Coup de Mort,Death Helper,2,3,0.67,67%,10.0,6.67,20,1,10.0,6.67
Pillard Féroce,Savage Looter,1,3,0.33,33%,20.0,6.67,20,1,20.0,6.67
Assistance Divine,Sacred Help,1,3,0.33,33%,20.0,6.67,20,2,10.0,3.33
Esprit omniprésent,Omnipresent Spirit,1,3,0.33,33%,18.0,6.0,18,2,9.0,3.0
Être de Lumière,Being of Light,1,3,0.33,33%,18.0,6.0,18,1,18.0,6.0
Chasseur de Bêtes,Beast Hunter,1,3,0.33,33%,18.0,6.0,18,2,9.0,3.0
Économe Sagesse du Trésorier,Treasurer's Wisdom,1,3,0.33,33%,17.0,5.67,17,2,8.5,2.83
Armure d'Immortel,Immortal Breastplate,1,3,0.33,33%,14.0,4.67,14,1,14.0,4.67
Amulette Omnisciente,Omnipresent Amulet,1,3,0.33,33%,11.0,3.67,11,0,Gratuit,Gratuit
Sabre Versatile,Versatil Saber,1,3,0.33,33%,11.0,3.67,11,1,11.0,3.67
Force Divine,Divine Impetu,1,3,0.33,33%,11.0,3.67,11,0,Gratuit,Gratuit
Lame Affutée,Sharp Blade,3,3,1.0,100%,3.0,3.0,9,3,1.0,1.0
Totem du Gardien,Guardian Totem,3,3,1.0,100%,2.0,2.0,6,3,0.67,0.67
