,Nom Anglais,nb games valide,total games,ratio,%,pts moy,pts moy total,total point,cout,pts par cout moy,pts par cout total,pts par cout moy+1,pts par cout total+1
Griffes Sauvages,Wild Claw,6,6,1.0,100%,17.33,17.33,104,3,5.78,5.78,4.33,4.33
Aveuglement,Incapacitor,6,6,1.0,100%,16.5,16.5,99,3,5.5,5.5,4.12,4.12
Totem Équivalent,Equivalent Totem,6,6,1.0,100%,16.0,16.0,96,2,8.0,8.0,5.33,5.33
Bâton de Conquête,Conquering Staff,4,6,0.67,67%,24.0,16.0,96,2,12.0,8.0,8.0,5.33
Armure d'Obsidienne,Obsidian Battle Plate,4,6,0.67,67%,20.0,13.33,80,2,10.0,6.67,6.67,4.44
Esprit de l'Écuyer,Spirit of the Squire,6,6,1.0,100%,12.5,12.5,75,3,4.17,4.17,3.12,3.12
Économe Sagesse du Trésorier,Treasurer's Wisdom,4,6,0.67,67%,17.0,11.33,68,2,8.5,5.67,5.67,3.78
Faux,Scythe,6,6,1.0,100%,10.83,10.83,65,3,3.61,3.61,2.71,2.71
Tombeau Rocheux,Rock Tomb,6,6,1.0,100%,10.0,10.0,60,1,10.0,10.0,5.0,5.0
Pillard Féroce,Savage Looter,3,6,0.5,50%,20.0,10.0,60,1,20.0,10.0,10.0,5.0
Chasseur de Bêtes,Beast Hunter,3,6,0.5,50%,18.0,9.0,54,2,9.0,4.5,6.0,3.0
Décharge Élémentaire,Elemental Discharge,3,6,0.5,50%,18.0,9.0,54,1,18.0,9.0,9.0,4.5
Coup de Mort,Death Helper,5,6,0.83,83%,10.0,8.33,50,1,10.0,8.33,5.0,4.17
Esprit Sauvage,Wild Spirit,5,6,0.83,83%,10.0,8.33,50,0,Gratuit,Gratuit,10.0,8.33
Œil de Lynx,Hawk's Eye,6,6,1.0,100%,8.0,8.0,48,0,Gratuit,Gratuit,8.0,8.0
Assistance Divine,Sacred Help,2,6,0.33,33%,20.0,6.67,40,2,10.0,3.33,6.67,2.22
Mental d'Acier,Steel Aura,2,6,0.33,33%,18.0,6.0,36,2,9.0,3.0,6.0,2.0
Esprit omniprésent,Omnipresent Spirit,2,6,0.33,33%,18.0,6.0,36,2,9.0,3.0,6.0,2.0
Lame Affutée,Sharp Blade,6,6,1.0,100%,6.0,6.0,36,3,2.0,2.0,1.5,1.5
Force Divine,Divine Impetu,3,6,0.5,50%,11.0,5.5,33,0,Gratuit,Gratuit,11.0,5.5
Sabre Versatile,Versatil Saber,3,6,0.5,50%,11.0,5.5,33,1,11.0,5.5,5.5,2.75
Chasseur d'Âmes,Soul Hunter,2,6,0.33,33%,15.0,5.0,30,1,15.0,5.0,7.5,2.5
Armure d'Immortel,Immortal Breastplate,2,6,0.33,33%,14.0,4.67,28,1,14.0,4.67,7.0,2.33
Le Marionnettiste,The Puppeteer,1,6,0.17,17%,20.0,3.33,20,2,10.0,1.67,6.67,1.11
Être de Lumière,Being of Light,1,6,0.17,17%,18.0,3.0,18,1,18.0,3.0,9.0,1.5
Totem du Gardien,Guardian Totem,6,6,1.0,100%,3.0,3.0,18,3,1.0,1.0,0.75,0.75
Adrénaline Arcanique,Arcane Adrenaline,1,6,0.17,17%,16.0,2.67,16,1,16.0,2.67,8.0,1.33
Hache Frénétique,Berseker Ax,1,6,0.17,17%,14.0,2.33,14,2,7.0,1.17,4.67,0.78
Bâton du Conquérant,Staff of Conquered Worlds,1,6,0.17,17%,11.0,1.83,11,0,Gratuit,Gratuit,11.0,1.83
Amulette Omnisciente,Omnipresent Amulet,1,6,0.17,17%,11.0,1.83,11,0,Gratuit,Gratuit,11.0,1.83
Danse Macabre,Dance of Death,1,6,0.17,17%,8.0,1.33,8,1,8.0,1.33,4.0,0.67
Marteau Collecteur,Collecting Hammer,1,6,0.17,17%,6.0,1.0,6,2,3.0,0.5,2.0,0.33
