,Nom Anglais,nb games valide,total games,ratio,%,pts moy,pts moy total,total point,cout,pts par cout moy,pts par cout total,pts par cout moy+1,pts par cout total+1
Griffes Sauvages,Wild Claw,9,9,1.0,100%,17.33,17.33,156,3,5.78,5.78,4.33,4.33
Totem Équivalent,Equivalent Totem,9,9,1.0,100%,16.11,16.11,145,2,8.05,8.05,5.37,5.37
Aveuglement,Incapacitor,9,9,1.0,100%,16.0,16.0,144,3,5.33,5.33,4.0,4.0
Bâton de Conquête,Conquering Staff,6,9,0.67,67%,24.0,16.0,144,2,12.0,8.0,8.0,5.33
Esprit de l'Écuyer,Spirit of the Squire,9,9,1.0,100%,12.33,12.33,111,3,4.11,4.11,3.08,3.08
Économe Sagesse du Trésorier,Treasurer's Wisdom,6,9,0.67,67%,17.0,11.33,102,2,8.5,5.67,5.67,3.78
Faux,Scythe,9,9,1.0,100%,10.67,10.67,96,3,3.56,3.56,2.67,2.67
Tombeau Rocheux,Rock Tomb,9,9,1.0,100%,10.0,10.0,90,1,10.0,10.0,5.0,5.0
Pillard Féroce,Savage Looter,4,9,0.44,44%,20.0,8.89,80,1,20.0,8.89,10.0,4.45
Armure d'Obsidienne,Obsidian Battle Plate,4,9,0.44,44%,20.0,8.89,80,2,10.0,4.45,6.67,2.96
Lame Affutée,Sharp Blade,8,9,0.89,89%,9.0,8.0,72,3,3.0,2.67,2.25,2.0
Œil de Lynx,Hawk's Eye,9,9,1.0,100%,8.0,8.0,72,0,Gratuit,Gratuit,8.0,8.0
Chasseur de Bêtes,Beast Hunter,4,9,0.44,44%,18.0,8.0,72,2,9.0,4.0,6.0,2.67
Mental d'Acier,Steel Aura,4,9,0.44,44%,18.0,8.0,72,2,9.0,4.0,6.0,2.67
Coup de Mort,Death Helper,7,9,0.78,78%,10.0,7.78,70,1,10.0,7.78,5.0,3.89
Esprit Sauvage,Wild Spirit,7,9,0.78,78%,10.0,7.78,70,0,Gratuit,Gratuit,10.0,7.78
Assistance Divine,Sacred Help,3,9,0.33,33%,20.0,6.67,60,2,10.0,3.33,6.67,2.22
Décharge Élémentaire,Elemental Discharge,3,9,0.33,33%,18.0,6.0,54,1,18.0,6.0,9.0,3.0
Ascension Divine,Divine Ascent,2,9,0.22,22%,25.0,5.56,50,3,8.33,1.85,6.25,1.39
Chasseur d'Âmes,Soul Hunter,3,9,0.33,33%,15.0,5.0,45,1,15.0,5.0,7.5,2.5
Esprit omniprésent,Omnipresent Spirit,2,9,0.22,22%,18.0,4.0,36,2,9.0,2.0,6.0,1.33
Force Divine,Divine Impetu,3,9,0.33,33%,11.0,3.67,33,0,Gratuit,Gratuit,11.0,3.67
Sabre Versatile,Versatil Saber,3,9,0.33,33%,11.0,3.67,33,1,11.0,3.67,5.5,1.83
Armure d'Immortel,Immortal Breastplate,2,9,0.22,22%,14.0,3.11,28,1,14.0,3.11,7.0,1.55
Hache Frénétique,Berseker Ax,2,9,0.22,22%,14.0,3.11,28,2,7.0,1.55,4.67,1.04
Totem du Gardien,Guardian Totem,9,9,1.0,100%,2.78,2.78,25,3,0.93,0.93,0.69,0.69
Bâton du Conquérant,Staff of Conquered Worlds,2,9,0.22,22%,11.0,2.44,22,0,Gratuit,Gratuit,11.0,2.44
Le Marionnettiste,The Puppeteer,1,9,0.11,11%,20.0,2.22,20,2,10.0,1.11,6.67,0.74
Être de Lumière,Being of Light,1,9,0.11,11%,18.0,2.0,18,1,18.0,2.0,9.0,1.0
Enchaînement Éclair,Unstoppable Lightning,1,9,0.11,11%,18.0,2.0,18,1,18.0,2.0,9.0,1.0
Épée Obscure,Swords of Darkness,1,9,0.11,11%,17.0,1.89,17,1,17.0,1.89,8.5,0.94
Adrénaline Arcanique,Arcane Adrenaline,1,9,0.11,11%,16.0,1.78,16,1,16.0,1.78,8.0,0.89
Danse Macabre,Dance of Death,2,9,0.22,22%,8.0,1.78,16,1,8.0,1.78,4.0,0.89
Soif de Sang,Thirsty Dagger,1,9,0.11,11%,15.0,1.67,15,0,Gratuit,Gratuit,15.0,1.67
Elan de Fureur,Rampage Momentum,1,9,0.11,11%,15.0,1.67,15,2,7.5,0.83,5.0,0.56
Amulette Omnisciente,Omnipresent Amulet,1,9,0.11,11%,11.0,1.22,11,0,Gratuit,Gratuit,11.0,1.22
Marteau Collecteur,Collecting Hammer,1,9,0.11,11%,6.0,0.67,6,2,3.0,0.34,2.0,0.22
