,Nom Anglais,nb games valide,total games,ratio,%,pts moy,pts moy total,total point,cout,pts par cout moy,pts par cout total,pts par cout moy+1,pts par cout total+1
Assistance Divine,Sacred Help,1,1,1.0,100%,20.0,20.0,20,2,10.0,10.0,6.67,6.67
Chasseur de Bêtes,Beast Hunter,1,1,1.0,100%,18.0,18.0,18,2,9.0,9.0,6.0,6.0
Griffes Sauvages,Wild Claw,1,1,1.0,100%,15.0,15.0,15,3,5.0,5.0,3.75,3.75
Totem Équivalent,Equivalent Totem,1,1,1.0,100%,14.0,14.0,14,3,4.67,4.67,3.5,3.5
Aveuglement,Incapacitor,1,1,1.0,100%,9.0,9.0,9,3,3.0,3.0,2.25,2.25
Faux,Scythe,1,1,1.0,100%,9.0,9.0,9,3,3.0,3.0,2.25,2.25
Esprit Sauvage,Wild Spirit,1,1,1.0,100%,8.0,8.0,8,0,Gratuit,Gratuit,8.0,8.0
Esprit de l'Écuyer,Spirit of the Squire,1,1,1.0,100%,6.0,6.0,6,3,2.0,2.0,1.5,1.5
Totem du Gardien,Guardian Totem,1,1,1.0,100%,2.0,2.0,2,3,0.67,0.67,0.5,0.5
