,Nom Anglais,nb games valide,total games,ratio,%,pts moy,pts moy total,total point,cout,pts par cout moy,pts par cout total
Griffes Sauvages,Wild Claw,5,5,1.0,100%,18.0,18.0,90,3,6.0,6.0
Assistance Divine,Sacred Help,4,5,0.8,80%,20.0,16.0,80,2,10.0,8.0
Chasseur de Bêtes,Beast Hunter,4,5,0.8,80%,18.0,14.4,72,2,9.0,7.2
Aveuglement,Incapacitor,5,5,1.0,100%,9.6,9.6,48,3,3.2,3.2
Faux,Scythe,5,5,1.0,100%,9.0,9.0,45,3,3.0,3.0
Esprit Sauvage,Wild Spirit,4,5,0.8,80%,10.0,8.0,40,0,Gratuit,Gratuit
Pillard Féroce,Savage Looter,2,5,0.4,40%,20.0,8.0,40,1,20.0,8.0
Mental d'Acier,Steel Aura,2,5,0.4,40%,18.0,7.2,36,2,9.0,3.6
Lame Affutée,Sharp Blade,4,5,0.8,80%,8.25,6.6,33,3,2.75,2.2
Totem du Gardien,Guardian Totem,5,5,1.0,100%,4.8,4.8,24,3,1.6,1.6
Esprit de l'Écuyer,Spirit of the Squire,3,5,0.6,60%,7.0,4.2,21,3,2.33,1.4
Tombeau Rocheux,Rock Tomb,2,5,0.4,40%,10.0,4.0,20,1,10.0,4.0
Armure d'Obsidienne,Obsidian Battle Plate,1,5,0.2,20%,20.0,4.0,20,2,10.0,2.0
Enchaînement Éclair,Unstoppable Lightning,1,5,0.2,20%,18.0,3.6,18,1,18.0,3.6
Être de Lumière,Being of Light,1,5,0.2,20%,18.0,3.6,18,1,18.0,3.6
Bâton Élémentaire,Earthly Staff,1,5,0.2,20%,15.0,3.0,15,0,Gratuit,Gratuit
Elan de Fureur,Rampage Momentum,1,5,0.2,20%,15.0,3.0,15,2,7.5,1.5
Épée Obscure,Swords of Darkness,1,5,0.2,20%,15.0,3.0,15,1,15.0,3.0
Instinct Sanguinaire,Bloody Instinct,1,5,0.2,20%,15.0,3.0,15,2,7.5,1.5
Hache Frénétique,Berseker Ax,1,5,0.2,20%,14.0,2.8,14,2,7.0,1.4
Sabre Versatile,Versatil Saber,1,5,0.2,20%,11.0,2.2,11,1,11.0,2.2
Épées Jumelles,Twin Swords,1,5,0.2,20%,10.0,2.0,10,1,10.0,2.0
Coup de Mort,Death Helper,1,5,0.2,20%,10.0,2.0,10,1,10.0,2.0
Danse Macabre,Dance of Death,1,5,0.2,20%,8.0,1.6,8,1,8.0,1.6
