,Nom Anglais,nb games valide,total games,ratio,%,pts moy,pts moy total,total point,cout,pts par cout moy,pts par cout total
Griffes Sauvages,Wild Claw,8,8,1.0,100%,18.38,18.38,147,3,6.13,6.13
Assistance Divine,Sacred Help,7,8,0.88,88%,20.0,17.5,140,2,10.0,8.75
Chasseur de Bêtes,Beast Hunter,6,8,0.75,75%,18.0,13.5,108,2,9.0,6.75
Aveuglement,Incapacitor,8,8,1.0,100%,12.0,12.0,96,3,4.0,4.0
Faux,Scythe,8,8,1.0,100%,9.25,9.25,74,3,3.08,3.08
Lame Affutée,Sharp Blade,7,8,0.88,88%,10.29,9.0,72,3,3.43,3.0
Esprit de l'Écuyer,Spirit of the Squire,6,8,0.75,75%,11.0,8.25,66,3,3.67,2.75
Esprit Sauvage,Wild Spirit,6,8,0.75,75%,10.0,7.5,60,0,Gratuit,Gratuit
Pillard Féroce,Savage Looter,3,8,0.38,38%,20.0,7.5,60,1,20.0,7.5
Mental d'Acier,Steel Aura,3,8,0.38,38%,18.0,6.75,54,2,9.0,3.38
Être de Lumière,Being of Light,3,8,0.38,38%,18.0,6.75,54,1,18.0,6.75
Épée Obscure,Swords of Darkness,3,8,0.38,38%,15.0,5.62,45,1,15.0,5.62
Hache Frénétique,Berseker Ax,3,8,0.38,38%,14.0,5.25,42,2,7.0,2.62
Tombeau Rocheux,Rock Tomb,4,8,0.5,50%,10.0,5.0,40,1,10.0,5.0
Armure d'Obsidienne,Obsidian Battle Plate,2,8,0.25,25%,20.0,5.0,40,2,10.0,2.5
Totem du Gardien,Guardian Totem,8,8,1.0,100%,4.88,4.88,39,3,1.63,1.63
Coup de Mort,Death Helper,3,8,0.38,38%,10.0,3.75,30,1,10.0,3.75
Instinct Sanguinaire,Bloody Instinct,2,8,0.25,25%,15.0,3.75,30,2,7.5,1.88
Épées Jumelles,Twin Swords,3,8,0.38,38%,10.0,3.75,30,1,10.0,3.75
Danse Macabre,Dance of Death,3,8,0.38,38%,8.0,3.0,24,1,8.0,3.0
Destruction Royale,Royal Destroyer,2,8,0.25,25%,11.0,2.75,22,0,Gratuit,Gratuit
Sabre Versatile,Versatil Saber,2,8,0.25,25%,11.0,2.75,22,1,11.0,2.75
Désintégrateur Magnétique,Magnetic Disintegrator,2,8,0.25,25%,11.0,2.75,22,0,Gratuit,Gratuit
Esprit omniprésent,Omnipresent Spirit,1,8,0.12,12%,18.0,2.25,18,2,9.0,1.12
Enchaînement Éclair,Unstoppable Lightning,1,8,0.12,12%,18.0,2.25,18,1,18.0,2.25
Décharge Élémentaire,Elemental Discharge,1,8,0.12,12%,18.0,2.25,18,1,18.0,2.25
Économe Sagesse du Trésorier,Treasurer's Wisdom,1,8,0.12,12%,17.0,2.12,17,2,8.5,1.06
Elan de Fureur,Rampage Momentum,1,8,0.12,12%,15.0,1.88,15,2,7.5,0.94
Esquive Salvatrice,Evasive Protection,1,8,0.12,12%,15.0,1.88,15,0,Gratuit,Gratuit
Soif de Sang,Thirsty Dagger,1,8,0.12,12%,15.0,1.88,15,0,Gratuit,Gratuit
Bâton Élémentaire,Earthly Staff,1,8,0.12,12%,15.0,1.88,15,0,Gratuit,Gratuit
Chasseur d'Âmes,Soul Hunter,1,8,0.12,12%,15.0,1.88,15,1,15.0,1.88
Armure d'Immortel,Immortal Breastplate,1,8,0.12,12%,14.0,1.75,14,1,14.0,1.75
Œil de Lynx,Hawk's Eye,1,8,0.12,12%,8.0,1.0,8,0,Gratuit,Gratuit
