,Nom Anglais,nb games valide,total games,ratio,%,pts moy,pts moy total,total point,cout,pts par cout moy,pts par cout total
Griffes Sauvages,Wild Claw,9,9,1.0,100%,18.89,18.89,170,3,6.3,6.3
Assistance Divine,Sacred Help,8,9,0.89,89%,20.0,17.78,160,2,10.0,8.89
Chasseur de Bêtes,Beast Hunter,7,9,0.78,78%,18.0,14.0,126,2,9.0,7.0
Aveuglement,Incapacitor,9,9,1.0,100%,12.67,12.67,114,3,4.22,4.22
Faux,Scythe,9,9,1.0,100%,9.67,9.67,87,3,3.22,3.22
Lame Affutée,Sharp Blade,8,9,0.89,89%,10.12,9.0,81,3,3.37,3.0
Pillard Féroce,Savage Looter,4,9,0.44,44%,20.0,8.89,80,1,20.0,8.89
Esprit de l'Écuyer,Spirit of the Squire,7,9,0.78,78%,10.29,8.0,72,3,3.43,2.67
Mental d'Acier,Steel Aura,4,9,0.44,44%,18.0,8.0,72,2,9.0,4.0
Esprit Sauvage,Wild Spirit,7,9,0.78,78%,10.0,7.78,70,0,Gratuit,Gratuit
Épée Obscure,Swords of Darkness,4,9,0.44,44%,15.0,6.67,60,1,15.0,6.67
Être de Lumière,Being of Light,3,9,0.33,33%,18.0,6.0,54,1,18.0,6.0
Tombeau Rocheux,Rock Tomb,5,9,0.56,56%,10.0,5.56,50,1,10.0,5.56
Instinct Sanguinaire,Bloody Instinct,3,9,0.33,33%,15.0,5.0,45,2,7.5,2.5
Totem du Gardien,Guardian Totem,9,9,1.0,100%,4.67,4.67,42,3,1.56,1.56
Hache Frénétique,Berseker Ax,3,9,0.33,33%,14.0,4.67,42,2,7.0,2.33
Armure d'Obsidienne,Obsidian Battle Plate,2,9,0.22,22%,20.0,4.44,40,2,10.0,2.22
Épées Jumelles,Twin Swords,4,9,0.44,44%,10.0,4.44,40,1,10.0,4.44
Décharge Élémentaire,Elemental Discharge,2,9,0.22,22%,18.0,4.0,36,1,18.0,4.0
Économe Sagesse du Trésorier,Treasurer's Wisdom,2,9,0.22,22%,17.0,3.78,34,2,8.5,1.89
Coup de Mort,Death Helper,3,9,0.33,33%,10.0,3.33,30,1,10.0,3.33
Danse Macabre,Dance of Death,3,9,0.33,33%,8.0,2.67,24,1,8.0,2.67
Destruction Royale,Royal Destroyer,2,9,0.22,22%,11.0,2.44,22,0,Gratuit,Gratuit
Sabre Versatile,Versatil Saber,2,9,0.22,22%,11.0,2.44,22,1,11.0,2.44
Désintégrateur Magnétique,Magnetic Disintegrator,2,9,0.22,22%,11.0,2.44,22,0,Gratuit,Gratuit
Esprit omniprésent,Omnipresent Spirit,1,9,0.11,11%,18.0,2.0,18,2,9.0,1.0
Marteleur précis,Precise Hammer,1,9,0.11,11%,18.0,2.0,18,1,18.0,2.0
Enchaînement Éclair,Unstoppable Lightning,1,9,0.11,11%,18.0,2.0,18,1,18.0,2.0
Œil de Lynx,Hawk's Eye,2,9,0.22,22%,8.0,1.78,16,0,Gratuit,Gratuit
Elan de Fureur,Rampage Momentum,1,9,0.11,11%,15.0,1.67,15,2,7.5,0.83
Esquive Salvatrice,Evasive Protection,1,9,0.11,11%,15.0,1.67,15,0,Gratuit,Gratuit
Soif de Sang,Thirsty Dagger,1,9,0.11,11%,15.0,1.67,15,0,Gratuit,Gratuit
Bâton Élémentaire,Earthly Staff,1,9,0.11,11%,15.0,1.67,15,0,Gratuit,Gratuit
Chasseur d'Âmes,Soul Hunter,1,9,0.11,11%,15.0,1.67,15,1,15.0,1.67
Armure d'Immortel,Immortal Breastplate,1,9,0.11,11%,14.0,1.56,14,1,14.0,1.56
