,Nom Anglais,nb games valide,total games,ratio,%,pts moy,pts moy total,total point,cout,pts par cout moy,pts par cout total
Griffes Sauvages,Wild Claw,10,10,1.0,100%,18.9,18.9,189,3,6.3,6.3
Assistance Divine,Sacred Help,9,10,0.9,90%,20.0,18.0,180,2,10.0,9.0
Chasseur de Bêtes,Beast Hunter,8,10,0.8,80%,18.0,14.4,144,2,9.0,7.2
Aveuglement,Incapacitor,10,10,1.0,100%,13.2,13.2,132,3,4.4,4.4
Faux,Scythe,10,10,1.0,100%,9.7,9.7,97,3,3.23,3.23
Mental d'Acier,Steel Aura,5,10,0.5,50%,18.0,9.0,90,2,9.0,4.5
Lame Affutée,Sharp Blade,9,10,0.9,90%,10.0,9.0,90,3,3.33,3.0
Esprit Sauvage,Wild Spirit,8,10,0.8,80%,10.0,8.0,80,0,Gratuit,Gratuit
Pillard Féroce,Savage Looter,4,10,0.4,40%,20.0,8.0,80,1,20.0,8.0
Épée Obscure,Swords of Darkness,5,10,0.5,50%,15.0,7.5,75,1,15.0,7.5
Esprit de l'Écuyer,Spirit of the Squire,8,10,0.8,80%,9.38,7.5,75,3,3.13,2.5
Être de Lumière,Being of Light,4,10,0.4,40%,18.0,7.2,72,1,18.0,7.2
Tombeau Rocheux,Rock Tomb,6,10,0.6,60%,10.0,6.0,60,1,10.0,6.0
Épées Jumelles,Twin Swords,5,10,0.5,50%,10.0,5.0,50,1,10.0,5.0
Totem du Gardien,Guardian Totem,10,10,1.0,100%,4.7,4.7,47,3,1.57,1.57
Instinct Sanguinaire,Bloody Instinct,3,10,0.3,30%,15.0,4.5,45,2,7.5,2.25
Hache Frénétique,Berseker Ax,3,10,0.3,30%,14.0,4.2,42,2,7.0,2.1
Armure d'Obsidienne,Obsidian Battle Plate,2,10,0.2,20%,20.0,4.0,40,2,10.0,2.0
Décharge Élémentaire,Elemental Discharge,2,10,0.2,20%,18.0,3.6,36,1,18.0,3.6
Marteleur précis,Precise Hammer,2,10,0.2,20%,18.0,3.6,36,1,18.0,3.6
Économe Sagesse du Trésorier,Treasurer's Wisdom,2,10,0.2,20%,17.0,3.4,34,2,8.5,1.7
Coup de Mort,Death Helper,3,10,0.3,30%,10.0,3.0,30,1,10.0,3.0
Œil de Lynx,Hawk's Eye,3,10,0.3,30%,8.0,2.4,24,0,Gratuit,Gratuit
Danse Macabre,Dance of Death,3,10,0.3,30%,8.0,2.4,24,1,8.0,2.4
Sabre Versatile,Versatil Saber,2,10,0.2,20%,11.0,2.2,22,1,11.0,2.2
Destruction Royale,Royal Destroyer,2,10,0.2,20%,11.0,2.2,22,0,Gratuit,Gratuit
Désintégrateur Magnétique,Magnetic Disintegrator,2,10,0.2,20%,11.0,2.2,22,0,Gratuit,Gratuit
Esprit omniprésent,Omnipresent Spirit,1,10,0.1,10%,18.0,1.8,18,2,9.0,0.9
Enchaînement Éclair,Unstoppable Lightning,1,10,0.1,10%,18.0,1.8,18,1,18.0,1.8
Elan de Fureur,Rampage Momentum,1,10,0.1,10%,15.0,1.5,15,2,7.5,0.75
Esquive Salvatrice,Evasive Protection,1,10,0.1,10%,15.0,1.5,15,0,Gratuit,Gratuit
Soif de Sang,Thirsty Dagger,1,10,0.1,10%,15.0,1.5,15,0,Gratuit,Gratuit
Bâton Élémentaire,Earthly Staff,1,10,0.1,10%,15.0,1.5,15,0,Gratuit,Gratuit
Chasseur d'Âmes,Soul Hunter,1,10,0.1,10%,15.0,1.5,15,1,15.0,1.5
Armure d'Immortel,Immortal Breastplate,1,10,0.1,10%,14.0,1.4,14,1,14.0,1.4
Lance Doublée,Dual Spear,1,10,0.1,10%,8.0,0.8,8,0,Gratuit,Gratuit
