,Nom Anglais,nb games valide,total games,ratio,%,pts moy,pts moy total,total point,cout,pts par cout moy,pts par cout total
Aveuglement,Incapacitor,17,17,1.0,100%,21.53,21.53,366,3,7.18,7.18
Griffes Sauvages,Wild Claw,17,17,1.0,100%,19.76,19.76,336,3,6.59,6.59
Assistance Divine,Sacred Help,15,17,0.88,88%,20.0,17.65,300,2,10.0,8.82
Armure d'Obsidienne,Obsidian Battle Plate,11,17,0.65,65%,20.0,12.94,220,2,10.0,6.47
Bâton de Conquête,Conquering Staff,9,17,0.53,53%,24.0,12.71,216,2,12.0,6.36
Chasseur de Bêtes,Beast Hunter,11,17,0.65,65%,18.0,11.65,198,2,9.0,5.83
Faux,Scythe,17,17,1.0,100%,10.24,10.24,174,3,3.41,3.41
Décharge Élémentaire,Elemental Discharge,9,17,0.53,53%,18.0,9.53,162,1,18.0,9.53
Esprit de l'Écuyer,Spirit of the Squire,17,17,1.0,100%,9.0,9.0,153,3,3.0,3.0
Tombeau Rocheux,Rock Tomb,15,17,0.88,88%,10.0,8.82,150,1,10.0,8.82
Être de Lumière,Being of Light,8,17,0.47,47%,18.0,8.47,144,1,18.0,8.47
Lame Affutée,Sharp Blade,16,17,0.94,94%,8.81,8.29,141,3,2.94,2.76
Esprit Sauvage,Wild Spirit,12,17,0.71,71%,10.0,7.06,120,0,Gratuit,Gratuit
Économe Sagesse du Trésorier,Treasurer's Wisdom,7,17,0.41,41%,17.0,7.0,119,2,8.5,3.5
Pillard Féroce,Savage Looter,5,17,0.29,29%,20.0,5.88,100,1,20.0,5.88
Sabre Versatile,Versatil Saber,9,17,0.53,53%,11.0,5.82,99,1,11.0,5.82
Hache Frénétique,Berseker Ax,7,17,0.41,41%,14.0,5.76,98,2,7.0,2.88
Mental d'Acier,Steel Aura,4,17,0.24,24%,18.0,4.24,72,2,9.0,2.12
Armure d'Immortel,Immortal Breastplate,5,17,0.29,29%,14.0,4.12,70,1,14.0,4.12
Œil de Lynx,Hawk's Eye,8,17,0.47,47%,8.0,3.76,64,0,Gratuit,Gratuit
Elan de Fureur,Rampage Momentum,4,17,0.24,24%,15.0,3.53,60,2,7.5,1.76
Esquive Salvatrice,Evasive Protection,4,17,0.24,24%,15.0,3.53,60,0,Gratuit,Gratuit
Marteleur précis,Precise Hammer,3,17,0.18,18%,18.0,3.18,54,1,18.0,3.18
Totem du Gardien,Guardian Totem,17,17,1.0,100%,3.0,3.0,51,3,1.0,1.0
Ascension Divine,Divine Ascent,2,17,0.12,12%,25.0,2.94,50,3,8.33,0.98
Coup de Mort,Death Helper,5,17,0.29,29%,10.0,2.94,50,1,10.0,2.94
Soif de Sang,Thirsty Dagger,3,17,0.18,18%,15.0,2.65,45,0,Gratuit,Gratuit
Épée Obscure,Swords of Darkness,3,17,0.18,18%,15.0,2.65,45,1,15.0,2.65
Instinct Sanguinaire,Bloody Instinct,3,17,0.18,18%,15.0,2.65,45,2,7.5,1.32
Force Divine,Divine Impetu,4,17,0.24,24%,11.0,2.59,44,0,Gratuit,Gratuit
Le Croque-mort,The Undertaker,3,17,0.18,18%,14.0,2.47,42,1,14.0,2.47
Bâton du Conquérant,Staff of Conquered Worlds,3,17,0.18,18%,11.0,1.94,33,0,Gratuit,Gratuit
Danse Macabre,Dance of Death,4,17,0.24,24%,8.0,1.88,32,1,8.0,1.88
Épées Jumelles,Twin Swords,3,17,0.18,18%,10.0,1.76,30,1,10.0,1.76
Épé Sainte,Holy Sword,3,17,0.18,18%,10.0,1.76,30,0,Gratuit,Gratuit
Bâton Élémentaire,Earthly Staff,2,17,0.12,12%,15.0,1.76,30,0,Gratuit,Gratuit
Explosion Arcanique,Arcane Explosive,2,17,0.12,12%,12.0,1.41,24,1,12.0,1.41
Lance Doublée,Dual Spear,3,17,0.18,18%,8.0,1.41,24,0,Gratuit,Gratuit
Désintégrateur Magnétique,Magnetic Disintegrator,2,17,0.12,12%,11.0,1.29,22,0,Gratuit,Gratuit
Destruction Royale,Royal Destroyer,2,17,0.12,12%,11.0,1.29,22,0,Gratuit,Gratuit
Glaive Vindicatif,Large Sword of Hate,1,17,0.06,6%,20.0,1.18,20,1,20.0,1.18
Le Marionnettiste,The Puppeteer,1,17,0.06,6%,20.0,1.18,20,2,10.0,0.59
Enchaînement Éclair,Unstoppable Lightning,1,17,0.06,6%,18.0,1.06,18,1,18.0,1.06
Esprit omniprésent,Omnipresent Spirit,1,17,0.06,6%,18.0,1.06,18,2,9.0,0.53
Amulette Omnisciente,Omnipresent Amulet,1,17,0.06,6%,11.0,0.65,11,0,Gratuit,Gratuit
