,Nom Anglais,nb games valide,total games,ratio,%,pts moy,pts moy total,total point,cout,pts par cout moy,pts par cout total,pts par cout moy+1,pts par cout total+1
Griffes Sauvages,Wild Claw,4,4,1.0,100%,15.25,15.25,61,3,5.08,5.08,3.81,3.81
Totem Équivalent,Equivalent Totem,4,4,1.0,100%,14.5,14.5,58,2,7.25,7.25,4.83,4.83
Aveuglement,Incapacitor,4,4,1.0,100%,12.0,12.0,48,3,4.0,4.0,3.0,3.0
Bâton de Conquête,Conquering Staff,2,4,0.5,50%,24.0,12.0,48,2,12.0,6.0,8.0,4.0
Assistance Divine,Sacred Help,2,4,0.5,50%,20.0,10.0,40,2,10.0,5.0,6.67,3.33
Décharge Élémentaire,Elemental Discharge,2,4,0.5,50%,18.0,9.0,36,1,18.0,9.0,9.0,4.5
Chasseur de Bêtes,Beast Hunter,2,4,0.5,50%,18.0,9.0,36,2,9.0,4.5,6.0,3.0
Faux,Scythe,4,4,1.0,100%,9.0,9.0,36,3,3.0,3.0,2.25,2.25
Esprit de l'Écuyer,Spirit of the Squire,4,4,1.0,100%,6.75,6.75,27,3,2.25,2.25,1.69,1.69
Ascension Divine,Divine Ascent,1,4,0.25,25%,25.0,6.25,25,3,8.33,2.08,6.25,1.56
Le Marionnettiste,The Puppeteer,1,4,0.25,25%,20.0,5.0,20,2,10.0,2.5,6.67,1.67
Esprit Sauvage,Wild Spirit,2,4,0.5,50%,10.0,5.0,20,0,Gratuit,Gratuit,10.0,5.0
Tombeau Rocheux,Rock Tomb,2,4,0.5,50%,10.0,5.0,20,1,10.0,5.0,5.0,2.5
Lame Affutée,Sharp Blade,2,4,0.5,50%,9.0,4.5,18,3,3.0,1.5,2.25,1.12
Mental d'Acier,Steel Aura,1,4,0.25,25%,18.0,4.5,18,2,9.0,2.25,6.0,1.5
Économe Sagesse du Trésorier,Treasurer's Wisdom,1,4,0.25,25%,17.0,4.25,17,2,8.5,2.12,5.67,1.42
Adrénaline Arcanique,Arcane Adrenaline,1,4,0.25,25%,16.0,4.0,16,1,16.0,4.0,8.0,2.0
Soif de Sang,Thirsty Dagger,1,4,0.25,25%,15.0,3.75,15,0,Gratuit,Gratuit,15.0,3.75
Hache Frénétique,Berseker Ax,1,4,0.25,25%,14.0,3.5,14,2,7.0,1.75,4.67,1.17
Marteau Collecteur,Collecting Hammer,2,4,0.5,50%,6.0,3.0,12,2,3.0,1.5,2.0,1.0
Bâton du Conquérant,Staff of Conquered Worlds,1,4,0.25,25%,11.0,2.75,11,0,Gratuit,Gratuit,11.0,2.75
Coup de Mort,Death Helper,1,4,0.25,25%,10.0,2.5,10,1,10.0,2.5,5.0,1.25
Totem du Gardien,Guardian Totem,4,4,1.0,100%,2.5,2.5,10,3,0.83,0.83,0.62,0.62
Œil de Lynx,Hawk's Eye,1,4,0.25,25%,8.0,2.0,8,0,Gratuit,Gratuit,8.0,2.0
Danse Macabre,Dance of Death,1,4,0.25,25%,8.0,2.0,8,1,8.0,2.0,4.0,1.0
