,Nom Anglais,nb games valide,total games,ratio,%,pts moy,pts moy total,total point,cout,pts par cout moy,pts par cout total
Aveuglement,Incapacitor,18,18,1.0,100%,21.33,21.33,384,3,7.11,7.11
Griffes Sauvages,Wild Claw,18,18,1.0,100%,19.78,19.78,356,3,6.59,6.59
Assistance Divine,Sacred Help,16,18,0.89,89%,20.0,17.78,320,2,10.0,8.89
Armure d'Obsidienne,Obsidian Battle Plate,12,18,0.67,67%,20.0,13.33,240,2,10.0,6.67
Bâton de Conquête,Conquering Staff,9,18,0.5,50%,24.0,12.0,216,2,12.0,6.0
Chasseur de Bêtes,Beast Hunter,12,18,0.67,67%,18.0,12.0,216,2,9.0,6.0
Faux,Scythe,18,18,1.0,100%,10.22,10.22,184,3,3.41,3.41
Décharge Élémentaire,Elemental Discharge,9,18,0.5,50%,18.0,9.0,162,1,18.0,9.0
Esprit de l'Écuyer,Spirit of the Squire,18,18,1.0,100%,8.83,8.83,159,3,2.94,2.94
Tombeau Rocheux,Rock Tomb,15,18,0.83,83%,10.0,8.33,150,1,10.0,8.33
Être de Lumière,Being of Light,8,18,0.44,44%,18.0,8.0,144,1,18.0,8.0
Lame Affutée,Sharp Blade,16,18,0.89,89%,8.81,7.83,141,3,2.94,2.61
Esprit Sauvage,Wild Spirit,13,18,0.72,72%,10.0,7.22,130,0,Gratuit,Gratuit
Pillard Féroce,Savage Looter,6,18,0.33,33%,20.0,6.67,120,1,20.0,6.67
Économe Sagesse du Trésorier,Treasurer's Wisdom,7,18,0.39,39%,17.0,6.61,119,2,8.5,3.31
Sabre Versatile,Versatil Saber,9,18,0.5,50%,11.0,5.5,99,1,11.0,5.5
Hache Frénétique,Berseker Ax,7,18,0.39,39%,14.0,5.44,98,2,7.0,2.72
Œil de Lynx,Hawk's Eye,9,18,0.5,50%,8.0,4.0,72,0,Gratuit,Gratuit
Mental d'Acier,Steel Aura,4,18,0.22,22%,18.0,4.0,72,2,9.0,2.0
Armure d'Immortel,Immortal Breastplate,5,18,0.28,28%,14.0,3.89,70,1,14.0,3.89
Elan de Fureur,Rampage Momentum,4,18,0.22,22%,15.0,3.33,60,2,7.5,1.67
Esquive Salvatrice,Evasive Protection,4,18,0.22,22%,15.0,3.33,60,0,Gratuit,Gratuit
Marteleur précis,Precise Hammer,3,18,0.17,17%,18.0,3.0,54,1,18.0,3.0
Totem du Gardien,Guardian Totem,18,18,1.0,100%,3.0,3.0,54,3,1.0,1.0
Coup de Mort,Death Helper,5,18,0.28,28%,10.0,2.78,50,1,10.0,2.78
Ascension Divine,Divine Ascent,2,18,0.11,11%,25.0,2.78,50,3,8.33,0.93
Épée Obscure,Swords of Darkness,3,18,0.17,17%,15.0,2.5,45,1,15.0,2.5
Soif de Sang,Thirsty Dagger,3,18,0.17,17%,15.0,2.5,45,0,Gratuit,Gratuit
Instinct Sanguinaire,Bloody Instinct,3,18,0.17,17%,15.0,2.5,45,2,7.5,1.25
Force Divine,Divine Impetu,4,18,0.22,22%,11.0,2.44,44,0,Gratuit,Gratuit
Le Croque-mort,The Undertaker,3,18,0.17,17%,14.0,2.33,42,1,14.0,2.33
Esprit omniprésent,Omnipresent Spirit,2,18,0.11,11%,18.0,2.0,36,2,9.0,1.0
Bâton du Conquérant,Staff of Conquered Worlds,3,18,0.17,17%,11.0,1.83,33,0,Gratuit,Gratuit
Danse Macabre,Dance of Death,4,18,0.22,22%,8.0,1.78,32,1,8.0,1.78
Épées Jumelles,Twin Swords,3,18,0.17,17%,10.0,1.67,30,1,10.0,1.67
Bâton Élémentaire,Earthly Staff,2,18,0.11,11%,15.0,1.67,30,0,Gratuit,Gratuit
Épé Sainte,Holy Sword,3,18,0.17,17%,10.0,1.67,30,0,Gratuit,Gratuit
Explosion Arcanique,Arcane Explosive,2,18,0.11,11%,12.0,1.33,24,1,12.0,1.33
Lance Doublée,Dual Spear,3,18,0.17,17%,8.0,1.33,24,0,Gratuit,Gratuit
Désintégrateur Magnétique,Magnetic Disintegrator,2,18,0.11,11%,11.0,1.22,22,0,Gratuit,Gratuit
Destruction Royale,Royal Destroyer,2,18,0.11,11%,11.0,1.22,22,0,Gratuit,Gratuit
Glaive Vindicatif,Large Sword of Hate,1,18,0.06,6%,20.0,1.11,20,1,20.0,1.11
Le Marionnettiste,The Puppeteer,1,18,0.06,6%,20.0,1.11,20,2,10.0,0.56
Enchaînement Éclair,Unstoppable Lightning,1,18,0.06,6%,18.0,1.0,18,1,18.0,1.0
Amulette Omnisciente,Omnipresent Amulet,1,18,0.06,6%,11.0,0.61,11,0,Gratuit,Gratuit
