,Nom Anglais,nb games valide,total games,ratio,%,pts moy,pts moy total,total point,cout,pts par cout moy,pts par cout total,pts par cout moy+1,pts par cout total+1
Griffes Sauvages,Wild Claw,7,7,1.0,100%,14.86,14.86,104,3,4.95,4.95,3.71,3.71
Totem Équivalent,Equivalent Totem,7,7,1.0,100%,14.14,14.14,99,2,7.07,7.07,4.71,4.71
Chasseur de Bêtes,Beast Hunter,5,7,0.71,71%,18.0,12.86,90,2,9.0,6.43,6.0,4.29
Aveuglement,Incapacitor,7,7,1.0,100%,11.14,11.14,78,3,3.71,3.71,2.79,2.79
Faux,Scythe,7,7,1.0,100%,8.71,8.71,61,3,2.9,2.9,2.18,2.18
Assistance Divine,Sacred Help,3,7,0.43,43%,20.0,8.57,60,2,10.0,4.29,6.67,2.86
Décharge Élémentaire,Elemental Discharge,3,7,0.43,43%,18.0,7.71,54,1,18.0,7.71,9.0,3.85
Bâton de Conquête,Conquering Staff,2,7,0.29,29%,24.0,6.86,48,2,12.0,3.43,8.0,2.29
Esprit de l'Écuyer,Spirit of the Squire,7,7,1.0,100%,6.43,6.43,45,3,2.14,2.14,1.61,1.61
Lame Affutée,Sharp Blade,4,7,0.57,57%,8.25,4.71,33,3,2.75,1.57,2.06,1.18
Marteau Collecteur,Collecting Hammer,4,7,0.57,57%,7.5,4.29,30,2,3.75,2.15,2.5,1.43
Esprit Sauvage,Wild Spirit,3,7,0.43,43%,10.0,4.29,30,0,Gratuit,Gratuit,10.0,4.29
Tombeau Rocheux,Rock Tomb,3,7,0.43,43%,10.0,4.29,30,1,10.0,4.29,5.0,2.15
Ascension Divine,Divine Ascent,1,7,0.14,14%,25.0,3.57,25,3,8.33,1.19,6.25,0.89
Totem du Gardien,Guardian Totem,7,7,1.0,100%,3.43,3.43,24,3,1.14,1.14,0.86,0.86
Armure d'Obsidienne,Obsidian Battle Plate,1,7,0.14,14%,20.0,2.86,20,2,10.0,1.43,6.67,0.95
Le Marionnettiste,The Puppeteer,1,7,0.14,14%,20.0,2.86,20,2,10.0,1.43,6.67,0.95
Marteleur précis,Precise Hammer,1,7,0.14,14%,18.0,2.57,18,1,18.0,2.57,9.0,1.28
Mental d'Acier,Steel Aura,1,7,0.14,14%,18.0,2.57,18,2,9.0,1.28,6.0,0.86
Économe Sagesse du Trésorier,Treasurer's Wisdom,1,7,0.14,14%,17.0,2.43,17,2,8.5,1.22,5.67,0.81
Œil de Lynx,Hawk's Eye,2,7,0.29,29%,8.0,2.29,16,0,Gratuit,Gratuit,8.0,2.29
Adrénaline Arcanique,Arcane Adrenaline,1,7,0.14,14%,16.0,2.29,16,1,16.0,2.29,8.0,1.15
Soif de Sang,Thirsty Dagger,1,7,0.14,14%,15.0,2.14,15,0,Gratuit,Gratuit,15.0,2.14
Hache Frénétique,Berseker Ax,1,7,0.14,14%,14.0,2.0,14,2,7.0,1.0,4.67,0.67
Bâton du Conquérant,Staff of Conquered Worlds,1,7,0.14,14%,11.0,1.57,11,0,Gratuit,Gratuit,11.0,1.57
Coup de Mort,Death Helper,1,7,0.14,14%,10.0,1.43,10,1,10.0,1.43,5.0,0.71
Danse Macabre,Dance of Death,1,7,0.14,14%,8.0,1.14,8,1,8.0,1.14,4.0,0.57
