,Nom Anglais,nb games valide,total games,ratio,%,pts moy,pts moy total,total point,cout,pts par cout moy,pts par cout total,pts par cout moy+1,pts par cout total+1
Griffes Sauvages,Wild Claw,9,9,1.0,100%,15.89,15.89,143,3,5.3,5.3,3.97,3.97
Totem Équivalent,Equivalent Totem,9,9,1.0,100%,14.56,14.56,131,2,7.28,7.28,4.85,4.85
Chasseur de Bêtes,Beast Hunter,6,9,0.67,67%,18.0,12.0,108,2,9.0,6.0,6.0,4.0
Assistance Divine,Sacred Help,5,9,0.56,56%,20.0,11.11,100,2,10.0,5.55,6.67,3.7
Aveuglement,Incapacitor,9,9,1.0,100%,11.0,11.0,99,3,3.67,3.67,2.75,2.75
Faux,Scythe,9,9,1.0,100%,9.33,9.33,84,3,3.11,3.11,2.33,2.33
Bâton de Conquête,Conquering Staff,3,9,0.33,33%,24.0,8.0,72,2,12.0,4.0,8.0,2.67
Esprit de l'Écuyer,Spirit of the Squire,9,9,1.0,100%,7.33,7.33,66,3,2.44,2.44,1.83,1.83
Décharge Élémentaire,Elemental Discharge,3,9,0.33,33%,18.0,6.0,54,1,18.0,6.0,9.0,3.0
Ascension Divine,Divine Ascent,2,9,0.22,22%,25.0,5.56,50,3,8.33,1.85,6.25,1.39
Esprit Sauvage,Wild Spirit,5,9,0.56,56%,10.0,5.56,50,0,Gratuit,Gratuit,10.0,5.56
Tombeau Rocheux,Rock Tomb,5,9,0.56,56%,10.0,5.56,50,1,10.0,5.56,5.0,2.78
Lame Affutée,Sharp Blade,5,9,0.56,56%,9.6,5.33,48,3,3.2,1.78,2.4,1.33
Marteau Collecteur,Collecting Hammer,5,9,0.56,56%,8.4,4.67,42,2,4.2,2.33,2.8,1.56
Armure d'Obsidienne,Obsidian Battle Plate,2,9,0.22,22%,20.0,4.44,40,2,10.0,2.22,6.67,1.48
Pillard Féroce,Savage Looter,2,9,0.22,22%,20.0,4.44,40,1,20.0,4.44,10.0,2.22
Mental d'Acier,Steel Aura,2,9,0.22,22%,18.0,4.0,36,2,9.0,2.0,6.0,1.33
Économe Sagesse du Trésorier,Treasurer's Wisdom,2,9,0.22,22%,17.0,3.78,34,2,8.5,1.89,5.67,1.26
Totem du Gardien,Guardian Totem,9,9,1.0,100%,3.44,3.44,31,3,1.15,1.15,0.86,0.86
Hache Frénétique,Berseker Ax,2,9,0.22,22%,14.0,3.11,28,2,7.0,1.55,4.67,1.04
Œil de Lynx,Hawk's Eye,3,9,0.33,33%,8.0,2.67,24,0,Gratuit,Gratuit,8.0,2.67
Coup de Mort,Death Helper,2,9,0.22,22%,10.0,2.22,20,1,10.0,2.22,5.0,1.11
Le Marionnettiste,The Puppeteer,1,9,0.11,11%,20.0,2.22,20,2,10.0,1.11,6.67,0.74
Marteleur précis,Precise Hammer,1,9,0.11,11%,18.0,2.0,18,1,18.0,2.0,9.0,1.0
Esprit omniprésent,Omnipresent Spirit,1,9,0.11,11%,18.0,2.0,18,2,9.0,1.0,6.0,0.67
Épée Obscure,Swords of Darkness,1,9,0.11,11%,17.0,1.89,17,1,17.0,1.89,8.5,0.94
Adrénaline Arcanique,Arcane Adrenaline,1,9,0.11,11%,16.0,1.78,16,1,16.0,1.78,8.0,0.89
Danse Macabre,Dance of Death,2,9,0.22,22%,8.0,1.78,16,1,8.0,1.78,4.0,0.89
Soif de Sang,Thirsty Dagger,1,9,0.11,11%,15.0,1.67,15,0,Gratuit,Gratuit,15.0,1.67
Bâton du Conquérant,Staff of Conquered Worlds,1,9,0.11,11%,11.0,1.22,11,0,Gratuit,Gratuit,11.0,1.22
