,Nom Anglais,nb games valide,total games,ratio,%,pts moy,pts moy total,total point,cout,pts par cout moy,pts par cout total,pts par cout moy+1,pts par cout total+1
Griffes Sauvages,Wild Claw,8,8,1.0,100%,15.0,15.0,120,3,5.0,5.0,3.75,3.75
Totem Équivalent,Equivalent Totem,8,8,1.0,100%,14.12,14.12,113,2,7.06,7.06,4.71,4.71
Chasseur de Bêtes,Beast Hunter,5,8,0.62,62%,18.0,11.25,90,2,9.0,5.62,6.0,3.75
Aveuglement,Incapacitor,8,8,1.0,100%,10.5,10.5,84,3,3.5,3.5,2.62,2.62
Assistance Divine,Sacred Help,4,8,0.5,50%,20.0,10.0,80,2,10.0,5.0,6.67,3.33
Faux,Scythe,8,8,1.0,100%,8.75,8.75,70,3,2.92,2.92,2.19,2.19
Décharge Élémentaire,Elemental Discharge,3,8,0.38,38%,18.0,6.75,54,1,18.0,6.75,9.0,3.38
Esprit de l'Écuyer,Spirit of the Squire,8,8,1.0,100%,6.38,6.38,51,3,2.13,2.13,1.59,1.59
Bâton de Conquête,Conquering Staff,2,8,0.25,25%,24.0,6.0,48,2,12.0,3.0,8.0,2.0
Marteau Collecteur,Collecting Hammer,5,8,0.62,62%,8.4,5.25,42,2,4.2,2.62,2.8,1.75
Esprit Sauvage,Wild Spirit,4,8,0.5,50%,10.0,5.0,40,0,Gratuit,Gratuit,10.0,5.0
Armure d'Obsidienne,Obsidian Battle Plate,2,8,0.25,25%,20.0,5.0,40,2,10.0,2.5,6.67,1.67
Tombeau Rocheux,Rock Tomb,4,8,0.5,50%,10.0,5.0,40,1,10.0,5.0,5.0,2.5
Mental d'Acier,Steel Aura,2,8,0.25,25%,18.0,4.5,36,2,9.0,2.25,6.0,1.5
Lame Affutée,Sharp Blade,4,8,0.5,50%,8.25,4.12,33,3,2.75,1.37,2.06,1.03
Totem du Gardien,Guardian Totem,8,8,1.0,100%,3.25,3.25,26,3,1.08,1.08,0.81,0.81
Ascension Divine,Divine Ascent,1,8,0.12,12%,25.0,3.12,25,3,8.33,1.04,6.25,0.78
Pillard Féroce,Savage Looter,1,8,0.12,12%,20.0,2.5,20,1,20.0,2.5,10.0,1.25
Le Marionnettiste,The Puppeteer,1,8,0.12,12%,20.0,2.5,20,2,10.0,1.25,6.67,0.83
Marteleur précis,Precise Hammer,1,8,0.12,12%,18.0,2.25,18,1,18.0,2.25,9.0,1.12
Esprit omniprésent,Omnipresent Spirit,1,8,0.12,12%,18.0,2.25,18,2,9.0,1.12,6.0,0.75
Économe Sagesse du Trésorier,Treasurer's Wisdom,1,8,0.12,12%,17.0,2.12,17,2,8.5,1.06,5.67,0.71
Œil de Lynx,Hawk's Eye,2,8,0.25,25%,8.0,2.0,16,0,Gratuit,Gratuit,8.0,2.0
Adrénaline Arcanique,Arcane Adrenaline,1,8,0.12,12%,16.0,2.0,16,1,16.0,2.0,8.0,1.0
Soif de Sang,Thirsty Dagger,1,8,0.12,12%,15.0,1.88,15,0,Gratuit,Gratuit,15.0,1.88
Hache Frénétique,Berseker Ax,1,8,0.12,12%,14.0,1.75,14,2,7.0,0.88,4.67,0.58
Bâton du Conquérant,Staff of Conquered Worlds,1,8,0.12,12%,11.0,1.38,11,0,Gratuit,Gratuit,11.0,1.38
Coup de Mort,Death Helper,1,8,0.12,12%,10.0,1.25,10,1,10.0,1.25,5.0,0.62
Danse Macabre,Dance of Death,1,8,0.12,12%,8.0,1.0,8,1,8.0,1.0,4.0,0.5
