,Nom Anglais,nb games valide,total games,ratio,%,pts moy,pts moy total,total point,cout,pts par cout moy,pts par cout total
Aveuglement,Incapacitor,9,9,1.0,100%,22.0,22.0,198,3,7.33,7.33
Griffes Sauvages,Wild Claw,9,9,1.0,100%,19.44,19.44,175,3,6.48,6.48
Assistance Divine,Sacred Help,7,9,0.78,78%,20.0,15.56,140,2,10.0,7.78
Armure d'Obsidienne,Obsidian Battle Plate,6,9,0.67,67%,20.0,13.33,120,2,10.0,6.67
Bâton de Conquête,Conquering Staff,4,9,0.44,44%,24.0,10.67,96,2,12.0,5.33
Faux,Scythe,9,9,1.0,100%,10.33,10.33,93,3,3.44,3.44
Chasseur de Bêtes,Beast Hunter,5,9,0.56,56%,18.0,10.0,90,2,9.0,5.0
Esprit de l'Écuyer,Spirit of the Squire,9,9,1.0,100%,9.33,9.33,84,3,3.11,3.11
Décharge Élémentaire,Elemental Discharge,4,9,0.44,44%,18.0,8.0,72,1,18.0,8.0
Tombeau Rocheux,Rock Tomb,7,9,0.78,78%,10.0,7.78,70,1,10.0,7.78
Lame Affutée,Sharp Blade,8,9,0.89,89%,8.25,7.33,66,3,2.75,2.44
Pillard Féroce,Savage Looter,3,9,0.33,33%,20.0,6.67,60,1,20.0,6.67
Esprit Sauvage,Wild Spirit,6,9,0.67,67%,10.0,6.67,60,0,Gratuit,Gratuit
Hache Frénétique,Berseker Ax,4,9,0.44,44%,14.0,6.22,56,2,7.0,3.11
Sabre Versatile,Versatil Saber,5,9,0.56,56%,11.0,6.11,55,1,11.0,6.11
Être de Lumière,Being of Light,3,9,0.33,33%,18.0,6.0,54,1,18.0,6.0
Économe Sagesse du Trésorier,Treasurer's Wisdom,3,9,0.33,33%,17.0,5.67,51,2,8.5,2.83
Armure d'Immortel,Immortal Breastplate,3,9,0.33,33%,14.0,4.67,42,1,14.0,4.67
Marteleur précis,Precise Hammer,2,9,0.22,22%,18.0,4.0,36,1,18.0,4.0
Œil de Lynx,Hawk's Eye,4,9,0.44,44%,8.0,3.56,32,0,Gratuit,Gratuit
Coup de Mort,Death Helper,3,9,0.33,33%,10.0,3.33,30,1,10.0,3.33
Soif de Sang,Thirsty Dagger,2,9,0.22,22%,15.0,3.33,30,0,Gratuit,Gratuit
Esquive Salvatrice,Evasive Protection,2,9,0.22,22%,15.0,3.33,30,0,Gratuit,Gratuit
Totem du Gardien,Guardian Totem,9,9,1.0,100%,3.22,3.22,29,3,1.07,1.07
Ascension Divine,Divine Ascent,1,9,0.11,11%,25.0,2.78,25,3,8.33,0.93
Force Divine,Divine Impetu,2,9,0.22,22%,11.0,2.44,22,0,Gratuit,Gratuit
Bâton du Conquérant,Staff of Conquered Worlds,2,9,0.22,22%,11.0,2.44,22,0,Gratuit,Gratuit
Glaive Vindicatif,Large Sword of Hate,1,9,0.11,11%,20.0,2.22,20,1,20.0,2.22
Le Marionnettiste,The Puppeteer,1,9,0.11,11%,20.0,2.22,20,2,10.0,1.11
Enchaînement Éclair,Unstoppable Lightning,1,9,0.11,11%,18.0,2.0,18,1,18.0,2.0
Mental d'Acier,Steel Aura,1,9,0.11,11%,18.0,2.0,18,2,9.0,1.0
Instinct Sanguinaire,Bloody Instinct,1,9,0.11,11%,15.0,1.67,15,2,7.5,0.83
Elan de Fureur,Rampage Momentum,1,9,0.11,11%,15.0,1.67,15,2,7.5,0.83
Épée Obscure,Swords of Darkness,1,9,0.11,11%,15.0,1.67,15,1,15.0,1.67
Le Croque-mort,The Undertaker,1,9,0.11,11%,14.0,1.56,14,1,14.0,1.56
Explosion Arcanique,Arcane Explosive,1,9,0.11,11%,12.0,1.33,12,1,12.0,1.33
Destruction Royale,Royal Destroyer,1,9,0.11,11%,11.0,1.22,11,0,Gratuit,Gratuit
Désintégrateur Magnétique,Magnetic Disintegrator,1,9,0.11,11%,11.0,1.22,11,0,Gratuit,Gratuit
Épées Jumelles,Twin Swords,1,9,0.11,11%,10.0,1.11,10,1,10.0,1.11
Lance Doublée,Dual Spear,1,9,0.11,11%,8.0,0.89,8,0,Gratuit,Gratuit
Danse Macabre,Dance of Death,1,9,0.11,11%,8.0,0.89,8,1,8.0,0.89
