,Nom Anglais,nb games valide,total games,ratio,%,pts moy,pts moy total,total point,cout,pts par cout moy,pts par cout total
Aveuglement,Incapacitor,13,13,1.0,100%,21.0,21.0,273,3,7.0,7.0
Griffes Sauvages,Wild Claw,13,13,1.0,100%,19.85,19.85,258,3,6.62,6.62
Assistance Divine,Sacred Help,11,13,0.85,85%,20.0,16.92,220,2,10.0,8.46
Armure d'Obsidienne,Obsidian Battle Plate,8,13,0.62,62%,20.0,12.31,160,2,10.0,6.16
Bâton de Conquête,Conquering Staff,6,13,0.46,46%,24.0,11.08,144,2,12.0,5.54
Chasseur de Bêtes,Beast Hunter,8,13,0.62,62%,18.0,11.08,144,2,9.0,5.54
Faux,Scythe,13,13,1.0,100%,10.31,10.31,134,3,3.44,3.44
Décharge Élémentaire,Elemental Discharge,7,13,0.54,54%,18.0,9.69,126,1,18.0,9.69
Esprit de l'Écuyer,Spirit of the Squire,13,13,1.0,100%,9.0,9.0,117,3,3.0,3.0
Lame Affutée,Sharp Blade,12,13,0.92,92%,9.5,8.77,114,3,3.17,2.92
Tombeau Rocheux,Rock Tomb,11,13,0.85,85%,10.0,8.46,110,1,10.0,8.46
Esprit Sauvage,Wild Spirit,10,13,0.77,77%,10.0,7.69,100,0,Gratuit,Gratuit
Économe Sagesse du Trésorier,Treasurer's Wisdom,5,13,0.38,38%,17.0,6.54,85,2,8.5,3.27
Pillard Féroce,Savage Looter,4,13,0.31,31%,20.0,6.15,80,1,20.0,6.15
Sabre Versatile,Versatil Saber,7,13,0.54,54%,11.0,5.92,77,1,11.0,5.92
Être de Lumière,Being of Light,4,13,0.31,31%,18.0,5.54,72,1,18.0,5.54
Armure d'Immortel,Immortal Breastplate,5,13,0.38,38%,14.0,5.38,70,1,14.0,5.38
Hache Frénétique,Berseker Ax,5,13,0.38,38%,14.0,5.38,70,2,7.0,2.69
Elan de Fureur,Rampage Momentum,4,13,0.31,31%,15.0,4.62,60,2,7.5,2.31
Esquive Salvatrice,Evasive Protection,4,13,0.31,31%,15.0,4.62,60,0,Gratuit,Gratuit
Marteleur précis,Precise Hammer,3,13,0.23,23%,18.0,4.15,54,1,18.0,4.15
Œil de Lynx,Hawk's Eye,6,13,0.46,46%,8.0,3.69,48,0,Gratuit,Gratuit
Épée Obscure,Swords of Darkness,3,13,0.23,23%,15.0,3.46,45,1,15.0,3.46
Instinct Sanguinaire,Bloody Instinct,3,13,0.23,23%,15.0,3.46,45,2,7.5,1.73
Force Divine,Divine Impetu,4,13,0.31,31%,11.0,3.38,44,0,Gratuit,Gratuit
Le Croque-mort,The Undertaker,3,13,0.23,23%,14.0,3.23,42,1,14.0,3.23
Coup de Mort,Death Helper,4,13,0.31,31%,10.0,3.08,40,1,10.0,3.08
Totem du Gardien,Guardian Totem,13,13,1.0,100%,2.85,2.85,37,3,0.95,0.95
Danse Macabre,Dance of Death,4,13,0.31,31%,8.0,2.46,32,1,8.0,2.46
Soif de Sang,Thirsty Dagger,2,13,0.15,15%,15.0,2.31,30,0,Gratuit,Gratuit
Épées Jumelles,Twin Swords,3,13,0.23,23%,10.0,2.31,30,1,10.0,2.31
Bâton Élémentaire,Earthly Staff,2,13,0.15,15%,15.0,2.31,30,0,Gratuit,Gratuit
Ascension Divine,Divine Ascent,1,13,0.08,8%,25.0,1.92,25,3,8.33,0.64
Explosion Arcanique,Arcane Explosive,2,13,0.15,15%,12.0,1.85,24,1,12.0,1.85
Lance Doublée,Dual Spear,3,13,0.23,23%,8.0,1.85,24,0,Gratuit,Gratuit
Bâton du Conquérant,Staff of Conquered Worlds,2,13,0.15,15%,11.0,1.69,22,0,Gratuit,Gratuit
Désintégrateur Magnétique,Magnetic Disintegrator,2,13,0.15,15%,11.0,1.69,22,0,Gratuit,Gratuit
Destruction Royale,Royal Destroyer,2,13,0.15,15%,11.0,1.69,22,0,Gratuit,Gratuit
Glaive Vindicatif,Large Sword of Hate,1,13,0.08,8%,20.0,1.54,20,1,20.0,1.54
Le Marionnettiste,The Puppeteer,1,13,0.08,8%,20.0,1.54,20,2,10.0,0.77
Épé Sainte,Holy Sword,2,13,0.15,15%,10.0,1.54,20,0,Gratuit,Gratuit
Mental d'Acier,Steel Aura,1,13,0.08,8%,18.0,1.38,18,2,9.0,0.69
Enchaînement Éclair,Unstoppable Lightning,1,13,0.08,8%,18.0,1.38,18,1,18.0,1.38
Amulette Omnisciente,Omnipresent Amulet,1,13,0.08,8%,11.0,0.85,11,0,Gratuit,Gratuit
