,Nom Anglais,nb games valide,total games,ratio,%,pts moy,pts moy total,total point,cout,pts par cout moy,pts par cout total,pts par cout moy+1,pts par cout total+1
Bâton de Conquête,Conquering Staff,1,1,1.0,100%,24.0,24.0,24,2,12.0,12.0,8.0,8.0
Vision Céleste,Heavenly Vision,1,1,1.0,100%,22.0,22.0,22,2,11.0,11.0,7.33,7.33
Armure d'Obsidienne,Obsidian Battle Plate,1,1,1.0,100%,20.0,20.0,20,2,10.0,10.0,6.67,6.67
Assistance Divine,Sacred Help,1,1,1.0,100%,20.0,20.0,20,2,10.0,10.0,6.67,6.67
Décharge Élémentaire,Elemental Discharge,1,1,1.0,100%,18.0,18.0,18,1,18.0,18.0,9.0,9.0
Être de Lumière,Being of Light,1,1,1.0,100%,18.0,18.0,18,1,18.0,18.0,9.0,9.0
Mental d'Acier,Steel Aura,1,1,1.0,100%,18.0,18.0,18,2,9.0,9.0,6.0,6.0
Armure d'Immortel,Immortal Breastplate,1,1,1.0,100%,16.0,16.0,16,1,16.0,16.0,8.0,8.0
Aveuglement,Incapacitor,1,1,1.0,100%,15.0,15.0,15,3,5.0,5.0,3.75,3.75
Marteau Collecteur,Collecting Hammer,1,1,1.0,100%,14.0,14.0,14,2,7.0,7.0,4.67,4.67
Totem Équivalent,Equivalent Totem,1,1,1.0,100%,14.0,14.0,14,2,7.0,7.0,4.67,4.67
Griffes Sauvages,Wild Claw,1,1,1.0,100%,13.0,13.0,13,3,4.33,4.33,3.25,3.25
Sabre Versatile,Versatil Saber,1,1,1.0,100%,11.0,11.0,11,1,11.0,11.0,5.5,5.5
Bâton du Conquérant,Staff of Conquered Worlds,1,1,1.0,100%,11.0,11.0,11,0,Gratuit,Gratuit,11.0,11.0
Désintégrateur Magnétique,Magnetic Disintegrator,1,1,1.0,100%,11.0,11.0,11,0,Gratuit,Gratuit,11.0,11.0
Œil de Lynx,Hawk's Eye,1,1,1.0,100%,10.0,10.0,10,0,Gratuit,Gratuit,10.0,10.0
Tombeau Rocheux,Rock Tomb,1,1,1.0,100%,10.0,10.0,10,1,10.0,10.0,5.0,5.0
Totem du Gardien,Guardian Totem,1,1,1.0,100%,9.0,9.0,9,3,3.0,3.0,2.25,2.25
Faux,Scythe,1,1,1.0,100%,8.0,8.0,8,3,2.67,2.67,2.0,2.0
Esprit de l'Écuyer,Spirit of the Squire,1,1,1.0,100%,6.0,6.0,6,3,2.0,2.0,1.5,1.5
Lame Affutée,Sharp Blade,1,1,1.0,100%,3.0,3.0,3,3,1.0,1.0,0.75,0.75
