,Nom Anglais,nb games valide,total games,ratio,%,pts moy,pts moy total,total point,cout,pts par cout moy,pts par cout total
Bâton de Conquête,Conquering Staff,1,1,1.0,100%,24.0,24.0,24,2,12.0,12.0
Aveuglement,Incapacitor,1,1,1.0,100%,15.0,15.0,15,3,5.0,5.0
Griffes Sauvages,Wild Claw,1,1,1.0,100%,13.0,13.0,13,3,4.33,4.33
Totem Équivalent,Equivalent Totem,1,1,1.0,100%,13.0,13.0,13,1,13.0,13.0
Faux,Scythe,1,1,1.0,100%,8.0,8.0,8,3,2.67,2.67
Esprit de l'Écuyer,Spirit of the Squire,1,1,1.0,100%,6.0,6.0,6,3,2.0,2.0
Totem du Gardien,Guardian Totem,1,1,1.0,100%,2.0,2.0,2,3,0.67,0.67
