,Nom Anglais,nb games valide,total games,ratio,%,pts moy,pts moy total,total point,cout,pts par cout moy,pts par cout total
Aura Légendaire,Legend Aura,1,1,1.0,100%,40.0,40.0,40,3,13.33,13.33
Bâton de Conquête,Conquering Staff,1,1,1.0,100%,24.0,24.0,24,2,12.0,12.0
Lame Affutée,Sharp Blade,1,1,1.0,100%,24.0,24.0,24,3,8.0,8.0
Aveuglement,Incapacitor,1,1,1.0,100%,24.0,24.0,24,3,8.0,8.0
Armure d'Obsidienne,Obsidian Battle Plate,1,1,1.0,100%,20.0,20.0,20,2,10.0,10.0
Pillard Féroce,Savage Looter,1,1,1.0,100%,20.0,20.0,20,1,20.0,20.0
Griffes Sauvages,Wild Claw,1,1,1.0,100%,20.0,20.0,20,3,6.67,6.67
Chasseur de Bêtes,Beast Hunter,1,1,1.0,100%,18.0,18.0,18,2,9.0,9.0
Marteau Collecteur,Collecting Hammer,1,1,1.0,100%,18.0,18.0,18,2,9.0,9.0
Parchemin Secret,Secret Scroll,1,1,1.0,100%,18.0,18.0,18,2,9.0,9.0
Enchaînement Éclair,Unstoppable Lightning,1,1,1.0,100%,18.0,18.0,18,1,18.0,18.0
Décharge Élémentaire,Elemental Discharge,1,1,1.0,100%,18.0,18.0,18,1,18.0,18.0
Marteleur précis,Precise Hammer,1,1,1.0,100%,18.0,18.0,18,1,18.0,18.0
Épée Obscure,Swords of Darkness,1,1,1.0,100%,17.0,17.0,17,1,17.0,17.0
Économe Sagesse du Trésorier,Treasurer's Wisdom,1,1,1.0,100%,17.0,17.0,17,2,8.5,8.5
Totem Équivalent,Equivalent Totem,1,1,1.0,100%,17.0,17.0,17,1,17.0,17.0
Lame Insatiable,Fast Furious Blade,1,1,1.0,100%,16.0,16.0,16,2,8.0,8.0
Faux,Scythe,1,1,1.0,100%,15.0,15.0,15,3,5.0,5.0
Elan de Fureur,Rampage Momentum,1,1,1.0,100%,15.0,15.0,15,2,7.5,7.5
Armure d'Immortel,Immortal Breastplate,1,1,1.0,100%,14.0,14.0,14,1,14.0,14.0
Couronne du Roi Nain,Crown of the Dwarf King,1,1,1.0,100%,13.0,13.0,13,0,Gratuit,Gratuit
Sabre Versatile,Versatil Saber,1,1,1.0,100%,11.0,11.0,11,1,11.0,11.0
Bâton du Conquérant,Staff of Conquered Worlds,1,1,1.0,100%,11.0,11.0,11,0,Gratuit,Gratuit
Désintégrateur Magnétique,Magnetic Disintegrator,1,1,1.0,100%,11.0,11.0,11,0,Gratuit,Gratuit
Tombeau Rocheux,Rock Tomb,1,1,1.0,100%,10.0,10.0,10,1,10.0,10.0
Esprit Sauvage,Wild Spirit,1,1,1.0,100%,10.0,10.0,10,0,Gratuit,Gratuit
Épé Sainte,Holy Sword,1,1,1.0,100%,10.0,10.0,10,0,Gratuit,Gratuit
Œil de Lynx,Hawk's Eye,1,1,1.0,100%,8.0,8.0,8,0,Gratuit,Gratuit
Danse Macabre,Dance of Death,1,1,1.0,100%,8.0,8.0,8,1,8.0,8.0
Totem du Gardien,Guardian Totem,1,1,1.0,100%,8.0,8.0,8,3,2.67,2.67
Esprit de l'Écuyer,Spirit of the Squire,1,1,1.0,100%,3.0,3.0,3,3,1.0,1.0
