,Nom Anglais,nb games valide,total games,ratio,%,pts moy,pts moy total,total point,cout,pts par cout moy,pts par cout total,pts par cout moy+1,pts par cout total+1
Chasseur de Bêtes,Beast Hunter,9,9,1.0,100%,18.0,18.0,162,2,9.0,9.0,6.0,6.0
Pillard Féroce,Savage Looter,8,9,0.89,89%,20.0,17.78,160,1,20.0,17.78,10.0,8.89
Griffes Sauvages,Wild Claw,9,9,1.0,100%,17.44,17.44,157,3,5.81,5.81,4.36,4.36
Lame Affutée,Sharp Blade,8,9,0.89,89%,17.25,15.33,138,3,5.75,5.11,4.31,3.83
Totem Équivalent,Equivalent Totem,9,9,1.0,100%,14.89,14.89,134,2,7.45,7.45,4.96,4.96
Décharge Élémentaire,Elemental Discharge,7,9,0.78,78%,18.0,14.0,126,1,18.0,14.0,9.0,7.0
Aura Légendaire,Legend Aura,3,9,0.33,33%,40.0,13.33,120,3,13.33,4.44,10.0,3.33
Armure d'Obsidienne,Obsidian Battle Plate,6,9,0.67,67%,20.0,13.33,120,2,10.0,6.67,6.67,4.44
Aveuglement,Incapacitor,8,9,0.89,89%,13.12,11.67,105,3,4.37,3.89,3.28,2.92
Marteau Collecteur,Collecting Hammer,7,9,0.78,78%,14.57,11.33,102,2,7.29,5.67,4.86,3.78
Faux,Scythe,9,9,1.0,100%,10.89,10.89,98,3,3.63,3.63,2.72,2.72
Enchaînement Éclair,Unstoppable Lightning,5,9,0.56,56%,18.0,10.0,90,1,18.0,10.0,9.0,5.0
Tombeau Rocheux,Rock Tomb,9,9,1.0,100%,10.0,10.0,90,1,10.0,10.0,5.0,5.0
Esprit Sauvage,Wild Spirit,8,9,0.89,89%,10.0,8.89,80,0,Gratuit,Gratuit,10.0,8.89
Esprit de l'Écuyer,Spirit of the Squire,8,9,0.89,89%,9.38,8.33,75,3,3.13,2.78,2.35,2.08
Elan de Fureur,Rampage Momentum,5,9,0.56,56%,15.0,8.33,75,2,7.5,4.17,5.0,2.78
Bâton de Conquête,Conquering Staff,3,9,0.33,33%,24.0,8.0,72,2,12.0,4.0,8.0,2.67
Parchemin Secret,Secret Scroll,4,9,0.44,44%,18.0,8.0,72,2,9.0,4.0,6.0,2.67
Hache Frénétique,Berseker Ax,5,9,0.56,56%,14.0,7.78,70,2,7.0,3.89,4.67,2.59
Épée Obscure,Swords of Darkness,4,9,0.44,44%,17.0,7.56,68,1,17.0,7.56,8.5,3.78
Sabre Versatile,Versatil Saber,6,9,0.67,67%,11.0,7.33,66,1,11.0,7.33,5.5,3.67
Esprit omniprésent,Omnipresent Spirit,3,9,0.33,33%,18.0,6.0,54,2,9.0,3.0,6.0,2.0
Être de Lumière,Being of Light,3,9,0.33,33%,18.0,6.0,54,1,18.0,6.0,9.0,3.0
Épé Sainte,Holy Sword,5,9,0.56,56%,10.0,5.56,50,0,Gratuit,Gratuit,10.0,5.56
Chasseur d'Âmes,Soul Hunter,3,9,0.33,33%,15.0,5.0,45,1,15.0,5.0,7.5,2.5
Force Divine,Divine Impetu,4,9,0.44,44%,11.0,4.89,44,0,Gratuit,Gratuit,11.0,4.89
Danse Macabre,Dance of Death,5,9,0.56,56%,8.0,4.44,40,1,8.0,4.44,4.0,2.22
Totem du Gardien,Guardian Totem,9,9,1.0,100%,3.89,3.89,35,3,1.3,1.3,0.97,0.97
Œil de Lynx,Hawk's Eye,4,9,0.44,44%,8.0,3.56,32,0,Gratuit,Gratuit,8.0,3.56
Coup de Mort,Death Helper,3,9,0.33,33%,10.0,3.33,30,1,10.0,3.33,5.0,1.67
Armure d'Immortel,Immortal Breastplate,2,9,0.22,22%,14.0,3.11,28,1,14.0,3.11,7.0,1.55
Couronne du Roi Nain,Crown of the Dwarf King,2,9,0.22,22%,13.0,2.89,26,0,Gratuit,Gratuit,13.0,2.89
Bâton du Conquérant,Staff of Conquered Worlds,2,9,0.22,22%,11.0,2.44,22,0,Gratuit,Gratuit,11.0,2.44
Désintégrateur Magnétique,Magnetic Disintegrator,2,9,0.22,22%,11.0,2.44,22,0,Gratuit,Gratuit,11.0,2.44
Marteleur précis,Precise Hammer,1,9,0.11,11%,18.0,2.0,18,1,18.0,2.0,9.0,1.0
Mental d'Acier,Steel Aura,1,9,0.11,11%,18.0,2.0,18,2,9.0,1.0,6.0,0.67
Économe Sagesse du Trésorier,Treasurer's Wisdom,1,9,0.11,11%,17.0,1.89,17,2,8.5,0.94,5.67,0.63
Esprit Guerrier,Spirit of the Warrior,1,9,0.11,11%,16.0,1.78,16,1,16.0,1.78,8.0,0.89
Adrénaline Arcanique,Arcane Adrenaline,1,9,0.11,11%,16.0,1.78,16,1,16.0,1.78,8.0,0.89
Lame Insatiable,Fast Furious Blade,1,9,0.11,11%,16.0,1.78,16,2,8.0,0.89,5.33,0.59
Le Traqueur,The Stalker,1,9,0.11,11%,16.0,1.78,16,3,5.33,0.59,4.0,0.45
Masse de Siège,Siege Mace,1,9,0.11,11%,16.0,1.78,16,0,Gratuit,Gratuit,16.0,1.78
Amulette Omnisciente,Omnipresent Amulet,1,9,0.11,11%,11.0,1.22,11,0,Gratuit,Gratuit,11.0,1.22
