,Nom Anglais,nb games valide,total games,ratio,%,pts moy,pts moy total,total point,cout,pts par cout moy,pts par cout total,pts par cout moy+1,pts par cout total+1
Chasseur de Bêtes,Beast Hunter,8,8,1.0,100%,18.0,18.0,144,2,9.0,9.0,6.0,6.0
Pillard Féroce,Savage Looter,7,8,0.88,88%,20.0,17.5,140,1,20.0,17.5,10.0,8.75
Griffes Sauvages,Wild Claw,8,8,1.0,100%,17.5,17.5,140,3,5.83,5.83,4.38,4.38
Lame Affutée,Sharp Blade,8,8,1.0,100%,17.25,17.25,138,3,5.75,5.75,4.31,4.31
Décharge Élémentaire,Elemental Discharge,7,8,0.88,88%,18.0,15.75,126,1,18.0,15.75,9.0,7.88
Totem Équivalent,Equivalent Totem,8,8,1.0,100%,15.25,15.25,122,2,7.62,7.62,5.08,5.08
Aura Légendaire,Legend Aura,3,8,0.38,38%,40.0,15.0,120,3,13.33,5.0,10.0,3.75
Armure d'Obsidienne,Obsidian Battle Plate,6,8,0.75,75%,20.0,15.0,120,2,10.0,7.5,6.67,5.0
Marteau Collecteur,Collecting Hammer,7,8,0.88,88%,14.57,12.75,102,2,7.29,6.38,4.86,4.25
Aveuglement,Incapacitor,7,8,0.88,88%,13.71,12.0,96,3,4.57,4.0,3.43,3.0
Enchaînement Éclair,Unstoppable Lightning,5,8,0.62,62%,18.0,11.25,90,1,18.0,11.25,9.0,5.62
Faux,Scythe,8,8,1.0,100%,11.12,11.12,89,3,3.71,3.71,2.78,2.78
Tombeau Rocheux,Rock Tomb,8,8,1.0,100%,10.0,10.0,80,1,10.0,10.0,5.0,5.0
Elan de Fureur,Rampage Momentum,5,8,0.62,62%,15.0,9.38,75,2,7.5,4.69,5.0,3.13
Esprit de l'Écuyer,Spirit of the Squire,8,8,1.0,100%,9.38,9.38,75,3,3.13,3.13,2.35,2.35
Bâton de Conquête,Conquering Staff,3,8,0.38,38%,24.0,9.0,72,2,12.0,4.5,8.0,3.0
Parchemin Secret,Secret Scroll,4,8,0.5,50%,18.0,9.0,72,2,9.0,4.5,6.0,3.0
Esprit Sauvage,Wild Spirit,7,8,0.88,88%,10.0,8.75,70,0,Gratuit,Gratuit,10.0,8.75
Hache Frénétique,Berseker Ax,5,8,0.62,62%,14.0,8.75,70,2,7.0,4.38,4.67,2.92
Épée Obscure,Swords of Darkness,4,8,0.5,50%,17.0,8.5,68,1,17.0,8.5,8.5,4.25
Sabre Versatile,Versatil Saber,6,8,0.75,75%,11.0,8.25,66,1,11.0,8.25,5.5,4.12
Esprit omniprésent,Omnipresent Spirit,3,8,0.38,38%,18.0,6.75,54,2,9.0,3.38,6.0,2.25
Être de Lumière,Being of Light,3,8,0.38,38%,18.0,6.75,54,1,18.0,6.75,9.0,3.38
Épé Sainte,Holy Sword,5,8,0.62,62%,10.0,6.25,50,0,Gratuit,Gratuit,10.0,6.25
Chasseur d'Âmes,Soul Hunter,3,8,0.38,38%,15.0,5.62,45,1,15.0,5.62,7.5,2.81
Force Divine,Divine Impetu,4,8,0.5,50%,11.0,5.5,44,0,Gratuit,Gratuit,11.0,5.5
Danse Macabre,Dance of Death,5,8,0.62,62%,8.0,5.0,40,1,8.0,5.0,4.0,2.5
Totem du Gardien,Guardian Totem,8,8,1.0,100%,4.25,4.25,34,3,1.42,1.42,1.06,1.06
Œil de Lynx,Hawk's Eye,4,8,0.5,50%,8.0,4.0,32,0,Gratuit,Gratuit,8.0,4.0
Coup de Mort,Death Helper,3,8,0.38,38%,10.0,3.75,30,1,10.0,3.75,5.0,1.88
Armure d'Immortel,Immortal Breastplate,2,8,0.25,25%,14.0,3.5,28,1,14.0,3.5,7.0,1.75
Couronne du Roi Nain,Crown of the Dwarf King,2,8,0.25,25%,13.0,3.25,26,0,Gratuit,Gratuit,13.0,3.25
Désintégrateur Magnétique,Magnetic Disintegrator,2,8,0.25,25%,11.0,2.75,22,0,Gratuit,Gratuit,11.0,2.75
Bâton du Conquérant,Staff of Conquered Worlds,2,8,0.25,25%,11.0,2.75,22,0,Gratuit,Gratuit,11.0,2.75
Marteleur précis,Precise Hammer,1,8,0.12,12%,18.0,2.25,18,1,18.0,2.25,9.0,1.12
Mental d'Acier,Steel Aura,1,8,0.12,12%,18.0,2.25,18,2,9.0,1.12,6.0,0.75
Économe Sagesse du Trésorier,Treasurer's Wisdom,1,8,0.12,12%,17.0,2.12,17,2,8.5,1.06,5.67,0.71
Esprit Guerrier,Spirit of the Warrior,1,8,0.12,12%,16.0,2.0,16,1,16.0,2.0,8.0,1.0
Adrénaline Arcanique,Arcane Adrenaline,1,8,0.12,12%,16.0,2.0,16,1,16.0,2.0,8.0,1.0
Lame Insatiable,Fast Furious Blade,1,8,0.12,12%,16.0,2.0,16,2,8.0,1.0,5.33,0.67
Le Traqueur,The Stalker,1,8,0.12,12%,16.0,2.0,16,3,5.33,0.67,4.0,0.5
Masse de Siège,Siege Mace,1,8,0.12,12%,16.0,2.0,16,0,Gratuit,Gratuit,16.0,2.0
Amulette Omnisciente,Omnipresent Amulet,1,8,0.12,12%,11.0,1.38,11,0,Gratuit,Gratuit,11.0,1.38
