,Nom Anglais,nb games valide,total games,ratio,%,pts moy,pts moy total,total point,cout,pts par cout moy,pts par cout total,pts par cout moy+1,pts par cout total+1
Assistance Divine,Sacred Help,21,22,0.95,95%,20.0,19.09,420,2,10.0,9.54,6.67,6.36
Pillard Féroce,Savage Looter,18,22,0.82,82%,20.0,16.36,360,1,20.0,16.36,10.0,8.18
Chasseur de Bêtes,Beast Hunter,20,22,0.91,91%,18.0,16.36,360,2,9.0,8.18,6.0,5.45
Griffes Sauvages,Wild Claw,22,22,1.0,100%,15.68,15.68,345,3,5.23,5.23,3.92,3.92
Totem Équivalent,Equivalent Totem,22,22,1.0,100%,14.23,14.23,313,2,7.12,7.12,4.74,4.74
Décharge Élémentaire,Elemental Discharge,14,22,0.64,64%,18.0,11.45,252,1,18.0,11.45,9.0,5.72
Marteau Collecteur,Collecting Hammer,16,22,0.73,73%,15.75,11.45,252,2,7.88,5.72,5.25,3.82
Armure d'Obsidienne,Obsidian Battle Plate,12,22,0.55,55%,20.0,10.91,240,2,10.0,5.46,6.67,3.64
Lame Affutée,Sharp Blade,21,22,0.95,95%,11.43,10.91,240,3,3.81,3.64,2.86,2.73
Esprit de l'Écuyer,Spirit of the Squire,20,22,0.91,91%,11.25,10.23,225,3,3.75,3.41,2.81,2.56
Tombeau Rocheux,Rock Tomb,22,22,1.0,100%,10.0,10.0,220,1,10.0,10.0,5.0,5.0
Être de Lumière,Being of Light,12,22,0.55,55%,18.0,9.82,216,1,18.0,9.82,9.0,4.91
Faux,Scythe,22,22,1.0,100%,9.09,9.09,200,3,3.03,3.03,2.27,2.27
Aveuglement,Incapacitor,22,22,1.0,100%,8.45,8.45,186,3,2.82,2.82,2.11,2.11
Mental d'Acier,Steel Aura,8,22,0.36,36%,18.0,6.55,144,2,9.0,3.27,6.0,2.18
Coup de Mort,Death Helper,11,22,0.5,50%,13.0,6.5,143,1,13.0,6.5,6.5,3.25
Sabre Versatile,Versatil Saber,12,22,0.55,55%,11.0,6.0,132,1,11.0,6.0,5.5,3.0
Esprit Sauvage,Wild Spirit,13,22,0.59,59%,10.0,5.91,130,0,Gratuit,Gratuit,10.0,5.91
Enchaînement Éclair,Unstoppable Lightning,7,22,0.32,32%,18.0,5.73,126,1,18.0,5.73,9.0,2.87
Aura Légendaire,Legend Aura,3,22,0.14,14%,40.0,5.45,120,3,13.33,1.82,10.0,1.36
Elan de Fureur,Rampage Momentum,8,22,0.36,36%,15.0,5.45,120,2,7.5,2.73,5.0,1.82
Armure d'Immortel,Immortal Breastplate,6,22,0.27,27%,16.0,4.36,96,1,16.0,4.36,8.0,2.18
Œil de Lynx,Hawk's Eye,9,22,0.41,41%,10.0,4.09,90,0,Gratuit,Gratuit,10.0,4.09
Force Divine,Divine Impetu,6,22,0.27,27%,15.0,4.09,90,0,Gratuit,Gratuit,15.0,4.09
Danse Macabre,Dance of Death,11,22,0.5,50%,8.0,4.0,88,1,8.0,4.0,4.0,2.0
Épée Obscure,Swords of Darkness,5,22,0.23,23%,17.0,3.86,85,1,17.0,3.86,8.5,1.93
Hache Frénétique,Berseker Ax,6,22,0.27,27%,14.0,3.82,84,2,7.0,1.91,4.67,1.27
Esprit omniprésent,Omnipresent Spirit,4,22,0.18,18%,18.0,3.27,72,2,9.0,1.64,6.0,1.09
Économe Sagesse du Trésorier,Treasurer's Wisdom,4,22,0.18,18%,17.0,3.09,68,2,8.5,1.54,5.67,1.03
Épé Sainte,Holy Sword,6,22,0.27,27%,10.0,2.73,60,0,Gratuit,Gratuit,10.0,2.73
Le Marionnettiste,The Puppeteer,3,22,0.14,14%,20.0,2.73,60,2,10.0,1.36,6.67,0.91
Triple Météore,Trimeteor,2,22,0.09,9%,30.0,2.73,60,0,Gratuit,Gratuit,30.0,2.73
Parchemin Secret,Secret Scroll,3,22,0.14,14%,18.0,2.45,54,2,9.0,1.23,6.0,0.82
Totem du Gardien,Guardian Totem,22,22,1.0,100%,2.32,2.32,51,3,0.77,0.77,0.58,0.58
Bâton de Conquête,Conquering Staff,2,22,0.09,9%,24.0,2.18,48,2,12.0,1.09,8.0,0.73
Adrénaline Arcanique,Arcane Adrenaline,3,22,0.14,14%,16.0,2.18,48,1,16.0,2.18,8.0,1.09
Amulette Omnisciente,Omnipresent Amulet,3,22,0.14,14%,15.0,2.05,45,0,Gratuit,Gratuit,15.0,2.05
Chasseur d'Âmes,Soul Hunter,2,22,0.09,9%,20.0,1.82,40,1,20.0,1.82,10.0,0.91
Marteleur précis,Precise Hammer,2,22,0.09,9%,18.0,1.64,36,1,18.0,1.64,9.0,0.82
Désintégrateur Magnétique,Magnetic Disintegrator,3,22,0.14,14%,11.0,1.5,33,0,Gratuit,Gratuit,11.0,1.5
Bâton du Conquérant,Staff of Conquered Worlds,3,22,0.14,14%,11.0,1.5,33,0,Gratuit,Gratuit,11.0,1.5
Soif de Sang,Thirsty Dagger,2,22,0.09,9%,15.0,1.36,30,0,Gratuit,Gratuit,15.0,1.36
Couronne du Roi Nain,Crown of the Dwarf King,2,22,0.09,9%,13.0,1.18,26,0,Gratuit,Gratuit,13.0,1.18
Lame Insatiable,Fast Furious Blade,1,22,0.05,5%,16.0,0.73,16,2,8.0,0.36,5.33,0.24
Esprit Guerrier,Spirit of the Warrior,1,22,0.05,5%,16.0,0.73,16,1,16.0,0.73,8.0,0.36
Masse Colossale,Colossal Mace,1,22,0.05,5%,15.0,0.68,15,0,Gratuit,Gratuit,15.0,0.68
Explosion Arcanique,Arcane Explosive,1,22,0.05,5%,12.0,0.55,12,1,12.0,0.55,6.0,0.28
