,Nom Anglais,nb games valide,total games,ratio,%,pts moy,pts moy total,total point,cout,pts par cout moy,pts par cout total
Griffes Sauvages,Wild Claw,2,2,1.0,100%,18.5,18.5,37,3,6.17,6.17
Chasseur de Bêtes,Beast Hunter,2,2,1.0,100%,18.0,18.0,36,2,9.0,9.0
Esprit de l'Écuyer,Spirit of the Squire,2,2,1.0,100%,15.0,15.0,30,3,5.0,5.0
Aveuglement,Incapacitor,2,2,1.0,100%,12.0,12.0,24,3,4.0,4.0
Armure d'Obsidienne,Obsidian Battle Plate,1,2,0.5,50%,20.0,10.0,20,2,10.0,5.0
Assistance Divine,Sacred Help,1,2,0.5,50%,20.0,10.0,20,2,10.0,5.0
Coup de Mort,Death Helper,2,2,1.0,100%,10.0,10.0,20,1,10.0,10.0
Tombeau Rocheux,Rock Tomb,2,2,1.0,100%,10.0,10.0,20,1,10.0,10.0
Pillard Féroce,Savage Looter,1,2,0.5,50%,20.0,10.0,20,1,20.0,10.0
Décharge Élémentaire,Elemental Discharge,1,2,0.5,50%,18.0,9.0,18,1,18.0,9.0
Être de Lumière,Being of Light,1,2,0.5,50%,18.0,9.0,18,1,18.0,9.0
Faux,Scythe,2,2,1.0,100%,8.5,8.5,17,3,2.83,2.83
Soif de Sang,Thirsty Dagger,1,2,0.5,50%,15.0,7.5,15,0,Gratuit,Gratuit
Bâton Élémentaire,Earthly Staff,1,2,0.5,50%,15.0,7.5,15,0,Gratuit,Gratuit
Totem du Gardien,Guardian Totem,2,2,1.0,100%,6.0,6.0,12,3,2.0,2.0
Force Divine,Divine Impetu,1,2,0.5,50%,11.0,5.5,11,0,Gratuit,Gratuit
Sabre Versatile,Versatil Saber,1,2,0.5,50%,11.0,5.5,11,1,11.0,5.5
Amulette Omnisciente,Omnipresent Amulet,1,2,0.5,50%,11.0,5.5,11,0,Gratuit,Gratuit
Esprit Sauvage,Wild Spirit,1,2,0.5,50%,10.0,5.0,10,0,Gratuit,Gratuit
Lame Affutée,Sharp Blade,1,2,0.5,50%,9.0,4.5,9,3,3.0,1.5
Œil de Lynx,Hawk's Eye,1,2,0.5,50%,8.0,4.0,8,0,Gratuit,Gratuit
