,Nom Anglais,nb games valide,total games,ratio,%,pts moy,pts moy total,total point,cout,pts par cout moy,pts par cout total
Aveuglement,Incapacitor,7,7,1.0,100%,18.43,18.43,129,3,6.14,6.14
Griffes Sauvages,Wild Claw,7,7,1.0,100%,16.43,16.43,115,3,5.48,5.48
Assistance Divine,Sacred Help,4,7,0.57,57%,20.0,11.43,80,2,10.0,5.71
Chasseur de Bêtes,Beast Hunter,4,7,0.57,57%,18.0,10.29,72,2,9.0,5.14
Esprit de l'Écuyer,Spirit of the Squire,6,7,0.86,86%,12.0,10.29,72,3,4.0,3.43
Tombeau Rocheux,Rock Tomb,7,7,1.0,100%,10.0,10.0,70,1,10.0,10.0
Faux,Scythe,7,7,1.0,100%,8.0,8.0,56,3,2.67,2.67
Être de Lumière,Being of Light,3,7,0.43,43%,18.0,7.71,54,1,18.0,7.71
Décharge Élémentaire,Elemental Discharge,3,7,0.43,43%,18.0,7.71,54,1,18.0,7.71
Bâton de Conquête,Conquering Staff,2,7,0.29,29%,24.0,6.86,48,2,12.0,3.43
Lame Affutée,Sharp Blade,5,7,0.71,71%,8.4,6.0,42,3,2.8,2.0
Armure d'Obsidienne,Obsidian Battle Plate,2,7,0.29,29%,20.0,5.71,40,2,10.0,2.85
Coup de Mort,Death Helper,4,7,0.57,57%,10.0,5.71,40,1,10.0,5.71
Totem du Gardien,Guardian Totem,7,7,1.0,100%,4.0,4.0,28,3,1.33,1.33
Œil de Lynx,Hawk's Eye,3,7,0.43,43%,8.0,3.43,24,0,Gratuit,Gratuit
Bâton du Conquérant,Staff of Conquered Worlds,2,7,0.29,29%,11.0,3.14,22,0,Gratuit,Gratuit
Sabre Versatile,Versatil Saber,2,7,0.29,29%,11.0,3.14,22,1,11.0,3.14
Pillard Féroce,Savage Looter,1,7,0.14,14%,20.0,2.86,20,1,20.0,2.86
Esprit Sauvage,Wild Spirit,2,7,0.29,29%,10.0,2.86,20,0,Gratuit,Gratuit
Mental d'Acier,Steel Aura,1,7,0.14,14%,18.0,2.57,18,2,9.0,1.28
Marteleur précis,Precise Hammer,1,7,0.14,14%,18.0,2.57,18,1,18.0,2.57
Soif de Sang,Thirsty Dagger,1,7,0.14,14%,15.0,2.14,15,0,Gratuit,Gratuit
Instinct Sanguinaire,Bloody Instinct,1,7,0.14,14%,15.0,2.14,15,2,7.5,1.07
Épée Obscure,Swords of Darkness,1,7,0.14,14%,15.0,2.14,15,1,15.0,2.14
Bâton Élémentaire,Earthly Staff,1,7,0.14,14%,15.0,2.14,15,0,Gratuit,Gratuit
Force Divine,Divine Impetu,1,7,0.14,14%,11.0,1.57,11,0,Gratuit,Gratuit
Amulette Omnisciente,Omnipresent Amulet,1,7,0.14,14%,11.0,1.57,11,0,Gratuit,Gratuit
Épées Jumelles,Twin Swords,1,7,0.14,14%,10.0,1.43,10,1,10.0,1.43
Danse Macabre,Dance of Death,1,7,0.14,14%,8.0,1.14,8,1,8.0,1.14
