,Nom Anglais,nb games valide,total games,ratio,%,pts moy,pts moy total,total point,cout,pts par cout moy,pts par cout total,pts par cout moy+1,pts par cout total+1
Griffes Sauvages,Wild Claw,9,9,1.0,100%,15.78,15.78,142,3,5.26,5.26,3.94,3.94
Totem Équivalent,Equivalent Totem,9,9,1.0,100%,14.78,14.78,133,2,7.39,7.39,4.93,4.93
Esprit de l'Écuyer,Spirit of the Squire,8,9,0.89,89%,12.38,11.0,99,3,4.13,3.67,3.1,2.75
Décharge Élémentaire,Elemental Discharge,5,9,0.56,56%,18.0,10.0,90,1,18.0,10.0,9.0,5.0
Aveuglement,Incapacitor,9,9,1.0,100%,9.33,9.33,84,3,3.11,3.11,2.33,2.33
Faux,Scythe,9,9,1.0,100%,9.11,9.11,82,3,3.04,3.04,2.28,2.28
Armure d'Obsidienne,Obsidian Battle Plate,4,9,0.44,44%,20.0,8.89,80,2,10.0,4.45,6.67,2.96
Tombeau Rocheux,Rock Tomb,8,9,0.89,89%,10.0,8.89,80,1,10.0,8.89,5.0,4.45
Marteau Collecteur,Collecting Hammer,8,9,0.89,89%,9.75,8.67,78,2,4.88,4.33,3.25,2.89
Mental d'Acier,Steel Aura,4,9,0.44,44%,18.0,8.0,72,2,9.0,4.0,6.0,2.67
Bâton de Conquête,Conquering Staff,3,9,0.33,33%,24.0,8.0,72,2,12.0,4.0,8.0,2.67
Marteleur précis,Precise Hammer,4,9,0.44,44%,18.0,8.0,72,1,18.0,8.0,9.0,4.0
Chasseur de Bêtes,Beast Hunter,4,9,0.44,44%,18.0,8.0,72,2,9.0,4.0,6.0,2.67
Pillard Féroce,Savage Looter,3,9,0.33,33%,20.0,6.67,60,1,20.0,6.67,10.0,3.33
Lame Affutée,Sharp Blade,7,9,0.78,78%,8.14,6.33,57,3,2.71,2.11,2.04,1.58
Sabre Versatile,Versatil Saber,5,9,0.56,56%,11.0,6.11,55,1,11.0,6.11,5.5,3.06
Coup de Mort,Death Helper,5,9,0.56,56%,10.0,5.56,50,1,10.0,5.56,5.0,2.78
Esprit Sauvage,Wild Spirit,5,9,0.56,56%,10.0,5.56,50,0,Gratuit,Gratuit,10.0,5.56
Hache Frénétique,Berseker Ax,3,9,0.33,33%,14.0,4.67,42,2,7.0,2.33,4.67,1.56
Assistance Divine,Sacred Help,2,9,0.22,22%,20.0,4.44,40,2,10.0,2.22,6.67,1.48
Œil de Lynx,Hawk's Eye,5,9,0.56,56%,8.0,4.44,40,0,Gratuit,Gratuit,8.0,4.44
Le Marionnettiste,The Puppeteer,2,9,0.22,22%,20.0,4.44,40,2,10.0,2.22,6.67,1.48
Esprit omniprésent,Omnipresent Spirit,2,9,0.22,22%,18.0,4.0,36,2,9.0,2.0,6.0,1.33
Être de Lumière,Being of Light,2,9,0.22,22%,18.0,4.0,36,1,18.0,4.0,9.0,2.0
Économe Sagesse du Trésorier,Treasurer's Wisdom,2,9,0.22,22%,17.0,3.78,34,2,8.5,1.89,5.67,1.26
Totem du Gardien,Guardian Totem,9,9,1.0,100%,3.0,3.0,27,3,1.0,1.0,0.75,0.75
Désintégrateur Magnétique,Magnetic Disintegrator,2,9,0.22,22%,11.0,2.44,22,0,Gratuit,Gratuit,11.0,2.44
Bâton du Conquérant,Staff of Conquered Worlds,2,9,0.22,22%,11.0,2.44,22,0,Gratuit,Gratuit,11.0,2.44
Enchaînement Éclair,Unstoppable Lightning,1,9,0.11,11%,18.0,2.0,18,1,18.0,2.0,9.0,1.0
Parchemin Secret,Secret Scroll,1,9,0.11,11%,18.0,2.0,18,2,9.0,1.0,6.0,0.67
Adrénaline Arcanique,Arcane Adrenaline,1,9,0.11,11%,16.0,1.78,16,1,16.0,1.78,8.0,0.89
Elan de Fureur,Rampage Momentum,1,9,0.11,11%,15.0,1.67,15,2,7.5,0.83,5.0,0.56
Soif de Sang,Thirsty Dagger,1,9,0.11,11%,15.0,1.67,15,0,Gratuit,Gratuit,15.0,1.67
Armure d'Immortel,Immortal Breastplate,1,9,0.11,11%,14.0,1.56,14,1,14.0,1.56,7.0,0.78
Couronne du Roi Nain,Crown of the Dwarf King,1,9,0.11,11%,13.0,1.44,13,0,Gratuit,Gratuit,13.0,1.44
Explosion Arcanique,Arcane Explosive,1,9,0.11,11%,12.0,1.33,12,1,12.0,1.33,6.0,0.67
Masse Colossale,Colossal Mace,1,9,0.11,11%,11.0,1.22,11,0,Gratuit,Gratuit,11.0,1.22
Amulette Omnisciente,Omnipresent Amulet,1,9,0.11,11%,11.0,1.22,11,0,Gratuit,Gratuit,11.0,1.22
Épé Sainte,Holy Sword,1,9,0.11,11%,10.0,1.11,10,0,Gratuit,Gratuit,10.0,1.11
Danse Macabre,Dance of Death,1,9,0.11,11%,8.0,0.89,8,1,8.0,0.89,4.0,0.45
