,Nom Anglais,nb games valide,total games,ratio,%,pts moy,pts moy total,total point,cout,pts par cout moy,pts par cout total,pts par cout moy+1,pts par cout total+1
Griffes Sauvages,Wild Claw,7,7,1.0,100%,15.86,15.86,111,3,5.29,5.29,3.96,3.96
Totem Équivalent,Equivalent Totem,7,7,1.0,100%,14.71,14.71,103,2,7.36,7.36,4.9,4.9
Bâton de Conquête,Conquering Staff,3,7,0.43,43%,24.0,10.29,72,2,12.0,5.14,8.0,3.43
Esprit de l'Écuyer,Spirit of the Squire,6,7,0.86,86%,11.5,9.86,69,3,3.83,3.29,2.88,2.46
Aveuglement,Incapacitor,7,7,1.0,100%,9.86,9.86,69,3,3.29,3.29,2.46,2.46
Faux,Scythe,7,7,1.0,100%,9.14,9.14,64,3,3.05,3.05,2.29,2.29
Tombeau Rocheux,Rock Tomb,6,7,0.86,86%,10.0,8.57,60,1,10.0,8.57,5.0,4.29
Armure d'Obsidienne,Obsidian Battle Plate,3,7,0.43,43%,20.0,8.57,60,2,10.0,4.29,6.67,2.86
Chasseur de Bêtes,Beast Hunter,3,7,0.43,43%,18.0,7.71,54,2,9.0,3.85,6.0,2.57
Marteleur précis,Precise Hammer,3,7,0.43,43%,18.0,7.71,54,1,18.0,7.71,9.0,3.85
Mental d'Acier,Steel Aura,3,7,0.43,43%,18.0,7.71,54,2,9.0,3.85,6.0,2.57
Marteau Collecteur,Collecting Hammer,6,7,0.86,86%,9.0,7.71,54,2,4.5,3.85,3.0,2.57
Décharge Élémentaire,Elemental Discharge,3,7,0.43,43%,18.0,7.71,54,1,18.0,7.71,9.0,3.85
Lame Affutée,Sharp Blade,5,7,0.71,71%,9.0,6.43,45,3,3.0,2.14,2.25,1.61
Sabre Versatile,Versatil Saber,4,7,0.57,57%,11.0,6.29,44,1,11.0,6.29,5.5,3.15
Pillard Féroce,Savage Looter,2,7,0.29,29%,20.0,5.71,40,1,20.0,5.71,10.0,2.85
Économe Sagesse du Trésorier,Treasurer's Wisdom,2,7,0.29,29%,17.0,4.86,34,2,8.5,2.43,5.67,1.62
Œil de Lynx,Hawk's Eye,4,7,0.57,57%,8.0,4.57,32,0,Gratuit,Gratuit,8.0,4.57
Coup de Mort,Death Helper,3,7,0.43,43%,10.0,4.29,30,1,10.0,4.29,5.0,2.15
Esprit Sauvage,Wild Spirit,3,7,0.43,43%,10.0,4.29,30,0,Gratuit,Gratuit,10.0,4.29
Hache Frénétique,Berseker Ax,2,7,0.29,29%,14.0,4.0,28,2,7.0,2.0,4.67,1.33
Désintégrateur Magnétique,Magnetic Disintegrator,2,7,0.29,29%,11.0,3.14,22,0,Gratuit,Gratuit,11.0,3.14
Bâton du Conquérant,Staff of Conquered Worlds,2,7,0.29,29%,11.0,3.14,22,0,Gratuit,Gratuit,11.0,3.14
Assistance Divine,Sacred Help,1,7,0.14,14%,20.0,2.86,20,2,10.0,1.43,6.67,0.95
Le Marionnettiste,The Puppeteer,1,7,0.14,14%,20.0,2.86,20,2,10.0,1.43,6.67,0.95
Totem du Gardien,Guardian Totem,7,7,1.0,100%,2.86,2.86,20,3,0.95,0.95,0.71,0.71
Esprit omniprésent,Omnipresent Spirit,1,7,0.14,14%,18.0,2.57,18,2,9.0,1.28,6.0,0.86
Parchemin Secret,Secret Scroll,1,7,0.14,14%,18.0,2.57,18,2,9.0,1.28,6.0,0.86
Enchaînement Éclair,Unstoppable Lightning,1,7,0.14,14%,18.0,2.57,18,1,18.0,2.57,9.0,1.28
Être de Lumière,Being of Light,1,7,0.14,14%,18.0,2.57,18,1,18.0,2.57,9.0,1.28
Elan de Fureur,Rampage Momentum,1,7,0.14,14%,15.0,2.14,15,2,7.5,1.07,5.0,0.71
Soif de Sang,Thirsty Dagger,1,7,0.14,14%,15.0,2.14,15,0,Gratuit,Gratuit,15.0,2.14
Armure d'Immortel,Immortal Breastplate,1,7,0.14,14%,14.0,2.0,14,1,14.0,2.0,7.0,1.0
Couronne du Roi Nain,Crown of the Dwarf King,1,7,0.14,14%,13.0,1.86,13,0,Gratuit,Gratuit,13.0,1.86
Explosion Arcanique,Arcane Explosive,1,7,0.14,14%,12.0,1.71,12,1,12.0,1.71,6.0,0.85
Masse Colossale,Colossal Mace,1,7,0.14,14%,11.0,1.57,11,0,Gratuit,Gratuit,11.0,1.57
Épé Sainte,Holy Sword,1,7,0.14,14%,10.0,1.43,10,0,Gratuit,Gratuit,10.0,1.43
Danse Macabre,Dance of Death,1,7,0.14,14%,8.0,1.14,8,1,8.0,1.14,4.0,0.57
