,Nom Anglais,nb games valide,total games,ratio,%,pts moy,pts moy total,total point,cout,pts par cout moy,pts par cout total,pts par cout moy+1,pts par cout total+1
Griffes Sauvages,Wild Claw,5,5,1.0,100%,15.4,15.4,77,3,5.13,5.13,3.85,3.85
Totem Équivalent,Equivalent Totem,5,5,1.0,100%,14.8,14.8,74,2,7.4,7.4,4.93,4.93
Armure d'Obsidienne,Obsidian Battle Plate,3,5,0.6,60%,20.0,12.0,60,2,10.0,6.0,6.67,4.0
Tombeau Rocheux,Rock Tomb,5,5,1.0,100%,10.0,10.0,50,1,10.0,10.0,5.0,5.0
Bâton de Conquête,Conquering Staff,2,5,0.4,40%,24.0,9.6,48,2,12.0,4.8,8.0,3.2
Aveuglement,Incapacitor,5,5,1.0,100%,9.0,9.0,45,3,3.0,3.0,2.25,2.25
Faux,Scythe,5,5,1.0,100%,8.6,8.6,43,3,2.87,2.87,2.15,2.15
Marteau Collecteur,Collecting Hammer,5,5,1.0,100%,8.4,8.4,42,2,4.2,4.2,2.8,2.8
Esprit de l'Écuyer,Spirit of the Squire,4,5,0.8,80%,10.5,8.4,42,3,3.5,2.8,2.62,2.1
Marteleur précis,Precise Hammer,2,5,0.4,40%,18.0,7.2,36,1,18.0,7.2,9.0,3.6
Mental d'Acier,Steel Aura,2,5,0.4,40%,18.0,7.2,36,2,9.0,3.6,6.0,2.4
Décharge Élémentaire,Elemental Discharge,2,5,0.4,40%,18.0,7.2,36,1,18.0,7.2,9.0,3.6
Sabre Versatile,Versatil Saber,3,5,0.6,60%,11.0,6.6,33,1,11.0,6.6,5.5,3.3
Œil de Lynx,Hawk's Eye,3,5,0.6,60%,8.0,4.8,24,0,Gratuit,Gratuit,8.0,4.8
Pillard Féroce,Savage Looter,1,5,0.2,20%,20.0,4.0,20,1,20.0,4.0,10.0,2.0
Le Marionnettiste,The Puppeteer,1,5,0.2,20%,20.0,4.0,20,2,10.0,2.0,6.67,1.33
Assistance Divine,Sacred Help,1,5,0.2,20%,20.0,4.0,20,2,10.0,2.0,6.67,1.33
Esprit Sauvage,Wild Spirit,2,5,0.4,40%,10.0,4.0,20,0,Gratuit,Gratuit,10.0,4.0
Être de Lumière,Being of Light,1,5,0.2,20%,18.0,3.6,18,1,18.0,3.6,9.0,1.8
Chasseur de Bêtes,Beast Hunter,1,5,0.2,20%,18.0,3.6,18,2,9.0,1.8,6.0,1.2
Économe Sagesse du Trésorier,Treasurer's Wisdom,1,5,0.2,20%,17.0,3.4,17,2,8.5,1.7,5.67,1.13
Totem du Gardien,Guardian Totem,5,5,1.0,100%,3.2,3.2,16,3,1.07,1.07,0.8,0.8
Lame Affutée,Sharp Blade,3,5,0.6,60%,5.0,3.0,15,3,1.67,1.0,1.25,0.75
Armure d'Immortel,Immortal Breastplate,1,5,0.2,20%,14.0,2.8,14,1,14.0,2.8,7.0,1.4
Hache Frénétique,Berseker Ax,1,5,0.2,20%,14.0,2.8,14,2,7.0,1.4,4.67,0.93
Désintégrateur Magnétique,Magnetic Disintegrator,1,5,0.2,20%,11.0,2.2,11,0,Gratuit,Gratuit,11.0,2.2
Bâton du Conquérant,Staff of Conquered Worlds,1,5,0.2,20%,11.0,2.2,11,0,Gratuit,Gratuit,11.0,2.2
Coup de Mort,Death Helper,1,5,0.2,20%,10.0,2.0,10,1,10.0,2.0,5.0,1.0
