,Nom Anglais,nb games valide,total games,ratio,%,pts moy,pts moy total,total point,cout,pts par cout moy,pts par cout total,pts par cout moy+1,pts par cout total+1
Griffes Sauvages,Wild Claw,6,6,1.0,100%,15.17,15.17,91,3,5.06,5.06,3.79,3.79
Totem Équivalent,Equivalent Totem,6,6,1.0,100%,14.5,14.5,87,2,7.25,7.25,4.83,4.83
Armure d'Obsidienne,Obsidian Battle Plate,3,6,0.5,50%,20.0,10.0,60,2,10.0,5.0,6.67,3.33
Esprit de l'Écuyer,Spirit of the Squire,5,6,0.83,83%,10.8,9.0,54,3,3.6,3.0,2.7,2.25
Faux,Scythe,6,6,1.0,100%,8.67,8.67,52,3,2.89,2.89,2.17,2.17
Tombeau Rocheux,Rock Tomb,5,6,0.83,83%,10.0,8.33,50,1,10.0,8.33,5.0,4.17
Aveuglement,Incapacitor,6,6,1.0,100%,8.0,8.0,48,3,2.67,2.67,2.0,2.0
Bâton de Conquête,Conquering Staff,2,6,0.33,33%,24.0,8.0,48,2,12.0,4.0,8.0,2.67
Marteau Collecteur,Collecting Hammer,5,6,0.83,83%,8.4,7.0,42,2,4.2,3.5,2.8,2.33
Mental d'Acier,Steel Aura,2,6,0.33,33%,18.0,6.0,36,2,9.0,3.0,6.0,2.0
Décharge Élémentaire,Elemental Discharge,2,6,0.33,33%,18.0,6.0,36,1,18.0,6.0,9.0,3.0
Marteleur précis,Precise Hammer,2,6,0.33,33%,18.0,6.0,36,1,18.0,6.0,9.0,3.0
Chasseur de Bêtes,Beast Hunter,2,6,0.33,33%,18.0,6.0,36,2,9.0,3.0,6.0,2.0
Sabre Versatile,Versatil Saber,3,6,0.5,50%,11.0,5.5,33,1,11.0,5.5,5.5,2.75
Œil de Lynx,Hawk's Eye,3,6,0.5,50%,8.0,4.0,24,0,Gratuit,Gratuit,8.0,4.0
Le Marionnettiste,The Puppeteer,1,6,0.17,17%,20.0,3.33,20,2,10.0,1.67,6.67,1.11
Assistance Divine,Sacred Help,1,6,0.17,17%,20.0,3.33,20,2,10.0,1.67,6.67,1.11
Pillard Féroce,Savage Looter,1,6,0.17,17%,20.0,3.33,20,1,20.0,3.33,10.0,1.67
Coup de Mort,Death Helper,2,6,0.33,33%,10.0,3.33,20,1,10.0,3.33,5.0,1.67
Esprit Sauvage,Wild Spirit,2,6,0.33,33%,10.0,3.33,20,0,Gratuit,Gratuit,10.0,3.33
Être de Lumière,Being of Light,1,6,0.17,17%,18.0,3.0,18,1,18.0,3.0,9.0,1.5
Lame Affutée,Sharp Blade,4,6,0.67,67%,4.5,3.0,18,3,1.5,1.0,1.12,0.75
Totem du Gardien,Guardian Totem,6,6,1.0,100%,3.0,3.0,18,3,1.0,1.0,0.75,0.75
Économe Sagesse du Trésorier,Treasurer's Wisdom,1,6,0.17,17%,17.0,2.83,17,2,8.5,1.42,5.67,0.94
Armure d'Immortel,Immortal Breastplate,1,6,0.17,17%,14.0,2.33,14,1,14.0,2.33,7.0,1.17
Hache Frénétique,Berseker Ax,1,6,0.17,17%,14.0,2.33,14,2,7.0,1.17,4.67,0.78
Désintégrateur Magnétique,Magnetic Disintegrator,1,6,0.17,17%,11.0,1.83,11,0,Gratuit,Gratuit,11.0,1.83
Bâton du Conquérant,Staff of Conquered Worlds,1,6,0.17,17%,11.0,1.83,11,0,Gratuit,Gratuit,11.0,1.83
