,Nom Anglais,nb games valide,total games,ratio,%,pts moy,pts moy total,total point,cout,pts par cout moy,pts par cout total
Griffes Sauvages,Wild Claw,4,4,1.0,100%,16.0,16.0,64,3,5.33,5.33
Totem Équivalent,Equivalent Totem,4,4,1.0,100%,15.0,15.0,60,1,15.0,15.0
Bâton de Conquête,Conquering Staff,2,4,0.5,50%,24.0,12.0,48,2,12.0,6.0
Aveuglement,Incapacitor,4,4,1.0,100%,10.5,10.5,42,3,3.5,3.5
Tombeau Rocheux,Rock Tomb,4,4,1.0,100%,10.0,10.0,40,1,10.0,10.0
Armure d'Obsidienne,Obsidian Battle Plate,2,4,0.5,50%,20.0,10.0,40,2,10.0,5.0
Marteau Collecteur,Collecting Hammer,4,4,1.0,100%,9.0,9.0,36,2,4.5,4.5
Mental d'Acier,Steel Aura,2,4,0.5,50%,18.0,9.0,36,2,9.0,4.5
Faux,Scythe,4,4,1.0,100%,9.0,9.0,36,3,3.0,3.0
Marteleur précis,Precise Hammer,2,4,0.5,50%,18.0,9.0,36,1,18.0,9.0
Esprit de l'Écuyer,Spirit of the Squire,3,4,0.75,75%,11.0,8.25,33,3,3.67,2.75
Œil de Lynx,Hawk's Eye,3,4,0.75,75%,8.0,6.0,24,0,Gratuit,Gratuit
Sabre Versatile,Versatil Saber,2,4,0.5,50%,11.0,5.5,22,1,11.0,5.5
Pillard Féroce,Savage Looter,1,4,0.25,25%,20.0,5.0,20,1,20.0,5.0
Le Marionnettiste,The Puppeteer,1,4,0.25,25%,20.0,5.0,20,2,10.0,2.5
Assistance Divine,Sacred Help,1,4,0.25,25%,20.0,5.0,20,2,10.0,2.5
Esprit Sauvage,Wild Spirit,2,4,0.5,50%,10.0,5.0,20,0,Gratuit,Gratuit
Être de Lumière,Being of Light,1,4,0.25,25%,18.0,4.5,18,1,18.0,4.5
Décharge Élémentaire,Elemental Discharge,1,4,0.25,25%,18.0,4.5,18,1,18.0,4.5
Chasseur de Bêtes,Beast Hunter,1,4,0.25,25%,18.0,4.5,18,2,9.0,2.25
Économe Sagesse du Trésorier,Treasurer's Wisdom,1,4,0.25,25%,17.0,4.25,17,2,8.5,2.12
Lame Affutée,Sharp Blade,3,4,0.75,75%,5.0,3.75,15,3,1.67,1.25
Armure d'Immortel,Immortal Breastplate,1,4,0.25,25%,14.0,3.5,14,1,14.0,3.5
Hache Frénétique,Berseker Ax,1,4,0.25,25%,14.0,3.5,14,2,7.0,1.75
Totem du Gardien,Guardian Totem,4,4,1.0,100%,3.0,3.0,12,3,1.0,1.0
Désintégrateur Magnétique,Magnetic Disintegrator,1,4,0.25,25%,11.0,2.75,11,0,Gratuit,Gratuit
Bâton du Conquérant,Staff of Conquered Worlds,1,4,0.25,25%,11.0,2.75,11,0,Gratuit,Gratuit
Coup de Mort,Death Helper,1,4,0.25,25%,10.0,2.5,10,1,10.0,2.5
