,Nom Anglais,nb games valide,total games,ratio,%,pts moy,pts moy total,total point,cout,pts par cout moy,pts par cout total,pts par cout moy+1,pts par cout total+1
Griffes Sauvages,Wild Claw,11,11,1.0,100%,15.55,15.55,171,3,5.18,5.18,3.89,3.89
Totem Équivalent,Equivalent Totem,11,11,1.0,100%,14.45,14.45,159,2,7.22,7.22,4.82,4.82
Aveuglement,Incapacitor,11,11,1.0,100%,10.91,10.91,120,3,3.64,3.64,2.73,2.73
Esprit de l'Écuyer,Spirit of the Squire,9,11,0.82,82%,12.67,10.36,114,3,4.22,3.45,3.17,2.59
Mental d'Acier,Steel Aura,6,11,0.55,55%,18.0,9.82,108,2,9.0,4.91,6.0,3.27
Décharge Élémentaire,Elemental Discharge,6,11,0.55,55%,18.0,9.82,108,1,18.0,9.82,9.0,4.91
Marteau Collecteur,Collecting Hammer,10,11,0.91,91%,10.1,9.18,101,2,5.05,4.59,3.37,3.06
Faux,Scythe,11,11,1.0,100%,9.09,9.09,100,3,3.03,3.03,2.27,2.27
Armure d'Obsidienne,Obsidian Battle Plate,5,11,0.45,45%,20.0,9.09,100,2,10.0,4.54,6.67,3.03
Bâton de Conquête,Conquering Staff,4,11,0.36,36%,24.0,8.73,96,2,12.0,4.37,8.0,2.91
Marteleur précis,Precise Hammer,5,11,0.45,45%,18.0,8.18,90,1,18.0,8.18,9.0,4.09
Tombeau Rocheux,Rock Tomb,9,11,0.82,82%,10.0,8.18,90,1,10.0,8.18,5.0,4.09
Chasseur de Bêtes,Beast Hunter,5,11,0.45,45%,18.0,8.18,90,2,9.0,4.09,6.0,2.73
Pillard Féroce,Savage Looter,4,11,0.36,36%,20.0,7.27,80,1,20.0,7.27,10.0,3.63
Esprit omniprésent,Omnipresent Spirit,4,11,0.36,36%,18.0,6.55,72,2,9.0,3.27,6.0,2.18
Lame Affutée,Sharp Blade,8,11,0.73,73%,8.62,6.27,69,3,2.87,2.09,2.15,1.57
Coup de Mort,Death Helper,6,11,0.55,55%,11.0,6.0,66,1,11.0,6.0,5.5,3.0
Sabre Versatile,Versatil Saber,6,11,0.55,55%,11.0,6.0,66,1,11.0,6.0,5.5,3.0
Œil de Lynx,Hawk's Eye,7,11,0.64,64%,8.57,5.45,60,0,Gratuit,Gratuit,8.57,5.45
Esprit Sauvage,Wild Spirit,6,11,0.55,55%,10.0,5.45,60,0,Gratuit,Gratuit,10.0,5.45
Être de Lumière,Being of Light,3,11,0.27,27%,18.0,4.91,54,1,18.0,4.91,9.0,2.46
Bâton du Conquérant,Staff of Conquered Worlds,4,11,0.36,36%,11.0,4.0,44,0,Gratuit,Gratuit,11.0,4.0
Hache Frénétique,Berseker Ax,3,11,0.27,27%,14.0,3.82,42,2,7.0,1.91,4.67,1.27
Le Marionnettiste,The Puppeteer,2,11,0.18,18%,20.0,3.64,40,2,10.0,1.82,6.67,1.21
Assistance Divine,Sacred Help,2,11,0.18,18%,20.0,3.64,40,2,10.0,1.82,6.67,1.21
Parchemin Secret,Secret Scroll,2,11,0.18,18%,18.0,3.27,36,2,9.0,1.64,6.0,1.09
Totem du Gardien,Guardian Totem,11,11,1.0,100%,3.27,3.27,36,3,1.09,1.09,0.82,0.82
Économe Sagesse du Trésorier,Treasurer's Wisdom,2,11,0.18,18%,17.0,3.09,34,2,8.5,1.54,5.67,1.03
Désintégrateur Magnétique,Magnetic Disintegrator,3,11,0.27,27%,11.0,3.0,33,0,Gratuit,Gratuit,11.0,3.0
Soif de Sang,Thirsty Dagger,2,11,0.18,18%,15.0,2.73,30,0,Gratuit,Gratuit,15.0,2.73
Couronne du Roi Nain,Crown of the Dwarf King,2,11,0.18,18%,13.0,2.36,26,0,Gratuit,Gratuit,13.0,2.36
Enchaînement Éclair,Unstoppable Lightning,1,11,0.09,9%,18.0,1.64,18,1,18.0,1.64,9.0,0.82
Épée Obscure,Swords of Darkness,1,11,0.09,9%,17.0,1.55,17,1,17.0,1.55,8.5,0.78
Adrénaline Arcanique,Arcane Adrenaline,1,11,0.09,9%,16.0,1.45,16,1,16.0,1.45,8.0,0.72
Danse Macabre,Dance of Death,2,11,0.18,18%,8.0,1.45,16,1,8.0,1.45,4.0,0.72
Elan de Fureur,Rampage Momentum,1,11,0.09,9%,15.0,1.36,15,2,7.5,0.68,5.0,0.45
Amulette Omnisciente,Omnipresent Amulet,1,11,0.09,9%,15.0,1.36,15,0,Gratuit,Gratuit,15.0,1.36
Armure d'Immortel,Immortal Breastplate,1,11,0.09,9%,14.0,1.27,14,1,14.0,1.27,7.0,0.64
Explosion Arcanique,Arcane Explosive,1,11,0.09,9%,12.0,1.09,12,1,12.0,1.09,6.0,0.55
Masse Colossale,Colossal Mace,1,11,0.09,9%,11.0,1.0,11,0,Gratuit,Gratuit,11.0,1.0
Épé Sainte,Holy Sword,1,11,0.09,9%,10.0,0.91,10,0,Gratuit,Gratuit,10.0,0.91
