,Nom Anglais,nb games valide,total games,ratio,%,pts moy,pts moy total,total point,cout,pts par cout moy,pts par cout total,pts par cout moy+1,pts par cout total+1
Griffes Sauvages,Wild Claw,16,16,1.0,100%,15.12,15.12,242,3,5.04,5.04,3.78,3.78
Totem Équivalent,Equivalent Totem,16,16,1.0,100%,14.5,14.5,232,2,7.25,7.25,4.83,4.83
Esprit de l'Écuyer,Spirit of the Squire,14,16,0.88,88%,15.21,13.31,213,3,5.07,4.44,3.8,3.33
Aveuglement,Incapacitor,16,16,1.0,100%,10.31,10.31,165,3,3.44,3.44,2.58,2.58
Marteau Collecteur,Collecting Hammer,13,16,0.81,81%,11.0,8.94,143,2,5.5,4.47,3.67,2.98
Faux,Scythe,16,16,1.0,100%,8.88,8.88,142,3,2.96,2.96,2.22,2.22
Assistance Divine,Sacred Help,7,16,0.44,44%,20.0,8.75,140,2,10.0,4.38,6.67,2.92
Armure d'Obsidienne,Obsidian Battle Plate,7,16,0.44,44%,20.0,8.75,140,2,10.0,4.38,6.67,2.92
Tombeau Rocheux,Rock Tomb,14,16,0.88,88%,10.0,8.75,140,1,10.0,8.75,5.0,4.38
Mental d'Acier,Steel Aura,7,16,0.44,44%,18.0,7.88,126,2,9.0,3.94,6.0,2.63
Décharge Élémentaire,Elemental Discharge,7,16,0.44,44%,18.0,7.88,126,1,18.0,7.88,9.0,3.94
Être de Lumière,Being of Light,7,16,0.44,44%,18.0,7.88,126,1,18.0,7.88,9.0,3.94
Chasseur de Bêtes,Beast Hunter,7,16,0.44,44%,18.0,7.88,126,2,9.0,3.94,6.0,2.63
Pillard Féroce,Savage Looter,6,16,0.38,38%,20.0,7.5,120,1,20.0,7.5,10.0,3.75
Coup de Mort,Death Helper,10,16,0.62,62%,11.8,7.38,118,1,11.8,7.38,5.9,3.69
Lame Affutée,Sharp Blade,12,16,0.75,75%,8.25,6.19,99,3,2.75,2.06,2.06,1.55
Bâton de Conquête,Conquering Staff,4,16,0.25,25%,24.0,6.0,96,2,12.0,3.0,8.0,2.0
Marteleur précis,Precise Hammer,5,16,0.31,31%,18.0,5.62,90,1,18.0,5.62,9.0,2.81
Sabre Versatile,Versatil Saber,8,16,0.5,50%,11.0,5.5,88,1,11.0,5.5,5.5,2.75
Œil de Lynx,Hawk's Eye,9,16,0.56,56%,8.89,5.0,80,0,Gratuit,Gratuit,8.89,5.0
Le Marionnettiste,The Puppeteer,4,16,0.25,25%,20.0,5.0,80,2,10.0,2.5,6.67,1.67
Esprit omniprésent,Omnipresent Spirit,4,16,0.25,25%,18.0,4.5,72,2,9.0,2.25,6.0,1.5
Hache Frénétique,Berseker Ax,5,16,0.31,31%,14.0,4.38,70,2,7.0,2.19,4.67,1.46
Esprit Sauvage,Wild Spirit,7,16,0.44,44%,10.0,4.38,70,0,Gratuit,Gratuit,10.0,4.38
Économe Sagesse du Trésorier,Treasurer's Wisdom,4,16,0.25,25%,17.0,4.25,68,2,8.5,2.12,5.67,1.42
Désintégrateur Magnétique,Magnetic Disintegrator,6,16,0.38,38%,11.0,4.12,66,0,Gratuit,Gratuit,11.0,4.12
Bâton du Conquérant,Staff of Conquered Worlds,5,16,0.31,31%,11.0,3.44,55,0,Gratuit,Gratuit,11.0,3.44
Armure d'Immortel,Immortal Breastplate,3,16,0.19,19%,15.33,2.88,46,1,15.33,2.88,7.67,1.44
Soif de Sang,Thirsty Dagger,3,16,0.19,19%,15.0,2.81,45,0,Gratuit,Gratuit,15.0,2.81
Parchemin Secret,Secret Scroll,2,16,0.12,12%,18.0,2.25,36,2,9.0,1.12,6.0,0.75
Totem du Gardien,Guardian Totem,11,16,0.69,69%,3.27,2.25,36,3,1.09,0.75,0.82,0.56
Épée Obscure,Swords of Darkness,2,16,0.12,12%,17.0,2.12,34,1,17.0,2.12,8.5,1.06
Amulette Omnisciente,Omnipresent Amulet,2,16,0.12,12%,15.0,1.88,30,0,Gratuit,Gratuit,15.0,1.88
Couronne du Roi Nain,Crown of the Dwarf King,2,16,0.12,12%,13.0,1.62,26,0,Gratuit,Gratuit,13.0,1.62
Danse Macabre,Dance of Death,3,16,0.19,19%,8.0,1.5,24,1,8.0,1.5,4.0,0.75
Enchaînement Éclair,Unstoppable Lightning,1,16,0.06,6%,18.0,1.12,18,1,18.0,1.12,9.0,0.56
Adrénaline Arcanique,Arcane Adrenaline,1,16,0.06,6%,16.0,1.0,16,1,16.0,1.0,8.0,0.5
Elan de Fureur,Rampage Momentum,1,16,0.06,6%,15.0,0.94,15,2,7.5,0.47,5.0,0.31
Force Divine,Divine Impetu,1,16,0.06,6%,15.0,0.94,15,0,Gratuit,Gratuit,15.0,0.94
Explosion Arcanique,Arcane Explosive,1,16,0.06,6%,12.0,0.75,12,1,12.0,0.75,6.0,0.38
Masse Colossale,Colossal Mace,1,16,0.06,6%,11.0,0.69,11,0,Gratuit,Gratuit,11.0,0.69
Épé Sainte,Holy Sword,1,16,0.06,6%,10.0,0.62,10,0,Gratuit,Gratuit,10.0,0.62
