,Nom Anglais,nb games valide,total games,ratio,%,pts moy,pts moy total,total point,cout,pts par cout moy,pts par cout total
Griffes Sauvages,Wild Claw,2,2,1.0,100%,16.5,16.5,33,3,5.5,5.5
Totem Équivalent,Equivalent Totem,2,2,1.0,100%,15.0,15.0,30,1,15.0,15.0
Tombeau Rocheux,Rock Tomb,2,2,1.0,100%,10.0,10.0,20,1,10.0,10.0
Chasseur de Bêtes,Beast Hunter,1,2,0.5,50%,18.0,9.0,18,2,9.0,4.5
Marteleur précis,Precise Hammer,1,2,0.5,50%,18.0,9.0,18,1,18.0,9.0
Faux,Scythe,2,2,1.0,100%,9.0,9.0,18,3,3.0,3.0
Marteau Collecteur,Collecting Hammer,2,2,1.0,100%,9.0,9.0,18,2,4.5,4.5
Mental d'Acier,Steel Aura,1,2,0.5,50%,18.0,9.0,18,2,9.0,4.5
Économe Sagesse du Trésorier,Treasurer's Wisdom,1,2,0.5,50%,17.0,8.5,17,2,8.5,4.25
Lame Affutée,Sharp Blade,2,2,1.0,100%,6.0,6.0,12,3,2.0,2.0
Aveuglement,Incapacitor,2,2,1.0,100%,6.0,6.0,12,3,2.0,2.0
Désintégrateur Magnétique,Magnetic Disintegrator,1,2,0.5,50%,11.0,5.5,11,0,Gratuit,Gratuit
Esprit Sauvage,Wild Spirit,1,2,0.5,50%,10.0,5.0,10,0,Gratuit,Gratuit
Œil de Lynx,Hawk's Eye,1,2,0.5,50%,8.0,4.0,8,0,Gratuit,Gratuit
Esprit de l'Écuyer,Spirit of the Squire,1,2,0.5,50%,6.0,3.0,6,3,2.0,1.0
Totem du Gardien,Guardian Totem,2,2,1.0,100%,3.0,3.0,6,3,1.0,1.0
