,Nom Anglais,nb games valide,total games,ratio,%,pts moy,pts moy total,total point,cout,pts par cout moy,pts par cout total,pts par cout moy+1,pts par cout total+1
Griffes Sauvages,Wild Claw,17,17,1.0,100%,15.12,15.12,257,3,5.04,5.04,3.78,3.78
Totem Équivalent,Equivalent Totem,17,17,1.0,100%,14.47,14.47,246,2,7.24,7.24,4.82,4.82
Esprit de l'Écuyer,Spirit of the Squire,15,17,0.88,88%,14.4,12.71,216,3,4.8,4.24,3.6,3.18
Aveuglement,Incapacitor,17,17,1.0,100%,10.06,10.06,171,3,3.35,3.35,2.52,2.52
Assistance Divine,Sacred Help,8,17,0.47,47%,20.0,9.41,160,2,10.0,4.71,6.67,3.14
Marteau Collecteur,Collecting Hammer,14,17,0.82,82%,11.21,9.24,157,2,5.61,4.62,3.74,3.08
Faux,Scythe,17,17,1.0,100%,8.82,8.82,150,3,2.94,2.94,2.21,2.21
Tombeau Rocheux,Rock Tomb,15,17,0.88,88%,10.0,8.82,150,1,10.0,8.82,5.0,4.41
Être de Lumière,Being of Light,8,17,0.47,47%,18.0,8.47,144,1,18.0,8.47,9.0,4.24
Mental d'Acier,Steel Aura,8,17,0.47,47%,18.0,8.47,144,2,9.0,4.24,6.0,2.82
Chasseur de Bêtes,Beast Hunter,8,17,0.47,47%,18.0,8.47,144,2,9.0,4.24,6.0,2.82
Armure d'Obsidienne,Obsidian Battle Plate,7,17,0.41,41%,20.0,8.24,140,2,10.0,4.12,6.67,2.75
Décharge Élémentaire,Elemental Discharge,7,17,0.41,41%,18.0,7.41,126,1,18.0,7.41,9.0,3.71
Pillard Féroce,Savage Looter,6,17,0.35,35%,20.0,7.06,120,1,20.0,7.06,10.0,3.53
Coup de Mort,Death Helper,10,17,0.59,59%,11.8,6.94,118,1,11.8,6.94,5.9,3.47
Marteleur précis,Precise Hammer,6,17,0.35,35%,18.0,6.35,108,1,18.0,6.35,9.0,3.17
Lame Affutée,Sharp Blade,13,17,0.76,76%,8.08,6.18,105,3,2.69,2.06,2.02,1.54
Bâton de Conquête,Conquering Staff,4,17,0.24,24%,24.0,5.65,96,2,12.0,2.83,8.0,1.88
Sabre Versatile,Versatil Saber,8,17,0.47,47%,11.0,5.18,88,1,11.0,5.18,5.5,2.59
Œil de Lynx,Hawk's Eye,9,17,0.53,53%,8.89,4.71,80,0,Gratuit,Gratuit,8.89,4.71
Esprit Sauvage,Wild Spirit,8,17,0.47,47%,10.0,4.71,80,0,Gratuit,Gratuit,10.0,4.71
Le Marionnettiste,The Puppeteer,4,17,0.24,24%,20.0,4.71,80,2,10.0,2.35,6.67,1.57
Esprit omniprésent,Omnipresent Spirit,4,17,0.24,24%,18.0,4.24,72,2,9.0,2.12,6.0,1.41
Hache Frénétique,Berseker Ax,5,17,0.29,29%,14.0,4.12,70,2,7.0,2.06,4.67,1.37
Économe Sagesse du Trésorier,Treasurer's Wisdom,4,17,0.24,24%,17.0,4.0,68,2,8.5,2.0,5.67,1.33
Désintégrateur Magnétique,Magnetic Disintegrator,6,17,0.35,35%,11.0,3.88,66,0,Gratuit,Gratuit,11.0,3.88
Bâton du Conquérant,Staff of Conquered Worlds,5,17,0.29,29%,11.0,3.24,55,0,Gratuit,Gratuit,11.0,3.24
Armure d'Immortel,Immortal Breastplate,3,17,0.18,18%,15.33,2.71,46,1,15.33,2.71,7.67,1.35
Soif de Sang,Thirsty Dagger,3,17,0.18,18%,15.0,2.65,45,0,Gratuit,Gratuit,15.0,2.65
Totem du Gardien,Guardian Totem,12,17,0.71,71%,3.58,2.53,43,3,1.19,0.84,0.9,0.63
Parchemin Secret,Secret Scroll,2,17,0.12,12%,18.0,2.12,36,2,9.0,1.06,6.0,0.71
Épée Obscure,Swords of Darkness,2,17,0.12,12%,17.0,2.0,34,1,17.0,2.0,8.5,1.0
Amulette Omnisciente,Omnipresent Amulet,2,17,0.12,12%,15.0,1.76,30,0,Gratuit,Gratuit,15.0,1.76
Couronne du Roi Nain,Crown of the Dwarf King,2,17,0.12,12%,13.0,1.53,26,0,Gratuit,Gratuit,13.0,1.53
Danse Macabre,Dance of Death,3,17,0.18,18%,8.0,1.41,24,1,8.0,1.41,4.0,0.7
Enchaînement Éclair,Unstoppable Lightning,1,17,0.06,6%,18.0,1.06,18,1,18.0,1.06,9.0,0.53
Adrénaline Arcanique,Arcane Adrenaline,1,17,0.06,6%,16.0,0.94,16,1,16.0,0.94,8.0,0.47
Elan de Fureur,Rampage Momentum,1,17,0.06,6%,15.0,0.88,15,2,7.5,0.44,5.0,0.29
Force Divine,Divine Impetu,1,17,0.06,6%,15.0,0.88,15,0,Gratuit,Gratuit,15.0,0.88
Explosion Arcanique,Arcane Explosive,1,17,0.06,6%,12.0,0.71,12,1,12.0,0.71,6.0,0.35
Masse Colossale,Colossal Mace,1,17,0.06,6%,11.0,0.65,11,0,Gratuit,Gratuit,11.0,0.65
Épé Sainte,Holy Sword,1,17,0.06,6%,10.0,0.59,10,0,Gratuit,Gratuit,10.0,0.59
