,Nom Anglais,nb games valide,total games,ratio,%,pts moy,pts moy total,total point,cout,pts par cout moy,pts par cout total
Griffes Sauvages,Wild Claw,5,5,1.0,100%,18.8,18.8,94,3,6.27,6.27
Totem Équivalent,Equivalent Totem,5,5,1.0,100%,15.2,15.2,76,2,7.6,7.6
Bâton de Conquête,Conquering Staff,3,5,0.6,60%,24.0,14.4,72,2,12.0,7.2
Aveuglement,Incapacitor,5,5,1.0,100%,14.4,14.4,72,3,4.8,4.8
Triple Météore,Trimeteor,2,5,0.4,40%,30.0,12.0,60,0,Gratuit,Gratuit
Faux,Scythe,5,5,1.0,100%,11.0,11.0,55,3,3.67,3.67
Mental d'Acier,Steel Aura,3,5,0.6,60%,18.0,10.8,54,2,9.0,5.4
Économe Sagesse du Trésorier,Treasurer's Wisdom,3,5,0.6,60%,17.0,10.2,51,2,8.5,5.1
Lame Affutée,Sharp Blade,3,5,0.6,60%,17.0,10.2,51,3,5.67,3.4
Tombeau Rocheux,Rock Tomb,5,5,1.0,100%,10.0,10.0,50,1,10.0,10.0
Hache Frénétique,Berseker Ax,3,5,0.6,60%,14.0,8.4,42,2,7.0,4.2
Le Marionnettiste,The Puppeteer,2,5,0.4,40%,20.0,8.0,40,2,10.0,4.0
Aura Légendaire,Legend Aura,1,5,0.2,20%,40.0,8.0,40,3,13.33,2.67
Esprit Sauvage,Wild Spirit,4,5,0.8,80%,10.0,8.0,40,0,Gratuit,Gratuit
Esprit de l'Écuyer,Spirit of the Squire,4,5,0.8,80%,9.0,7.2,36,3,3.0,2.4
Chasseur de Bêtes,Beast Hunter,2,5,0.4,40%,18.0,7.2,36,2,9.0,3.6
Épée Obscure,Swords of Darkness,2,5,0.4,40%,17.0,6.8,34,1,17.0,6.8
Œil de Lynx,Hawk's Eye,3,5,0.6,60%,8.0,4.8,24,0,Gratuit,Gratuit
Pillard Féroce,Savage Looter,1,5,0.2,20%,20.0,4.0,20,1,20.0,4.0
Armure d'Obsidienne,Obsidian Battle Plate,1,5,0.2,20%,20.0,4.0,20,2,10.0,2.0
Assistance Divine,Sacred Help,1,5,0.2,20%,20.0,4.0,20,2,10.0,2.0
Coup de Mort,Death Helper,2,5,0.4,40%,10.0,4.0,20,1,10.0,4.0
Esprit omniprésent,Omnipresent Spirit,1,5,0.2,20%,18.0,3.6,18,2,9.0,1.8
Décharge Élémentaire,Elemental Discharge,1,5,0.2,20%,18.0,3.6,18,1,18.0,3.6
Enchaînement Éclair,Unstoppable Lightning,1,5,0.2,20%,18.0,3.6,18,1,18.0,3.6
Adrénaline Arcanique,Arcane Adrenaline,1,5,0.2,20%,16.0,3.2,16,1,16.0,3.2
Danse Macabre,Dance of Death,2,5,0.4,40%,8.0,3.2,16,1,8.0,3.2
Elan de Fureur,Rampage Momentum,1,5,0.2,20%,15.0,3.0,15,2,7.5,1.5
Faux Parfaite,Perfect Scythe,1,5,0.2,20%,15.0,3.0,15,0,Gratuit,Gratuit
Marteau Collecteur,Collecting Hammer,1,5,0.2,20%,12.0,2.4,12,2,6.0,1.2
Sabre Versatile,Versatil Saber,1,5,0.2,20%,11.0,2.2,11,1,11.0,2.2
Bâton du Conquérant,Staff of Conquered Worlds,1,5,0.2,20%,11.0,2.2,11,0,Gratuit,Gratuit
Épé Sainte,Holy Sword,1,5,0.2,20%,10.0,2.0,10,0,Gratuit,Gratuit
Totem du Gardien,Guardian Totem,4,5,0.8,80%,1.5,1.2,6,3,0.5,0.4
