,Nom Anglais,nb games valide,total games,ratio,%,pts moy,pts moy total,total point,cout,pts par cout moy,pts par cout total,pts par cout moy+1,pts par cout total+1
Griffes Sauvages,Wild Claw,8,8,1.0,100%,18.0,18.0,144,3,6.0,6.0,4.5,4.5
Totem Équivalent,Equivalent Totem,8,8,1.0,100%,14.88,14.88,119,2,7.44,7.44,4.96,4.96
Aveuglement,Incapacitor,8,8,1.0,100%,14.25,14.25,114,3,4.75,4.75,3.56,3.56
Bâton de Conquête,Conquering Staff,4,8,0.5,50%,24.0,12.0,96,2,12.0,6.0,8.0,4.0
Faux,Scythe,8,8,1.0,100%,10.25,10.25,82,3,3.42,3.42,2.56,2.56
Lame Affutée,Sharp Blade,6,8,0.75,75%,13.0,9.75,78,3,4.33,3.25,3.25,2.44
Mental d'Acier,Steel Aura,4,8,0.5,50%,18.0,9.0,72,2,9.0,4.5,6.0,3.0
Tombeau Rocheux,Rock Tomb,7,8,0.88,88%,10.0,8.75,70,1,10.0,8.75,5.0,4.38
Pillard Féroce,Savage Looter,3,8,0.38,38%,20.0,7.5,60,1,20.0,7.5,10.0,3.75
Triple Météore,Trimeteor,2,8,0.25,25%,30.0,7.5,60,0,Gratuit,Gratuit,30.0,7.5
Esprit Sauvage,Wild Spirit,6,8,0.75,75%,10.0,7.5,60,0,Gratuit,Gratuit,10.0,7.5
Chasseur de Bêtes,Beast Hunter,3,8,0.38,38%,18.0,6.75,54,2,9.0,3.38,6.0,2.25
Esprit de l'Écuyer,Spirit of the Squire,7,8,0.88,88%,7.71,6.75,54,3,2.57,2.25,1.93,1.69
Épée Obscure,Swords of Darkness,3,8,0.38,38%,17.0,6.38,51,1,17.0,6.38,8.5,3.19
Économe Sagesse du Trésorier,Treasurer's Wisdom,3,8,0.38,38%,17.0,6.38,51,2,8.5,3.19,5.67,2.13
Marteau Collecteur,Collecting Hammer,3,8,0.38,38%,16.0,6.0,48,2,8.0,3.0,5.33,2.0
Hache Frénétique,Berseker Ax,3,8,0.38,38%,14.0,5.25,42,2,7.0,2.62,4.67,1.75
Aura Légendaire,Legend Aura,1,8,0.12,12%,40.0,5.0,40,3,13.33,1.67,10.0,1.25
Armure d'Obsidienne,Obsidian Battle Plate,2,8,0.25,25%,20.0,5.0,40,2,10.0,2.5,6.67,1.67
Le Marionnettiste,The Puppeteer,2,8,0.25,25%,20.0,5.0,40,2,10.0,2.5,6.67,1.67
Enchaînement Éclair,Unstoppable Lightning,2,8,0.25,25%,18.0,4.5,36,1,18.0,4.5,9.0,2.25
Esprit omniprésent,Omnipresent Spirit,2,8,0.25,25%,18.0,4.5,36,2,9.0,2.25,6.0,1.5
Œil de Lynx,Hawk's Eye,4,8,0.5,50%,8.0,4.0,32,0,Gratuit,Gratuit,8.0,4.0
Elan de Fureur,Rampage Momentum,2,8,0.25,25%,15.0,3.75,30,2,7.5,1.88,5.0,1.25
Danse Macabre,Dance of Death,3,8,0.38,38%,8.0,3.0,24,1,8.0,3.0,4.0,1.5
Bâton du Conquérant,Staff of Conquered Worlds,2,8,0.25,25%,11.0,2.75,22,0,Gratuit,Gratuit,11.0,2.75
Épé Sainte,Holy Sword,2,8,0.25,25%,10.0,2.5,20,0,Gratuit,Gratuit,10.0,2.5
Assistance Divine,Sacred Help,1,8,0.12,12%,20.0,2.5,20,2,10.0,1.25,6.67,0.83
Coup de Mort,Death Helper,2,8,0.25,25%,10.0,2.5,20,1,10.0,2.5,5.0,1.25
Décharge Élémentaire,Elemental Discharge,1,8,0.12,12%,18.0,2.25,18,1,18.0,2.25,9.0,1.12
Marteleur précis,Precise Hammer,1,8,0.12,12%,18.0,2.25,18,1,18.0,2.25,9.0,1.12
Adrénaline Arcanique,Arcane Adrenaline,1,8,0.12,12%,16.0,2.0,16,1,16.0,2.0,8.0,1.0
Masse de Siège,Siege Mace,1,8,0.12,12%,16.0,2.0,16,0,Gratuit,Gratuit,16.0,2.0
Faux Parfaite,Perfect Scythe,1,8,0.12,12%,15.0,1.88,15,0,Gratuit,Gratuit,15.0,1.88
Sabre Versatile,Versatil Saber,1,8,0.12,12%,11.0,1.38,11,1,11.0,1.38,5.5,0.69
Totem du Gardien,Guardian Totem,7,8,0.88,88%,1.57,1.38,11,3,0.52,0.46,0.39,0.34
