,Nom Anglais,nb games valide,total games,ratio,%,pts moy,pts moy total,total point,cout,pts par cout moy,pts par cout total,pts par cout moy+1,pts par cout total+1
Griffes Sauvages,Wild Claw,13,13,1.0,100%,17.62,17.62,229,3,5.87,5.87,4.41,4.41
Totem Équivalent,Equivalent Totem,13,13,1.0,100%,14.69,14.69,191,2,7.34,7.34,4.9,4.9
Aveuglement,Incapacitor,13,13,1.0,100%,12.69,12.69,165,3,4.23,4.23,3.17,3.17
Faux,Scythe,13,13,1.0,100%,10.0,10.0,130,3,3.33,3.33,2.5,2.5
Lame Affutée,Sharp Blade,11,13,0.85,85%,10.09,8.54,111,3,3.36,2.85,2.52,2.13
Mental d'Acier,Steel Aura,6,13,0.46,46%,18.0,8.31,108,2,9.0,4.16,6.0,2.77
Tombeau Rocheux,Rock Tomb,10,13,0.77,77%,10.0,7.69,100,1,10.0,7.69,5.0,3.85
Bâton de Conquête,Conquering Staff,4,13,0.31,31%,24.0,7.38,96,2,12.0,3.69,8.0,2.46
Esprit Sauvage,Wild Spirit,9,13,0.69,69%,10.0,6.92,90,0,Gratuit,Gratuit,10.0,6.92
Chasseur de Bêtes,Beast Hunter,5,13,0.38,38%,18.0,6.92,90,2,9.0,3.46,6.0,2.31
Esprit de l'Écuyer,Spirit of the Squire,12,13,0.92,92%,7.25,6.69,87,3,2.42,2.23,1.81,1.67
Économe Sagesse du Trésorier,Treasurer's Wisdom,5,13,0.38,38%,17.0,6.54,85,2,8.5,3.27,5.67,2.18
Pillard Féroce,Savage Looter,4,13,0.31,31%,20.0,6.15,80,1,20.0,6.15,10.0,3.08
Assistance Divine,Sacred Help,4,13,0.31,31%,20.0,6.15,80,2,10.0,3.08,6.67,2.05
Hache Frénétique,Berseker Ax,5,13,0.38,38%,14.0,5.38,70,2,7.0,2.69,4.67,1.79
Épée Obscure,Swords of Darkness,4,13,0.31,31%,17.0,5.23,68,1,17.0,5.23,8.5,2.62
Triple Météore,Trimeteor,2,13,0.15,15%,30.0,4.62,60,0,Gratuit,Gratuit,30.0,4.62
Le Marionnettiste,The Puppeteer,3,13,0.23,23%,20.0,4.62,60,2,10.0,2.31,6.67,1.54
Armure d'Obsidienne,Obsidian Battle Plate,3,13,0.23,23%,20.0,4.62,60,2,10.0,2.31,6.67,1.54
Esprit omniprésent,Omnipresent Spirit,3,13,0.23,23%,18.0,4.15,54,2,9.0,2.08,6.0,1.38
Marteau Collecteur,Collecting Hammer,3,13,0.23,23%,16.0,3.69,48,2,8.0,1.84,5.33,1.23
Œil de Lynx,Hawk's Eye,5,13,0.38,38%,8.4,3.23,42,0,Gratuit,Gratuit,8.4,3.23
Aura Légendaire,Legend Aura,1,13,0.08,8%,40.0,3.08,40,3,13.33,1.03,10.0,0.77
Enchaînement Éclair,Unstoppable Lightning,2,13,0.15,15%,18.0,2.77,36,1,18.0,2.77,9.0,1.39
Être de Lumière,Being of Light,2,13,0.15,15%,18.0,2.77,36,1,18.0,2.77,9.0,1.39
Adrénaline Arcanique,Arcane Adrenaline,2,13,0.15,15%,16.0,2.46,32,1,16.0,2.46,8.0,1.23
Elan de Fureur,Rampage Momentum,2,13,0.15,15%,15.0,2.31,30,2,7.5,1.16,5.0,0.77
Ascension Divine,Divine Ascent,1,13,0.08,8%,25.0,1.92,25,3,8.33,0.64,6.25,0.48
Danse Macabre,Dance of Death,3,13,0.23,23%,8.0,1.85,24,1,8.0,1.85,4.0,0.93
Bâton du Conquérant,Staff of Conquered Worlds,2,13,0.15,15%,11.0,1.69,22,0,Gratuit,Gratuit,11.0,1.69
Sabre Versatile,Versatil Saber,2,13,0.15,15%,11.0,1.69,22,1,11.0,1.69,5.5,0.84
Épé Sainte,Holy Sword,2,13,0.15,15%,10.0,1.54,20,0,Gratuit,Gratuit,10.0,1.54
Coup de Mort,Death Helper,2,13,0.15,15%,10.0,1.54,20,1,10.0,1.54,5.0,0.77
Décharge Élémentaire,Elemental Discharge,1,13,0.08,8%,18.0,1.38,18,1,18.0,1.38,9.0,0.69
Marteleur précis,Precise Hammer,1,13,0.08,8%,18.0,1.38,18,1,18.0,1.38,9.0,0.69
Armure d'Immortel,Immortal Breastplate,1,13,0.08,8%,16.0,1.23,16,1,16.0,1.23,8.0,0.61
Masse de Siège,Siege Mace,1,13,0.08,8%,16.0,1.23,16,0,Gratuit,Gratuit,16.0,1.23
Soif de Sang,Thirsty Dagger,1,13,0.08,8%,15.0,1.15,15,0,Gratuit,Gratuit,15.0,1.15
Force Divine,Divine Impetu,1,13,0.08,8%,15.0,1.15,15,0,Gratuit,Gratuit,15.0,1.15
Faux Parfaite,Perfect Scythe,1,13,0.08,8%,15.0,1.15,15,0,Gratuit,Gratuit,15.0,1.15
Totem du Gardien,Guardian Totem,8,13,0.62,62%,1.5,0.92,12,3,0.5,0.31,0.38,0.23
Désintégrateur Magnétique,Magnetic Disintegrator,1,13,0.08,8%,11.0,0.85,11,0,Gratuit,Gratuit,11.0,0.85
