,Nom Anglais,nb games valide,total games,ratio,%,pts moy,pts moy total,total point,cout,pts par cout moy,pts par cout total,pts par cout moy+1,pts par cout total+1
Griffes Sauvages,Wild Claw,11,11,1.0,100%,17.45,17.45,192,3,5.82,5.82,4.36,4.36
Totem Équivalent,Equivalent Totem,11,11,1.0,100%,14.55,14.55,160,2,7.28,7.28,4.85,4.85
Aveuglement,Incapacitor,11,11,1.0,100%,12.82,12.82,141,3,4.27,4.27,3.21,3.21
Faux,Scythe,11,11,1.0,100%,10.0,10.0,110,3,3.33,3.33,2.5,2.5
Bâton de Conquête,Conquering Staff,4,11,0.36,36%,24.0,8.73,96,2,12.0,4.37,8.0,2.91
Lame Affutée,Sharp Blade,9,11,0.82,82%,10.33,8.45,93,3,3.44,2.82,2.58,2.11
Mental d'Acier,Steel Aura,5,11,0.45,45%,18.0,8.18,90,2,9.0,4.09,6.0,2.73
Tombeau Rocheux,Rock Tomb,8,11,0.73,73%,10.0,7.27,80,1,10.0,7.27,5.0,3.63
Chasseur de Bêtes,Beast Hunter,4,11,0.36,36%,18.0,6.55,72,2,9.0,3.27,6.0,2.18
Esprit Sauvage,Wild Spirit,7,11,0.64,64%,10.0,6.36,70,0,Gratuit,Gratuit,10.0,6.36
Esprit de l'Écuyer,Spirit of the Squire,10,11,0.91,91%,6.9,6.27,69,3,2.3,2.09,1.73,1.57
Économe Sagesse du Trésorier,Treasurer's Wisdom,4,11,0.36,36%,17.0,6.18,68,2,8.5,3.09,5.67,2.06
Pillard Féroce,Savage Looter,3,11,0.27,27%,20.0,5.45,60,1,20.0,5.45,10.0,2.73
Triple Météore,Trimeteor,2,11,0.18,18%,30.0,5.45,60,0,Gratuit,Gratuit,30.0,5.45
Hache Frénétique,Berseker Ax,4,11,0.36,36%,14.0,5.09,56,2,7.0,2.54,4.67,1.7
Épée Obscure,Swords of Darkness,3,11,0.27,27%,17.0,4.64,51,1,17.0,4.64,8.5,2.32
Marteau Collecteur,Collecting Hammer,3,11,0.27,27%,16.0,4.36,48,2,8.0,2.18,5.33,1.45
Aura Légendaire,Legend Aura,1,11,0.09,9%,40.0,3.64,40,3,13.33,1.21,10.0,0.91
Assistance Divine,Sacred Help,2,11,0.18,18%,20.0,3.64,40,2,10.0,1.82,6.67,1.21
Le Marionnettiste,The Puppeteer,2,11,0.18,18%,20.0,3.64,40,2,10.0,1.82,6.67,1.21
Armure d'Obsidienne,Obsidian Battle Plate,2,11,0.18,18%,20.0,3.64,40,2,10.0,1.82,6.67,1.21
Enchaînement Éclair,Unstoppable Lightning,2,11,0.18,18%,18.0,3.27,36,1,18.0,3.27,9.0,1.64
Esprit omniprésent,Omnipresent Spirit,2,11,0.18,18%,18.0,3.27,36,2,9.0,1.64,6.0,1.09
Œil de Lynx,Hawk's Eye,4,11,0.36,36%,8.0,2.91,32,0,Gratuit,Gratuit,8.0,2.91
Elan de Fureur,Rampage Momentum,2,11,0.18,18%,15.0,2.73,30,2,7.5,1.36,5.0,0.91
Ascension Divine,Divine Ascent,1,11,0.09,9%,25.0,2.27,25,3,8.33,0.76,6.25,0.57
Danse Macabre,Dance of Death,3,11,0.27,27%,8.0,2.18,24,1,8.0,2.18,4.0,1.09
Bâton du Conquérant,Staff of Conquered Worlds,2,11,0.18,18%,11.0,2.0,22,0,Gratuit,Gratuit,11.0,2.0
Épé Sainte,Holy Sword,2,11,0.18,18%,10.0,1.82,20,0,Gratuit,Gratuit,10.0,1.82
Coup de Mort,Death Helper,2,11,0.18,18%,10.0,1.82,20,1,10.0,1.82,5.0,0.91
Décharge Élémentaire,Elemental Discharge,1,11,0.09,9%,18.0,1.64,18,1,18.0,1.64,9.0,0.82
Marteleur précis,Precise Hammer,1,11,0.09,9%,18.0,1.64,18,1,18.0,1.64,9.0,0.82
Adrénaline Arcanique,Arcane Adrenaline,1,11,0.09,9%,16.0,1.45,16,1,16.0,1.45,8.0,0.72
Masse de Siège,Siege Mace,1,11,0.09,9%,16.0,1.45,16,0,Gratuit,Gratuit,16.0,1.45
Faux Parfaite,Perfect Scythe,1,11,0.09,9%,15.0,1.36,15,0,Gratuit,Gratuit,15.0,1.36
Soif de Sang,Thirsty Dagger,1,11,0.09,9%,15.0,1.36,15,0,Gratuit,Gratuit,15.0,1.36
Totem du Gardien,Guardian Totem,8,11,0.73,73%,1.5,1.09,12,3,0.5,0.36,0.38,0.27
Sabre Versatile,Versatil Saber,1,11,0.09,9%,11.0,1.0,11,1,11.0,1.0,5.5,0.5
