,Nom Anglais,nb games valide,total games,ratio,%,pts moy,pts moy total,total point,cout,pts par cout moy,pts par cout total,pts par cout moy+1,pts par cout total+1
Griffes Sauvages,Wild Claw,7,7,1.0,100%,18.14,18.14,127,3,6.05,6.05,4.54,4.54
Totem Équivalent,Equivalent Totem,7,7,1.0,100%,14.86,14.86,104,2,7.43,7.43,4.95,4.95
Aveuglement,Incapacitor,7,7,1.0,100%,14.57,14.57,102,3,4.86,4.86,3.64,3.64
Bâton de Conquête,Conquering Staff,4,7,0.57,57%,24.0,13.71,96,2,12.0,6.86,8.0,4.57
Lame Affutée,Sharp Blade,5,7,0.71,71%,15.0,10.71,75,3,5.0,3.57,3.75,2.68
Faux,Scythe,7,7,1.0,100%,10.43,10.43,73,3,3.48,3.48,2.61,2.61
Mental d'Acier,Steel Aura,4,7,0.57,57%,18.0,10.29,72,2,9.0,5.14,6.0,3.43
Pillard Féroce,Savage Looter,3,7,0.43,43%,20.0,8.57,60,1,20.0,8.57,10.0,4.29
Tombeau Rocheux,Rock Tomb,6,7,0.86,86%,10.0,8.57,60,1,10.0,8.57,5.0,4.29
Triple Météore,Trimeteor,2,7,0.29,29%,30.0,8.57,60,0,Gratuit,Gratuit,30.0,8.57
Chasseur de Bêtes,Beast Hunter,3,7,0.43,43%,18.0,7.71,54,2,9.0,3.85,6.0,2.57
Épée Obscure,Swords of Darkness,3,7,0.43,43%,17.0,7.29,51,1,17.0,7.29,8.5,3.65
Économe Sagesse du Trésorier,Treasurer's Wisdom,3,7,0.43,43%,17.0,7.29,51,2,8.5,3.65,5.67,2.43
Esprit Sauvage,Wild Spirit,5,7,0.71,71%,10.0,7.14,50,0,Gratuit,Gratuit,10.0,7.14
Marteau Collecteur,Collecting Hammer,3,7,0.43,43%,16.0,6.86,48,2,8.0,3.43,5.33,2.29
Esprit de l'Écuyer,Spirit of the Squire,6,7,0.86,86%,7.5,6.43,45,3,2.5,2.14,1.88,1.61
Hache Frénétique,Berseker Ax,3,7,0.43,43%,14.0,6.0,42,2,7.0,3.0,4.67,2.0
Aura Légendaire,Legend Aura,1,7,0.14,14%,40.0,5.71,40,3,13.33,1.9,10.0,1.43
Armure d'Obsidienne,Obsidian Battle Plate,2,7,0.29,29%,20.0,5.71,40,2,10.0,2.85,6.67,1.9
Le Marionnettiste,The Puppeteer,2,7,0.29,29%,20.0,5.71,40,2,10.0,2.85,6.67,1.9
Enchaînement Éclair,Unstoppable Lightning,2,7,0.29,29%,18.0,5.14,36,1,18.0,5.14,9.0,2.57
Esprit omniprésent,Omnipresent Spirit,2,7,0.29,29%,18.0,5.14,36,2,9.0,2.57,6.0,1.71
Œil de Lynx,Hawk's Eye,4,7,0.57,57%,8.0,4.57,32,0,Gratuit,Gratuit,8.0,4.57
Elan de Fureur,Rampage Momentum,2,7,0.29,29%,15.0,4.29,30,2,7.5,2.15,5.0,1.43
Danse Macabre,Dance of Death,3,7,0.43,43%,8.0,3.43,24,1,8.0,3.43,4.0,1.72
Bâton du Conquérant,Staff of Conquered Worlds,2,7,0.29,29%,11.0,3.14,22,0,Gratuit,Gratuit,11.0,3.14
Épé Sainte,Holy Sword,2,7,0.29,29%,10.0,2.86,20,0,Gratuit,Gratuit,10.0,2.86
Assistance Divine,Sacred Help,1,7,0.14,14%,20.0,2.86,20,2,10.0,1.43,6.67,0.95
Coup de Mort,Death Helper,2,7,0.29,29%,10.0,2.86,20,1,10.0,2.86,5.0,1.43
Décharge Élémentaire,Elemental Discharge,1,7,0.14,14%,18.0,2.57,18,1,18.0,2.57,9.0,1.28
Marteleur précis,Precise Hammer,1,7,0.14,14%,18.0,2.57,18,1,18.0,2.57,9.0,1.28
Adrénaline Arcanique,Arcane Adrenaline,1,7,0.14,14%,16.0,2.29,16,1,16.0,2.29,8.0,1.15
Masse de Siège,Siege Mace,1,7,0.14,14%,16.0,2.29,16,0,Gratuit,Gratuit,16.0,2.29
Faux Parfaite,Perfect Scythe,1,7,0.14,14%,15.0,2.14,15,0,Gratuit,Gratuit,15.0,2.14
Sabre Versatile,Versatil Saber,1,7,0.14,14%,11.0,1.57,11,1,11.0,1.57,5.5,0.79
Totem du Gardien,Guardian Totem,6,7,0.86,86%,1.5,1.29,9,3,0.5,0.43,0.38,0.32
