,Nom Anglais,nb games valide,total games,ratio,%,pts moy,pts moy total,total point,cout,pts par cout moy,pts par cout total,pts par cout moy+1,pts par cout total+1
Griffes Sauvages,Wild Claw,9,9,1.0,100%,17.44,17.44,157,3,5.81,5.81,4.36,4.36
Totem Équivalent,Equivalent Totem,9,9,1.0,100%,14.56,14.56,131,2,7.28,7.28,4.85,4.85
Aveuglement,Incapacitor,9,9,1.0,100%,13.67,13.67,123,3,4.56,4.56,3.42,3.42
Bâton de Conquête,Conquering Staff,4,9,0.44,44%,24.0,10.67,96,2,12.0,5.33,8.0,3.56
Mental d'Acier,Steel Aura,5,9,0.56,56%,18.0,10.0,90,2,9.0,5.0,6.0,3.33
Faux,Scythe,9,9,1.0,100%,9.89,9.89,89,3,3.3,3.3,2.47,2.47
Lame Affutée,Sharp Blade,7,9,0.78,78%,11.57,9.0,81,3,3.86,3.0,2.89,2.25
Tombeau Rocheux,Rock Tomb,7,9,0.78,78%,10.0,7.78,70,1,10.0,7.78,5.0,3.89
Pillard Féroce,Savage Looter,3,9,0.33,33%,20.0,6.67,60,1,20.0,6.67,10.0,3.33
Esprit Sauvage,Wild Spirit,6,9,0.67,67%,10.0,6.67,60,0,Gratuit,Gratuit,10.0,6.67
Triple Météore,Trimeteor,2,9,0.22,22%,30.0,6.67,60,0,Gratuit,Gratuit,30.0,6.67
Esprit de l'Écuyer,Spirit of the Squire,8,9,0.89,89%,7.12,6.33,57,3,2.37,2.11,1.78,1.58
Chasseur de Bêtes,Beast Hunter,3,9,0.33,33%,18.0,6.0,54,2,9.0,3.0,6.0,2.0
Épée Obscure,Swords of Darkness,3,9,0.33,33%,17.0,5.67,51,1,17.0,5.67,8.5,2.83
Économe Sagesse du Trésorier,Treasurer's Wisdom,3,9,0.33,33%,17.0,5.67,51,2,8.5,2.83,5.67,1.89
Marteau Collecteur,Collecting Hammer,3,9,0.33,33%,16.0,5.33,48,2,8.0,2.67,5.33,1.78
Hache Frénétique,Berseker Ax,3,9,0.33,33%,14.0,4.67,42,2,7.0,2.33,4.67,1.56
Aura Légendaire,Legend Aura,1,9,0.11,11%,40.0,4.44,40,3,13.33,1.48,10.0,1.11
Armure d'Obsidienne,Obsidian Battle Plate,2,9,0.22,22%,20.0,4.44,40,2,10.0,2.22,6.67,1.48
Le Marionnettiste,The Puppeteer,2,9,0.22,22%,20.0,4.44,40,2,10.0,2.22,6.67,1.48
Enchaînement Éclair,Unstoppable Lightning,2,9,0.22,22%,18.0,4.0,36,1,18.0,4.0,9.0,2.0
Esprit omniprésent,Omnipresent Spirit,2,9,0.22,22%,18.0,4.0,36,2,9.0,2.0,6.0,1.33
Œil de Lynx,Hawk's Eye,4,9,0.44,44%,8.0,3.56,32,0,Gratuit,Gratuit,8.0,3.56
Elan de Fureur,Rampage Momentum,2,9,0.22,22%,15.0,3.33,30,2,7.5,1.67,5.0,1.11
Danse Macabre,Dance of Death,3,9,0.33,33%,8.0,2.67,24,1,8.0,2.67,4.0,1.33
Bâton du Conquérant,Staff of Conquered Worlds,2,9,0.22,22%,11.0,2.44,22,0,Gratuit,Gratuit,11.0,2.44
Épé Sainte,Holy Sword,2,9,0.22,22%,10.0,2.22,20,0,Gratuit,Gratuit,10.0,2.22
Coup de Mort,Death Helper,2,9,0.22,22%,10.0,2.22,20,1,10.0,2.22,5.0,1.11
Assistance Divine,Sacred Help,1,9,0.11,11%,20.0,2.22,20,2,10.0,1.11,6.67,0.74
Décharge Élémentaire,Elemental Discharge,1,9,0.11,11%,18.0,2.0,18,1,18.0,2.0,9.0,1.0
Marteleur précis,Precise Hammer,1,9,0.11,11%,18.0,2.0,18,1,18.0,2.0,9.0,1.0
Adrénaline Arcanique,Arcane Adrenaline,1,9,0.11,11%,16.0,1.78,16,1,16.0,1.78,8.0,0.89
Masse de Siège,Siege Mace,1,9,0.11,11%,16.0,1.78,16,0,Gratuit,Gratuit,16.0,1.78
Faux Parfaite,Perfect Scythe,1,9,0.11,11%,15.0,1.67,15,0,Gratuit,Gratuit,15.0,1.67
Totem du Gardien,Guardian Totem,8,9,0.89,89%,1.5,1.33,12,3,0.5,0.44,0.38,0.33
Sabre Versatile,Versatil Saber,1,9,0.11,11%,11.0,1.22,11,1,11.0,1.22,5.5,0.61
