,Nom Anglais,nb games valide,total games,ratio,%,pts moy,pts moy total,total point,cout,pts par cout moy,pts par cout total,pts par cout moy+1,pts par cout total+1
Griffes Sauvages,Wild Claw,11,11,1.0,100%,16.09,16.09,177,3,5.36,5.36,4.02,4.02
Totem Équivalent,Equivalent Totem,11,11,1.0,100%,14.55,14.55,160,2,7.28,7.28,4.85,4.85
Aveuglement,Incapacitor,11,11,1.0,100%,14.18,14.18,156,3,4.73,4.73,3.54,3.54
Armure d'Obsidienne,Obsidian Battle Plate,6,11,0.55,55%,20.0,10.91,120,2,10.0,5.46,6.67,3.64
Chasseur de Bêtes,Beast Hunter,6,11,0.55,55%,18.0,9.82,108,2,9.0,4.91,6.0,3.27
Faux,Scythe,11,11,1.0,100%,9.09,9.09,100,3,3.03,3.03,2.27,2.27
Pillard Féroce,Savage Looter,5,11,0.45,45%,20.0,9.09,100,1,20.0,9.09,10.0,4.54
Bâton de Conquête,Conquering Staff,4,11,0.36,36%,24.0,8.73,96,2,12.0,4.37,8.0,2.91
Mental d'Acier,Steel Aura,5,11,0.45,45%,18.0,8.18,90,2,9.0,4.09,6.0,2.73
Esprit de l'Écuyer,Spirit of the Squire,11,11,1.0,100%,7.91,7.91,87,3,2.64,2.64,1.98,1.98
Tombeau Rocheux,Rock Tomb,8,11,0.73,73%,10.0,7.27,80,1,10.0,7.27,5.0,3.63
Esprit Sauvage,Wild Spirit,8,11,0.73,73%,10.0,7.27,80,0,Gratuit,Gratuit,10.0,7.27
Décharge Élémentaire,Elemental Discharge,4,11,0.36,36%,18.0,6.55,72,1,18.0,6.55,9.0,3.27
Le Marionnettiste,The Puppeteer,3,11,0.27,27%,20.0,5.45,60,2,10.0,2.73,6.67,1.82
Assistance Divine,Sacred Help,3,11,0.27,27%,20.0,5.45,60,2,10.0,2.73,6.67,1.82
Marteau Collecteur,Collecting Hammer,5,11,0.45,45%,10.2,4.64,51,2,5.1,2.32,3.4,1.55
Sabre Versatile,Versatil Saber,4,11,0.36,36%,11.0,4.0,44,1,11.0,4.0,5.5,2.0
Armure d'Immortel,Immortal Breastplate,3,11,0.27,27%,14.67,4.0,44,1,14.67,4.0,7.33,2.0
Bâton du Conquérant,Staff of Conquered Worlds,4,11,0.36,36%,11.0,4.0,44,0,Gratuit,Gratuit,11.0,4.0
Chasseur d'Âmes,Soul Hunter,2,11,0.18,18%,20.0,3.64,40,1,20.0,3.64,10.0,1.82
Lame Affutée,Sharp Blade,7,11,0.64,64%,5.57,3.55,39,3,1.86,1.18,1.39,0.89
Marteleur précis,Precise Hammer,2,11,0.18,18%,18.0,3.27,36,1,18.0,3.27,9.0,1.64
Coup de Mort,Death Helper,3,11,0.27,27%,11.0,3.0,33,1,11.0,3.0,5.5,1.5
Œil de Lynx,Hawk's Eye,4,11,0.36,36%,8.0,2.91,32,0,Gratuit,Gratuit,8.0,2.91
Hache Frénétique,Berseker Ax,2,11,0.18,18%,14.0,2.55,28,2,7.0,1.27,4.67,0.85
Totem du Gardien,Guardian Totem,11,11,1.0,100%,2.45,2.45,27,3,0.82,0.82,0.61,0.61
Esprit omniprésent,Omnipresent Spirit,1,11,0.09,9%,18.0,1.64,18,2,9.0,0.82,6.0,0.55
Être de Lumière,Being of Light,1,11,0.09,9%,18.0,1.64,18,1,18.0,1.64,9.0,0.82
Épée Obscure,Swords of Darkness,1,11,0.09,9%,17.0,1.55,17,1,17.0,1.55,8.5,0.78
Soif de Sang,Thirsty Dagger,1,11,0.09,9%,15.0,1.36,15,0,Gratuit,Gratuit,15.0,1.36
Force Divine,Divine Impetu,1,11,0.09,9%,15.0,1.36,15,0,Gratuit,Gratuit,15.0,1.36
