,Nom Anglais,nb games valide,total games,ratio,%,pts moy,pts moy total,total point,cout,pts par cout moy,pts par cout total,pts par cout moy+1,pts par cout total+1
Griffes Sauvages,Wild Claw,9,9,1.0,100%,16.0,16.0,144,3,5.33,5.33,4.0,4.0
Aveuglement,Incapacitor,9,9,1.0,100%,15.33,15.33,138,3,5.11,5.11,3.83,3.83
Totem Équivalent,Equivalent Totem,9,9,1.0,100%,14.67,14.67,132,2,7.33,7.33,4.89,4.89
Pillard Féroce,Savage Looter,5,9,0.56,56%,20.0,11.11,100,1,20.0,11.11,10.0,5.55
Armure d'Obsidienne,Obsidian Battle Plate,5,9,0.56,56%,20.0,11.11,100,2,10.0,5.55,6.67,3.7
Bâton de Conquête,Conquering Staff,4,9,0.44,44%,24.0,10.67,96,2,12.0,5.33,8.0,3.56
Chasseur de Bêtes,Beast Hunter,5,9,0.56,56%,18.0,10.0,90,2,9.0,5.0,6.0,3.33
Faux,Scythe,9,9,1.0,100%,9.11,9.11,82,3,3.04,3.04,2.28,2.28
Esprit de l'Écuyer,Spirit of the Squire,9,9,1.0,100%,8.67,8.67,78,3,2.89,2.89,2.17,2.17
Décharge Élémentaire,Elemental Discharge,4,9,0.44,44%,18.0,8.0,72,1,18.0,8.0,9.0,4.0
Esprit Sauvage,Wild Spirit,7,9,0.78,78%,10.0,7.78,70,0,Gratuit,Gratuit,10.0,7.78
Tombeau Rocheux,Rock Tomb,6,9,0.67,67%,10.0,6.67,60,1,10.0,6.67,5.0,3.33
Le Marionnettiste,The Puppeteer,3,9,0.33,33%,20.0,6.67,60,2,10.0,3.33,6.67,2.22
Assistance Divine,Sacred Help,3,9,0.33,33%,20.0,6.67,60,2,10.0,3.33,6.67,2.22
Mental d'Acier,Steel Aura,3,9,0.33,33%,18.0,6.0,54,2,9.0,3.0,6.0,2.0
Bâton du Conquérant,Staff of Conquered Worlds,4,9,0.44,44%,11.0,4.89,44,0,Gratuit,Gratuit,11.0,4.89
Sabre Versatile,Versatil Saber,4,9,0.44,44%,11.0,4.89,44,1,11.0,4.89,5.5,2.44
Marteau Collecteur,Collecting Hammer,4,9,0.44,44%,10.5,4.67,42,2,5.25,2.33,3.5,1.56
Armure d'Immortel,Immortal Breastplate,3,9,0.33,33%,14.0,4.67,42,1,14.0,4.67,7.0,2.33
Marteleur précis,Precise Hammer,2,9,0.22,22%,18.0,4.0,36,1,18.0,4.0,9.0,2.0
Œil de Lynx,Hawk's Eye,4,9,0.44,44%,8.0,3.56,32,0,Gratuit,Gratuit,8.0,3.56
Coup de Mort,Death Helper,3,9,0.33,33%,10.0,3.33,30,1,10.0,3.33,5.0,1.67
Lame Affutée,Sharp Blade,5,9,0.56,56%,6.0,3.33,30,3,2.0,1.11,1.5,0.83
Hache Frénétique,Berseker Ax,2,9,0.22,22%,14.0,3.11,28,2,7.0,1.55,4.67,1.04
Totem du Gardien,Guardian Totem,9,9,1.0,100%,2.56,2.56,23,3,0.85,0.85,0.64,0.64
Esprit omniprésent,Omnipresent Spirit,1,9,0.11,11%,18.0,2.0,18,2,9.0,1.0,6.0,0.67
Être de Lumière,Being of Light,1,9,0.11,11%,18.0,2.0,18,1,18.0,2.0,9.0,1.0
Épée Obscure,Swords of Darkness,1,9,0.11,11%,17.0,1.89,17,1,17.0,1.89,8.5,0.94
Chasseur d'Âmes,Soul Hunter,1,9,0.11,11%,15.0,1.67,15,1,15.0,1.67,7.5,0.83
Force Divine,Divine Impetu,1,9,0.11,11%,11.0,1.22,11,0,Gratuit,Gratuit,11.0,1.22
