,Nom Anglais,nb games valide,total games,ratio,%,pts moy,pts moy total,total point,cout,pts par cout moy,pts par cout total,pts par cout moy+1,pts par cout total+1
Griffes Sauvages,Wild Claw,6,6,1.0,100%,15.67,15.67,94,3,5.22,5.22,3.92,3.92
Totem Équivalent,Equivalent Totem,6,6,1.0,100%,14.5,14.5,87,2,7.25,7.25,4.83,4.83
Aveuglement,Incapacitor,6,6,1.0,100%,12.5,12.5,75,3,4.17,4.17,3.12,3.12
Chasseur de Bêtes,Beast Hunter,4,6,0.67,67%,18.0,12.0,72,2,9.0,6.0,6.0,4.0
Pillard Féroce,Savage Looter,3,6,0.5,50%,20.0,10.0,60,1,20.0,10.0,10.0,5.0
Faux,Scythe,6,6,1.0,100%,8.67,8.67,52,3,2.89,2.89,2.17,2.17
Bâton de Conquête,Conquering Staff,2,6,0.33,33%,24.0,8.0,48,2,12.0,4.0,8.0,2.67
Esprit de l'Écuyer,Spirit of the Squire,6,6,1.0,100%,7.5,7.5,45,3,2.5,2.5,1.88,1.88
Assistance Divine,Sacred Help,2,6,0.33,33%,20.0,6.67,40,2,10.0,3.33,6.67,2.22
Esprit Sauvage,Wild Spirit,4,6,0.67,67%,10.0,6.67,40,0,Gratuit,Gratuit,10.0,6.67
Le Marionnettiste,The Puppeteer,2,6,0.33,33%,20.0,6.67,40,2,10.0,3.33,6.67,2.22
Armure d'Obsidienne,Obsidian Battle Plate,2,6,0.33,33%,20.0,6.67,40,2,10.0,3.33,6.67,2.22
Décharge Élémentaire,Elemental Discharge,2,6,0.33,33%,18.0,6.0,36,1,18.0,6.0,9.0,3.0
Tombeau Rocheux,Rock Tomb,3,6,0.5,50%,10.0,5.0,30,1,10.0,5.0,5.0,2.5
Hache Frénétique,Berseker Ax,2,6,0.33,33%,14.0,4.67,28,2,7.0,2.33,4.67,1.56
Bâton du Conquérant,Staff of Conquered Worlds,2,6,0.33,33%,11.0,3.67,22,0,Gratuit,Gratuit,11.0,3.67
Mental d'Acier,Steel Aura,1,6,0.17,17%,18.0,3.0,18,2,9.0,1.5,6.0,1.0
Lame Affutée,Sharp Blade,3,6,0.5,50%,6.0,3.0,18,3,2.0,1.0,1.5,0.75
Esprit omniprésent,Omnipresent Spirit,1,6,0.17,17%,18.0,3.0,18,2,9.0,1.5,6.0,1.0
Œil de Lynx,Hawk's Eye,2,6,0.33,33%,8.0,2.67,16,0,Gratuit,Gratuit,8.0,2.67
Totem du Gardien,Guardian Totem,6,6,1.0,100%,2.5,2.5,15,3,0.83,0.83,0.62,0.62
Armure d'Immortel,Immortal Breastplate,1,6,0.17,17%,14.0,2.33,14,1,14.0,2.33,7.0,1.17
Marteau Collecteur,Collecting Hammer,1,6,0.17,17%,12.0,2.0,12,2,6.0,1.0,4.0,0.67
Sabre Versatile,Versatil Saber,1,6,0.17,17%,11.0,1.83,11,1,11.0,1.83,5.5,0.92
Coup de Mort,Death Helper,1,6,0.17,17%,10.0,1.67,10,1,10.0,1.67,5.0,0.83
