,Nom Anglais,nb games valide,total games,ratio,%,pts moy,pts moy total,total point,cout,pts par cout moy,pts par cout total
Griffes Sauvages,Wild Claw,10,10,1.0,100%,17.6,17.6,176,3,5.87,5.87
Totem Équivalent,Equivalent Totem,10,10,1.0,100%,15.7,15.7,157,1,15.7,15.7
Aveuglement,Incapacitor,10,10,1.0,100%,12.3,12.3,123,3,4.1,4.1
Faux,Scythe,10,10,1.0,100%,10.0,10.0,100,3,3.33,3.33
Bâton de Conquête,Conquering Staff,4,10,0.4,40%,24.0,9.6,96,2,12.0,4.8
Esprit de l'Écuyer,Spirit of the Squire,10,10,1.0,100%,9.6,9.6,96,3,3.2,3.2
Lame Affutée,Sharp Blade,8,10,0.8,80%,11.25,9.0,90,3,3.75,3.0
Esprit Sauvage,Wild Spirit,9,10,0.9,90%,10.0,9.0,90,0,Gratuit,Gratuit
Mental d'Acier,Steel Aura,5,10,0.5,50%,18.0,9.0,90,2,9.0,4.5
Chasseur de Bêtes,Beast Hunter,5,10,0.5,50%,18.0,9.0,90,2,9.0,4.5
Tombeau Rocheux,Rock Tomb,8,10,0.8,80%,10.0,8.0,80,1,10.0,8.0
Hache Frénétique,Berseker Ax,5,10,0.5,50%,14.0,7.0,70,2,7.0,3.5
Marteau Collecteur,Collecting Hammer,5,10,0.5,50%,10.8,5.4,54,2,5.4,2.7
Décharge Élémentaire,Elemental Discharge,3,10,0.3,30%,18.0,5.4,54,1,18.0,5.4
Économe Sagesse du Trésorier,Treasurer's Wisdom,3,10,0.3,30%,17.0,5.1,51,2,8.5,2.55
Coup de Mort,Death Helper,5,10,0.5,50%,10.0,5.0,50,1,10.0,5.0
Aura Légendaire,Legend Aura,1,10,0.1,10%,40.0,4.0,40,3,13.33,1.33
Œil de Lynx,Hawk's Eye,5,10,0.5,50%,8.0,4.0,40,0,Gratuit,Gratuit
Pillard Féroce,Savage Looter,2,10,0.2,20%,20.0,4.0,40,1,20.0,4.0
Marteleur précis,Precise Hammer,2,10,0.2,20%,18.0,3.6,36,1,18.0,3.6
Totem du Gardien,Guardian Totem,10,10,1.0,100%,3.1,3.1,31,3,1.03,1.03
Triple Météore,Trimeteor,1,10,0.1,10%,30.0,3.0,30,0,Gratuit,Gratuit
Le Marionnettiste,The Puppeteer,1,10,0.1,10%,20.0,2.0,20,2,10.0,1.0
Armure d'Obsidienne,Obsidian Battle Plate,1,10,0.1,10%,20.0,2.0,20,2,10.0,1.0
Assistance Divine,Sacred Help,1,10,0.1,10%,20.0,2.0,20,2,10.0,1.0
Enchaînement Éclair,Unstoppable Lightning,1,10,0.1,10%,18.0,1.8,18,1,18.0,1.8
Épée Obscure,Swords of Darkness,1,10,0.1,10%,17.0,1.7,17,1,17.0,1.7
Adrénaline Arcanique,Arcane Adrenaline,1,10,0.1,10%,16.0,1.6,16,1,16.0,1.6
Danse Macabre,Dance of Death,2,10,0.2,20%,8.0,1.6,16,1,8.0,1.6
Elan de Fureur,Rampage Momentum,1,10,0.1,10%,15.0,1.5,15,2,7.5,0.75
Désintégrateur Magnétique,Magnetic Disintegrator,1,10,0.1,10%,11.0,1.1,11,0,Gratuit,Gratuit
Bâton du Conquérant,Staff of Conquered Worlds,1,10,0.1,10%,11.0,1.1,11,0,Gratuit,Gratuit
Amulette Omnisciente,Omnipresent Amulet,1,10,0.1,10%,11.0,1.1,11,0,Gratuit,Gratuit
Sabre Versatile,Versatil Saber,1,10,0.1,10%,11.0,1.1,11,1,11.0,1.1
Épé Sainte,Holy Sword,1,10,0.1,10%,10.0,1.0,10,0,Gratuit,Gratuit
