,Nom Anglais,nb games valide,total games,ratio,%,pts moy,pts moy total,total point,cout,pts par cout moy,pts par cout total
Totem Équivalent,Equivalent Totem,5,5,1.0,100%,15.0,15.0,75,2,7.5,7.5
Griffes Sauvages,Wild Claw,5,5,1.0,100%,14.6,14.6,73,3,4.87,4.87
Armure d'Obsidienne,Obsidian Battle Plate,3,5,0.6,60%,20.0,12.0,60,2,10.0,6.0
Esprit de l'Écuyer,Spirit of the Squire,5,5,1.0,100%,11.4,11.4,57,3,3.8,3.8
Aveuglement,Incapacitor,5,5,1.0,100%,10.8,10.8,54,3,3.6,3.6
Chasseur de Bêtes,Beast Hunter,3,5,0.6,60%,18.0,10.8,54,2,9.0,5.4
Tombeau Rocheux,Rock Tomb,5,5,1.0,100%,10.0,10.0,50,1,10.0,10.0
Faux,Scythe,5,5,1.0,100%,8.6,8.6,43,3,2.87,2.87
Marteau Collecteur,Collecting Hammer,3,5,0.6,60%,14.0,8.4,42,2,7.0,4.2
Lame Affutée,Sharp Blade,5,5,1.0,100%,8.4,8.4,42,3,2.8,2.8
Pillard Féroce,Savage Looter,2,5,0.4,40%,20.0,8.0,40,1,20.0,8.0
Le Marionnettiste,The Puppeteer,2,5,0.4,40%,20.0,8.0,40,2,10.0,4.0
Coup de Mort,Death Helper,4,5,0.8,80%,10.0,8.0,40,1,10.0,8.0
Marteleur précis,Precise Hammer,2,5,0.4,40%,18.0,7.2,36,1,18.0,7.2
Décharge Élémentaire,Elemental Discharge,2,5,0.4,40%,18.0,7.2,36,1,18.0,7.2
Mental d'Acier,Steel Aura,2,5,0.4,40%,18.0,7.2,36,2,9.0,3.6
Esprit Sauvage,Wild Spirit,3,5,0.6,60%,10.0,6.0,30,0,Gratuit,Gratuit
Œil de Lynx,Hawk's Eye,3,5,0.6,60%,8.0,4.8,24,0,Gratuit,Gratuit
Bâton de Conquête,Conquering Staff,1,5,0.2,20%,24.0,4.8,24,2,12.0,2.4
Sabre Versatile,Versatil Saber,2,5,0.4,40%,11.0,4.4,22,1,11.0,4.4
Totem du Gardien,Guardian Totem,5,5,1.0,100%,4.0,4.0,20,3,1.33,1.33
Esprit omniprésent,Omnipresent Spirit,1,5,0.2,20%,18.0,3.6,18,2,9.0,1.8
Être de Lumière,Being of Light,1,5,0.2,20%,18.0,3.6,18,1,18.0,3.6
Économe Sagesse du Trésorier,Treasurer's Wisdom,1,5,0.2,20%,17.0,3.4,17,2,8.5,1.7
Épée Obscure,Swords of Darkness,1,5,0.2,20%,17.0,3.4,17,1,17.0,3.4
Soif de Sang,Thirsty Dagger,1,5,0.2,20%,15.0,3.0,15,0,Gratuit,Gratuit
Elan de Fureur,Rampage Momentum,1,5,0.2,20%,15.0,3.0,15,2,7.5,1.5
Armure d'Immortel,Immortal Breastplate,1,5,0.2,20%,14.0,2.8,14,1,14.0,2.8
Amulette Omnisciente,Omnipresent Amulet,1,5,0.2,20%,11.0,2.2,11,0,Gratuit,Gratuit
Danse Macabre,Dance of Death,1,5,0.2,20%,8.0,1.6,8,1,8.0,1.6
