,Nom Anglais,nb games valide,total games,ratio,%,pts moy,pts moy total,total point,cout,pts par cout moy,pts par cout total,pts par cout moy+1,pts par cout total+1
Totem Équivalent,Equivalent Totem,9,9,1.0,100%,15.11,15.11,136,2,7.55,7.55,5.04,5.04
Griffes Sauvages,Wild Claw,9,9,1.0,100%,14.78,14.78,133,3,4.93,4.93,3.69,3.69
Esprit de l'Écuyer,Spirit of the Squire,9,9,1.0,100%,13.33,13.33,120,3,4.44,4.44,3.33,3.33
Armure d'Obsidienne,Obsidian Battle Plate,6,9,0.67,67%,20.0,13.33,120,2,10.0,6.67,6.67,4.44
Aveuglement,Incapacitor,9,9,1.0,100%,11.33,11.33,102,3,3.78,3.78,2.83,2.83
Tombeau Rocheux,Rock Tomb,9,9,1.0,100%,10.0,10.0,90,1,10.0,10.0,5.0,5.0
Décharge Élémentaire,Elemental Discharge,5,9,0.56,56%,18.0,10.0,90,1,18.0,10.0,9.0,5.0
Chasseur de Bêtes,Beast Hunter,5,9,0.56,56%,18.0,10.0,90,2,9.0,5.0,6.0,3.33
Coup de Mort,Death Helper,8,9,0.89,89%,10.0,8.89,80,1,10.0,8.89,5.0,4.45
Faux,Scythe,9,9,1.0,100%,8.67,8.67,78,3,2.89,2.89,2.17,2.17
Lame Affutée,Sharp Blade,9,9,1.0,100%,8.0,8.0,72,3,2.67,2.67,2.0,2.0
Marteau Collecteur,Collecting Hammer,6,9,0.67,67%,11.0,7.33,66,2,5.5,3.67,3.67,2.44
Pillard Féroce,Savage Looter,3,9,0.33,33%,20.0,6.67,60,1,20.0,6.67,10.0,3.33
Sabre Versatile,Versatil Saber,5,9,0.56,56%,11.0,6.11,55,1,11.0,6.11,5.5,3.06
Esprit Sauvage,Wild Spirit,5,9,0.56,56%,10.0,5.56,50,0,Gratuit,Gratuit,10.0,5.56
Bâton de Conquête,Conquering Staff,2,9,0.22,22%,24.0,5.33,48,2,12.0,2.67,8.0,1.78
Œil de Lynx,Hawk's Eye,5,9,0.56,56%,8.0,4.44,40,0,Gratuit,Gratuit,8.0,4.44
Le Marionnettiste,The Puppeteer,2,9,0.22,22%,20.0,4.44,40,2,10.0,2.22,6.67,1.48
Assistance Divine,Sacred Help,2,9,0.22,22%,20.0,4.44,40,2,10.0,2.22,6.67,1.48
Totem du Gardien,Guardian Totem,9,9,1.0,100%,4.33,4.33,39,3,1.44,1.44,1.08,1.08
Mental d'Acier,Steel Aura,2,9,0.22,22%,18.0,4.0,36,2,9.0,2.0,6.0,1.33
Marteleur précis,Precise Hammer,2,9,0.22,22%,18.0,4.0,36,1,18.0,4.0,9.0,2.0
Être de Lumière,Being of Light,2,9,0.22,22%,18.0,4.0,36,1,18.0,4.0,9.0,2.0
Économe Sagesse du Trésorier,Treasurer's Wisdom,2,9,0.22,22%,17.0,3.78,34,2,8.5,1.89,5.67,1.26
Amulette Omnisciente,Omnipresent Amulet,3,9,0.33,33%,11.0,3.67,33,0,Gratuit,Gratuit,11.0,3.67
Soif de Sang,Thirsty Dagger,2,9,0.22,22%,15.0,3.33,30,0,Gratuit,Gratuit,15.0,3.33
Armure d'Immortel,Immortal Breastplate,2,9,0.22,22%,14.0,3.11,28,1,14.0,3.11,7.0,1.55
Ascension Divine,Divine Ascent,1,9,0.11,11%,25.0,2.78,25,3,8.33,0.93,6.25,0.69
Esprit omniprésent,Omnipresent Spirit,1,9,0.11,11%,18.0,2.0,18,2,9.0,1.0,6.0,0.67
Épée Obscure,Swords of Darkness,1,9,0.11,11%,17.0,1.89,17,1,17.0,1.89,8.5,0.94
Danse Macabre,Dance of Death,2,9,0.22,22%,8.0,1.78,16,1,8.0,1.78,4.0,0.89
Elan de Fureur,Rampage Momentum,1,9,0.11,11%,15.0,1.67,15,2,7.5,0.83,5.0,0.56
Force Divine,Divine Impetu,1,9,0.11,11%,11.0,1.22,11,0,Gratuit,Gratuit,11.0,1.22
