,Nom Anglais,nb games valide,total games,ratio,%,pts moy,pts moy total,total point,cout,pts par cout moy,pts par cout total
Totem Équivalent,Equivalent Totem,4,4,1.0,100%,14.5,14.5,58,1,14.5,14.5
Griffes Sauvages,Wild Claw,4,4,1.0,100%,14.25,14.25,57,3,4.75,4.75
Chasseur de Bêtes,Beast Hunter,3,4,0.75,75%,18.0,13.5,54,2,9.0,6.75
Esprit de l'Écuyer,Spirit of the Squire,4,4,1.0,100%,11.25,11.25,45,3,3.75,3.75
Aveuglement,Incapacitor,4,4,1.0,100%,10.5,10.5,42,3,3.5,3.5
Pillard Féroce,Savage Looter,2,4,0.5,50%,20.0,10.0,40,1,20.0,10.0
Tombeau Rocheux,Rock Tomb,4,4,1.0,100%,10.0,10.0,40,1,10.0,10.0
Le Marionnettiste,The Puppeteer,2,4,0.5,50%,20.0,10.0,40,2,10.0,5.0
Armure d'Obsidienne,Obsidian Battle Plate,2,4,0.5,50%,20.0,10.0,40,2,10.0,5.0
Décharge Élémentaire,Elemental Discharge,2,4,0.5,50%,18.0,9.0,36,1,18.0,9.0
Mental d'Acier,Steel Aura,2,4,0.5,50%,18.0,9.0,36,2,9.0,4.5
Lame Affutée,Sharp Blade,4,4,1.0,100%,9.0,9.0,36,3,3.0,3.0
Marteleur précis,Precise Hammer,2,4,0.5,50%,18.0,9.0,36,1,18.0,9.0
Faux,Scythe,4,4,1.0,100%,8.25,8.25,33,3,2.75,2.75
Marteau Collecteur,Collecting Hammer,2,4,0.5,50%,15.0,7.5,30,2,7.5,3.75
Coup de Mort,Death Helper,3,4,0.75,75%,10.0,7.5,30,1,10.0,7.5
Bâton de Conquête,Conquering Staff,1,4,0.25,25%,24.0,6.0,24,2,12.0,3.0
Esprit Sauvage,Wild Spirit,2,4,0.5,50%,10.0,5.0,20,0,Gratuit,Gratuit
Esprit omniprésent,Omnipresent Spirit,1,4,0.25,25%,18.0,4.5,18,2,9.0,2.25
Être de Lumière,Being of Light,1,4,0.25,25%,18.0,4.5,18,1,18.0,4.5
Épée Obscure,Swords of Darkness,1,4,0.25,25%,17.0,4.25,17,1,17.0,4.25
Œil de Lynx,Hawk's Eye,2,4,0.5,50%,8.0,4.0,16,0,Gratuit,Gratuit
Elan de Fureur,Rampage Momentum,1,4,0.25,25%,15.0,3.75,15,2,7.5,1.88
Soif de Sang,Thirsty Dagger,1,4,0.25,25%,15.0,3.75,15,0,Gratuit,Gratuit
Totem du Gardien,Guardian Totem,4,4,1.0,100%,3.75,3.75,15,3,1.25,1.25
Amulette Omnisciente,Omnipresent Amulet,1,4,0.25,25%,11.0,2.75,11,0,Gratuit,Gratuit
Sabre Versatile,Versatil Saber,1,4,0.25,25%,11.0,2.75,11,1,11.0,2.75
Danse Macabre,Dance of Death,1,4,0.25,25%,8.0,2.0,8,1,8.0,2.0
