,Nom Anglais,nb games valide,total games,ratio,%,pts moy,pts moy total,total point,cout,pts par cout moy,pts par cout total,pts par cout moy+1,pts par cout total+1
Totem Équivalent,Equivalent Totem,5,5,1.0,100%,16.0,16.0,80,2,8.0,8.0,5.33,5.33
Griffes Sauvages,Wild Claw,5,5,1.0,100%,15.8,15.8,79,3,5.27,5.27,3.95,3.95
Esprit de l'Écuyer,Spirit of the Squire,5,5,1.0,100%,13.8,13.8,69,3,4.6,4.6,3.45,3.45
Aveuglement,Incapacitor,5,5,1.0,100%,12.0,12.0,60,3,4.0,4.0,3.0,3.0
Tombeau Rocheux,Rock Tomb,5,5,1.0,100%,10.0,10.0,50,1,10.0,10.0,5.0,5.0
Faux,Scythe,5,5,1.0,100%,9.0,9.0,45,3,3.0,3.0,2.25,2.25
Hache Frénétique,Berseker Ax,3,5,0.6,60%,14.0,8.4,42,2,7.0,4.2,4.67,2.8
Assistance Divine,Sacred Help,2,5,0.4,40%,20.0,8.0,40,2,10.0,4.0,6.67,2.67
Armure d'Obsidienne,Obsidian Battle Plate,2,5,0.4,40%,20.0,8.0,40,2,10.0,4.0,6.67,2.67
Coup de Mort,Death Helper,4,5,0.8,80%,10.0,8.0,40,1,10.0,8.0,5.0,4.0
Esprit Sauvage,Wild Spirit,4,5,0.8,80%,10.0,8.0,40,0,Gratuit,Gratuit,10.0,8.0
Marteleur précis,Precise Hammer,2,5,0.4,40%,18.0,7.2,36,1,18.0,7.2,9.0,3.6
Chasseur de Bêtes,Beast Hunter,2,5,0.4,40%,18.0,7.2,36,2,9.0,3.6,6.0,2.4
Décharge Élémentaire,Elemental Discharge,2,5,0.4,40%,18.0,7.2,36,1,18.0,7.2,9.0,3.6
Mental d'Acier,Steel Aura,2,5,0.4,40%,18.0,7.2,36,2,9.0,3.6,6.0,2.4
Bâton de Conquête,Conquering Staff,1,5,0.2,20%,24.0,4.8,24,2,12.0,2.4,8.0,1.6
Marteau Collecteur,Collecting Hammer,3,5,0.6,60%,8.0,4.8,24,2,4.0,2.4,2.67,1.6
Œil de Lynx,Hawk's Eye,3,5,0.6,60%,8.0,4.8,24,0,Gratuit,Gratuit,8.0,4.8
Sabre Versatile,Versatil Saber,2,5,0.4,40%,11.0,4.4,22,1,11.0,4.4,5.5,2.2
Lame Affutée,Sharp Blade,4,5,0.8,80%,4.5,3.6,18,3,1.5,1.2,1.12,0.9
Épée Obscure,Swords of Darkness,1,5,0.2,20%,17.0,3.4,17,1,17.0,3.4,8.5,1.7
Armure d'Immortel,Immortal Breastplate,1,5,0.2,20%,14.0,2.8,14,1,14.0,2.8,7.0,1.4
Totem du Gardien,Guardian Totem,5,5,1.0,100%,2.6,2.6,13,3,0.87,0.87,0.65,0.65
Bâton du Conquérant,Staff of Conquered Worlds,1,5,0.2,20%,11.0,2.2,11,0,Gratuit,Gratuit,11.0,2.2
Force Divine,Divine Impetu,1,5,0.2,20%,11.0,2.2,11,0,Gratuit,Gratuit,11.0,2.2
