,Nom Anglais,nb games valide,total games,ratio,%,pts moy,pts moy total,total point,cout,pts par cout moy,pts par cout total
Totem Équivalent,Equivalent Totem,2,2,1.0,100%,16.0,16.0,32,1,16.0,16.0
Griffes Sauvages,Wild Claw,2,2,1.0,100%,15.0,15.0,30,3,5.0,5.0
Hache Frénétique,Berseker Ax,2,2,1.0,100%,14.0,14.0,28,2,7.0,7.0
Esprit de l'Écuyer,Spirit of the Squire,2,2,1.0,100%,10.5,10.5,21,3,3.5,3.5
Aveuglement,Incapacitor,2,2,1.0,100%,10.5,10.5,21,3,3.5,3.5
Tombeau Rocheux,Rock Tomb,2,2,1.0,100%,10.0,10.0,20,1,10.0,10.0
Chasseur de Bêtes,Beast Hunter,1,2,0.5,50%,18.0,9.0,18,2,9.0,4.5
Épée Obscure,Swords of Darkness,1,2,0.5,50%,17.0,8.5,17,1,17.0,8.5
Faux,Scythe,2,2,1.0,100%,8.5,8.5,17,3,2.83,2.83
Esprit Sauvage,Wild Spirit,1,2,0.5,50%,10.0,5.0,10,0,Gratuit,Gratuit
Coup de Mort,Death Helper,1,2,0.5,50%,10.0,5.0,10,1,10.0,5.0
Lame Affutée,Sharp Blade,1,2,0.5,50%,9.0,4.5,9,3,3.0,1.5
Totem du Gardien,Guardian Totem,2,2,1.0,100%,2.0,2.0,4,3,0.67,0.67
