,Nom Anglais,nb games valide,total games,ratio,%,pts moy,pts moy total,total point,cout,pts par cout moy,pts par cout total,pts par cout moy+1,pts par cout total+1
Totem Équivalent,Equivalent Totem,6,6,1.0,100%,15.83,15.83,95,2,7.92,7.92,5.28,5.28
Griffes Sauvages,Wild Claw,6,6,1.0,100%,15.5,15.5,93,3,5.17,5.17,3.88,3.88
Aveuglement,Incapacitor,6,6,1.0,100%,12.0,12.0,72,3,4.0,4.0,3.0,3.0
Esprit de l'Écuyer,Spirit of the Squire,6,6,1.0,100%,12.0,12.0,72,3,4.0,4.0,3.0,3.0
Armure d'Obsidienne,Obsidian Battle Plate,3,6,0.5,50%,20.0,10.0,60,2,10.0,5.0,6.67,3.33
Tombeau Rocheux,Rock Tomb,6,6,1.0,100%,10.0,10.0,60,1,10.0,10.0,5.0,5.0
Décharge Élémentaire,Elemental Discharge,3,6,0.5,50%,18.0,9.0,54,1,18.0,9.0,9.0,4.5
Faux,Scythe,6,6,1.0,100%,8.83,8.83,53,3,2.94,2.94,2.21,2.21
Hache Frénétique,Berseker Ax,3,6,0.5,50%,14.0,7.0,42,2,7.0,3.5,4.67,2.33
Coup de Mort,Death Helper,4,6,0.67,67%,10.0,6.67,40,1,10.0,6.67,5.0,3.33
Assistance Divine,Sacred Help,2,6,0.33,33%,20.0,6.67,40,2,10.0,3.33,6.67,2.22
Esprit Sauvage,Wild Spirit,4,6,0.67,67%,10.0,6.67,40,0,Gratuit,Gratuit,10.0,6.67
Chasseur de Bêtes,Beast Hunter,2,6,0.33,33%,18.0,6.0,36,2,9.0,3.0,6.0,2.0
Mental d'Acier,Steel Aura,2,6,0.33,33%,18.0,6.0,36,2,9.0,3.0,6.0,2.0
Marteau Collecteur,Collecting Hammer,4,6,0.67,67%,9.0,6.0,36,2,4.5,3.0,3.0,2.0
Marteleur précis,Precise Hammer,2,6,0.33,33%,18.0,6.0,36,1,18.0,6.0,9.0,3.0
Épée Obscure,Swords of Darkness,2,6,0.33,33%,17.0,5.67,34,1,17.0,5.67,8.5,2.83
Lame Affutée,Sharp Blade,5,6,0.83,83%,6.6,5.5,33,3,2.2,1.83,1.65,1.38
Sabre Versatile,Versatil Saber,3,6,0.5,50%,11.0,5.5,33,1,11.0,5.5,5.5,2.75
Œil de Lynx,Hawk's Eye,4,6,0.67,67%,8.0,5.33,32,0,Gratuit,Gratuit,8.0,5.33
Armure d'Immortel,Immortal Breastplate,2,6,0.33,33%,14.0,4.67,28,1,14.0,4.67,7.0,2.33
Bâton de Conquête,Conquering Staff,1,6,0.17,17%,24.0,4.0,24,2,12.0,2.0,8.0,1.33
Totem du Gardien,Guardian Totem,6,6,1.0,100%,3.33,3.33,20,3,1.11,1.11,0.83,0.83
Enchaînement Éclair,Unstoppable Lightning,1,6,0.17,17%,18.0,3.0,18,1,18.0,3.0,9.0,1.5
Elan de Fureur,Rampage Momentum,1,6,0.17,17%,15.0,2.5,15,2,7.5,1.25,5.0,0.83
Explosion Arcanique,Arcane Explosive,1,6,0.17,17%,12.0,2.0,12,1,12.0,2.0,6.0,1.0
Force Divine,Divine Impetu,1,6,0.17,17%,11.0,1.83,11,0,Gratuit,Gratuit,11.0,1.83
Désintégrateur Magnétique,Magnetic Disintegrator,1,6,0.17,17%,11.0,1.83,11,0,Gratuit,Gratuit,11.0,1.83
Bâton du Conquérant,Staff of Conquered Worlds,1,6,0.17,17%,11.0,1.83,11,0,Gratuit,Gratuit,11.0,1.83
Épé Sainte,Holy Sword,1,6,0.17,17%,10.0,1.67,10,0,Gratuit,Gratuit,10.0,1.67
Danse Macabre,Dance of Death,1,6,0.17,17%,8.0,1.33,8,1,8.0,1.33,4.0,0.67
