,Nom Anglais,nb games valide,total games,ratio,%,pts moy,pts moy total,total point,cout,pts par cout moy,pts par cout total,pts par cout moy+1,pts par cout total+1
Totem Équivalent,Equivalent Totem,7,7,1.0,100%,15.14,15.14,106,2,7.57,7.57,5.05,5.05
Griffes Sauvages,Wild Claw,7,7,1.0,100%,15.0,15.0,105,3,5.0,5.0,3.75,3.75
Aveuglement,Incapacitor,6,7,0.86,86%,12.0,10.29,72,3,4.0,3.43,3.0,2.57
Esprit de l'Écuyer,Spirit of the Squire,6,7,0.86,86%,12.0,10.29,72,3,4.0,3.43,3.0,2.57
Tombeau Rocheux,Rock Tomb,6,7,0.86,86%,10.0,8.57,60,1,10.0,8.57,5.0,4.29
Armure d'Obsidienne,Obsidian Battle Plate,3,7,0.43,43%,20.0,8.57,60,2,10.0,4.29,6.67,2.86
Faux,Scythe,7,7,1.0,100%,8.43,8.43,59,3,2.81,2.81,2.11,2.11
Mental d'Acier,Steel Aura,3,7,0.43,43%,18.0,7.71,54,2,9.0,3.85,6.0,2.57
Décharge Élémentaire,Elemental Discharge,3,7,0.43,43%,18.0,7.71,54,1,18.0,7.71,9.0,3.85
Marteleur précis,Precise Hammer,3,7,0.43,43%,18.0,7.71,54,1,18.0,7.71,9.0,3.85
Épée Obscure,Swords of Darkness,3,7,0.43,43%,17.0,7.29,51,1,17.0,7.29,8.5,3.65
Marteau Collecteur,Collecting Hammer,5,7,0.71,71%,9.6,6.86,48,2,4.8,3.43,3.2,2.29
Lame Affutée,Sharp Blade,6,7,0.86,86%,7.5,6.43,45,3,2.5,2.14,1.88,1.61
Hache Frénétique,Berseker Ax,3,7,0.43,43%,14.0,6.0,42,2,7.0,3.0,4.67,2.0
Coup de Mort,Death Helper,4,7,0.57,57%,10.0,5.71,40,1,10.0,5.71,5.0,2.85
Esprit Sauvage,Wild Spirit,4,7,0.57,57%,10.0,5.71,40,0,Gratuit,Gratuit,10.0,5.71
Assistance Divine,Sacred Help,2,7,0.29,29%,20.0,5.71,40,2,10.0,2.85,6.67,1.9
Chasseur de Bêtes,Beast Hunter,2,7,0.29,29%,18.0,5.14,36,2,9.0,2.57,6.0,1.71
Sabre Versatile,Versatil Saber,3,7,0.43,43%,11.0,4.71,33,1,11.0,4.71,5.5,2.35
Œil de Lynx,Hawk's Eye,4,7,0.57,57%,8.0,4.57,32,0,Gratuit,Gratuit,8.0,4.57
Armure d'Immortel,Immortal Breastplate,2,7,0.29,29%,14.0,4.0,28,1,14.0,4.0,7.0,2.0
Bâton de Conquête,Conquering Staff,1,7,0.14,14%,24.0,3.43,24,2,12.0,1.72,8.0,1.14
Totem du Gardien,Guardian Totem,6,7,0.86,86%,3.33,2.86,20,3,1.11,0.95,0.83,0.71
Enchaînement Éclair,Unstoppable Lightning,1,7,0.14,14%,18.0,2.57,18,1,18.0,2.57,9.0,1.28
Esprit omniprésent,Omnipresent Spirit,1,7,0.14,14%,18.0,2.57,18,2,9.0,1.28,6.0,0.86
Danse Macabre,Dance of Death,2,7,0.29,29%,8.0,2.29,16,1,8.0,2.29,4.0,1.15
Chasseur d'Âmes,Soul Hunter,1,7,0.14,14%,15.0,2.14,15,1,15.0,2.14,7.5,1.07
Elan de Fureur,Rampage Momentum,1,7,0.14,14%,15.0,2.14,15,2,7.5,1.07,5.0,0.71
Explosion Arcanique,Arcane Explosive,1,7,0.14,14%,12.0,1.71,12,1,12.0,1.71,6.0,0.85
Force Divine,Divine Impetu,1,7,0.14,14%,11.0,1.57,11,0,Gratuit,Gratuit,11.0,1.57
Bâton du Conquérant,Staff of Conquered Worlds,1,7,0.14,14%,11.0,1.57,11,0,Gratuit,Gratuit,11.0,1.57
Désintégrateur Magnétique,Magnetic Disintegrator,1,7,0.14,14%,11.0,1.57,11,0,Gratuit,Gratuit,11.0,1.57
Épé Sainte,Holy Sword,1,7,0.14,14%,10.0,1.43,10,0,Gratuit,Gratuit,10.0,1.43
