,Nom Anglais,nb games valide,total games,ratio,%,pts moy,pts moy total,total point,cout,pts par cout moy,pts par cout total,pts par cout moy+1,pts par cout total+1
Totem Équivalent,Equivalent Totem,13,13,1.0,100%,14.92,14.92,194,2,7.46,7.46,4.97,4.97
Griffes Sauvages,Wild Claw,13,13,1.0,100%,14.85,14.85,193,3,4.95,4.95,3.71,3.71
Esprit de l'Écuyer,Spirit of the Squire,11,13,0.85,85%,12.0,10.15,132,3,4.0,3.38,3.0,2.54
Aveuglement,Incapacitor,11,13,0.85,85%,10.64,9.0,117,3,3.55,3.0,2.66,2.25
Faux,Scythe,13,13,1.0,100%,8.46,8.46,110,3,2.82,2.82,2.12,2.12
Décharge Élémentaire,Elemental Discharge,6,13,0.46,46%,18.0,8.31,108,1,18.0,8.31,9.0,4.16
Mental d'Acier,Steel Aura,6,13,0.46,46%,18.0,8.31,108,2,9.0,4.16,6.0,2.77
Tombeau Rocheux,Rock Tomb,10,13,0.77,77%,10.0,7.69,100,1,10.0,7.69,5.0,3.85
Assistance Divine,Sacred Help,5,13,0.38,38%,20.0,7.69,100,2,10.0,3.85,6.67,2.56
Marteau Collecteur,Collecting Hammer,9,13,0.69,69%,10.56,7.31,95,2,5.28,3.65,3.52,2.44
Armure d'Obsidienne,Obsidian Battle Plate,4,13,0.31,31%,20.0,6.15,80,2,10.0,3.08,6.67,2.05
Coup de Mort,Death Helper,7,13,0.54,54%,10.86,5.85,76,1,10.86,5.85,5.43,2.92
Esprit Sauvage,Wild Spirit,7,13,0.54,54%,10.0,5.38,70,0,Gratuit,Gratuit,10.0,5.38
Lame Affutée,Sharp Blade,11,13,0.85,85%,6.27,5.31,69,3,2.09,1.77,1.57,1.33
Épée Obscure,Swords of Darkness,4,13,0.31,31%,17.0,5.23,68,1,17.0,5.23,8.5,2.62
Hache Frénétique,Berseker Ax,4,13,0.31,31%,14.0,4.31,56,2,7.0,2.15,4.67,1.44
Marteleur précis,Precise Hammer,3,13,0.23,23%,18.0,4.15,54,1,18.0,4.15,9.0,2.08
Chasseur de Bêtes,Beast Hunter,3,13,0.23,23%,18.0,4.15,54,2,9.0,2.08,6.0,1.38
Bâton de Conquête,Conquering Staff,2,13,0.15,15%,24.0,3.69,48,2,12.0,1.84,8.0,1.23
Sabre Versatile,Versatil Saber,4,13,0.31,31%,11.0,3.38,44,1,11.0,3.38,5.5,1.69
Chasseur d'Âmes,Soul Hunter,2,13,0.15,15%,17.5,2.69,35,1,17.5,2.69,8.75,1.34
Œil de Lynx,Hawk's Eye,4,13,0.31,31%,8.0,2.46,32,0,Gratuit,Gratuit,8.0,2.46
Armure d'Immortel,Immortal Breastplate,2,13,0.15,15%,14.0,2.15,28,1,14.0,2.15,7.0,1.07
Totem du Gardien,Guardian Totem,9,13,0.69,69%,2.56,1.77,23,3,0.85,0.59,0.64,0.44
Bâton du Conquérant,Staff of Conquered Worlds,2,13,0.15,15%,11.0,1.69,22,0,Gratuit,Gratuit,11.0,1.69
Le Marionnettiste,The Puppeteer,1,13,0.08,8%,20.0,1.54,20,2,10.0,0.77,6.67,0.51
Pillard Féroce,Savage Looter,1,13,0.08,8%,20.0,1.54,20,1,20.0,1.54,10.0,0.77
Enchaînement Éclair,Unstoppable Lightning,1,13,0.08,8%,18.0,1.38,18,1,18.0,1.38,9.0,0.69
Esprit omniprésent,Omnipresent Spirit,1,13,0.08,8%,18.0,1.38,18,2,9.0,0.69,6.0,0.46
Économe Sagesse du Trésorier,Treasurer's Wisdom,1,13,0.08,8%,17.0,1.31,17,2,8.5,0.66,5.67,0.44
Danse Macabre,Dance of Death,2,13,0.15,15%,8.0,1.23,16,1,8.0,1.23,4.0,0.61
Elan de Fureur,Rampage Momentum,1,13,0.08,8%,15.0,1.15,15,2,7.5,0.57,5.0,0.38
Amulette Omnisciente,Omnipresent Amulet,1,13,0.08,8%,15.0,1.15,15,0,Gratuit,Gratuit,15.0,1.15
Explosion Arcanique,Arcane Explosive,1,13,0.08,8%,12.0,0.92,12,1,12.0,0.92,6.0,0.46
Désintégrateur Magnétique,Magnetic Disintegrator,1,13,0.08,8%,11.0,0.85,11,0,Gratuit,Gratuit,11.0,0.85
Force Divine,Divine Impetu,1,13,0.08,8%,11.0,0.85,11,0,Gratuit,Gratuit,11.0,0.85
Épé Sainte,Holy Sword,1,13,0.08,8%,10.0,0.77,10,0,Gratuit,Gratuit,10.0,0.77
