,Nom Anglais,nb games valide,total games,ratio,%,pts moy,pts moy total,total point,cout,pts par cout moy,pts par cout total,pts par cout moy+1,pts par cout total+1
Griffes Sauvages,Wild Claw,11,11,1.0,100%,15.27,15.27,168,3,5.09,5.09,3.82,3.82
Totem Équivalent,Equivalent Totem,11,11,1.0,100%,15.0,15.0,165,2,7.5,7.5,5.0,5.0
Esprit de l'Écuyer,Spirit of the Squire,9,11,0.82,82%,12.33,10.09,111,3,4.11,3.36,3.08,2.52
Décharge Élémentaire,Elemental Discharge,6,11,0.55,55%,18.0,9.82,108,1,18.0,9.82,9.0,4.91
Faux,Scythe,11,11,1.0,100%,8.64,8.64,95,3,2.88,2.88,2.16,2.16
Marteau Collecteur,Collecting Hammer,9,11,0.82,82%,10.56,8.64,95,2,5.28,4.32,3.52,2.88
Aveuglement,Incapacitor,9,11,0.82,82%,10.33,8.45,93,3,3.44,2.82,2.58,2.11
Tombeau Rocheux,Rock Tomb,9,11,0.82,82%,10.0,8.18,90,1,10.0,8.18,5.0,4.09
Mental d'Acier,Steel Aura,5,11,0.45,45%,18.0,8.18,90,2,9.0,4.09,6.0,2.73
Armure d'Obsidienne,Obsidian Battle Plate,4,11,0.36,36%,20.0,7.27,80,2,10.0,3.63,6.67,2.42
Esprit Sauvage,Wild Spirit,7,11,0.64,64%,10.0,6.36,70,0,Gratuit,Gratuit,10.0,6.36
Épée Obscure,Swords of Darkness,4,11,0.36,36%,17.0,6.18,68,1,17.0,6.18,8.5,3.09
Lame Affutée,Sharp Blade,10,11,0.91,91%,6.6,6.0,66,3,2.2,2.0,1.65,1.5
Coup de Mort,Death Helper,6,11,0.55,55%,10.5,5.73,63,1,10.5,5.73,5.25,2.87
Assistance Divine,Sacred Help,3,11,0.27,27%,20.0,5.45,60,2,10.0,2.73,6.67,1.82
Hache Frénétique,Berseker Ax,4,11,0.36,36%,14.0,5.09,56,2,7.0,2.54,4.67,1.7
Marteleur précis,Precise Hammer,3,11,0.27,27%,18.0,4.91,54,1,18.0,4.91,9.0,2.46
Chasseur de Bêtes,Beast Hunter,3,11,0.27,27%,18.0,4.91,54,2,9.0,2.46,6.0,1.64
Sabre Versatile,Versatil Saber,4,11,0.36,36%,11.0,4.0,44,1,11.0,4.0,5.5,2.0
Œil de Lynx,Hawk's Eye,4,11,0.36,36%,8.0,2.91,32,0,Gratuit,Gratuit,8.0,2.91
Armure d'Immortel,Immortal Breastplate,2,11,0.18,18%,14.0,2.55,28,1,14.0,2.55,7.0,1.27
Bâton de Conquête,Conquering Staff,1,11,0.09,9%,24.0,2.18,24,2,12.0,1.09,8.0,0.73
Totem du Gardien,Guardian Totem,9,11,0.82,82%,2.56,2.09,23,3,0.85,0.7,0.64,0.52
Le Marionnettiste,The Puppeteer,1,11,0.09,9%,20.0,1.82,20,2,10.0,0.91,6.67,0.61
Pillard Féroce,Savage Looter,1,11,0.09,9%,20.0,1.82,20,1,20.0,1.82,10.0,0.91
Enchaînement Éclair,Unstoppable Lightning,1,11,0.09,9%,18.0,1.64,18,1,18.0,1.64,9.0,0.82
Esprit omniprésent,Omnipresent Spirit,1,11,0.09,9%,18.0,1.64,18,2,9.0,0.82,6.0,0.55
Économe Sagesse du Trésorier,Treasurer's Wisdom,1,11,0.09,9%,17.0,1.55,17,2,8.5,0.78,5.67,0.52
Danse Macabre,Dance of Death,2,11,0.18,18%,8.0,1.45,16,1,8.0,1.45,4.0,0.72
Chasseur d'Âmes,Soul Hunter,1,11,0.09,9%,15.0,1.36,15,1,15.0,1.36,7.5,0.68
Elan de Fureur,Rampage Momentum,1,11,0.09,9%,15.0,1.36,15,2,7.5,0.68,5.0,0.45
Amulette Omnisciente,Omnipresent Amulet,1,11,0.09,9%,15.0,1.36,15,0,Gratuit,Gratuit,15.0,1.36
Explosion Arcanique,Arcane Explosive,1,11,0.09,9%,12.0,1.09,12,1,12.0,1.09,6.0,0.55
Désintégrateur Magnétique,Magnetic Disintegrator,1,11,0.09,9%,11.0,1.0,11,0,Gratuit,Gratuit,11.0,1.0
Bâton du Conquérant,Staff of Conquered Worlds,1,11,0.09,9%,11.0,1.0,11,0,Gratuit,Gratuit,11.0,1.0
Force Divine,Divine Impetu,1,11,0.09,9%,11.0,1.0,11,0,Gratuit,Gratuit,11.0,1.0
Épé Sainte,Holy Sword,1,11,0.09,9%,10.0,0.91,10,0,Gratuit,Gratuit,10.0,0.91
