,Nom Anglais,nb games valide,total games,ratio,%,pts moy,pts moy total,total point,cout,pts par cout moy,pts par cout total,pts par cout moy+1,pts par cout total+1
Griffes Sauvages,Wild Claw,6,6,1.0,100%,17.0,17.0,102,3,5.67,5.67,4.25,4.25
Bâton de Conquête,Conquering Staff,4,6,0.67,67%,24.0,16.0,96,2,12.0,8.0,8.0,5.33
Aveuglement,Incapacitor,6,6,1.0,100%,15.5,15.5,93,3,5.17,5.17,3.88,3.88
Totem Équivalent,Equivalent Totem,6,6,1.0,100%,15.33,15.33,92,2,7.67,7.67,5.11,5.11
Pillard Féroce,Savage Looter,4,6,0.67,67%,20.0,13.33,80,1,20.0,13.33,10.0,6.67
Faux,Scythe,6,6,1.0,100%,10.33,10.33,62,3,3.44,3.44,2.58,2.58
Lame Affutée,Sharp Blade,6,6,1.0,100%,9.5,9.5,57,3,3.17,3.17,2.38,2.38
Esprit Sauvage,Wild Spirit,5,6,0.83,83%,10.0,8.33,50,0,Gratuit,Gratuit,10.0,8.33
Œil de Lynx,Hawk's Eye,6,6,1.0,100%,8.0,8.0,48,0,Gratuit,Gratuit,8.0,8.0
Hache Frénétique,Berseker Ax,3,6,0.5,50%,14.0,7.0,42,2,7.0,3.5,4.67,2.33
Armure d'Obsidienne,Obsidian Battle Plate,2,6,0.33,33%,20.0,6.67,40,2,10.0,3.33,6.67,2.22
Tombeau Rocheux,Rock Tomb,4,6,0.67,67%,10.0,6.67,40,1,10.0,6.67,5.0,3.33
Économe Sagesse du Trésorier,Treasurer's Wisdom,2,6,0.33,33%,17.0,5.67,34,2,8.5,2.83,5.67,1.89
Bâton du Conquérant,Staff of Conquered Worlds,3,6,0.5,50%,11.0,5.5,33,0,Gratuit,Gratuit,11.0,5.5
Esprit de l'Écuyer,Spirit of the Squire,4,6,0.67,67%,8.25,5.5,33,3,2.75,1.83,2.06,1.38
Marteau Collecteur,Collecting Hammer,3,6,0.5,50%,10.0,5.0,30,2,5.0,2.5,3.33,1.67
Ascension Divine,Divine Ascent,1,6,0.17,17%,25.0,4.17,25,3,8.33,1.39,6.25,1.04
Totem du Gardien,Guardian Totem,6,6,1.0,100%,4.0,4.0,24,3,1.33,1.33,1.0,1.0
Danse Macabre,Dance of Death,3,6,0.5,50%,8.0,4.0,24,1,8.0,4.0,4.0,2.0
Sabre Versatile,Versatil Saber,2,6,0.33,33%,11.0,3.67,22,1,11.0,3.67,5.5,1.83
Le Marionnettiste,The Puppeteer,1,6,0.17,17%,20.0,3.33,20,2,10.0,1.67,6.67,1.11
Mental d'Acier,Steel Aura,1,6,0.17,17%,18.0,3.0,18,2,9.0,1.5,6.0,1.0
Marteleur précis,Precise Hammer,1,6,0.17,17%,18.0,3.0,18,1,18.0,3.0,9.0,1.5
Chasseur de Bêtes,Beast Hunter,1,6,0.17,17%,18.0,3.0,18,2,9.0,1.5,6.0,1.0
Décharge Élémentaire,Elemental Discharge,1,6,0.17,17%,18.0,3.0,18,1,18.0,3.0,9.0,1.5
Elan de Fureur,Rampage Momentum,1,6,0.17,17%,15.0,2.5,15,2,7.5,1.25,5.0,0.83
Chasseur d'Âmes,Soul Hunter,1,6,0.17,17%,15.0,2.5,15,1,15.0,2.5,7.5,1.25
Amulette Omnisciente,Omnipresent Amulet,1,6,0.17,17%,11.0,1.83,11,0,Gratuit,Gratuit,11.0,1.83
Épé Sainte,Holy Sword,1,6,0.17,17%,10.0,1.67,10,0,Gratuit,Gratuit,10.0,1.67
Coup de Mort,Death Helper,1,6,0.17,17%,10.0,1.67,10,1,10.0,1.67,5.0,0.83
