,Nom Anglais,nb games valide,total games,ratio,%,pts moy,pts moy total,total point,cout,pts par cout moy,pts par cout total
Pillard Féroce,Savage Looter,4,4,1.0,100%,20.0,20.0,80,1,20.0,20.0
Griffes Sauvages,Wild Claw,4,4,1.0,100%,18.25,18.25,73,3,6.08,6.08
Bâton de Conquête,Conquering Staff,3,4,0.75,75%,24.0,18.0,72,2,12.0,9.0
Totem Équivalent,Equivalent Totem,4,4,1.0,100%,16.0,16.0,64,1,16.0,16.0
Aveuglement,Incapacitor,4,4,1.0,100%,15.75,15.75,63,3,5.25,5.25
Lame Affutée,Sharp Blade,4,4,1.0,100%,12.0,12.0,48,3,4.0,4.0
Faux,Scythe,4,4,1.0,100%,11.25,11.25,45,3,3.75,3.75
Hache Frénétique,Berseker Ax,3,4,0.75,75%,14.0,10.5,42,2,7.0,5.25
Tombeau Rocheux,Rock Tomb,4,4,1.0,100%,10.0,10.0,40,1,10.0,10.0
Armure d'Obsidienne,Obsidian Battle Plate,2,4,0.5,50%,20.0,10.0,40,2,10.0,5.0
Esprit Sauvage,Wild Spirit,4,4,1.0,100%,10.0,10.0,40,0,Gratuit,Gratuit
Économe Sagesse du Trésorier,Treasurer's Wisdom,2,4,0.5,50%,17.0,8.5,34,2,8.5,4.25
Esprit de l'Écuyer,Spirit of the Squire,4,4,1.0,100%,8.25,8.25,33,3,2.75,2.75
Œil de Lynx,Hawk's Eye,4,4,1.0,100%,8.0,8.0,32,0,Gratuit,Gratuit
Marteau Collecteur,Collecting Hammer,3,4,0.75,75%,10.0,7.5,30,2,5.0,3.75
Ascension Divine,Divine Ascent,1,4,0.25,25%,25.0,6.25,25,3,8.33,2.08
Danse Macabre,Dance of Death,3,4,0.75,75%,8.0,6.0,24,1,8.0,6.0
Bâton du Conquérant,Staff of Conquered Worlds,2,4,0.5,50%,11.0,5.5,22,0,Gratuit,Gratuit
Sabre Versatile,Versatil Saber,2,4,0.5,50%,11.0,5.5,22,1,11.0,5.5
Le Marionnettiste,The Puppeteer,1,4,0.25,25%,20.0,5.0,20,2,10.0,2.5
Décharge Élémentaire,Elemental Discharge,1,4,0.25,25%,18.0,4.5,18,1,18.0,4.5
Mental d'Acier,Steel Aura,1,4,0.25,25%,18.0,4.5,18,2,9.0,2.25
Marteleur précis,Precise Hammer,1,4,0.25,25%,18.0,4.5,18,1,18.0,4.5
Chasseur de Bêtes,Beast Hunter,1,4,0.25,25%,18.0,4.5,18,2,9.0,2.25
Totem du Gardien,Guardian Totem,4,4,1.0,100%,4.25,4.25,17,3,1.42,1.42
Chasseur d'Âmes,Soul Hunter,1,4,0.25,25%,15.0,3.75,15,1,15.0,3.75
Elan de Fureur,Rampage Momentum,1,4,0.25,25%,15.0,3.75,15,2,7.5,1.88
Amulette Omnisciente,Omnipresent Amulet,1,4,0.25,25%,11.0,2.75,11,0,Gratuit,Gratuit
Épé Sainte,Holy Sword,1,4,0.25,25%,10.0,2.5,10,0,Gratuit,Gratuit
Coup de Mort,Death Helper,1,4,0.25,25%,10.0,2.5,10,1,10.0,2.5
