,Nom Anglais,nb games valide,total games,ratio,%,pts moy,pts moy total,total point,cout,pts par cout moy,pts par cout total,pts par cout moy+1,pts par cout total+1
Griffes Sauvages,Wild Claw,7,7,1.0,100%,17.14,17.14,120,3,5.71,5.71,4.29,4.29
Bâton de Conquête,Conquering Staff,5,7,0.71,71%,24.0,17.14,120,2,12.0,8.57,8.0,5.71
Aveuglement,Incapacitor,7,7,1.0,100%,16.71,16.71,117,3,5.57,5.57,4.18,4.18
Totem Équivalent,Equivalent Totem,7,7,1.0,100%,15.57,15.57,109,2,7.79,7.79,5.19,5.19
Pillard Féroce,Savage Looter,4,7,0.57,57%,20.0,11.43,80,1,20.0,11.43,10.0,5.71
Faux,Scythe,7,7,1.0,100%,10.43,10.43,73,3,3.48,3.48,2.61,2.61
Armure d'Obsidienne,Obsidian Battle Plate,3,7,0.43,43%,20.0,8.57,60,2,10.0,4.29,6.67,2.86
Lame Affutée,Sharp Blade,7,7,1.0,100%,8.57,8.57,60,3,2.86,2.86,2.14,2.14
Esprit Sauvage,Wild Spirit,6,7,0.86,86%,10.0,8.57,60,0,Gratuit,Gratuit,10.0,8.57
Œil de Lynx,Hawk's Eye,7,7,1.0,100%,8.0,8.0,56,0,Gratuit,Gratuit,8.0,8.0
Hache Frénétique,Berseker Ax,4,7,0.57,57%,14.0,8.0,56,2,7.0,4.0,4.67,2.67
Économe Sagesse du Trésorier,Treasurer's Wisdom,3,7,0.43,43%,17.0,7.29,51,2,8.5,3.65,5.67,2.43
Tombeau Rocheux,Rock Tomb,5,7,0.71,71%,10.0,7.14,50,1,10.0,7.14,5.0,3.57
Esprit de l'Écuyer,Spirit of the Squire,5,7,0.71,71%,8.4,6.0,42,3,2.8,2.0,2.1,1.5
Totem du Gardien,Guardian Totem,7,7,1.0,100%,5.43,5.43,38,3,1.81,1.81,1.36,1.36
Chasseur de Bêtes,Beast Hunter,2,7,0.29,29%,18.0,5.14,36,2,9.0,2.57,6.0,1.71
Bâton du Conquérant,Staff of Conquered Worlds,3,7,0.43,43%,11.0,4.71,33,0,Gratuit,Gratuit,11.0,4.71
Marteau Collecteur,Collecting Hammer,3,7,0.43,43%,10.0,4.29,30,2,5.0,2.15,3.33,1.43
Ascension Divine,Divine Ascent,1,7,0.14,14%,25.0,3.57,25,3,8.33,1.19,6.25,0.89
Danse Macabre,Dance of Death,3,7,0.43,43%,8.0,3.43,24,1,8.0,3.43,4.0,1.72
Sabre Versatile,Versatil Saber,2,7,0.29,29%,11.0,3.14,22,1,11.0,3.14,5.5,1.57
Le Marionnettiste,The Puppeteer,1,7,0.14,14%,20.0,2.86,20,2,10.0,1.43,6.67,0.95
Décharge Élémentaire,Elemental Discharge,1,7,0.14,14%,18.0,2.57,18,1,18.0,2.57,9.0,1.28
Marteleur précis,Precise Hammer,1,7,0.14,14%,18.0,2.57,18,1,18.0,2.57,9.0,1.28
Mental d'Acier,Steel Aura,1,7,0.14,14%,18.0,2.57,18,2,9.0,1.28,6.0,0.86
Le Traqueur,The Stalker,1,7,0.14,14%,16.0,2.29,16,3,5.33,0.76,4.0,0.57
Masse de Siège,Siege Mace,1,7,0.14,14%,16.0,2.29,16,0,Gratuit,Gratuit,16.0,2.29
Chasseur d'Âmes,Soul Hunter,1,7,0.14,14%,15.0,2.14,15,1,15.0,2.14,7.5,1.07
Elan de Fureur,Rampage Momentum,1,7,0.14,14%,15.0,2.14,15,2,7.5,1.07,5.0,0.71
Amulette Omnisciente,Omnipresent Amulet,1,7,0.14,14%,11.0,1.57,11,0,Gratuit,Gratuit,11.0,1.57
Désintégrateur Magnétique,Magnetic Disintegrator,1,7,0.14,14%,11.0,1.57,11,0,Gratuit,Gratuit,11.0,1.57
Coup de Mort,Death Helper,1,7,0.14,14%,10.0,1.43,10,1,10.0,1.43,5.0,0.71
Épé Sainte,Holy Sword,1,7,0.14,14%,10.0,1.43,10,0,Gratuit,Gratuit,10.0,1.43
