,Nom Anglais,nb games valide,total games,ratio,%,pts moy,pts moy total,total point,cout,pts par cout moy,pts par cout total,pts par cout moy+1,pts par cout total+1
Griffes Sauvages,Wild Claw,9,9,1.0,100%,16.44,16.44,148,3,5.48,5.48,4.11,4.11
Aveuglement,Incapacitor,9,9,1.0,100%,15.33,15.33,138,3,5.11,5.11,3.83,3.83
Totem Équivalent,Equivalent Totem,9,9,1.0,100%,15.22,15.22,137,2,7.61,7.61,5.07,5.07
Bâton de Conquête,Conquering Staff,5,9,0.56,56%,24.0,13.33,120,2,12.0,6.67,8.0,4.44
Pillard Féroce,Savage Looter,5,9,0.56,56%,20.0,11.11,100,1,20.0,11.11,10.0,5.55
Faux,Scythe,9,9,1.0,100%,10.0,10.0,90,3,3.33,3.33,2.5,2.5
Armure d'Obsidienne,Obsidian Battle Plate,4,9,0.44,44%,20.0,8.89,80,2,10.0,4.45,6.67,2.96
Lame Affutée,Sharp Blade,9,9,1.0,100%,8.0,8.0,72,3,2.67,2.67,2.0,2.0
Hache Frénétique,Berseker Ax,5,9,0.56,56%,14.0,7.78,70,2,7.0,3.89,4.67,2.59
Esprit Sauvage,Wild Spirit,7,9,0.78,78%,10.0,7.78,70,0,Gratuit,Gratuit,10.0,7.78
Esprit de l'Écuyer,Spirit of the Squire,7,9,0.78,78%,8.57,6.67,60,3,2.86,2.22,2.14,1.67
Tombeau Rocheux,Rock Tomb,6,9,0.67,67%,10.0,6.67,60,1,10.0,6.67,5.0,3.33
Œil de Lynx,Hawk's Eye,7,9,0.78,78%,8.0,6.22,56,0,Gratuit,Gratuit,8.0,6.22
Chasseur de Bêtes,Beast Hunter,3,9,0.33,33%,18.0,6.0,54,2,9.0,3.0,6.0,2.0
Économe Sagesse du Trésorier,Treasurer's Wisdom,3,9,0.33,33%,17.0,5.67,51,2,8.5,2.83,5.67,1.89
Marteau Collecteur,Collecting Hammer,4,9,0.44,44%,12.0,5.33,48,2,6.0,2.67,4.0,1.78
Totem du Gardien,Guardian Totem,9,9,1.0,100%,4.56,4.56,41,3,1.52,1.52,1.14,1.14
Le Marionnettiste,The Puppeteer,2,9,0.22,22%,20.0,4.44,40,2,10.0,2.22,6.67,1.48
Décharge Élémentaire,Elemental Discharge,2,9,0.22,22%,18.0,4.0,36,1,18.0,4.0,9.0,2.0
Bâton du Conquérant,Staff of Conquered Worlds,3,9,0.33,33%,11.0,3.67,33,0,Gratuit,Gratuit,11.0,3.67
Sabre Versatile,Versatil Saber,3,9,0.33,33%,11.0,3.67,33,1,11.0,3.67,5.5,1.83
Ascension Divine,Divine Ascent,1,9,0.11,11%,25.0,2.78,25,3,8.33,0.93,6.25,0.69
Danse Macabre,Dance of Death,3,9,0.33,33%,8.0,2.67,24,1,8.0,2.67,4.0,1.33
Coup de Mort,Death Helper,2,9,0.22,22%,10.0,2.22,20,1,10.0,2.22,5.0,1.11
Mental d'Acier,Steel Aura,1,9,0.11,11%,18.0,2.0,18,2,9.0,1.0,6.0,0.67
Marteleur précis,Precise Hammer,1,9,0.11,11%,18.0,2.0,18,1,18.0,2.0,9.0,1.0
Adrénaline Arcanique,Arcane Adrenaline,1,9,0.11,11%,16.0,1.78,16,1,16.0,1.78,8.0,0.89
Masse de Siège,Siege Mace,1,9,0.11,11%,16.0,1.78,16,0,Gratuit,Gratuit,16.0,1.78
Le Traqueur,The Stalker,1,9,0.11,11%,16.0,1.78,16,3,5.33,0.59,4.0,0.45
Chasseur d'Âmes,Soul Hunter,1,9,0.11,11%,15.0,1.67,15,1,15.0,1.67,7.5,0.83
Elan de Fureur,Rampage Momentum,1,9,0.11,11%,15.0,1.67,15,2,7.5,0.83,5.0,0.56
Désintégrateur Magnétique,Magnetic Disintegrator,1,9,0.11,11%,11.0,1.22,11,0,Gratuit,Gratuit,11.0,1.22
Amulette Omnisciente,Omnipresent Amulet,1,9,0.11,11%,11.0,1.22,11,0,Gratuit,Gratuit,11.0,1.22
Épé Sainte,Holy Sword,1,9,0.11,11%,10.0,1.11,10,0,Gratuit,Gratuit,10.0,1.11
