,Nom Anglais,nb games valide,total games,ratio,%,pts moy,pts moy total,total point,cout,pts par cout moy,pts par cout total,pts par cout moy+1,pts par cout total+1
Griffes Sauvages,Wild Claw,8,8,1.0,100%,16.5,16.5,132,3,5.5,5.5,4.12,4.12
Aveuglement,Incapacitor,8,8,1.0,100%,15.75,15.75,126,3,5.25,5.25,3.94,3.94
Totem Équivalent,Equivalent Totem,8,8,1.0,100%,15.38,15.38,123,2,7.69,7.69,5.13,5.13
Bâton de Conquête,Conquering Staff,5,8,0.62,62%,24.0,15.0,120,2,12.0,7.5,8.0,5.0
Faux,Scythe,8,8,1.0,100%,10.12,10.12,81,3,3.37,3.37,2.53,2.53
Pillard Féroce,Savage Looter,4,8,0.5,50%,20.0,10.0,80,1,20.0,10.0,10.0,5.0
Hache Frénétique,Berseker Ax,5,8,0.62,62%,14.0,8.75,70,2,7.0,4.38,4.67,2.92
Lame Affutée,Sharp Blade,8,8,1.0,100%,8.25,8.25,66,3,2.75,2.75,2.06,2.06
Armure d'Obsidienne,Obsidian Battle Plate,3,8,0.38,38%,20.0,7.5,60,2,10.0,3.75,6.67,2.5
Esprit Sauvage,Wild Spirit,6,8,0.75,75%,10.0,7.5,60,0,Gratuit,Gratuit,10.0,7.5
Œil de Lynx,Hawk's Eye,7,8,0.88,88%,8.0,7.0,56,0,Gratuit,Gratuit,8.0,7.0
Économe Sagesse du Trésorier,Treasurer's Wisdom,3,8,0.38,38%,17.0,6.38,51,2,8.5,3.19,5.67,2.13
Tombeau Rocheux,Rock Tomb,5,8,0.62,62%,10.0,6.25,50,1,10.0,6.25,5.0,3.12
Esprit de l'Écuyer,Spirit of the Squire,6,8,0.75,75%,8.0,6.0,48,3,2.67,2.0,2.0,1.5
Le Marionnettiste,The Puppeteer,2,8,0.25,25%,20.0,5.0,40,2,10.0,2.5,6.67,1.67
Totem du Gardien,Guardian Totem,8,8,1.0,100%,4.88,4.88,39,3,1.63,1.63,1.22,1.22
Chasseur de Bêtes,Beast Hunter,2,8,0.25,25%,18.0,4.5,36,2,9.0,2.25,6.0,1.5
Bâton du Conquérant,Staff of Conquered Worlds,3,8,0.38,38%,11.0,4.12,33,0,Gratuit,Gratuit,11.0,4.12
Marteau Collecteur,Collecting Hammer,3,8,0.38,38%,10.0,3.75,30,2,5.0,1.88,3.33,1.25
Ascension Divine,Divine Ascent,1,8,0.12,12%,25.0,3.12,25,3,8.33,1.04,6.25,0.78
Danse Macabre,Dance of Death,3,8,0.38,38%,8.0,3.0,24,1,8.0,3.0,4.0,1.5
Sabre Versatile,Versatil Saber,2,8,0.25,25%,11.0,2.75,22,1,11.0,2.75,5.5,1.38
Décharge Élémentaire,Elemental Discharge,1,8,0.12,12%,18.0,2.25,18,1,18.0,2.25,9.0,1.12
Mental d'Acier,Steel Aura,1,8,0.12,12%,18.0,2.25,18,2,9.0,1.12,6.0,0.75
Marteleur précis,Precise Hammer,1,8,0.12,12%,18.0,2.25,18,1,18.0,2.25,9.0,1.12
Adrénaline Arcanique,Arcane Adrenaline,1,8,0.12,12%,16.0,2.0,16,1,16.0,2.0,8.0,1.0
Masse de Siège,Siege Mace,1,8,0.12,12%,16.0,2.0,16,0,Gratuit,Gratuit,16.0,2.0
Le Traqueur,The Stalker,1,8,0.12,12%,16.0,2.0,16,3,5.33,0.67,4.0,0.5
Chasseur d'Âmes,Soul Hunter,1,8,0.12,12%,15.0,1.88,15,1,15.0,1.88,7.5,0.94
Elan de Fureur,Rampage Momentum,1,8,0.12,12%,15.0,1.88,15,2,7.5,0.94,5.0,0.63
Désintégrateur Magnétique,Magnetic Disintegrator,1,8,0.12,12%,11.0,1.38,11,0,Gratuit,Gratuit,11.0,1.38
Amulette Omnisciente,Omnipresent Amulet,1,8,0.12,12%,11.0,1.38,11,0,Gratuit,Gratuit,11.0,1.38
Épé Sainte,Holy Sword,1,8,0.12,12%,10.0,1.25,10,0,Gratuit,Gratuit,10.0,1.25
Coup de Mort,Death Helper,1,8,0.12,12%,10.0,1.25,10,1,10.0,1.25,5.0,0.62
