,Nom Anglais,nb games valide,total games,ratio,%,pts moy,pts moy total,total point,cout,pts par cout moy,pts par cout total
Bâton de Conquête,Conquering Staff,4,5,0.8,80%,24.0,19.2,96,2,12.0,9.6
Griffes Sauvages,Wild Claw,5,5,1.0,100%,18.0,18.0,90,3,6.0,6.0
Aveuglement,Incapacitor,5,5,1.0,100%,16.2,16.2,81,3,5.4,5.4
Pillard Féroce,Savage Looter,4,5,0.8,80%,20.0,16.0,80,1,20.0,16.0
Totem Équivalent,Equivalent Totem,5,5,1.0,100%,15.8,15.8,79,2,7.9,7.9
Faux,Scythe,5,5,1.0,100%,11.0,11.0,55,3,3.67,3.67
Lame Affutée,Sharp Blade,5,5,1.0,100%,10.8,10.8,54,3,3.6,3.6
Esprit Sauvage,Wild Spirit,5,5,1.0,100%,10.0,10.0,50,0,Gratuit,Gratuit
Hache Frénétique,Berseker Ax,3,5,0.6,60%,14.0,8.4,42,2,7.0,4.2
Tombeau Rocheux,Rock Tomb,4,5,0.8,80%,10.0,8.0,40,1,10.0,8.0
Œil de Lynx,Hawk's Eye,5,5,1.0,100%,8.0,8.0,40,0,Gratuit,Gratuit
Armure d'Obsidienne,Obsidian Battle Plate,2,5,0.4,40%,20.0,8.0,40,2,10.0,4.0
Économe Sagesse du Trésorier,Treasurer's Wisdom,2,5,0.4,40%,17.0,6.8,34,2,8.5,3.4
Bâton du Conquérant,Staff of Conquered Worlds,3,5,0.6,60%,11.0,6.6,33,0,Gratuit,Gratuit
Esprit de l'Écuyer,Spirit of the Squire,4,5,0.8,80%,8.25,6.6,33,3,2.75,2.2
Marteau Collecteur,Collecting Hammer,3,5,0.6,60%,10.0,6.0,30,2,5.0,3.0
Ascension Divine,Divine Ascent,1,5,0.2,20%,25.0,5.0,25,3,8.33,1.67
Danse Macabre,Dance of Death,3,5,0.6,60%,8.0,4.8,24,1,8.0,4.8
Sabre Versatile,Versatil Saber,2,5,0.4,40%,11.0,4.4,22,1,11.0,4.4
Totem du Gardien,Guardian Totem,5,5,1.0,100%,4.2,4.2,21,3,1.4,1.4
Le Marionnettiste,The Puppeteer,1,5,0.2,20%,20.0,4.0,20,2,10.0,2.0
Mental d'Acier,Steel Aura,1,5,0.2,20%,18.0,3.6,18,2,9.0,1.8
Marteleur précis,Precise Hammer,1,5,0.2,20%,18.0,3.6,18,1,18.0,3.6
Chasseur de Bêtes,Beast Hunter,1,5,0.2,20%,18.0,3.6,18,2,9.0,1.8
Décharge Élémentaire,Elemental Discharge,1,5,0.2,20%,18.0,3.6,18,1,18.0,3.6
Chasseur d'Âmes,Soul Hunter,1,5,0.2,20%,15.0,3.0,15,1,15.0,3.0
Elan de Fureur,Rampage Momentum,1,5,0.2,20%,15.0,3.0,15,2,7.5,1.5
Amulette Omnisciente,Omnipresent Amulet,1,5,0.2,20%,11.0,2.2,11,0,Gratuit,Gratuit
Épé Sainte,Holy Sword,1,5,0.2,20%,10.0,2.0,10,0,Gratuit,Gratuit
Coup de Mort,Death Helper,1,5,0.2,20%,10.0,2.0,10,1,10.0,2.0
