,Nom Anglais,nb games valide,total games,ratio,%,pts moy,pts moy total,total point,cout,pts par cout moy,pts par cout total
Pillard Féroce,Savage Looter,2,2,1.0,100%,20.0,20.0,40,1,20.0,20.0
Griffes Sauvages,Wild Claw,2,2,1.0,100%,17.5,17.5,35,3,5.83,5.83
Totem Équivalent,Equivalent Totem,2,2,1.0,100%,15.5,15.5,31,1,15.5,15.5
Hache Frénétique,Berseker Ax,2,2,1.0,100%,14.0,14.0,28,2,7.0,7.0
Aveuglement,Incapacitor,2,2,1.0,100%,13.5,13.5,27,3,4.5,4.5
Bâton de Conquête,Conquering Staff,1,2,0.5,50%,24.0,12.0,24,2,12.0,6.0
Marteau Collecteur,Collecting Hammer,2,2,1.0,100%,12.0,12.0,24,2,6.0,6.0
Faux,Scythe,2,2,1.0,100%,11.0,11.0,22,3,3.67,3.67
Lame Affutée,Sharp Blade,2,2,1.0,100%,10.5,10.5,21,3,3.5,3.5
Armure d'Obsidienne,Obsidian Battle Plate,1,2,0.5,50%,20.0,10.0,20,2,10.0,5.0
Tombeau Rocheux,Rock Tomb,2,2,1.0,100%,10.0,10.0,20,1,10.0,10.0
Le Marionnettiste,The Puppeteer,1,2,0.5,50%,20.0,10.0,20,2,10.0,5.0
Esprit Sauvage,Wild Spirit,2,2,1.0,100%,10.0,10.0,20,0,Gratuit,Gratuit
Mental d'Acier,Steel Aura,1,2,0.5,50%,18.0,9.0,18,2,9.0,4.5
Décharge Élémentaire,Elemental Discharge,1,2,0.5,50%,18.0,9.0,18,1,18.0,9.0
Marteleur précis,Precise Hammer,1,2,0.5,50%,18.0,9.0,18,1,18.0,9.0
Chasseur de Bêtes,Beast Hunter,1,2,0.5,50%,18.0,9.0,18,2,9.0,4.5
Économe Sagesse du Trésorier,Treasurer's Wisdom,1,2,0.5,50%,17.0,8.5,17,2,8.5,4.25
Œil de Lynx,Hawk's Eye,2,2,1.0,100%,8.0,8.0,16,0,Gratuit,Gratuit
Esprit de l'Écuyer,Spirit of the Squire,2,2,1.0,100%,6.0,6.0,12,3,2.0,2.0
Bâton du Conquérant,Staff of Conquered Worlds,1,2,0.5,50%,11.0,5.5,11,0,Gratuit,Gratuit
Sabre Versatile,Versatil Saber,1,2,0.5,50%,11.0,5.5,11,1,11.0,5.5
Danse Macabre,Dance of Death,1,2,0.5,50%,8.0,4.0,8,1,8.0,4.0
Totem du Gardien,Guardian Totem,2,2,1.0,100%,3.5,3.5,7,3,1.17,1.17
