,Nom Anglais,nb games valide,total games,ratio,%,pts moy,pts moy total,total point,cout,pts par cout moy,pts par cout total,pts par cout moy+1,pts par cout total+1
Griffes Sauvages,Wild Claw,9,9,1.0,100%,17.44,17.44,157,3,5.81,5.81,4.36,4.36
Totem Équivalent,Equivalent Totem,9,9,1.0,100%,15.78,15.78,142,2,7.89,7.89,5.26,5.26
Chasseur de Bêtes,Beast Hunter,7,9,0.78,78%,18.0,14.0,126,2,9.0,7.0,6.0,4.67
Armure d'Obsidienne,Obsidian Battle Plate,6,9,0.67,67%,20.0,13.33,120,2,10.0,6.67,6.67,4.44
Aveuglement,Incapacitor,9,9,1.0,100%,12.33,12.33,111,3,4.11,4.11,3.08,3.08
Lame Affutée,Sharp Blade,9,9,1.0,100%,12.0,12.0,108,3,4.0,4.0,3.0,3.0
Esprit de l'Écuyer,Spirit of the Squire,9,9,1.0,100%,11.33,11.33,102,3,3.78,3.78,2.83,2.83
Pillard Féroce,Savage Looter,5,9,0.56,56%,20.0,11.11,100,1,20.0,11.11,10.0,5.55
Faux,Scythe,9,9,1.0,100%,10.22,10.22,92,3,3.41,3.41,2.56,2.56
Esprit Sauvage,Wild Spirit,8,9,0.89,89%,10.0,8.89,80,0,Gratuit,Gratuit,10.0,8.89
Tombeau Rocheux,Rock Tomb,8,9,0.89,89%,10.0,8.89,80,1,10.0,8.89,5.0,4.45
Mental d'Acier,Steel Aura,4,9,0.44,44%,18.0,8.0,72,2,9.0,4.0,6.0,2.67
Décharge Élémentaire,Elemental Discharge,4,9,0.44,44%,18.0,8.0,72,1,18.0,8.0,9.0,4.0
Bâton de Conquête,Conquering Staff,3,9,0.33,33%,24.0,8.0,72,2,12.0,4.0,8.0,2.67
Économe Sagesse du Trésorier,Treasurer's Wisdom,4,9,0.44,44%,17.0,7.56,68,2,8.5,3.78,5.67,2.52
Marteau Collecteur,Collecting Hammer,5,9,0.56,56%,13.2,7.33,66,2,6.6,3.67,4.4,2.44
Assistance Divine,Sacred Help,3,9,0.33,33%,20.0,6.67,60,2,10.0,3.33,6.67,2.22
Sabre Versatile,Versatil Saber,5,9,0.56,56%,11.0,6.11,55,1,11.0,6.11,5.5,3.06
Coup de Mort,Death Helper,5,9,0.56,56%,10.0,5.56,50,1,10.0,5.56,5.0,2.78
Danse Macabre,Dance of Death,6,9,0.67,67%,8.0,5.33,48,1,8.0,5.33,4.0,2.67
Hache Frénétique,Berseker Ax,3,9,0.33,33%,14.0,4.67,42,2,7.0,2.33,4.67,1.56
Esprit omniprésent,Omnipresent Spirit,2,9,0.22,22%,18.0,4.0,36,2,9.0,2.0,6.0,1.33
Être de Lumière,Being of Light,2,9,0.22,22%,18.0,4.0,36,1,18.0,4.0,9.0,2.0
Épée Obscure,Swords of Darkness,2,9,0.22,22%,17.0,3.78,34,1,17.0,3.78,8.5,1.89
Force Divine,Divine Impetu,3,9,0.33,33%,11.0,3.67,33,0,Gratuit,Gratuit,11.0,3.67
Totem du Gardien,Guardian Totem,9,9,1.0,100%,3.67,3.67,33,3,1.22,1.22,0.92,0.92
Œil de Lynx,Hawk's Eye,4,9,0.44,44%,8.0,3.56,32,0,Gratuit,Gratuit,8.0,3.56
Masse de Siège,Siege Mace,2,9,0.22,22%,16.0,3.56,32,0,Gratuit,Gratuit,16.0,3.56
Elan de Fureur,Rampage Momentum,2,9,0.22,22%,15.0,3.33,30,2,7.5,1.67,5.0,1.11
Ascension Divine,Divine Ascent,1,9,0.11,11%,25.0,2.78,25,3,8.33,0.93,6.25,0.69
Le Marionnettiste,The Puppeteer,1,9,0.11,11%,20.0,2.22,20,2,10.0,1.11,6.67,0.74
Marteleur précis,Precise Hammer,1,9,0.11,11%,18.0,2.0,18,1,18.0,2.0,9.0,1.0
Adrénaline Arcanique,Arcane Adrenaline,1,9,0.11,11%,16.0,1.78,16,1,16.0,1.78,8.0,0.89
Chasseur d'Âmes,Soul Hunter,1,9,0.11,11%,15.0,1.67,15,1,15.0,1.67,7.5,0.83
Soif de Sang,Thirsty Dagger,1,9,0.11,11%,15.0,1.67,15,0,Gratuit,Gratuit,15.0,1.67
Armure d'Immortel,Immortal Breastplate,1,9,0.11,11%,14.0,1.56,14,1,14.0,1.56,7.0,0.78
Désintégrateur Magnétique,Magnetic Disintegrator,1,9,0.11,11%,11.0,1.22,11,0,Gratuit,Gratuit,11.0,1.22
Épé Sainte,Holy Sword,1,9,0.11,11%,10.0,1.11,10,0,Gratuit,Gratuit,10.0,1.11
