,Nom Anglais,nb games valide,total games,ratio,%,pts moy,pts moy total,total point,cout,pts par cout moy,pts par cout total,pts par cout moy+1,pts par cout total+1
Armure d'Obsidienne,Obsidian Battle Plate,6,7,0.86,86%,20.0,17.14,120,2,10.0,8.57,6.67,5.71
Griffes Sauvages,Wild Claw,7,7,1.0,100%,17.0,17.0,119,3,5.67,5.67,4.25,4.25
Totem Équivalent,Equivalent Totem,7,7,1.0,100%,15.43,15.43,108,2,7.71,7.71,5.14,5.14
Chasseur de Bêtes,Beast Hunter,6,7,0.86,86%,18.0,15.43,108,2,9.0,7.71,6.0,5.14
Esprit de l'Écuyer,Spirit of the Squire,7,7,1.0,100%,12.43,12.43,87,3,4.14,4.14,3.11,3.11
Lame Affutée,Sharp Blade,7,7,1.0,100%,12.43,12.43,87,3,4.14,4.14,3.11,3.11
Aveuglement,Incapacitor,7,7,1.0,100%,10.29,10.29,72,3,3.43,3.43,2.57,2.57
Faux,Scythe,7,7,1.0,100%,9.86,9.86,69,3,3.29,3.29,2.46,2.46
Pillard Féroce,Savage Looter,3,7,0.43,43%,20.0,8.57,60,1,20.0,8.57,10.0,4.29
Tombeau Rocheux,Rock Tomb,6,7,0.86,86%,10.0,8.57,60,1,10.0,8.57,5.0,4.29
Marteau Collecteur,Collecting Hammer,4,7,0.57,57%,15.0,8.57,60,2,7.5,4.29,5.0,2.86
Esprit Sauvage,Wild Spirit,6,7,0.86,86%,10.0,8.57,60,0,Gratuit,Gratuit,10.0,8.57
Sabre Versatile,Versatil Saber,5,7,0.71,71%,11.0,7.86,55,1,11.0,7.86,5.5,3.93
Décharge Élémentaire,Elemental Discharge,3,7,0.43,43%,18.0,7.71,54,1,18.0,7.71,9.0,3.85
Bâton de Conquête,Conquering Staff,2,7,0.29,29%,24.0,6.86,48,2,12.0,3.43,8.0,2.29
Assistance Divine,Sacred Help,2,7,0.29,29%,20.0,5.71,40,2,10.0,2.85,6.67,1.9
Danse Macabre,Dance of Death,5,7,0.71,71%,8.0,5.71,40,1,8.0,5.71,4.0,2.85
Coup de Mort,Death Helper,4,7,0.57,57%,10.0,5.71,40,1,10.0,5.71,5.0,2.85
Esprit omniprésent,Omnipresent Spirit,2,7,0.29,29%,18.0,5.14,36,2,9.0,2.57,6.0,1.71
Mental d'Acier,Steel Aura,2,7,0.29,29%,18.0,5.14,36,2,9.0,2.57,6.0,1.71
Économe Sagesse du Trésorier,Treasurer's Wisdom,2,7,0.29,29%,17.0,4.86,34,2,8.5,2.43,5.67,1.62
Épée Obscure,Swords of Darkness,2,7,0.29,29%,17.0,4.86,34,1,17.0,4.86,8.5,2.43
Force Divine,Divine Impetu,3,7,0.43,43%,11.0,4.71,33,0,Gratuit,Gratuit,11.0,4.71
Masse de Siège,Siege Mace,2,7,0.29,29%,16.0,4.57,32,0,Gratuit,Gratuit,16.0,4.57
Elan de Fureur,Rampage Momentum,2,7,0.29,29%,15.0,4.29,30,2,7.5,2.15,5.0,1.43
Ascension Divine,Divine Ascent,1,7,0.14,14%,25.0,3.57,25,3,8.33,1.19,6.25,0.89
Totem du Gardien,Guardian Totem,7,7,1.0,100%,3.57,3.57,25,3,1.19,1.19,0.89,0.89
Marteleur précis,Precise Hammer,1,7,0.14,14%,18.0,2.57,18,1,18.0,2.57,9.0,1.28
Être de Lumière,Being of Light,1,7,0.14,14%,18.0,2.57,18,1,18.0,2.57,9.0,1.28
Adrénaline Arcanique,Arcane Adrenaline,1,7,0.14,14%,16.0,2.29,16,1,16.0,2.29,8.0,1.15
Œil de Lynx,Hawk's Eye,2,7,0.29,29%,8.0,2.29,16,0,Gratuit,Gratuit,8.0,2.29
Chasseur d'Âmes,Soul Hunter,1,7,0.14,14%,15.0,2.14,15,1,15.0,2.14,7.5,1.07
Soif de Sang,Thirsty Dagger,1,7,0.14,14%,15.0,2.14,15,0,Gratuit,Gratuit,15.0,2.14
Armure d'Immortel,Immortal Breastplate,1,7,0.14,14%,14.0,2.0,14,1,14.0,2.0,7.0,1.0
Hache Frénétique,Berseker Ax,1,7,0.14,14%,14.0,2.0,14,2,7.0,1.0,4.67,0.67
Désintégrateur Magnétique,Magnetic Disintegrator,1,7,0.14,14%,11.0,1.57,11,0,Gratuit,Gratuit,11.0,1.57
Épé Sainte,Holy Sword,1,7,0.14,14%,10.0,1.43,10,0,Gratuit,Gratuit,10.0,1.43
