,Nom Anglais,nb games valide,total games,ratio,%,pts moy,pts moy total,total point,cout,pts par cout moy,pts par cout total,pts par cout moy+1,pts par cout total+1
Armure d'Obsidienne,Obsidian Battle Plate,5,6,0.83,83%,20.0,16.67,100,2,10.0,8.34,6.67,5.56
Griffes Sauvages,Wild Claw,6,6,1.0,100%,16.33,16.33,98,3,5.44,5.44,4.08,4.08
Totem Équivalent,Equivalent Totem,6,6,1.0,100%,15.33,15.33,92,2,7.67,7.67,5.11,5.11
Chasseur de Bêtes,Beast Hunter,5,6,0.83,83%,18.0,15.0,90,2,9.0,7.5,6.0,5.0
Esprit de l'Écuyer,Spirit of the Squire,6,6,1.0,100%,13.0,13.0,78,3,4.33,4.33,3.25,3.25
Lame Affutée,Sharp Blade,6,6,1.0,100%,12.0,12.0,72,3,4.0,4.0,3.0,3.0
Aveuglement,Incapacitor,6,6,1.0,100%,9.5,9.5,57,3,3.17,3.17,2.38,2.38
Faux,Scythe,6,6,1.0,100%,9.5,9.5,57,3,3.17,3.17,2.38,2.38
Décharge Élémentaire,Elemental Discharge,3,6,0.5,50%,18.0,9.0,54,1,18.0,9.0,9.0,4.5
Tombeau Rocheux,Rock Tomb,5,6,0.83,83%,10.0,8.33,50,1,10.0,8.33,5.0,4.17
Esprit Sauvage,Wild Spirit,5,6,0.83,83%,10.0,8.33,50,0,Gratuit,Gratuit,10.0,8.33
Sabre Versatile,Versatil Saber,4,6,0.67,67%,11.0,7.33,44,1,11.0,7.33,5.5,3.67
Coup de Mort,Death Helper,4,6,0.67,67%,10.0,6.67,40,1,10.0,6.67,5.0,3.33
Pillard Féroce,Savage Looter,2,6,0.33,33%,20.0,6.67,40,1,20.0,6.67,10.0,3.33
Mental d'Acier,Steel Aura,2,6,0.33,33%,18.0,6.0,36,2,9.0,3.0,6.0,2.0
Épée Obscure,Swords of Darkness,2,6,0.33,33%,17.0,5.67,34,1,17.0,5.67,8.5,2.83
Masse de Siège,Siege Mace,2,6,0.33,33%,16.0,5.33,32,0,Gratuit,Gratuit,16.0,5.33
Danse Macabre,Dance of Death,4,6,0.67,67%,8.0,5.33,32,1,8.0,5.33,4.0,2.67
Elan de Fureur,Rampage Momentum,2,6,0.33,33%,15.0,5.0,30,2,7.5,2.5,5.0,1.67
Marteau Collecteur,Collecting Hammer,3,6,0.5,50%,10.0,5.0,30,2,5.0,2.5,3.33,1.67
Ascension Divine,Divine Ascent,1,6,0.17,17%,25.0,4.17,25,3,8.33,1.39,6.25,1.04
Bâton de Conquête,Conquering Staff,1,6,0.17,17%,24.0,4.0,24,2,12.0,2.0,8.0,1.33
Force Divine,Divine Impetu,2,6,0.33,33%,11.0,3.67,22,0,Gratuit,Gratuit,11.0,3.67
Assistance Divine,Sacred Help,1,6,0.17,17%,20.0,3.33,20,2,10.0,1.67,6.67,1.11
Esprit omniprésent,Omnipresent Spirit,1,6,0.17,17%,18.0,3.0,18,2,9.0,1.5,6.0,1.0
Être de Lumière,Being of Light,1,6,0.17,17%,18.0,3.0,18,1,18.0,3.0,9.0,1.5
Économe Sagesse du Trésorier,Treasurer's Wisdom,1,6,0.17,17%,17.0,2.83,17,2,8.5,1.42,5.67,0.94
Totem du Gardien,Guardian Totem,6,6,1.0,100%,2.83,2.83,17,3,0.94,0.94,0.71,0.71
Adrénaline Arcanique,Arcane Adrenaline,1,6,0.17,17%,16.0,2.67,16,1,16.0,2.67,8.0,1.33
Chasseur d'Âmes,Soul Hunter,1,6,0.17,17%,15.0,2.5,15,1,15.0,2.5,7.5,1.25
Soif de Sang,Thirsty Dagger,1,6,0.17,17%,15.0,2.5,15,0,Gratuit,Gratuit,15.0,2.5
Armure d'Immortel,Immortal Breastplate,1,6,0.17,17%,14.0,2.33,14,1,14.0,2.33,7.0,1.17
Désintégrateur Magnétique,Magnetic Disintegrator,1,6,0.17,17%,11.0,1.83,11,0,Gratuit,Gratuit,11.0,1.83
Épé Sainte,Holy Sword,1,6,0.17,17%,10.0,1.67,10,0,Gratuit,Gratuit,10.0,1.67
Œil de Lynx,Hawk's Eye,1,6,0.17,17%,8.0,1.33,8,0,Gratuit,Gratuit,8.0,1.33
