,Nom Anglais,nb games valide,total games,ratio,%,pts moy,pts moy total,total point,cout,pts par cout moy,pts par cout total
Bâton de Conquête,Conquering Staff,1,1,1.0,100%,24.0,24.0,24,2,12.0,12.0
Armure d'Obsidienne,Obsidian Battle Plate,1,1,1.0,100%,20.0,20.0,20,2,10.0,10.0
Griffes Sauvages,Wild Claw,1,1,1.0,100%,18.0,18.0,18,3,6.0,6.0
Totem Équivalent,Equivalent Totem,1,1,1.0,100%,16.0,16.0,16,1,16.0,16.0
Aveuglement,Incapacitor,1,1,1.0,100%,15.0,15.0,15,3,5.0,5.0
Faux,Scythe,1,1,1.0,100%,11.0,11.0,11,3,3.67,3.67
Esprit Sauvage,Wild Spirit,1,1,1.0,100%,10.0,10.0,10,0,Gratuit,Gratuit
Esprit de l'Écuyer,Spirit of the Squire,1,1,1.0,100%,9.0,9.0,9,3,3.0,3.0
Œil de Lynx,Hawk's Eye,1,1,1.0,100%,8.0,8.0,8,0,Gratuit,Gratuit
Lame Affutée,Sharp Blade,1,1,1.0,100%,6.0,6.0,6,3,2.0,2.0
Totem du Gardien,Guardian Totem,1,1,1.0,100%,3.0,3.0,3,3,1.0,1.0
