,Nom Anglais,nb games valide,total games,ratio,%,pts moy,pts moy total,total point,cout,pts par cout moy,pts par cout total,pts par cout moy+1,pts par cout total+1
Griffes Sauvages,Wild Claw,8,8,1.0,100%,17.12,17.12,137,3,5.71,5.71,4.28,4.28
Chasseur de Bêtes,Beast Hunter,7,8,0.88,88%,18.0,15.75,126,2,9.0,7.88,6.0,5.25
Totem Équivalent,Equivalent Totem,8,8,1.0,100%,15.62,15.62,125,2,7.81,7.81,5.21,5.21
Armure d'Obsidienne,Obsidian Battle Plate,6,8,0.75,75%,20.0,15.0,120,2,10.0,7.5,6.67,5.0
Lame Affutée,Sharp Blade,8,8,1.0,100%,12.38,12.38,99,3,4.13,4.13,3.1,3.1
Esprit de l'Écuyer,Spirit of the Squire,8,8,1.0,100%,12.38,12.38,99,3,4.13,4.13,3.1,3.1
Aveuglement,Incapacitor,8,8,1.0,100%,10.5,10.5,84,3,3.5,3.5,2.62,2.62
Pillard Féroce,Savage Looter,4,8,0.5,50%,20.0,10.0,80,1,20.0,10.0,10.0,5.0
Faux,Scythe,8,8,1.0,100%,9.88,9.88,79,3,3.29,3.29,2.47,2.47
Décharge Élémentaire,Elemental Discharge,4,8,0.5,50%,18.0,9.0,72,1,18.0,9.0,9.0,4.5
Tombeau Rocheux,Rock Tomb,7,8,0.88,88%,10.0,8.75,70,1,10.0,8.75,5.0,4.38
Esprit Sauvage,Wild Spirit,7,8,0.88,88%,10.0,8.75,70,0,Gratuit,Gratuit,10.0,8.75
Marteau Collecteur,Collecting Hammer,5,8,0.62,62%,13.2,8.25,66,2,6.6,4.12,4.4,2.75
Assistance Divine,Sacred Help,3,8,0.38,38%,20.0,7.5,60,2,10.0,3.75,6.67,2.5
Sabre Versatile,Versatil Saber,5,8,0.62,62%,11.0,6.88,55,1,11.0,6.88,5.5,3.44
Mental d'Acier,Steel Aura,3,8,0.38,38%,18.0,6.75,54,2,9.0,3.38,6.0,2.25
Économe Sagesse du Trésorier,Treasurer's Wisdom,3,8,0.38,38%,17.0,6.38,51,2,8.5,3.19,5.67,2.13
Coup de Mort,Death Helper,5,8,0.62,62%,10.0,6.25,50,1,10.0,6.25,5.0,3.12
Danse Macabre,Dance of Death,6,8,0.75,75%,8.0,6.0,48,1,8.0,6.0,4.0,3.0
Bâton de Conquête,Conquering Staff,2,8,0.25,25%,24.0,6.0,48,2,12.0,3.0,8.0,2.0
Esprit omniprésent,Omnipresent Spirit,2,8,0.25,25%,18.0,4.5,36,2,9.0,2.25,6.0,1.5
Être de Lumière,Being of Light,2,8,0.25,25%,18.0,4.5,36,1,18.0,4.5,9.0,2.25
Épée Obscure,Swords of Darkness,2,8,0.25,25%,17.0,4.25,34,1,17.0,4.25,8.5,2.12
Force Divine,Divine Impetu,3,8,0.38,38%,11.0,4.12,33,0,Gratuit,Gratuit,11.0,4.12
Masse de Siège,Siege Mace,2,8,0.25,25%,16.0,4.0,32,0,Gratuit,Gratuit,16.0,4.0
Elan de Fureur,Rampage Momentum,2,8,0.25,25%,15.0,3.75,30,2,7.5,1.88,5.0,1.25
Totem du Gardien,Guardian Totem,8,8,1.0,100%,3.62,3.62,29,3,1.21,1.21,0.91,0.91
Hache Frénétique,Berseker Ax,2,8,0.25,25%,14.0,3.5,28,2,7.0,1.75,4.67,1.17
Ascension Divine,Divine Ascent,1,8,0.12,12%,25.0,3.12,25,3,8.33,1.04,6.25,0.78
Œil de Lynx,Hawk's Eye,3,8,0.38,38%,8.0,3.0,24,0,Gratuit,Gratuit,8.0,3.0
Le Marionnettiste,The Puppeteer,1,8,0.12,12%,20.0,2.5,20,2,10.0,1.25,6.67,0.83
Marteleur précis,Precise Hammer,1,8,0.12,12%,18.0,2.25,18,1,18.0,2.25,9.0,1.12
Adrénaline Arcanique,Arcane Adrenaline,1,8,0.12,12%,16.0,2.0,16,1,16.0,2.0,8.0,1.0
Chasseur d'Âmes,Soul Hunter,1,8,0.12,12%,15.0,1.88,15,1,15.0,1.88,7.5,0.94
Soif de Sang,Thirsty Dagger,1,8,0.12,12%,15.0,1.88,15,0,Gratuit,Gratuit,15.0,1.88
Armure d'Immortel,Immortal Breastplate,1,8,0.12,12%,14.0,1.75,14,1,14.0,1.75,7.0,0.88
Désintégrateur Magnétique,Magnetic Disintegrator,1,8,0.12,12%,11.0,1.38,11,0,Gratuit,Gratuit,11.0,1.38
Épé Sainte,Holy Sword,1,8,0.12,12%,10.0,1.25,10,0,Gratuit,Gratuit,10.0,1.25
