,Nom Anglais,nb games valide,total games,ratio,%,pts moy,pts moy total,total point,cout,pts par cout moy,pts par cout total,pts par cout moy+1,pts par cout total+1
Griffes Sauvages,Wild Claw,13,13,1.0,100%,18.31,18.31,238,3,6.1,6.1,4.58,4.58
Totem Équivalent,Equivalent Totem,13,13,1.0,100%,15.38,15.38,200,2,7.69,7.69,5.13,5.13
Chasseur de Bêtes,Beast Hunter,10,13,0.77,77%,18.0,13.85,180,2,9.0,6.92,6.0,4.62
Aveuglement,Incapacitor,13,13,1.0,100%,13.15,13.15,171,3,4.38,4.38,3.29,3.29
Armure d'Obsidienne,Obsidian Battle Plate,7,13,0.54,54%,20.0,10.77,140,2,10.0,5.38,6.67,3.59
Faux,Scythe,13,13,1.0,100%,10.15,10.15,132,3,3.38,3.38,2.54,2.54
Bâton de Conquête,Conquering Staff,5,13,0.38,38%,24.0,9.23,120,2,12.0,4.62,8.0,3.08
Esprit Sauvage,Wild Spirit,12,13,0.92,92%,10.0,9.23,120,0,Gratuit,Gratuit,10.0,9.23
Pillard Féroce,Savage Looter,5,13,0.38,38%,20.0,7.69,100,1,20.0,7.69,10.0,3.85
Esprit de l'Écuyer,Spirit of the Squire,11,13,0.85,85%,9.0,7.62,99,3,3.0,2.54,2.25,1.91
Lame Affutée,Sharp Blade,12,13,0.92,92%,8.0,7.38,96,3,2.67,2.46,2.0,1.84
Esprit omniprésent,Omnipresent Spirit,5,13,0.38,38%,18.0,6.92,90,2,9.0,3.46,6.0,2.31
Tombeau Rocheux,Rock Tomb,9,13,0.69,69%,10.0,6.92,90,1,10.0,6.92,5.0,3.46
Mental d'Acier,Steel Aura,5,13,0.38,38%,18.0,6.92,90,2,9.0,3.46,6.0,2.31
Œil de Lynx,Hawk's Eye,8,13,0.62,62%,8.75,5.38,70,0,Gratuit,Gratuit,8.75,5.38
Économe Sagesse du Trésorier,Treasurer's Wisdom,4,13,0.31,31%,17.0,5.23,68,2,8.5,2.62,5.67,1.74
Assistance Divine,Sacred Help,3,13,0.23,23%,20.0,4.62,60,2,10.0,2.31,6.67,1.54
Totem du Gardien,Guardian Totem,11,13,0.85,85%,5.0,4.23,55,3,1.67,1.41,1.25,1.06
Décharge Élémentaire,Elemental Discharge,3,13,0.23,23%,18.0,4.15,54,1,18.0,4.15,9.0,2.08
Marteau Collecteur,Collecting Hammer,4,13,0.31,31%,13.25,4.08,53,2,6.62,2.04,4.42,1.36
Coup de Mort,Death Helper,4,13,0.31,31%,11.5,3.54,46,1,11.5,3.54,5.75,1.77
Soif de Sang,Thirsty Dagger,3,13,0.23,23%,15.0,3.46,45,0,Gratuit,Gratuit,15.0,3.46
Être de Lumière,Being of Light,2,13,0.15,15%,18.0,2.77,36,1,18.0,2.77,9.0,1.39
Épée Obscure,Swords of Darkness,2,13,0.15,15%,17.0,2.62,34,1,17.0,2.62,8.5,1.31
Amulette Omnisciente,Omnipresent Amulet,2,13,0.15,15%,13.0,2.0,26,0,Gratuit,Gratuit,13.0,2.0
Ascension Divine,Divine Ascent,1,13,0.08,8%,25.0,1.92,25,3,8.33,0.64,6.25,0.48
Danse Macabre,Dance of Death,3,13,0.23,23%,8.0,1.85,24,1,8.0,1.85,4.0,0.93
Bâton du Conquérant,Staff of Conquered Worlds,2,13,0.15,15%,11.0,1.69,22,0,Gratuit,Gratuit,11.0,1.69
Sabre Versatile,Versatil Saber,2,13,0.15,15%,11.0,1.69,22,1,11.0,1.69,5.5,0.84
Le Marionnettiste,The Puppeteer,1,13,0.08,8%,20.0,1.54,20,2,10.0,0.77,6.67,0.51
Chasseur d'Âmes,Soul Hunter,1,13,0.08,8%,20.0,1.54,20,1,20.0,1.54,10.0,0.77
Masse de Siège,Siege Mace,1,13,0.08,8%,16.0,1.23,16,0,Gratuit,Gratuit,16.0,1.23
Elan de Fureur,Rampage Momentum,1,13,0.08,8%,15.0,1.15,15,2,7.5,0.57,5.0,0.38
Hache Frénétique,Berseker Ax,1,13,0.08,8%,14.0,1.08,14,2,7.0,0.54,4.67,0.36
Armure d'Immortel,Immortal Breastplate,1,13,0.08,8%,14.0,1.08,14,1,14.0,1.08,7.0,0.54
Force Divine,Divine Impetu,1,13,0.08,8%,11.0,0.85,11,0,Gratuit,Gratuit,11.0,0.85
