,Nom Anglais,nb games valide,total games,ratio,%,pts moy,pts moy total,total point,cout,pts par cout moy,pts par cout total
Chasseur de Bêtes,Beast Hunter,4,4,1.0,100%,18.0,18.0,72,2,9.0,9.0
Griffes Sauvages,Wild Claw,4,4,1.0,100%,17.0,17.0,68,3,5.67,5.67
Totem Équivalent,Equivalent Totem,4,4,1.0,100%,14.75,14.75,59,1,14.75,14.75
Esprit Sauvage,Wild Spirit,4,4,1.0,100%,10.0,10.0,40,0,Gratuit,Gratuit
Aveuglement,Incapacitor,4,4,1.0,100%,9.75,9.75,39,3,3.25,3.25
Faux,Scythe,4,4,1.0,100%,9.25,9.25,37,3,3.08,3.08
Mental d'Acier,Steel Aura,2,4,0.5,50%,18.0,9.0,36,2,9.0,4.5
Lame Affutée,Sharp Blade,4,4,1.0,100%,6.75,6.75,27,3,2.25,2.25
Esprit de l'Écuyer,Spirit of the Squire,4,4,1.0,100%,6.75,6.75,27,3,2.25,2.25
Bâton de Conquête,Conquering Staff,1,4,0.25,25%,24.0,6.0,24,2,12.0,3.0
Pillard Féroce,Savage Looter,1,4,0.25,25%,20.0,5.0,20,1,20.0,5.0
Tombeau Rocheux,Rock Tomb,2,4,0.5,50%,10.0,5.0,20,1,10.0,5.0
Armure d'Obsidienne,Obsidian Battle Plate,1,4,0.25,25%,20.0,5.0,20,2,10.0,2.5
Esprit omniprésent,Omnipresent Spirit,1,4,0.25,25%,18.0,4.5,18,2,9.0,2.25
Être de Lumière,Being of Light,1,4,0.25,25%,18.0,4.5,18,1,18.0,4.5
Épée Obscure,Swords of Darkness,1,4,0.25,25%,17.0,4.25,17,1,17.0,4.25
Œil de Lynx,Hawk's Eye,2,4,0.5,50%,8.0,4.0,16,0,Gratuit,Gratuit
Totem du Gardien,Guardian Totem,4,4,1.0,100%,4.0,4.0,16,3,1.33,1.33
Armure d'Immortel,Immortal Breastplate,1,4,0.25,25%,14.0,3.5,14,1,14.0,3.5
Marteau Collecteur,Collecting Hammer,1,4,0.25,25%,12.0,3.0,12,2,6.0,1.5
Sabre Versatile,Versatil Saber,1,4,0.25,25%,11.0,2.75,11,1,11.0,2.75
Coup de Mort,Death Helper,1,4,0.25,25%,10.0,2.5,10,1,10.0,2.5
