,Nom Anglais,nb games valide,total games,ratio,%,pts moy,pts moy total,total point,cout,pts par cout moy,pts par cout total,pts par cout moy+1,pts par cout total+1
Griffes Sauvages,Wild Claw,6,6,1.0,100%,18.17,18.17,109,3,6.06,6.06,4.54,4.54
Chasseur de Bêtes,Beast Hunter,6,6,1.0,100%,18.0,18.0,108,2,9.0,9.0,6.0,6.0
Totem Équivalent,Equivalent Totem,6,6,1.0,100%,15.17,15.17,91,2,7.58,7.58,5.06,5.06
Aveuglement,Incapacitor,6,6,1.0,100%,11.5,11.5,69,3,3.83,3.83,2.88,2.88
Faux,Scythe,6,6,1.0,100%,10.0,10.0,60,3,3.33,3.33,2.5,2.5
Esprit Sauvage,Wild Spirit,6,6,1.0,100%,10.0,10.0,60,0,Gratuit,Gratuit,10.0,10.0
Armure d'Obsidienne,Obsidian Battle Plate,3,6,0.5,50%,20.0,10.0,60,2,10.0,5.0,6.67,3.33
Mental d'Acier,Steel Aura,3,6,0.5,50%,18.0,9.0,54,2,9.0,4.5,6.0,3.0
Bâton de Conquête,Conquering Staff,2,6,0.33,33%,24.0,8.0,48,2,12.0,4.0,8.0,2.67
Lame Affutée,Sharp Blade,6,6,1.0,100%,7.5,7.5,45,3,2.5,2.5,1.88,1.88
Esprit de l'Écuyer,Spirit of the Squire,6,6,1.0,100%,7.0,7.0,42,3,2.33,2.33,1.75,1.75
Tombeau Rocheux,Rock Tomb,4,6,0.67,67%,10.0,6.67,40,1,10.0,6.67,5.0,3.33
Pillard Féroce,Savage Looter,2,6,0.33,33%,20.0,6.67,40,1,20.0,6.67,10.0,3.33
Esprit omniprésent,Omnipresent Spirit,2,6,0.33,33%,18.0,6.0,36,2,9.0,3.0,6.0,2.0
Épée Obscure,Swords of Darkness,2,6,0.33,33%,17.0,5.67,34,1,17.0,5.67,8.5,2.83
Œil de Lynx,Hawk's Eye,4,6,0.67,67%,8.0,5.33,32,0,Gratuit,Gratuit,8.0,5.33
Totem du Gardien,Guardian Totem,6,6,1.0,100%,4.83,4.83,29,3,1.61,1.61,1.21,1.21
Sabre Versatile,Versatil Saber,2,6,0.33,33%,11.0,3.67,22,1,11.0,3.67,5.5,1.83
Assistance Divine,Sacred Help,1,6,0.17,17%,20.0,3.33,20,2,10.0,1.67,6.67,1.11
Être de Lumière,Being of Light,1,6,0.17,17%,18.0,3.0,18,1,18.0,3.0,9.0,1.5
Décharge Élémentaire,Elemental Discharge,1,6,0.17,17%,18.0,3.0,18,1,18.0,3.0,9.0,1.5
Marteau Collecteur,Collecting Hammer,2,6,0.33,33%,9.0,3.0,18,2,4.5,1.5,3.0,1.0
Économe Sagesse du Trésorier,Treasurer's Wisdom,1,6,0.17,17%,17.0,2.83,17,2,8.5,1.42,5.67,0.94
Soif de Sang,Thirsty Dagger,1,6,0.17,17%,15.0,2.5,15,0,Gratuit,Gratuit,15.0,2.5
Elan de Fureur,Rampage Momentum,1,6,0.17,17%,15.0,2.5,15,2,7.5,1.25,5.0,0.83
Armure d'Immortel,Immortal Breastplate,1,6,0.17,17%,14.0,2.33,14,1,14.0,2.33,7.0,1.17
Force Divine,Divine Impetu,1,6,0.17,17%,11.0,1.83,11,0,Gratuit,Gratuit,11.0,1.83
Bâton du Conquérant,Staff of Conquered Worlds,1,6,0.17,17%,11.0,1.83,11,0,Gratuit,Gratuit,11.0,1.83
Coup de Mort,Death Helper,1,6,0.17,17%,10.0,1.67,10,1,10.0,1.67,5.0,0.83
Danse Macabre,Dance of Death,1,6,0.17,17%,8.0,1.33,8,1,8.0,1.33,4.0,0.67
