,Nom Anglais,nb games valide,total games,ratio,%,pts moy,pts moy total,total point,cout,pts par cout moy,pts par cout total
Chasseur de Bêtes,Beast Hunter,1,1,1.0,100%,18.0,18.0,18,2,9.0,9.0
Griffes Sauvages,Wild Claw,1,1,1.0,100%,17.0,17.0,17,3,5.67,5.67
Totem Équivalent,Equivalent Totem,1,1,1.0,100%,14.0,14.0,14,1,14.0,14.0
Esprit Sauvage,Wild Spirit,1,1,1.0,100%,10.0,10.0,10,0,Gratuit,Gratuit
Faux,Scythe,1,1,1.0,100%,9.0,9.0,9,3,3.0,3.0
Lame Affutée,Sharp Blade,1,1,1.0,100%,9.0,9.0,9,3,3.0,3.0
Aveuglement,Incapacitor,1,1,1.0,100%,9.0,9.0,9,3,3.0,3.0
Esprit de l'Écuyer,Spirit of the Squire,1,1,1.0,100%,6.0,6.0,6,3,2.0,2.0
Totem du Gardien,Guardian Totem,1,1,1.0,100%,3.0,3.0,3,3,1.0,1.0
