,Nom Anglais,nb games valide,total games,ratio,%,pts moy,pts moy total,total point,cout,pts par cout moy,pts par cout total,pts par cout moy+1,pts par cout total+1
Griffes Sauvages,Wild Claw,9,9,1.0,100%,18.22,18.22,164,3,6.07,6.07,4.55,4.55
Chasseur de Bêtes,Beast Hunter,8,9,0.89,89%,18.0,16.0,144,2,9.0,8.0,6.0,5.33
Totem Équivalent,Equivalent Totem,9,9,1.0,100%,15.11,15.11,136,2,7.55,7.55,5.04,5.04
Aveuglement,Incapacitor,9,9,1.0,100%,11.67,11.67,105,3,3.89,3.89,2.92,2.92
Esprit Sauvage,Wild Spirit,9,9,1.0,100%,10.0,10.0,90,0,Gratuit,Gratuit,10.0,10.0
Faux,Scythe,9,9,1.0,100%,10.0,10.0,90,3,3.33,3.33,2.5,2.5
Armure d'Obsidienne,Obsidian Battle Plate,4,9,0.44,44%,20.0,8.89,80,2,10.0,4.45,6.67,2.96
Mental d'Acier,Steel Aura,4,9,0.44,44%,18.0,8.0,72,2,9.0,4.0,6.0,2.67
Bâton de Conquête,Conquering Staff,3,9,0.33,33%,24.0,8.0,72,2,12.0,4.0,8.0,2.67
Lame Affutée,Sharp Blade,9,9,1.0,100%,8.0,8.0,72,3,2.67,2.67,2.0,2.0
Tombeau Rocheux,Rock Tomb,6,9,0.67,67%,10.0,6.67,60,1,10.0,6.67,5.0,3.33
Pillard Féroce,Savage Looter,3,9,0.33,33%,20.0,6.67,60,1,20.0,6.67,10.0,3.33
Esprit de l'Écuyer,Spirit of the Squire,8,9,0.89,89%,7.5,6.67,60,3,2.5,2.22,1.88,1.67
Totem du Gardien,Guardian Totem,9,9,1.0,100%,4.89,4.89,44,3,1.63,1.63,1.22,1.22
Œil de Lynx,Hawk's Eye,5,9,0.56,56%,8.0,4.44,40,0,Gratuit,Gratuit,8.0,4.44
Esprit omniprésent,Omnipresent Spirit,2,9,0.22,22%,18.0,4.0,36,2,9.0,2.0,6.0,1.33
Économe Sagesse du Trésorier,Treasurer's Wisdom,2,9,0.22,22%,17.0,3.78,34,2,8.5,1.89,5.67,1.26
Épée Obscure,Swords of Darkness,2,9,0.22,22%,17.0,3.78,34,1,17.0,3.78,8.5,1.89
Soif de Sang,Thirsty Dagger,2,9,0.22,22%,15.0,3.33,30,0,Gratuit,Gratuit,15.0,3.33
Sabre Versatile,Versatil Saber,2,9,0.22,22%,11.0,2.44,22,1,11.0,2.44,5.5,1.22
Assistance Divine,Sacred Help,1,9,0.11,11%,20.0,2.22,20,2,10.0,1.11,6.67,0.74
Coup de Mort,Death Helper,2,9,0.22,22%,10.0,2.22,20,1,10.0,2.22,5.0,1.11
Être de Lumière,Being of Light,1,9,0.11,11%,18.0,2.0,18,1,18.0,2.0,9.0,1.0
Marteau Collecteur,Collecting Hammer,2,9,0.22,22%,9.0,2.0,18,2,4.5,1.0,3.0,0.67
Décharge Élémentaire,Elemental Discharge,1,9,0.11,11%,18.0,2.0,18,1,18.0,2.0,9.0,1.0
Danse Macabre,Dance of Death,2,9,0.22,22%,8.0,1.78,16,1,8.0,1.78,4.0,0.89
Elan de Fureur,Rampage Momentum,1,9,0.11,11%,15.0,1.67,15,2,7.5,0.83,5.0,0.56
Armure d'Immortel,Immortal Breastplate,1,9,0.11,11%,14.0,1.56,14,1,14.0,1.56,7.0,0.78
Force Divine,Divine Impetu,1,9,0.11,11%,11.0,1.22,11,0,Gratuit,Gratuit,11.0,1.22
Amulette Omnisciente,Omnipresent Amulet,1,9,0.11,11%,11.0,1.22,11,0,Gratuit,Gratuit,11.0,1.22
Bâton du Conquérant,Staff of Conquered Worlds,1,9,0.11,11%,11.0,1.22,11,0,Gratuit,Gratuit,11.0,1.22
