,Nom Anglais,nb games valide,total games,ratio,%,pts moy,pts moy total,total point,cout,pts par cout moy,pts par cout total,pts par cout moy+1,pts par cout total+1
Griffes Sauvages,Wild Claw,16,16,1.0,100%,17.69,17.69,283,3,5.9,5.9,4.42,4.42
Totem Équivalent,Equivalent Totem,16,16,1.0,100%,15.25,15.25,244,2,7.62,7.62,5.08,5.08
Chasseur de Bêtes,Beast Hunter,11,16,0.69,69%,18.0,12.38,198,2,9.0,6.19,6.0,4.13
Aveuglement,Incapacitor,16,16,1.0,100%,12.19,12.19,195,3,4.06,4.06,3.05,3.05
Armure d'Obsidienne,Obsidian Battle Plate,8,16,0.5,50%,20.0,10.0,160,2,10.0,5.0,6.67,3.33
Faux,Scythe,16,16,1.0,100%,9.75,9.75,156,3,3.25,3.25,2.44,2.44
Esprit Sauvage,Wild Spirit,13,16,0.81,81%,10.0,8.12,130,0,Gratuit,Gratuit,10.0,8.12
Lame Affutée,Sharp Blade,15,16,0.94,94%,8.6,8.06,129,3,2.87,2.69,2.15,2.02
Esprit de l'Écuyer,Spirit of the Squire,14,16,0.88,88%,9.21,8.06,129,3,3.07,2.69,2.3,2.02
Assistance Divine,Sacred Help,6,16,0.38,38%,20.0,7.5,120,2,10.0,3.75,6.67,2.5
Tombeau Rocheux,Rock Tomb,12,16,0.75,75%,10.0,7.5,120,1,10.0,7.5,5.0,3.75
Bâton de Conquête,Conquering Staff,5,16,0.31,31%,24.0,7.5,120,2,12.0,3.75,8.0,2.5
Esprit omniprésent,Omnipresent Spirit,6,16,0.38,38%,18.0,6.75,108,2,9.0,3.38,6.0,2.25
Mental d'Acier,Steel Aura,6,16,0.38,38%,18.0,6.75,108,2,9.0,3.38,6.0,2.25
Pillard Féroce,Savage Looter,5,16,0.31,31%,20.0,6.25,100,1,20.0,6.25,10.0,3.12
Œil de Lynx,Hawk's Eye,10,16,0.62,62%,9.0,5.62,90,0,Gratuit,Gratuit,9.0,5.62
Économe Sagesse du Trésorier,Treasurer's Wisdom,5,16,0.31,31%,17.0,5.31,85,2,8.5,2.65,5.67,1.77
Marteau Collecteur,Collecting Hammer,6,16,0.38,38%,12.33,4.62,74,2,6.17,2.31,4.11,1.54
Décharge Élémentaire,Elemental Discharge,4,16,0.25,25%,18.0,4.5,72,1,18.0,4.5,9.0,2.25
Être de Lumière,Being of Light,4,16,0.25,25%,18.0,4.5,72,1,18.0,4.5,9.0,2.25
Soif de Sang,Thirsty Dagger,4,16,0.25,25%,15.0,3.75,60,0,Gratuit,Gratuit,15.0,3.75
Coup de Mort,Death Helper,5,16,0.31,31%,11.8,3.69,59,1,11.8,3.69,5.9,1.84
Totem du Gardien,Guardian Totem,11,16,0.69,69%,5.0,3.44,55,3,1.67,1.15,1.25,0.86
Épée Obscure,Swords of Darkness,3,16,0.19,19%,17.0,3.19,51,1,17.0,3.19,8.5,1.59
Amulette Omnisciente,Omnipresent Amulet,3,16,0.19,19%,13.67,2.56,41,0,Gratuit,Gratuit,13.67,2.56
Sabre Versatile,Versatil Saber,3,16,0.19,19%,11.0,2.06,33,1,11.0,2.06,5.5,1.03
Danse Macabre,Dance of Death,4,16,0.25,25%,8.0,2.0,32,1,8.0,2.0,4.0,1.0
Elan de Fureur,Rampage Momentum,2,16,0.12,12%,15.0,1.88,30,2,7.5,0.94,5.0,0.63
Hache Frénétique,Berseker Ax,2,16,0.12,12%,14.0,1.75,28,2,7.0,0.88,4.67,0.58
Ascension Divine,Divine Ascent,1,16,0.06,6%,25.0,1.56,25,3,8.33,0.52,6.25,0.39
Bâton du Conquérant,Staff of Conquered Worlds,2,16,0.12,12%,11.0,1.38,22,0,Gratuit,Gratuit,11.0,1.38
Le Marionnettiste,The Puppeteer,1,16,0.06,6%,20.0,1.25,20,2,10.0,0.62,6.67,0.42
Chasseur d'Âmes,Soul Hunter,1,16,0.06,6%,20.0,1.25,20,1,20.0,1.25,10.0,0.62
Enchaînement Éclair,Unstoppable Lightning,1,16,0.06,6%,18.0,1.12,18,1,18.0,1.12,9.0,0.56
Masse de Siège,Siege Mace,1,16,0.06,6%,16.0,1.0,16,0,Gratuit,Gratuit,16.0,1.0
Armure d'Immortel,Immortal Breastplate,1,16,0.06,6%,14.0,0.88,14,1,14.0,0.88,7.0,0.44
Force Divine,Divine Impetu,1,16,0.06,6%,11.0,0.69,11,0,Gratuit,Gratuit,11.0,0.69
Épé Sainte,Holy Sword,1,16,0.06,6%,10.0,0.62,10,0,Gratuit,Gratuit,10.0,0.62
