,Nom Anglais,nb games valide,total games,ratio,%,pts moy,pts moy total,total point,cout,pts par cout moy,pts par cout total,pts par cout moy+1,pts par cout total+1
Griffes Sauvages,Wild Claw,8,8,1.0,100%,18.25,18.25,146,3,6.08,6.08,4.56,4.56
Chasseur de Bêtes,Beast Hunter,7,8,0.88,88%,18.0,15.75,126,2,9.0,7.88,6.0,5.25
Totem Équivalent,Equivalent Totem,8,8,1.0,100%,15.25,15.25,122,2,7.62,7.62,5.08,5.08
Aveuglement,Incapacitor,8,8,1.0,100%,12.0,12.0,96,3,4.0,4.0,3.0,3.0
Faux,Scythe,8,8,1.0,100%,10.12,10.12,81,3,3.37,3.37,2.53,2.53
Esprit Sauvage,Wild Spirit,8,8,1.0,100%,10.0,10.0,80,0,Gratuit,Gratuit,10.0,10.0
Armure d'Obsidienne,Obsidian Battle Plate,4,8,0.5,50%,20.0,10.0,80,2,10.0,5.0,6.67,3.33
Bâton de Conquête,Conquering Staff,3,8,0.38,38%,24.0,9.0,72,2,12.0,4.5,8.0,3.0
Lame Affutée,Sharp Blade,8,8,1.0,100%,7.88,7.88,63,3,2.63,2.63,1.97,1.97
Pillard Féroce,Savage Looter,3,8,0.38,38%,20.0,7.5,60,1,20.0,7.5,10.0,3.75
Tombeau Rocheux,Rock Tomb,6,8,0.75,75%,10.0,7.5,60,1,10.0,7.5,5.0,3.75
Esprit de l'Écuyer,Spirit of the Squire,7,8,0.88,88%,7.71,6.75,54,3,2.57,2.25,1.93,1.69
Mental d'Acier,Steel Aura,3,8,0.38,38%,18.0,6.75,54,2,9.0,3.38,6.0,2.25
Totem du Gardien,Guardian Totem,8,8,1.0,100%,5.12,5.12,41,3,1.71,1.71,1.28,1.28
Œil de Lynx,Hawk's Eye,5,8,0.62,62%,8.0,5.0,40,0,Gratuit,Gratuit,8.0,5.0
Esprit omniprésent,Omnipresent Spirit,2,8,0.25,25%,18.0,4.5,36,2,9.0,2.25,6.0,1.5
Économe Sagesse du Trésorier,Treasurer's Wisdom,2,8,0.25,25%,17.0,4.25,34,2,8.5,2.12,5.67,1.42
Épée Obscure,Swords of Darkness,2,8,0.25,25%,17.0,4.25,34,1,17.0,4.25,8.5,2.12
Sabre Versatile,Versatil Saber,2,8,0.25,25%,11.0,2.75,22,1,11.0,2.75,5.5,1.38
Coup de Mort,Death Helper,2,8,0.25,25%,10.0,2.5,20,1,10.0,2.5,5.0,1.25
Assistance Divine,Sacred Help,1,8,0.12,12%,20.0,2.5,20,2,10.0,1.25,6.67,0.83
Être de Lumière,Being of Light,1,8,0.12,12%,18.0,2.25,18,1,18.0,2.25,9.0,1.12
Marteau Collecteur,Collecting Hammer,2,8,0.25,25%,9.0,2.25,18,2,4.5,1.12,3.0,0.75
Décharge Élémentaire,Elemental Discharge,1,8,0.12,12%,18.0,2.25,18,1,18.0,2.25,9.0,1.12
Danse Macabre,Dance of Death,2,8,0.25,25%,8.0,2.0,16,1,8.0,2.0,4.0,1.0
Elan de Fureur,Rampage Momentum,1,8,0.12,12%,15.0,1.88,15,2,7.5,0.94,5.0,0.63
Soif de Sang,Thirsty Dagger,1,8,0.12,12%,15.0,1.88,15,0,Gratuit,Gratuit,15.0,1.88
Armure d'Immortel,Immortal Breastplate,1,8,0.12,12%,14.0,1.75,14,1,14.0,1.75,7.0,0.88
Force Divine,Divine Impetu,1,8,0.12,12%,11.0,1.38,11,0,Gratuit,Gratuit,11.0,1.38
Bâton du Conquérant,Staff of Conquered Worlds,1,8,0.12,12%,11.0,1.38,11,0,Gratuit,Gratuit,11.0,1.38
Amulette Omnisciente,Omnipresent Amulet,1,8,0.12,12%,11.0,1.38,11,0,Gratuit,Gratuit,11.0,1.38
