,Nom Anglais,nb games valide,total games,ratio,%,pts moy,pts moy total,total point,cout,pts par cout moy,pts par cout total,pts par cout moy+1,pts par cout total+1
Chasseur de Bêtes,Beast Hunter,5,5,1.0,100%,18.0,18.0,90,2,9.0,9.0,6.0,6.0
Griffes Sauvages,Wild Claw,5,5,1.0,100%,18.0,18.0,90,3,6.0,6.0,4.5,4.5
Totem Équivalent,Equivalent Totem,5,5,1.0,100%,15.2,15.2,76,2,7.6,7.6,5.07,5.07
Aveuglement,Incapacitor,5,5,1.0,100%,12.6,12.6,63,3,4.2,4.2,3.15,3.15
Mental d'Acier,Steel Aura,3,5,0.6,60%,18.0,10.8,54,2,9.0,5.4,6.0,3.6
Faux,Scythe,5,5,1.0,100%,10.0,10.0,50,3,3.33,3.33,2.5,2.5
Esprit Sauvage,Wild Spirit,5,5,1.0,100%,10.0,10.0,50,0,Gratuit,Gratuit,10.0,10.0
Bâton de Conquête,Conquering Staff,2,5,0.4,40%,24.0,9.6,48,2,12.0,4.8,8.0,3.2
Armure d'Obsidienne,Obsidian Battle Plate,2,5,0.4,40%,20.0,8.0,40,2,10.0,4.0,6.67,2.67
Pillard Féroce,Savage Looter,2,5,0.4,40%,20.0,8.0,40,1,20.0,8.0,10.0,4.0
Esprit omniprésent,Omnipresent Spirit,2,5,0.4,40%,18.0,7.2,36,2,9.0,3.6,6.0,2.4
Lame Affutée,Sharp Blade,5,5,1.0,100%,6.6,6.6,33,3,2.2,2.2,1.65,1.65
Esprit de l'Écuyer,Spirit of the Squire,5,5,1.0,100%,6.6,6.6,33,3,2.2,2.2,1.65,1.65
Tombeau Rocheux,Rock Tomb,3,5,0.6,60%,10.0,6.0,30,1,10.0,6.0,5.0,3.0
Œil de Lynx,Hawk's Eye,3,5,0.6,60%,8.0,4.8,24,0,Gratuit,Gratuit,8.0,4.8
Totem du Gardien,Guardian Totem,5,5,1.0,100%,4.2,4.2,21,3,1.4,1.4,1.05,1.05
Assistance Divine,Sacred Help,1,5,0.2,20%,20.0,4.0,20,2,10.0,2.0,6.67,1.33
Être de Lumière,Being of Light,1,5,0.2,20%,18.0,3.6,18,1,18.0,3.6,9.0,1.8
Économe Sagesse du Trésorier,Treasurer's Wisdom,1,5,0.2,20%,17.0,3.4,17,2,8.5,1.7,5.67,1.13
Épée Obscure,Swords of Darkness,1,5,0.2,20%,17.0,3.4,17,1,17.0,3.4,8.5,1.7
Armure d'Immortel,Immortal Breastplate,1,5,0.2,20%,14.0,2.8,14,1,14.0,2.8,7.0,1.4
Marteau Collecteur,Collecting Hammer,1,5,0.2,20%,12.0,2.4,12,2,6.0,1.2,4.0,0.8
Bâton du Conquérant,Staff of Conquered Worlds,1,5,0.2,20%,11.0,2.2,11,0,Gratuit,Gratuit,11.0,2.2
Sabre Versatile,Versatil Saber,1,5,0.2,20%,11.0,2.2,11,1,11.0,2.2,5.5,1.1
Coup de Mort,Death Helper,1,5,0.2,20%,10.0,2.0,10,1,10.0,2.0,5.0,1.0
