,Nom Anglais,nb games valide,total games,ratio,%,pts moy,pts moy total,total point,cout,pts par cout moy,pts par cout total
Chasseur de Bêtes,Beast Hunter,2,2,1.0,100%,18.0,18.0,36,2,9.0,9.0
Griffes Sauvages,Wild Claw,2,2,1.0,100%,17.0,17.0,34,3,5.67,5.67
Totem Équivalent,Equivalent Totem,2,2,1.0,100%,14.5,14.5,29,1,14.5,14.5
Aveuglement,Incapacitor,2,2,1.0,100%,10.5,10.5,21,3,3.5,3.5
Esprit Sauvage,Wild Spirit,2,2,1.0,100%,10.0,10.0,20,0,Gratuit,Gratuit
Faux,Scythe,2,2,1.0,100%,9.0,9.0,18,3,3.0,3.0
Mental d'Acier,Steel Aura,1,2,0.5,50%,18.0,9.0,18,2,9.0,4.5
Esprit omniprésent,Omnipresent Spirit,1,2,0.5,50%,18.0,9.0,18,2,9.0,4.5
Épée Obscure,Swords of Darkness,1,2,0.5,50%,17.0,8.5,17,1,17.0,8.5
Lame Affutée,Sharp Blade,2,2,1.0,100%,7.5,7.5,15,3,2.5,2.5
Esprit de l'Écuyer,Spirit of the Squire,2,2,1.0,100%,4.5,4.5,9,3,1.5,1.5
Œil de Lynx,Hawk's Eye,1,2,0.5,50%,8.0,4.0,8,0,Gratuit,Gratuit
Totem du Gardien,Guardian Totem,2,2,1.0,100%,3.5,3.5,7,3,1.17,1.17
