,Nom Anglais,nb games valide,total games,ratio,%,pts moy,pts moy total,total point,cout,pts par cout moy,pts par cout total,pts par cout moy+1,pts par cout total+1
Griffes Sauvages,Wild Claw,7,7,1.0,100%,18.29,18.29,128,3,6.1,6.1,4.57,4.57
Totem Équivalent,Equivalent Totem,7,7,1.0,100%,15.43,15.43,108,2,7.71,7.71,5.14,5.14
Chasseur de Bêtes,Beast Hunter,6,7,0.86,86%,18.0,15.43,108,2,9.0,7.71,6.0,5.14
Aveuglement,Incapacitor,7,7,1.0,100%,12.43,12.43,87,3,4.14,4.14,3.11,3.11
Bâton de Conquête,Conquering Staff,3,7,0.43,43%,24.0,10.29,72,2,12.0,5.14,8.0,3.43
Faux,Scythe,7,7,1.0,100%,10.14,10.14,71,3,3.38,3.38,2.54,2.54
Esprit Sauvage,Wild Spirit,7,7,1.0,100%,10.0,10.0,70,0,Gratuit,Gratuit,10.0,10.0
Armure d'Obsidienne,Obsidian Battle Plate,3,7,0.43,43%,20.0,8.57,60,2,10.0,4.29,6.67,2.86
Esprit de l'Écuyer,Spirit of the Squire,7,7,1.0,100%,7.71,7.71,54,3,2.57,2.57,1.93,1.93
Mental d'Acier,Steel Aura,3,7,0.43,43%,18.0,7.71,54,2,9.0,3.85,6.0,2.57
Lame Affutée,Sharp Blade,7,7,1.0,100%,7.29,7.29,51,3,2.43,2.43,1.82,1.82
Tombeau Rocheux,Rock Tomb,5,7,0.71,71%,10.0,7.14,50,1,10.0,7.14,5.0,3.57
Œil de Lynx,Hawk's Eye,5,7,0.71,71%,8.0,5.71,40,0,Gratuit,Gratuit,8.0,5.71
Pillard Féroce,Savage Looter,2,7,0.29,29%,20.0,5.71,40,1,20.0,5.71,10.0,2.85
Totem du Gardien,Guardian Totem,7,7,1.0,100%,5.43,5.43,38,3,1.81,1.81,1.36,1.36
Esprit omniprésent,Omnipresent Spirit,2,7,0.29,29%,18.0,5.14,36,2,9.0,2.57,6.0,1.71
Économe Sagesse du Trésorier,Treasurer's Wisdom,2,7,0.29,29%,17.0,4.86,34,2,8.5,2.43,5.67,1.62
Épée Obscure,Swords of Darkness,2,7,0.29,29%,17.0,4.86,34,1,17.0,4.86,8.5,2.43
Sabre Versatile,Versatil Saber,2,7,0.29,29%,11.0,3.14,22,1,11.0,3.14,5.5,1.57
Coup de Mort,Death Helper,2,7,0.29,29%,10.0,2.86,20,1,10.0,2.86,5.0,1.43
Assistance Divine,Sacred Help,1,7,0.14,14%,20.0,2.86,20,2,10.0,1.43,6.67,0.95
Être de Lumière,Being of Light,1,7,0.14,14%,18.0,2.57,18,1,18.0,2.57,9.0,1.28
Marteau Collecteur,Collecting Hammer,2,7,0.29,29%,9.0,2.57,18,2,4.5,1.28,3.0,0.86
Décharge Élémentaire,Elemental Discharge,1,7,0.14,14%,18.0,2.57,18,1,18.0,2.57,9.0,1.28
Elan de Fureur,Rampage Momentum,1,7,0.14,14%,15.0,2.14,15,2,7.5,1.07,5.0,0.71
Soif de Sang,Thirsty Dagger,1,7,0.14,14%,15.0,2.14,15,0,Gratuit,Gratuit,15.0,2.14
Armure d'Immortel,Immortal Breastplate,1,7,0.14,14%,14.0,2.0,14,1,14.0,2.0,7.0,1.0
Force Divine,Divine Impetu,1,7,0.14,14%,11.0,1.57,11,0,Gratuit,Gratuit,11.0,1.57
Bâton du Conquérant,Staff of Conquered Worlds,1,7,0.14,14%,11.0,1.57,11,0,Gratuit,Gratuit,11.0,1.57
Amulette Omnisciente,Omnipresent Amulet,1,7,0.14,14%,11.0,1.57,11,0,Gratuit,Gratuit,11.0,1.57
Danse Macabre,Dance of Death,1,7,0.14,14%,8.0,1.14,8,1,8.0,1.14,4.0,0.57
