,Nom Anglais,nb games valide,total games,ratio,%,pts moy,pts moy total,total point,cout,pts par cout moy,pts par cout total,pts par cout moy+1,pts par cout total+1
Griffes Sauvages,Wild Claw,16,16,1.0,100%,14.69,14.69,235,3,4.9,4.9,3.67,3.67
Totem Équivalent,Equivalent Totem,16,16,1.0,100%,13.88,13.88,222,2,6.94,6.94,4.63,4.63
Aveuglement,Incapacitor,16,16,1.0,100%,10.5,10.5,168,3,3.5,3.5,2.62,2.62
Faux,Scythe,16,16,1.0,100%,8.56,8.56,137,3,2.85,2.85,2.14,2.14
Esprit de l'Écuyer,Spirit of the Squire,13,16,0.81,81%,9.23,7.5,120,3,3.08,2.5,2.31,1.88
Assistance Divine,Sacred Help,6,16,0.38,38%,20.0,7.5,120,2,10.0,3.75,6.67,2.5
Marteau Collecteur,Collecting Hammer,9,16,0.56,56%,13.22,7.44,119,2,6.61,3.72,4.41,2.48
Lame Affutée,Sharp Blade,12,16,0.75,75%,8.5,6.38,102,3,2.83,2.13,2.12,1.59
Armure d'Obsidienne,Obsidian Battle Plate,5,16,0.31,31%,20.0,6.25,100,2,10.0,3.12,6.67,2.08
Tombeau Rocheux,Rock Tomb,9,16,0.56,56%,10.0,5.62,90,1,10.0,5.62,5.0,2.81
Œil de Lynx,Hawk's Eye,10,16,0.62,62%,9.0,5.62,90,0,Gratuit,Gratuit,9.0,5.62
Bâton de Conquête,Conquering Staff,3,16,0.19,19%,24.0,4.5,72,2,12.0,2.25,8.0,1.5
Décharge Élémentaire,Elemental Discharge,4,16,0.25,25%,18.0,4.5,72,1,18.0,4.5,9.0,2.25
Mental d'Acier,Steel Aura,4,16,0.25,25%,18.0,4.5,72,2,9.0,2.25,6.0,1.5
Coup de Mort,Death Helper,5,16,0.31,31%,11.2,3.5,56,1,11.2,3.5,5.6,1.75
Hache Frénétique,Berseker Ax,4,16,0.25,25%,14.0,3.5,56,2,7.0,1.75,4.67,1.17
Marteleur précis,Precise Hammer,3,16,0.19,19%,18.0,3.38,54,1,18.0,3.38,9.0,1.69
Chasseur de Bêtes,Beast Hunter,3,16,0.19,19%,18.0,3.38,54,2,9.0,1.69,6.0,1.13
Économe Sagesse du Trésorier,Treasurer's Wisdom,3,16,0.19,19%,17.0,3.19,51,2,8.5,1.59,5.67,1.06
Épée Obscure,Swords of Darkness,3,16,0.19,19%,17.0,3.19,51,1,17.0,3.19,8.5,1.59
Esprit Sauvage,Wild Spirit,5,16,0.31,31%,10.0,3.12,50,0,Gratuit,Gratuit,10.0,3.12
Totem du Gardien,Guardian Totem,11,16,0.69,69%,3.91,2.69,43,3,1.3,0.9,0.98,0.67
Le Marionnettiste,The Puppeteer,2,16,0.12,12%,20.0,2.5,40,2,10.0,1.25,6.67,0.83
Pillard Féroce,Savage Looter,2,16,0.12,12%,20.0,2.5,40,1,20.0,2.5,10.0,1.25
Esprit omniprésent,Omnipresent Spirit,2,16,0.12,12%,18.0,2.25,36,2,9.0,1.12,6.0,0.75
Désintégrateur Magnétique,Magnetic Disintegrator,3,16,0.19,19%,11.0,2.06,33,0,Gratuit,Gratuit,11.0,2.06
Sabre Versatile,Versatil Saber,3,16,0.19,19%,11.0,2.06,33,1,11.0,2.06,5.5,1.03
Masse de Siège,Siege Mace,2,16,0.12,12%,16.0,2.0,32,0,Gratuit,Gratuit,16.0,2.0
Elan de Fureur,Rampage Momentum,2,16,0.12,12%,15.0,1.88,30,2,7.5,0.94,5.0,0.63
Soif de Sang,Thirsty Dagger,2,16,0.12,12%,15.0,1.88,30,0,Gratuit,Gratuit,15.0,1.88
Ascension Divine,Divine Ascent,1,16,0.06,6%,25.0,1.56,25,3,8.33,0.52,6.25,0.39
Danse Macabre,Dance of Death,3,16,0.19,19%,8.0,1.5,24,1,8.0,1.5,4.0,0.75
Vision Céleste,Heavenly Vision,1,16,0.06,6%,22.0,1.38,22,2,11.0,0.69,7.33,0.46
Bâton du Conquérant,Staff of Conquered Worlds,2,16,0.12,12%,11.0,1.38,22,0,Gratuit,Gratuit,11.0,1.38
Épé Sainte,Holy Sword,2,16,0.12,12%,10.0,1.25,20,0,Gratuit,Gratuit,10.0,1.25
Le Traqueur,The Stalker,1,16,0.06,6%,20.0,1.25,20,3,6.67,0.42,5.0,0.31
Être de Lumière,Being of Light,1,16,0.06,6%,18.0,1.12,18,1,18.0,1.12,9.0,0.56
Enchaînement Éclair,Unstoppable Lightning,1,16,0.06,6%,18.0,1.12,18,1,18.0,1.12,9.0,0.56
Adrénaline Arcanique,Arcane Adrenaline,1,16,0.06,6%,16.0,1.0,16,1,16.0,1.0,8.0,0.5
Armure d'Immortel,Immortal Breastplate,1,16,0.06,6%,16.0,1.0,16,1,16.0,1.0,8.0,0.5
Chasseur d'Âmes,Soul Hunter,1,16,0.06,6%,15.0,0.94,15,1,15.0,0.94,7.5,0.47
Amulette Omnisciente,Omnipresent Amulet,1,16,0.06,6%,15.0,0.94,15,0,Gratuit,Gratuit,15.0,0.94
Force Divine,Divine Impetu,1,16,0.06,6%,15.0,0.94,15,0,Gratuit,Gratuit,15.0,0.94
Explosion Arcanique,Arcane Explosive,1,16,0.06,6%,12.0,0.75,12,1,12.0,0.75,6.0,0.38
