,Nom Anglais,nb games valide,total games,ratio,%,pts moy,pts moy total,total point,cout,pts par cout moy,pts par cout total,pts par cout moy+1,pts par cout total+1
Griffes Sauvages,Wild Claw,17,17,1.0,100%,14.71,14.71,250,3,4.9,4.9,3.68,3.68
Totem Équivalent,Equivalent Totem,17,17,1.0,100%,13.94,13.94,237,2,6.97,6.97,4.65,4.65
Aveuglement,Incapacitor,17,17,1.0,100%,10.41,10.41,177,3,3.47,3.47,2.6,2.6
Faux,Scythe,17,17,1.0,100%,8.53,8.53,145,3,2.84,2.84,2.13,2.13
Assistance Divine,Sacred Help,7,17,0.41,41%,20.0,8.24,140,2,10.0,4.12,6.67,2.75
Esprit de l'Écuyer,Spirit of the Squire,14,17,0.82,82%,9.64,7.94,135,3,3.21,2.65,2.41,1.99
Marteau Collecteur,Collecting Hammer,9,17,0.53,53%,13.22,7.0,119,2,6.61,3.5,4.41,2.33
Lame Affutée,Sharp Blade,13,17,0.76,76%,8.08,6.18,105,3,2.69,2.06,2.02,1.54
Armure d'Obsidienne,Obsidian Battle Plate,5,17,0.29,29%,20.0,5.88,100,2,10.0,2.94,6.67,1.96
Tombeau Rocheux,Rock Tomb,10,17,0.59,59%,10.0,5.88,100,1,10.0,5.88,5.0,2.94
Œil de Lynx,Hawk's Eye,11,17,0.65,65%,9.09,5.88,100,0,Gratuit,Gratuit,9.09,5.88
Mental d'Acier,Steel Aura,5,17,0.29,29%,18.0,5.29,90,2,9.0,2.65,6.0,1.76
Bâton de Conquête,Conquering Staff,3,17,0.18,18%,24.0,4.24,72,2,12.0,2.12,8.0,1.41
Décharge Élémentaire,Elemental Discharge,4,17,0.24,24%,18.0,4.24,72,1,18.0,4.24,9.0,2.12
Coup de Mort,Death Helper,6,17,0.35,35%,11.5,4.06,69,1,11.5,4.06,5.75,2.03
Hache Frénétique,Berseker Ax,4,17,0.24,24%,14.0,3.29,56,2,7.0,1.65,4.67,1.1
Esprit omniprésent,Omnipresent Spirit,3,17,0.18,18%,18.0,3.18,54,2,9.0,1.59,6.0,1.06
Chasseur de Bêtes,Beast Hunter,3,17,0.18,18%,18.0,3.18,54,2,9.0,1.59,6.0,1.06
Marteleur précis,Precise Hammer,3,17,0.18,18%,18.0,3.18,54,1,18.0,3.18,9.0,1.59
Épée Obscure,Swords of Darkness,3,17,0.18,18%,17.0,3.0,51,1,17.0,3.0,8.5,1.5
Économe Sagesse du Trésorier,Treasurer's Wisdom,3,17,0.18,18%,17.0,3.0,51,2,8.5,1.5,5.67,1.0
Esprit Sauvage,Wild Spirit,5,17,0.29,29%,10.0,2.94,50,0,Gratuit,Gratuit,10.0,2.94
Totem du Gardien,Guardian Totem,12,17,0.71,71%,3.83,2.71,46,3,1.28,0.9,0.96,0.68
Pillard Féroce,Savage Looter,2,17,0.12,12%,20.0,2.35,40,1,20.0,2.35,10.0,1.18
Le Marionnettiste,The Puppeteer,2,17,0.12,12%,20.0,2.35,40,2,10.0,1.18,6.67,0.78
Sabre Versatile,Versatil Saber,3,17,0.18,18%,11.0,1.94,33,1,11.0,1.94,5.5,0.97
Désintégrateur Magnétique,Magnetic Disintegrator,3,17,0.18,18%,11.0,1.94,33,0,Gratuit,Gratuit,11.0,1.94
Masse de Siège,Siege Mace,2,17,0.12,12%,16.0,1.88,32,0,Gratuit,Gratuit,16.0,1.88
Elan de Fureur,Rampage Momentum,2,17,0.12,12%,15.0,1.76,30,2,7.5,0.88,5.0,0.59
Soif de Sang,Thirsty Dagger,2,17,0.12,12%,15.0,1.76,30,0,Gratuit,Gratuit,15.0,1.76
Ascension Divine,Divine Ascent,1,17,0.06,6%,25.0,1.47,25,3,8.33,0.49,6.25,0.37
Danse Macabre,Dance of Death,3,17,0.18,18%,8.0,1.41,24,1,8.0,1.41,4.0,0.7
Vision Céleste,Heavenly Vision,1,17,0.06,6%,22.0,1.29,22,2,11.0,0.65,7.33,0.43
Bâton du Conquérant,Staff of Conquered Worlds,2,17,0.12,12%,11.0,1.29,22,0,Gratuit,Gratuit,11.0,1.29
Épé Sainte,Holy Sword,2,17,0.12,12%,10.0,1.18,20,0,Gratuit,Gratuit,10.0,1.18
Le Traqueur,The Stalker,1,17,0.06,6%,20.0,1.18,20,3,6.67,0.39,5.0,0.29
Être de Lumière,Being of Light,1,17,0.06,6%,18.0,1.06,18,1,18.0,1.06,9.0,0.53
Enchaînement Éclair,Unstoppable Lightning,1,17,0.06,6%,18.0,1.06,18,1,18.0,1.06,9.0,0.53
Adrénaline Arcanique,Arcane Adrenaline,1,17,0.06,6%,16.0,0.94,16,1,16.0,0.94,8.0,0.47
Armure d'Immortel,Immortal Breastplate,1,17,0.06,6%,16.0,0.94,16,1,16.0,0.94,8.0,0.47
Chasseur d'Âmes,Soul Hunter,1,17,0.06,6%,15.0,0.88,15,1,15.0,0.88,7.5,0.44
Amulette Omnisciente,Omnipresent Amulet,1,17,0.06,6%,15.0,0.88,15,0,Gratuit,Gratuit,15.0,0.88
Force Divine,Divine Impetu,1,17,0.06,6%,15.0,0.88,15,0,Gratuit,Gratuit,15.0,0.88
Explosion Arcanique,Arcane Explosive,1,17,0.06,6%,12.0,0.71,12,1,12.0,0.71,6.0,0.35
