,Nom Anglais,nb games valide,total games,ratio,%,pts moy,pts moy total,total point,cout,pts par cout moy,pts par cout total
Décharge Élémentaire,Elemental Discharge,2,2,1.0,100%,18.0,18.0,36,1,18.0,18.0
Griffes Sauvages,Wild Claw,2,2,1.0,100%,15.5,15.5,31,3,5.17,5.17
Totem Équivalent,Equivalent Totem,2,2,1.0,100%,15.5,15.5,31,1,15.5,15.5
Lame Affutée,Sharp Blade,2,2,1.0,100%,15.0,15.0,30,3,5.0,5.0
Esprit de l'Écuyer,Spirit of the Squire,2,2,1.0,100%,13.5,13.5,27,3,4.5,4.5
Coup de Mort,Death Helper,2,2,1.0,100%,10.0,10.0,20,1,10.0,10.0
Armure d'Obsidienne,Obsidian Battle Plate,1,2,0.5,50%,20.0,10.0,20,2,10.0,5.0
Tombeau Rocheux,Rock Tomb,2,2,1.0,100%,10.0,10.0,20,1,10.0,10.0
Assistance Divine,Sacred Help,1,2,0.5,50%,20.0,10.0,20,2,10.0,5.0
Marteleur précis,Precise Hammer,1,2,0.5,50%,18.0,9.0,18,1,18.0,9.0
Enchaînement Éclair,Unstoppable Lightning,1,2,0.5,50%,18.0,9.0,18,1,18.0,9.0
Mental d'Acier,Steel Aura,1,2,0.5,50%,18.0,9.0,18,2,9.0,4.5
Marteau Collecteur,Collecting Hammer,2,2,1.0,100%,9.0,9.0,18,2,4.5,4.5
Économe Sagesse du Trésorier,Treasurer's Wisdom,1,2,0.5,50%,17.0,8.5,17,2,8.5,4.25
Faux,Scythe,2,2,1.0,100%,8.5,8.5,17,3,2.83,2.83
Elan de Fureur,Rampage Momentum,1,2,0.5,50%,15.0,7.5,15,2,7.5,3.75
Soif de Sang,Thirsty Dagger,1,2,0.5,50%,15.0,7.5,15,0,Gratuit,Gratuit
Aveuglement,Incapacitor,2,2,1.0,100%,7.5,7.5,15,3,2.5,2.5
Hache Frénétique,Berseker Ax,1,2,0.5,50%,14.0,7.0,14,2,7.0,3.5
Explosion Arcanique,Arcane Explosive,1,2,0.5,50%,12.0,6.0,12,1,12.0,6.0
Sabre Versatile,Versatil Saber,1,2,0.5,50%,11.0,5.5,11,1,11.0,5.5
Esprit Sauvage,Wild Spirit,1,2,0.5,50%,10.0,5.0,10,0,Gratuit,Gratuit
Épé Sainte,Holy Sword,1,2,0.5,50%,10.0,5.0,10,0,Gratuit,Gratuit
Œil de Lynx,Hawk's Eye,1,2,0.5,50%,8.0,4.0,8,0,Gratuit,Gratuit
Danse Macabre,Dance of Death,1,2,0.5,50%,8.0,4.0,8,1,8.0,4.0
Totem du Gardien,Guardian Totem,2,2,1.0,100%,3.0,3.0,6,3,1.0,1.0
