,Nom Anglais,nb games valide,total games,ratio,%,pts moy,pts moy total,total point,cout,pts par cout moy,pts par cout total,pts par cout moy+1,pts par cout total+1
Griffes Sauvages,Wild Claw,6,6,1.0,100%,13.5,13.5,81,3,4.5,4.5,3.38,3.38
Totem Équivalent,Equivalent Totem,6,6,1.0,100%,13.5,13.5,81,2,6.75,6.75,4.5,4.5
Aveuglement,Incapacitor,6,6,1.0,100%,9.0,9.0,54,3,3.0,3.0,2.25,2.25
Mental d'Acier,Steel Aura,3,6,0.5,50%,18.0,9.0,54,2,9.0,4.5,6.0,3.0
Esprit de l'Écuyer,Spirit of the Squire,5,6,0.83,83%,9.6,8.0,48,3,3.2,2.67,2.4,2.0
Faux,Scythe,6,6,1.0,100%,7.67,7.67,46,3,2.56,2.56,1.92,1.92
Marteau Collecteur,Collecting Hammer,4,6,0.67,67%,10.5,7.0,42,2,5.25,3.5,3.5,2.33
Décharge Élémentaire,Elemental Discharge,2,6,0.33,33%,18.0,6.0,36,1,18.0,6.0,9.0,3.0
Lame Affutée,Sharp Blade,3,6,0.5,50%,11.0,5.5,33,3,3.67,1.83,2.75,1.38
Coup de Mort,Death Helper,3,6,0.5,50%,10.0,5.0,30,1,10.0,5.0,5.0,2.5
Œil de Lynx,Hawk's Eye,3,6,0.5,50%,8.0,4.0,24,0,Gratuit,Gratuit,8.0,4.0
Bâton de Conquête,Conquering Staff,1,6,0.17,17%,24.0,4.0,24,2,12.0,2.0,8.0,1.33
Assistance Divine,Sacred Help,1,6,0.17,17%,20.0,3.33,20,2,10.0,1.67,6.67,1.11
Tombeau Rocheux,Rock Tomb,2,6,0.33,33%,10.0,3.33,20,1,10.0,3.33,5.0,1.67
Armure d'Obsidienne,Obsidian Battle Plate,1,6,0.17,17%,20.0,3.33,20,2,10.0,1.67,6.67,1.11
Enchaînement Éclair,Unstoppable Lightning,1,6,0.17,17%,18.0,3.0,18,1,18.0,3.0,9.0,1.5
Esprit omniprésent,Omnipresent Spirit,1,6,0.17,17%,18.0,3.0,18,2,9.0,1.5,6.0,1.0
Marteleur précis,Precise Hammer,1,6,0.17,17%,18.0,3.0,18,1,18.0,3.0,9.0,1.5
Économe Sagesse du Trésorier,Treasurer's Wisdom,1,6,0.17,17%,17.0,2.83,17,2,8.5,1.42,5.67,0.94
Totem du Gardien,Guardian Totem,6,6,1.0,100%,2.67,2.67,16,3,0.89,0.89,0.67,0.67
Masse de Siège,Siege Mace,1,6,0.17,17%,16.0,2.67,16,0,Gratuit,Gratuit,16.0,2.67
Elan de Fureur,Rampage Momentum,1,6,0.17,17%,15.0,2.5,15,2,7.5,1.25,5.0,0.83
Soif de Sang,Thirsty Dagger,1,6,0.17,17%,15.0,2.5,15,0,Gratuit,Gratuit,15.0,2.5
Hache Frénétique,Berseker Ax,1,6,0.17,17%,14.0,2.33,14,2,7.0,1.17,4.67,0.78
Explosion Arcanique,Arcane Explosive,1,6,0.17,17%,12.0,2.0,12,1,12.0,2.0,6.0,1.0
Sabre Versatile,Versatil Saber,1,6,0.17,17%,11.0,1.83,11,1,11.0,1.83,5.5,0.92
Bâton du Conquérant,Staff of Conquered Worlds,1,6,0.17,17%,11.0,1.83,11,0,Gratuit,Gratuit,11.0,1.83
Épé Sainte,Holy Sword,1,6,0.17,17%,10.0,1.67,10,0,Gratuit,Gratuit,10.0,1.67
Esprit Sauvage,Wild Spirit,1,6,0.17,17%,10.0,1.67,10,0,Gratuit,Gratuit,10.0,1.67
Danse Macabre,Dance of Death,1,6,0.17,17%,8.0,1.33,8,1,8.0,1.33,4.0,0.67
