,Nom Anglais,nb games valide,total games,ratio,%,pts moy,pts moy total,total point,cout,pts par cout moy,pts par cout total,pts par cout moy+1,pts par cout total+1
Griffes Sauvages,Wild Claw,6,6,1.0,100%,19.5,19.5,117,3,6.5,6.5,4.88,4.88
Mental d'Acier,Steel Aura,6,6,1.0,100%,18.0,18.0,108,2,9.0,9.0,6.0,6.0
Totem Équivalent,Equivalent Totem,6,6,1.0,100%,15.5,15.5,93,2,7.75,7.75,5.17,5.17
Chasseur de Bêtes,Beast Hunter,5,6,0.83,83%,18.0,15.0,90,2,9.0,7.5,6.0,5.0
Faux,Scythe,6,6,1.0,100%,10.83,10.83,65,3,3.61,3.61,2.71,2.71
Pillard Féroce,Savage Looter,3,6,0.5,50%,20.0,10.0,60,1,20.0,10.0,10.0,5.0
Esprit de l'Écuyer,Spirit of the Squire,5,6,0.83,83%,12.0,10.0,60,3,4.0,3.33,3.0,2.5
Esprit Sauvage,Wild Spirit,6,6,1.0,100%,10.0,10.0,60,0,Gratuit,Gratuit,10.0,10.0
Aveuglement,Incapacitor,5,6,0.83,83%,11.4,9.5,57,3,3.8,3.17,2.85,2.38
Marteau Collecteur,Collecting Hammer,4,6,0.67,67%,13.5,9.0,54,2,6.75,4.5,4.5,3.0
Tombeau Rocheux,Rock Tomb,5,6,0.83,83%,10.0,8.33,50,1,10.0,8.33,5.0,4.17
Hache Frénétique,Berseker Ax,3,6,0.5,50%,14.0,7.0,42,2,7.0,3.5,4.67,2.33
Le Marionnettiste,The Puppeteer,2,6,0.33,33%,20.0,6.67,40,2,10.0,3.33,6.67,2.22
Esprit omniprésent,Omnipresent Spirit,2,6,0.33,33%,18.0,6.0,36,2,9.0,3.0,6.0,2.0
Décharge Élémentaire,Elemental Discharge,2,6,0.33,33%,18.0,6.0,36,1,18.0,6.0,9.0,3.0
Marteleur précis,Precise Hammer,2,6,0.33,33%,18.0,6.0,36,1,18.0,6.0,9.0,3.0
Économe Sagesse du Trésorier,Treasurer's Wisdom,2,6,0.33,33%,17.0,5.67,34,2,8.5,2.83,5.67,1.89
Lame Affutée,Sharp Blade,3,6,0.5,50%,11.0,5.5,33,3,3.67,1.83,2.75,1.38
Coup de Mort,Death Helper,3,6,0.5,50%,10.0,5.0,30,1,10.0,5.0,5.0,2.5
Bâton de Conquête,Conquering Staff,1,6,0.17,17%,24.0,4.0,24,2,12.0,2.0,8.0,1.33
Amulette Omnisciente,Omnipresent Amulet,2,6,0.33,33%,11.0,3.67,22,0,Gratuit,Gratuit,11.0,3.67
Armure d'Obsidienne,Obsidian Battle Plate,1,6,0.17,17%,20.0,3.33,20,2,10.0,1.67,6.67,1.11
Assistance Divine,Sacred Help,1,6,0.17,17%,20.0,3.33,20,2,10.0,1.67,6.67,1.11
Adrénaline Arcanique,Arcane Adrenaline,1,6,0.17,17%,16.0,2.67,16,1,16.0,2.67,8.0,1.33
Soif de Sang,Thirsty Dagger,1,6,0.17,17%,15.0,2.5,15,0,Gratuit,Gratuit,15.0,2.5
Désintégrateur Magnétique,Magnetic Disintegrator,1,6,0.17,17%,11.0,1.83,11,0,Gratuit,Gratuit,11.0,1.83
Bâton du Conquérant,Staff of Conquered Worlds,1,6,0.17,17%,11.0,1.83,11,0,Gratuit,Gratuit,11.0,1.83
Sabre Versatile,Versatil Saber,1,6,0.17,17%,11.0,1.83,11,1,11.0,1.83,5.5,0.92
Totem du Gardien,Guardian Totem,6,6,1.0,100%,1.5,1.5,9,3,0.5,0.5,0.38,0.38
Danse Macabre,Dance of Death,1,6,0.17,17%,8.0,1.33,8,1,8.0,1.33,4.0,0.67
Œil de Lynx,Hawk's Eye,1,6,0.17,17%,8.0,1.33,8,0,Gratuit,Gratuit,8.0,1.33
