,Nom Anglais,nb games valide,total games,ratio,%,pts moy,pts moy total,total point,cout,pts par cout moy,pts par cout total
Griffes Sauvages,Wild Claw,4,4,1.0,100%,19.75,19.75,79,3,6.58,6.58
Mental d'Acier,Steel Aura,4,4,1.0,100%,18.0,18.0,72,2,9.0,9.0
Chasseur de Bêtes,Beast Hunter,4,4,1.0,100%,18.0,18.0,72,2,9.0,9.0
Totem Équivalent,Equivalent Totem,4,4,1.0,100%,15.5,15.5,62,1,15.5,15.5
Pillard Féroce,Savage Looter,3,4,0.75,75%,20.0,15.0,60,1,20.0,15.0
Esprit de l'Écuyer,Spirit of the Squire,3,4,0.75,75%,15.0,11.25,45,3,5.0,3.75
Faux,Scythe,4,4,1.0,100%,11.0,11.0,44,3,3.67,3.67
Hache Frénétique,Berseker Ax,3,4,0.75,75%,14.0,10.5,42,2,7.0,5.25
Marteau Collecteur,Collecting Hammer,3,4,0.75,75%,14.0,10.5,42,2,7.0,5.25
Esprit Sauvage,Wild Spirit,4,4,1.0,100%,10.0,10.0,40,0,Gratuit,Gratuit
Tombeau Rocheux,Rock Tomb,4,4,1.0,100%,10.0,10.0,40,1,10.0,10.0
Décharge Élémentaire,Elemental Discharge,2,4,0.5,50%,18.0,9.0,36,1,18.0,9.0
Esprit omniprésent,Omnipresent Spirit,2,4,0.5,50%,18.0,9.0,36,2,9.0,4.5
Coup de Mort,Death Helper,3,4,0.75,75%,10.0,7.5,30,1,10.0,7.5
Aveuglement,Incapacitor,3,4,0.75,75%,10.0,7.5,30,3,3.33,2.5
Amulette Omnisciente,Omnipresent Amulet,2,4,0.5,50%,11.0,5.5,22,0,Gratuit,Gratuit
Le Marionnettiste,The Puppeteer,1,4,0.25,25%,20.0,5.0,20,2,10.0,2.5
Assistance Divine,Sacred Help,1,4,0.25,25%,20.0,5.0,20,2,10.0,2.5
Lame Affutée,Sharp Blade,2,4,0.5,50%,9.0,4.5,18,3,3.0,1.5
Marteleur précis,Precise Hammer,1,4,0.25,25%,18.0,4.5,18,1,18.0,4.5
Économe Sagesse du Trésorier,Treasurer's Wisdom,1,4,0.25,25%,17.0,4.25,17,2,8.5,2.12
Adrénaline Arcanique,Arcane Adrenaline,1,4,0.25,25%,16.0,4.0,16,1,16.0,4.0
Soif de Sang,Thirsty Dagger,1,4,0.25,25%,15.0,3.75,15,0,Gratuit,Gratuit
Sabre Versatile,Versatil Saber,1,4,0.25,25%,11.0,2.75,11,1,11.0,2.75
Totem du Gardien,Guardian Totem,4,4,1.0,100%,1.0,1.0,4,3,0.33,0.33
