,Nom Anglais,nb games valide,total games,ratio,%,pts moy,pts moy total,total point,cout,pts par cout moy,pts par cout total,pts par cout moy+1,pts par cout total+1
Griffes Sauvages,Wild Claw,11,11,1.0,100%,18.91,18.91,208,3,6.3,6.3,4.73,4.73
Totem Équivalent,Equivalent Totem,11,11,1.0,100%,15.55,15.55,171,2,7.78,7.78,5.18,5.18
Chasseur de Bêtes,Beast Hunter,9,11,0.82,82%,18.0,14.73,162,2,9.0,7.37,6.0,4.91
Mental d'Acier,Steel Aura,7,11,0.64,64%,18.0,11.45,126,2,9.0,5.72,6.0,3.82
Pillard Féroce,Savage Looter,6,11,0.55,55%,20.0,10.91,120,1,20.0,10.91,10.0,5.46
Faux,Scythe,11,11,1.0,100%,10.91,10.91,120,3,3.64,3.64,2.73,2.73
Esprit de l'Écuyer,Spirit of the Squire,9,11,0.82,82%,12.67,10.36,114,3,4.22,3.45,3.17,2.59
Aveuglement,Incapacitor,10,11,0.91,91%,10.8,9.82,108,3,3.6,3.27,2.7,2.46
Esprit Sauvage,Wild Spirit,10,11,0.91,91%,10.0,9.09,100,0,Gratuit,Gratuit,10.0,9.09
Tombeau Rocheux,Rock Tomb,9,11,0.82,82%,10.0,8.18,90,1,10.0,8.18,5.0,4.09
Décharge Élémentaire,Elemental Discharge,5,11,0.45,45%,18.0,8.18,90,1,18.0,8.18,9.0,4.09
Hache Frénétique,Berseker Ax,6,11,0.55,55%,14.0,7.64,84,2,7.0,3.82,4.67,2.55
Marteau Collecteur,Collecting Hammer,6,11,0.55,55%,12.17,6.64,73,2,6.08,3.32,4.06,2.21
Esprit omniprésent,Omnipresent Spirit,4,11,0.36,36%,18.0,6.55,72,2,9.0,3.27,6.0,2.18
Coup de Mort,Death Helper,6,11,0.55,55%,11.0,6.0,66,1,11.0,6.0,5.5,3.0
Amulette Omnisciente,Omnipresent Amulet,5,11,0.45,45%,12.6,5.73,63,0,Gratuit,Gratuit,12.6,5.73
Lame Affutée,Sharp Blade,7,11,0.64,64%,8.57,5.45,60,3,2.86,1.82,2.14,1.36
Assistance Divine,Sacred Help,3,11,0.27,27%,20.0,5.45,60,2,10.0,2.73,6.67,1.82
Économe Sagesse du Trésorier,Treasurer's Wisdom,3,11,0.27,27%,17.0,4.64,51,2,8.5,2.32,5.67,1.55
Bâton de Conquête,Conquering Staff,2,11,0.18,18%,24.0,4.36,48,2,12.0,2.18,8.0,1.45
Armure d'Obsidienne,Obsidian Battle Plate,2,11,0.18,18%,20.0,3.64,40,2,10.0,1.82,6.67,1.21
Le Marionnettiste,The Puppeteer,2,11,0.18,18%,20.0,3.64,40,2,10.0,1.82,6.67,1.21
Être de Lumière,Being of Light,2,11,0.18,18%,18.0,3.27,36,1,18.0,3.27,9.0,1.64
Marteleur précis,Precise Hammer,2,11,0.18,18%,18.0,3.27,36,1,18.0,3.27,9.0,1.64
Désintégrateur Magnétique,Magnetic Disintegrator,3,11,0.27,27%,11.0,3.0,33,0,Gratuit,Gratuit,11.0,3.0
Bâton du Conquérant,Staff of Conquered Worlds,3,11,0.27,27%,11.0,3.0,33,0,Gratuit,Gratuit,11.0,3.0
Adrénaline Arcanique,Arcane Adrenaline,2,11,0.18,18%,16.0,2.91,32,1,16.0,2.91,8.0,1.46
Sabre Versatile,Versatil Saber,2,11,0.18,18%,11.0,2.0,22,1,11.0,2.0,5.5,1.0
Chasseur d'Âmes,Soul Hunter,1,11,0.09,9%,20.0,1.82,20,1,20.0,1.82,10.0,0.91
Épée Obscure,Swords of Darkness,1,11,0.09,9%,17.0,1.55,17,1,17.0,1.55,8.5,0.78
Soif de Sang,Thirsty Dagger,1,11,0.09,9%,15.0,1.36,15,0,Gratuit,Gratuit,15.0,1.36
Totem du Gardien,Guardian Totem,10,11,0.91,91%,1.3,1.18,13,3,0.43,0.39,0.33,0.29
Danse Macabre,Dance of Death,1,11,0.09,9%,8.0,0.73,8,1,8.0,0.73,4.0,0.36
Œil de Lynx,Hawk's Eye,1,11,0.09,9%,8.0,0.73,8,0,Gratuit,Gratuit,8.0,0.73
