,Nom Anglais,nb games valide,total games,ratio,%,pts moy,pts moy total,total point,cout,pts par cout moy,pts par cout total,pts par cout moy+1,pts par cout total+1
Griffes Sauvages,Wild Claw,13,13,1.0,100%,18.46,18.46,240,3,6.15,6.15,4.62,4.62
Totem Équivalent,Equivalent Totem,13,13,1.0,100%,15.77,15.77,205,2,7.88,7.88,5.26,5.26
Mental d'Acier,Steel Aura,9,13,0.69,69%,18.0,12.46,162,2,9.0,6.23,6.0,4.15
Chasseur de Bêtes,Beast Hunter,9,13,0.69,69%,18.0,12.46,162,2,9.0,6.23,6.0,4.15
Esprit de l'Écuyer,Spirit of the Squire,11,13,0.85,85%,13.36,11.31,147,3,4.45,3.77,3.34,2.83
Faux,Scythe,13,13,1.0,100%,10.92,10.92,142,3,3.64,3.64,2.73,2.73
Aveuglement,Incapacitor,12,13,0.92,92%,11.25,10.38,135,3,3.75,3.46,2.81,2.6
Pillard Féroce,Savage Looter,6,13,0.46,46%,20.0,9.23,120,1,20.0,9.23,10.0,4.62
Hache Frénétique,Berseker Ax,8,13,0.62,62%,14.0,8.62,112,2,7.0,4.31,4.67,2.87
Tombeau Rocheux,Rock Tomb,11,13,0.85,85%,10.0,8.46,110,1,10.0,8.46,5.0,4.23
Esprit Sauvage,Wild Spirit,11,13,0.85,85%,10.0,8.46,110,0,Gratuit,Gratuit,10.0,8.46
Assistance Divine,Sacred Help,5,13,0.38,38%,20.0,7.69,100,2,10.0,3.85,6.67,2.56
Coup de Mort,Death Helper,8,13,0.62,62%,11.5,7.08,92,1,11.5,7.08,5.75,3.54
Décharge Élémentaire,Elemental Discharge,5,13,0.38,38%,18.0,6.92,90,1,18.0,6.92,9.0,3.46
Lame Affutée,Sharp Blade,9,13,0.69,69%,9.0,6.23,81,3,3.0,2.08,2.25,1.56
Marteau Collecteur,Collecting Hammer,6,13,0.46,46%,12.17,5.62,73,2,6.08,2.81,4.06,1.87
Bâton de Conquête,Conquering Staff,3,13,0.23,23%,24.0,5.54,72,2,12.0,2.77,8.0,1.85
Esprit omniprésent,Omnipresent Spirit,4,13,0.31,31%,18.0,5.54,72,2,9.0,2.77,6.0,1.85
Économe Sagesse du Trésorier,Treasurer's Wisdom,4,13,0.31,31%,17.0,5.23,68,2,8.5,2.62,5.67,1.74
Amulette Omnisciente,Omnipresent Amulet,5,13,0.38,38%,12.6,4.85,63,0,Gratuit,Gratuit,12.6,4.85
Être de Lumière,Being of Light,3,13,0.23,23%,18.0,4.15,54,1,18.0,4.15,9.0,2.08
Le Marionnettiste,The Puppeteer,2,13,0.15,15%,20.0,3.08,40,2,10.0,1.54,6.67,1.03
Armure d'Obsidienne,Obsidian Battle Plate,2,13,0.15,15%,20.0,3.08,40,2,10.0,1.54,6.67,1.03
Marteleur précis,Precise Hammer,2,13,0.15,15%,18.0,2.77,36,1,18.0,2.77,9.0,1.39
Désintégrateur Magnétique,Magnetic Disintegrator,3,13,0.23,23%,11.0,2.54,33,0,Gratuit,Gratuit,11.0,2.54
Bâton du Conquérant,Staff of Conquered Worlds,3,13,0.23,23%,11.0,2.54,33,0,Gratuit,Gratuit,11.0,2.54
Adrénaline Arcanique,Arcane Adrenaline,2,13,0.15,15%,16.0,2.46,32,1,16.0,2.46,8.0,1.23
Ascension Divine,Divine Ascent,1,13,0.08,8%,25.0,1.92,25,3,8.33,0.64,6.25,0.48
Sabre Versatile,Versatil Saber,2,13,0.15,15%,11.0,1.69,22,1,11.0,1.69,5.5,0.84
Chasseur d'Âmes,Soul Hunter,1,13,0.08,8%,20.0,1.54,20,1,20.0,1.54,10.0,0.77
Œil de Lynx,Hawk's Eye,2,13,0.15,15%,9.0,1.38,18,0,Gratuit,Gratuit,9.0,1.38
Épée Obscure,Swords of Darkness,1,13,0.08,8%,17.0,1.31,17,1,17.0,1.31,8.5,0.66
Danse Macabre,Dance of Death,2,13,0.15,15%,8.0,1.23,16,1,8.0,1.23,4.0,0.61
Soif de Sang,Thirsty Dagger,1,13,0.08,8%,15.0,1.15,15,0,Gratuit,Gratuit,15.0,1.15
Totem du Gardien,Guardian Totem,10,13,0.77,77%,1.3,1.0,13,3,0.43,0.33,0.33,0.25
