,Nom Anglais,nb games valide,total games,ratio,%,pts moy,pts moy total,total point,cout,pts par cout moy,pts par cout total,pts par cout moy+1,pts par cout total+1
Griffes Sauvages,Wild Claw,15,15,1.0,100%,17.93,17.93,269,3,5.98,5.98,4.48,4.48
Totem Équivalent,Equivalent Totem,15,15,1.0,100%,15.8,15.8,237,2,7.9,7.9,5.27,5.27
Chasseur de Bêtes,Beast Hunter,11,15,0.73,73%,18.0,13.2,198,2,9.0,6.6,6.0,4.4
Esprit de l'Écuyer,Spirit of the Squire,13,15,0.87,87%,14.77,12.8,192,3,4.92,4.27,3.69,3.2
Mental d'Acier,Steel Aura,9,15,0.6,60%,18.0,10.8,162,2,9.0,5.4,6.0,3.6
Faux,Scythe,15,15,1.0,100%,10.6,10.6,159,3,3.53,3.53,2.65,2.65
Aveuglement,Incapacitor,14,15,0.93,93%,10.5,9.8,147,3,3.5,3.27,2.62,2.45
Assistance Divine,Sacred Help,7,15,0.47,47%,20.0,9.33,140,2,10.0,4.67,6.67,3.11
Pillard Féroce,Savage Looter,7,15,0.47,47%,20.0,9.33,140,1,20.0,9.33,10.0,4.67
Tombeau Rocheux,Rock Tomb,13,15,0.87,87%,10.0,8.67,130,1,10.0,8.67,5.0,4.33
Hache Frénétique,Berseker Ax,9,15,0.6,60%,14.0,8.4,126,2,7.0,4.2,4.67,2.8
Coup de Mort,Death Helper,10,15,0.67,67%,11.8,7.87,118,1,11.8,7.87,5.9,3.94
Esprit Sauvage,Wild Spirit,11,15,0.73,73%,10.0,7.33,110,0,Gratuit,Gratuit,10.0,7.33
Décharge Élémentaire,Elemental Discharge,6,15,0.4,40%,18.0,7.2,108,1,18.0,7.2,9.0,3.6
Lame Affutée,Sharp Blade,11,15,0.73,73%,9.55,7.0,105,3,3.18,2.33,2.39,1.75
Être de Lumière,Being of Light,5,15,0.33,33%,18.0,6.0,90,1,18.0,6.0,9.0,3.0
Armure d'Obsidienne,Obsidian Battle Plate,4,15,0.27,27%,20.0,5.33,80,2,10.0,2.67,6.67,1.78
Marteau Collecteur,Collecting Hammer,6,15,0.4,40%,12.17,4.87,73,2,6.08,2.44,4.06,1.62
Bâton de Conquête,Conquering Staff,3,15,0.2,20%,24.0,4.8,72,2,12.0,2.4,8.0,1.6
Esprit omniprésent,Omnipresent Spirit,4,15,0.27,27%,18.0,4.8,72,2,9.0,2.4,6.0,1.6
Économe Sagesse du Trésorier,Treasurer's Wisdom,4,15,0.27,27%,17.0,4.53,68,2,8.5,2.27,5.67,1.51
Amulette Omnisciente,Omnipresent Amulet,5,15,0.33,33%,12.6,4.2,63,0,Gratuit,Gratuit,12.6,4.2
Adrénaline Arcanique,Arcane Adrenaline,3,15,0.2,20%,16.0,3.2,48,1,16.0,3.2,8.0,1.6
Sabre Versatile,Versatil Saber,4,15,0.27,27%,11.0,2.93,44,1,11.0,2.93,5.5,1.47
Désintégrateur Magnétique,Magnetic Disintegrator,4,15,0.27,27%,11.0,2.93,44,0,Gratuit,Gratuit,11.0,2.93
Le Marionnettiste,The Puppeteer,2,15,0.13,13%,20.0,2.67,40,2,10.0,1.33,6.67,0.89
Marteleur précis,Precise Hammer,2,15,0.13,13%,18.0,2.4,36,1,18.0,2.4,9.0,1.2
Épée Obscure,Swords of Darkness,2,15,0.13,13%,17.0,2.27,34,1,17.0,2.27,8.5,1.14
Bâton du Conquérant,Staff of Conquered Worlds,3,15,0.2,20%,11.0,2.2,33,0,Gratuit,Gratuit,11.0,2.2
Ascension Divine,Divine Ascent,1,15,0.07,7%,25.0,1.67,25,3,8.33,0.56,6.25,0.42
Danse Macabre,Dance of Death,3,15,0.2,20%,8.0,1.6,24,1,8.0,1.6,4.0,0.8
Chasseur d'Âmes,Soul Hunter,1,15,0.07,7%,20.0,1.33,20,1,20.0,1.33,10.0,0.67
Œil de Lynx,Hawk's Eye,2,15,0.13,13%,9.0,1.2,18,0,Gratuit,Gratuit,9.0,1.2
Enchaînement Éclair,Unstoppable Lightning,1,15,0.07,7%,18.0,1.2,18,1,18.0,1.2,9.0,0.6
Armure d'Immortel,Immortal Breastplate,1,15,0.07,7%,16.0,1.07,16,1,16.0,1.07,8.0,0.54
Force Divine,Divine Impetu,1,15,0.07,7%,15.0,1.0,15,0,Gratuit,Gratuit,15.0,1.0
Elan de Fureur,Rampage Momentum,1,15,0.07,7%,15.0,1.0,15,2,7.5,0.5,5.0,0.33
Soif de Sang,Thirsty Dagger,1,15,0.07,7%,15.0,1.0,15,0,Gratuit,Gratuit,15.0,1.0
Totem du Gardien,Guardian Totem,10,15,0.67,67%,1.3,0.87,13,3,0.43,0.29,0.33,0.22
