,Nom Anglais,nb games valide,total games,ratio,%,pts moy,pts moy total,total point,cout,pts par cout moy,pts par cout total,pts par cout moy+1,pts par cout total+1
Griffes Sauvages,Wild Claw,8,8,1.0,100%,19.62,19.62,157,3,6.54,6.54,4.91,4.91
Chasseur de Bêtes,Beast Hunter,7,8,0.88,88%,18.0,15.75,126,2,9.0,7.88,6.0,5.25
Totem Équivalent,Equivalent Totem,8,8,1.0,100%,15.5,15.5,124,2,7.75,7.75,5.17,5.17
Mental d'Acier,Steel Aura,6,8,0.75,75%,18.0,13.5,108,2,9.0,6.75,6.0,4.5
Pillard Féroce,Savage Looter,5,8,0.62,62%,20.0,12.5,100,1,20.0,12.5,10.0,6.25
Faux,Scythe,8,8,1.0,100%,11.12,11.12,89,3,3.71,3.71,2.78,2.78
Esprit Sauvage,Wild Spirit,8,8,1.0,100%,10.0,10.0,80,0,Gratuit,Gratuit,10.0,10.0
Aveuglement,Incapacitor,7,8,0.88,88%,10.71,9.38,75,3,3.57,3.13,2.68,2.35
Esprit de l'Écuyer,Spirit of the Squire,6,8,0.75,75%,12.5,9.38,75,3,4.17,3.13,3.12,2.35
Tombeau Rocheux,Rock Tomb,7,8,0.88,88%,10.0,8.75,70,1,10.0,8.75,5.0,4.38
Marteau Collecteur,Collecting Hammer,5,8,0.62,62%,13.2,8.25,66,2,6.6,4.12,4.4,2.75
Hache Frénétique,Berseker Ax,4,8,0.5,50%,14.0,7.0,56,2,7.0,3.5,4.67,2.33
Décharge Élémentaire,Elemental Discharge,3,8,0.38,38%,18.0,6.75,54,1,18.0,6.75,9.0,3.38
Le Marionnettiste,The Puppeteer,2,8,0.25,25%,20.0,5.0,40,2,10.0,2.5,6.67,1.67
Coup de Mort,Death Helper,4,8,0.5,50%,10.0,5.0,40,1,10.0,5.0,5.0,2.5
Lame Affutée,Sharp Blade,4,8,0.5,50%,9.0,4.5,36,3,3.0,1.5,2.25,1.12
Marteleur précis,Precise Hammer,2,8,0.25,25%,18.0,4.5,36,1,18.0,4.5,9.0,2.25
Esprit omniprésent,Omnipresent Spirit,2,8,0.25,25%,18.0,4.5,36,2,9.0,2.25,6.0,1.5
Économe Sagesse du Trésorier,Treasurer's Wisdom,2,8,0.25,25%,17.0,4.25,34,2,8.5,2.12,5.67,1.42
Amulette Omnisciente,Omnipresent Amulet,3,8,0.38,38%,11.0,4.12,33,0,Gratuit,Gratuit,11.0,4.12
Bâton de Conquête,Conquering Staff,1,8,0.12,12%,24.0,3.0,24,2,12.0,1.5,8.0,1.0
Bâton du Conquérant,Staff of Conquered Worlds,2,8,0.25,25%,11.0,2.75,22,0,Gratuit,Gratuit,11.0,2.75
Désintégrateur Magnétique,Magnetic Disintegrator,2,8,0.25,25%,11.0,2.75,22,0,Gratuit,Gratuit,11.0,2.75
Armure d'Obsidienne,Obsidian Battle Plate,1,8,0.12,12%,20.0,2.5,20,2,10.0,1.25,6.67,0.83
Assistance Divine,Sacred Help,1,8,0.12,12%,20.0,2.5,20,2,10.0,1.25,6.67,0.83
Adrénaline Arcanique,Arcane Adrenaline,1,8,0.12,12%,16.0,2.0,16,1,16.0,2.0,8.0,1.0
Soif de Sang,Thirsty Dagger,1,8,0.12,12%,15.0,1.88,15,0,Gratuit,Gratuit,15.0,1.88
Sabre Versatile,Versatil Saber,1,8,0.12,12%,11.0,1.38,11,1,11.0,1.38,5.5,0.69
Totem du Gardien,Guardian Totem,8,8,1.0,100%,1.38,1.38,11,3,0.46,0.46,0.34,0.34
Œil de Lynx,Hawk's Eye,1,8,0.12,12%,8.0,1.0,8,0,Gratuit,Gratuit,8.0,1.0
Danse Macabre,Dance of Death,1,8,0.12,12%,8.0,1.0,8,1,8.0,1.0,4.0,0.5
