,Nom Anglais,nb games valide,total games,ratio,%,pts moy,pts moy total,total point,cout,pts par cout moy,pts par cout total,pts par cout moy+1,pts par cout total+1
Gantelet Impérieux,Imperious Gauntlet,1,1,1.0,100%,22.0,22.0,22,1,22.0,22.0,11.0,11.0
Marteleur précis,Precise Hammer,1,1,1.0,100%,18.0,18.0,18,1,18.0,18.0,9.0,9.0
Totem Équivalent,Equivalent Totem,1,1,1.0,100%,17.0,17.0,17,3,5.67,5.67,4.25,4.25
Adrénaline Arcanique,Arcane Adrenaline,1,1,1.0,100%,16.0,16.0,16,1,16.0,16.0,8.0,8.0
Hache Frénétique,Berseker Ax,1,1,1.0,100%,16.0,16.0,16,2,8.0,8.0,5.33,5.33
Faux Parfaite,Perfect Scythe,1,1,1.0,100%,15.0,15.0,15,0,Gratuit,Gratuit,15.0,15.0
Faux,Scythe,1,1,1.0,100%,15.0,15.0,15,3,5.0,5.0,3.75,3.75
Marteau Collecteur,Collecting Hammer,1,1,1.0,100%,14.0,14.0,14,2,7.0,7.0,4.67,4.67
Coup de Mort,Death Helper,1,1,1.0,100%,13.0,13.0,13,1,13.0,13.0,6.5,6.5
Esprit de l'Écuyer,Spirit of the Squire,1,1,1.0,100%,12.0,12.0,12,3,4.0,4.0,3.0,3.0
Aveuglement,Incapacitor,1,1,1.0,100%,9.0,9.0,9,3,3.0,3.0,2.25,2.25
Totem du Gardien,Guardian Totem,1,1,1.0,100%,4.0,4.0,4,3,1.33,1.33,1.0,1.0
Lame Affutée,Sharp Blade,1,1,1.0,100%,3.0,3.0,3,3,1.0,1.0,0.75,0.75
