,Nom Anglais,nb games valide,total games,ratio,%,pts moy,pts moy total,total point,cout,pts par cout moy,pts par cout total,pts par cout moy+1,pts par cout total+1
Totem Équivalent,Equivalent Totem,166,166,1.0,100%,16.33,16.33,2711,3,5.44,5.44,4.08,4.08
Faux,Scythe,166,166,1.0,100%,14.9,14.9,2473,3,4.97,4.97,3.73,3.73
Hache Frénétique,Berseker Ax,118,166,0.71,71%,16.0,11.37,1888,2,8.0,5.68,5.33,3.79
Lame Affutée,Sharp Blade,151,166,0.91,91%,12.08,10.99,1824,3,4.03,3.66,3.02,2.75
Armure d'Obsidienne,Obsidian Battle Plate,86,166,0.52,52%,20.0,10.36,1720,2,10.0,5.18,6.67,3.45
Faux Parfaite,Perfect Scythe,108,166,0.65,65%,15.0,9.76,1620,0,Gratuit,Gratuit,15.0,9.76
Marteau Collecteur,Collecting Hammer,96,166,0.58,58%,14.95,8.64,1435,2,7.47,4.32,4.98,2.88
Esprit de l'Écuyer,Spirit of the Squire,142,166,0.86,86%,8.94,7.64,1269,3,2.98,2.55,2.23,1.91
Épée Obscure,Swords of Darkness,63,166,0.38,38%,20.0,7.59,1260,1,20.0,7.59,10.0,3.79
Gantelet Impérieux,Imperious Gauntlet,55,166,0.33,33%,22.0,7.29,1210,1,22.0,7.29,11.0,3.65
Lame Insatiable,Fast Furious Blade,66,166,0.4,40%,18.0,7.16,1188,2,9.0,3.58,6.0,2.39
Sabre Versatile,Versatil Saber,64,166,0.39,39%,18.0,6.94,1152,1,18.0,6.94,9.0,3.47
Ascension Divine,Divine Ascent,46,166,0.28,28%,25.0,6.93,1150,3,8.33,2.31,6.25,1.73
Aveuglement,Incapacitor,151,166,0.91,91%,7.29,6.63,1101,3,2.43,2.21,1.82,1.66
Danse Macabre,Dance of Death,97,166,0.58,58%,10.0,5.84,970,1,10.0,5.84,5.0,2.92
Parchemin Secret,Secret Scroll,51,166,0.31,31%,18.0,5.53,918,2,9.0,2.77,6.0,1.84
Explosion Arcanique,Arcane Explosive,76,166,0.46,46%,12.0,5.49,912,1,12.0,5.49,6.0,2.75
Adrénaline Arcanique,Arcane Adrenaline,52,166,0.31,31%,16.0,5.01,832,1,16.0,5.01,8.0,2.5
Faux Assoiffées,Thirsty Scythes,33,166,0.2,20%,25.0,4.97,825,3,8.33,1.66,6.25,1.24
Elan de Fureur,Rampage Momentum,54,166,0.33,33%,15.0,4.88,810,1,15.0,4.88,7.5,2.44
Enchaînement Éclair,Unstoppable Lightning,34,166,0.2,20%,22.0,4.51,748,2,11.0,2.25,7.33,1.5
Armure d'Immortel,Immortal Breastplate,30,166,0.18,18%,20.0,3.61,600,1,20.0,3.61,10.0,1.8
Coup de Mort,Death Helper,44,166,0.27,27%,13.0,3.45,572,1,13.0,3.45,6.5,1.73
Totem du Gardien,Guardian Totem,163,166,0.98,98%,3.41,3.35,556,3,1.14,1.12,0.85,0.84
Épé Sainte,Holy Sword,35,166,0.21,21%,15.0,3.16,525,0,Gratuit,Gratuit,15.0,3.16
Chasseresse d'Âmes,Huntress of Souls,24,166,0.14,14%,20.0,2.89,480,1,20.0,2.89,10.0,1.45
Aura Légendaire,Legend Aura,12,166,0.07,7%,40.0,2.89,480,3,13.33,0.96,10.0,0.72
Masse Colossale,Colossal Mace,32,166,0.19,19%,15.0,2.89,480,0,Gratuit,Gratuit,15.0,2.89
Chasseur d'Âmes,Soul Hunter,23,166,0.14,14%,20.0,2.77,460,1,20.0,2.77,10.0,1.39
Marteleur précis,Precise Hammer,25,166,0.15,15%,18.0,2.71,450,1,18.0,2.71,9.0,1.35
Griffes Démoniaques,Demon Claws,24,166,0.14,14%,17.0,2.46,408,1,17.0,2.46,8.5,1.23
Couronne du Roi Nain,Crown of the Dwarf King,28,166,0.17,17%,13.0,2.19,364,0,Gratuit,Gratuit,13.0,2.19
Triple Météore,Trimeteor,12,166,0.07,7%,30.0,2.17,360,0,Gratuit,Gratuit,30.0,2.17
Esprit omniprésent,Omnipresent Spirit,20,166,0.12,12%,18.0,2.17,360,2,9.0,1.08,6.0,0.72
Force Divine,Divine Impetu,23,166,0.14,14%,15.0,2.08,345,0,Gratuit,Gratuit,15.0,2.08
Esprit Guerrier,Spirit of the Warrior,21,166,0.13,13%,16.0,2.02,336,1,16.0,2.02,8.0,1.01
Bâton de Conquête,Conquering Staff,11,166,0.07,7%,24.0,1.59,264,2,12.0,0.8,8.0,0.53
Assistance Divine,Sacred Help,11,166,0.07,7%,20.0,1.33,220,2,10.0,0.67,6.67,0.44
Pluie de Météorites,Meteorites,3,166,0.02,2%,70.0,1.27,210,0,Gratuit,Gratuit,70.0,1.27
Soif de Sang,Thirsty Dagger,13,166,0.08,8%,15.0,1.17,195,0,Gratuit,Gratuit,15.0,1.17
Bâton du Conquérant,Staff of Conquered Worlds,13,166,0.08,8%,15.0,1.17,195,0,Gratuit,Gratuit,15.0,1.17
Griffes Sauvages,Wild Claw,80,166,0.48,48%,2.02,0.98,162,3,0.67,0.33,0.51,0.24
Œil de Lynx,Hawk's Eye,20,166,0.12,12%,8.0,0.96,160,0,Gratuit,Gratuit,8.0,0.96
Astéroïde Fatal,Final Asteroid,1,166,0.01,1%,100.0,0.6,100,0,Gratuit,Gratuit,100.0,0.6
Pillard Féroce,Savage Looter,5,166,0.03,3%,20.0,0.6,100,1,20.0,0.6,10.0,0.3
Décharge Élémentaire,Elemental Discharge,5,166,0.03,3%,20.0,0.6,100,1,20.0,0.6,10.0,0.3
Le Marionnettiste,The Puppeteer,5,166,0.03,3%,20.0,0.6,100,2,10.0,0.3,6.67,0.2
Amulette Omnisciente,Omnipresent Amulet,2,166,0.01,1%,15.0,0.18,30,0,Gratuit,Gratuit,15.0,0.18
