,Nom Anglais,nb games valide,total games,ratio,%,pts moy,pts moy total,total point,cout,pts par cout moy,pts par cout total
Totem Équivalent,Equivalent Totem,172,172,1.0,100%,16.27,16.27,2798,2,8.13,8.13
Faux,Scythe,172,172,1.0,100%,13.97,13.97,2403,3,4.66,4.66
Lame Affutée,Sharp Blade,151,172,0.88,88%,11.5,10.1,1737,3,3.83,3.37
Armure d'Obsidienne,Obsidian Battle Plate,78,172,0.45,45%,20.0,9.07,1560,2,10.0,4.54
Hache Frénétique,Berseker Ax,103,172,0.6,60%,14.0,8.38,1442,2,7.0,4.19
Esprit de l'Écuyer,Spirit of the Squire,151,172,0.88,88%,9.36,8.22,1413,3,3.12,2.74
Économe Sagesse du Trésorier,Treasurer's Wisdom,81,172,0.47,47%,17.0,8.01,1377,2,8.5,4.0
Marteau Collecteur,Collecting Hammer,100,172,0.58,58%,12.95,7.53,1295,2,6.47,3.77
Gantelet Impérieux,Imperious Gauntlet,42,172,0.24,24%,30.0,7.33,1260,1,30.0,7.33
Ascension Divine,Divine Ascent,48,172,0.28,28%,25.0,6.98,1200,3,8.33,2.33
Adrénaline Arcanique,Arcane Adrenaline,65,172,0.38,38%,16.0,6.05,1040,1,16.0,6.05
Faux Parfaite,Perfect Scythe,69,172,0.4,40%,15.0,6.02,1035,0,Gratuit,Gratuit
Épée Obscure,Swords of Darkness,50,172,0.29,29%,17.0,4.94,850,1,17.0,4.94
Aveuglement,Incapacitor,142,172,0.83,83%,5.87,4.85,834,3,1.96,1.62
Coup de Mort,Death Helper,58,172,0.34,34%,13.0,4.38,754,1,13.0,4.38
Lame Insatiable,Fast Furious Blade,43,172,0.25,25%,16.0,4.0,688,2,8.0,2.0
Assistance Divine,Sacred Help,34,172,0.2,20%,20.0,3.95,680,2,10.0,1.98
Totem du Gardien,Guardian Totem,169,172,0.98,98%,3.77,3.7,637,3,1.26,1.23
Parchemin Secret,Secret Scroll,35,172,0.2,20%,18.0,3.66,630,2,9.0,1.83
Elan de Fureur,Rampage Momentum,39,172,0.23,23%,15.0,3.4,585,2,7.5,1.7
Sabre Versatile,Versatil Saber,50,172,0.29,29%,11.0,3.2,550,1,11.0,3.2
Danse Macabre,Dance of Death,68,172,0.4,40%,8.0,3.16,544,1,8.0,3.16
Chasseur d'Âmes,Soul Hunter,27,172,0.16,16%,20.0,3.14,540,1,20.0,3.14
Explosion Arcanique,Arcane Explosive,43,172,0.25,25%,12.0,3.0,516,1,12.0,3.0
Faux Assoiffées,Thirsty Scythes,20,172,0.12,12%,25.0,2.91,500,3,8.33,0.97
Aura Légendaire,Legend Aura,12,172,0.07,7%,40.0,2.79,480,3,13.33,0.93
Enchaînement Éclair,Unstoppable Lightning,24,172,0.14,14%,18.0,2.51,432,1,18.0,2.51
Armure d'Immortel,Immortal Breastplate,24,172,0.14,14%,16.0,2.23,384,1,16.0,2.23
Le Marionnettiste,The Puppeteer,19,172,0.11,11%,20.0,2.21,380,2,10.0,1.1
Marteleur précis,Precise Hammer,21,172,0.12,12%,18.0,2.2,378,1,18.0,2.2
Tombeau Rocheux,Rock Tomb,33,172,0.19,19%,10.0,1.92,330,1,10.0,1.92
Désintégrateur Magnétique,Magnetic Disintegrator,29,172,0.17,17%,11.0,1.85,319,0,Gratuit,Gratuit
Force Divine,Divine Impetu,20,172,0.12,12%,15.0,1.74,300,0,Gratuit,Gratuit
Esprit omniprésent,Omnipresent Spirit,16,172,0.09,9%,18.0,1.67,288,2,9.0,0.83
Soif de Sang,Thirsty Dagger,19,172,0.11,11%,15.0,1.66,285,0,Gratuit,Gratuit
Triple Météore,Trimeteor,9,172,0.05,5%,30.0,1.57,270,0,Gratuit,Gratuit
Mental d'Acier,Steel Aura,12,172,0.07,7%,18.0,1.26,216,2,9.0,0.63
Masse Colossale,Colossal Mace,14,172,0.08,8%,15.0,1.22,210,0,Gratuit,Gratuit
Épé Sainte,Holy Sword,21,172,0.12,12%,10.0,1.22,210,0,Gratuit,Gratuit
Griffes Sauvages,Wild Claw,89,172,0.52,52%,1.96,1.01,174,3,0.65,0.34
Œil de Lynx,Hawk's Eye,17,172,0.1,10%,10.0,0.99,170,0,Gratuit,Gratuit
Couronne du Roi Nain,Crown of the Dwarf King,13,172,0.08,8%,13.0,0.98,169,0,Gratuit,Gratuit
Chasseresse d'Âmes,Huntress of Souls,7,172,0.04,4%,19.0,0.77,133,1,19.0,0.77
Être de Lumière,Being of Light,7,172,0.04,4%,18.0,0.73,126,1,18.0,0.73
Griffes Démoniaques,Demon Claws,7,172,0.04,4%,17.0,0.69,119,1,17.0,0.69
Amulette Omnisciente,Omnipresent Amulet,7,172,0.04,4%,15.0,0.61,105,0,Gratuit,Gratuit
Bâton de Conquête,Conquering Staff,4,172,0.02,2%,24.0,0.56,96,2,12.0,0.28
Pillard Féroce,Savage Looter,4,172,0.02,2%,20.0,0.47,80,1,20.0,0.47
Pluie de Météorites,Meteorites,1,172,0.01,1%,70.0,0.41,70,0,Gratuit,Gratuit
Esprit Guerrier,Spirit of the Warrior,4,172,0.02,2%,16.0,0.37,64,1,16.0,0.37
Masse de Siège,Siege Mace,3,172,0.02,2%,16.0,0.28,48,0,Gratuit,Gratuit
Bâton du Conquérant,Staff of Conquered Worlds,3,172,0.02,2%,11.0,0.19,33,0,Gratuit,Gratuit
