,Nom Anglais,nb games valide,total games,ratio,%,pts moy,pts moy total,total point,cout,pts par cout moy,pts par cout total
Totem Équivalent,Equivalent Totem,10,10,1.0,100%,15.9,15.9,159,2,7.95,7.95
Faux,Scythe,10,10,1.0,100%,13.7,13.7,137,3,4.57,4.57
Armure d'Obsidienne,Obsidian Battle Plate,6,10,0.6,60%,20.0,12.0,120,2,10.0,6.0
Marteau Collecteur,Collecting Hammer,6,10,0.6,60%,12.83,7.7,77,2,6.42,3.85
Faux Parfaite,Perfect Scythe,5,10,0.5,50%,15.0,7.5,75,0,Gratuit,Gratuit
Hache Frénétique,Berseker Ax,5,10,0.5,50%,14.0,7.0,70,2,7.0,3.5
Adrénaline Arcanique,Arcane Adrenaline,4,10,0.4,40%,16.0,6.4,64,1,16.0,6.4
Gantelet Impérieux,Imperious Gauntlet,2,10,0.2,20%,30.0,6.0,60,1,30.0,6.0
Lame Affutée,Sharp Blade,7,10,0.7,70%,8.57,6.0,60,3,2.86,2.0
Esprit de l'Écuyer,Spirit of the Squire,8,10,0.8,80%,6.38,5.1,51,3,2.13,1.7
Ascension Divine,Divine Ascent,2,10,0.2,20%,25.0,5.0,50,3,8.33,1.67
Lame Insatiable,Fast Furious Blade,3,10,0.3,30%,16.0,4.8,48,2,8.0,2.4
Le Marionnettiste,The Puppeteer,2,10,0.2,20%,20.0,4.0,40,2,10.0,2.0
Assistance Divine,Sacred Help,2,10,0.2,20%,20.0,4.0,40,2,10.0,2.0
Aveuglement,Incapacitor,9,10,0.9,90%,4.33,3.9,39,3,1.44,1.3
Parchemin Secret,Secret Scroll,2,10,0.2,20%,18.0,3.6,36,2,9.0,1.8
Mental d'Acier,Steel Aura,2,10,0.2,20%,18.0,3.6,36,2,9.0,1.8
Esprit omniprésent,Omnipresent Spirit,2,10,0.2,20%,18.0,3.6,36,2,9.0,1.8
Enchaînement Éclair,Unstoppable Lightning,2,10,0.2,20%,18.0,3.6,36,1,18.0,3.6
Épée Obscure,Swords of Darkness,2,10,0.2,20%,17.0,3.4,34,1,17.0,3.4
Économe Sagesse du Trésorier,Treasurer's Wisdom,2,10,0.2,20%,17.0,3.4,34,2,8.5,1.7
Sabre Versatile,Versatil Saber,3,10,0.3,30%,11.0,3.3,33,1,11.0,3.3
Armure d'Immortel,Immortal Breastplate,2,10,0.2,20%,16.0,3.2,32,1,16.0,3.2
Elan de Fureur,Rampage Momentum,2,10,0.2,20%,15.0,3.0,30,2,7.5,1.5
Totem du Gardien,Guardian Totem,10,10,1.0,100%,2.9,2.9,29,3,0.97,0.97
Couronne du Roi Nain,Crown of the Dwarf King,2,10,0.2,20%,13.0,2.6,26,0,Gratuit,Gratuit
Explosion Arcanique,Arcane Explosive,2,10,0.2,20%,12.0,2.4,24,1,12.0,2.4
Désintégrateur Magnétique,Magnetic Disintegrator,2,10,0.2,20%,11.0,2.2,22,0,Gratuit,Gratuit
Chasseur d'Âmes,Soul Hunter,1,10,0.1,10%,20.0,2.0,20,1,20.0,2.0
Chasseresse d'Âmes,Huntress of Souls,1,10,0.1,10%,19.0,1.9,19,1,19.0,1.9
Être de Lumière,Being of Light,1,10,0.1,10%,18.0,1.8,18,1,18.0,1.8
Griffes Démoniaques,Demon Claws,1,10,0.1,10%,17.0,1.7,17,1,17.0,1.7
Danse Macabre,Dance of Death,2,10,0.2,20%,8.0,1.6,16,1,8.0,1.6
Soif de Sang,Thirsty Dagger,1,10,0.1,10%,15.0,1.5,15,0,Gratuit,Gratuit
Amulette Omnisciente,Omnipresent Amulet,1,10,0.1,10%,15.0,1.5,15,0,Gratuit,Gratuit
Masse Colossale,Colossal Mace,1,10,0.1,10%,15.0,1.5,15,0,Gratuit,Gratuit
Force Divine,Divine Impetu,1,10,0.1,10%,15.0,1.5,15,0,Gratuit,Gratuit
Coup de Mort,Death Helper,1,10,0.1,10%,13.0,1.3,13,1,13.0,1.3
Bâton du Conquérant,Staff of Conquered Worlds,1,10,0.1,10%,11.0,1.1,11,0,Gratuit,Gratuit
Épé Sainte,Holy Sword,1,10,0.1,10%,10.0,1.0,10,0,Gratuit,Gratuit
Griffes Sauvages,Wild Claw,4,10,0.4,40%,1.75,0.7,7,3,0.58,0.23
