,Nom Anglais,nb games valide,total games,ratio,%,pts moy,pts moy total,total point,cout,pts par cout moy,pts par cout total
Faux,Scythe,108,108,1.0,100%,15.69,15.69,1695,3,5.23,5.23
Armure d'Obsidienne,Obsidian Battle Plate,64,108,0.59,59%,20.0,11.85,1280,2,10.0,5.92
Aveuglement,Incapacitor,105,108,0.97,97%,10.63,10.33,1116,3,3.54,3.44
Économe Sagesse du Trésorier,Treasurer's Wisdom,61,108,0.56,56%,17.0,9.6,1037,2,8.5,4.8
Hache Frénétique,Berseker Ax,71,108,0.66,66%,14.0,9.2,994,2,7.0,4.6
Lame Affutée,Sharp Blade,97,108,0.9,90%,10.14,9.11,984,3,3.38,3.04
Esprit de l'Écuyer,Spirit of the Squire,91,108,0.84,84%,8.84,7.44,804,3,2.95,2.48
Adrénaline Arcanique,Arcane Adrenaline,47,108,0.44,44%,16.0,6.96,752,1,16.0,6.96
Lame Insatiable,Fast Furious Blade,46,108,0.43,43%,16.0,6.81,736,2,8.0,3.4
Ascension Divine,Divine Ascent,26,108,0.24,24%,25.0,6.02,650,3,8.33,2.01
Faux Assoiffées,Thirsty Scythes,26,108,0.24,24%,25.0,6.02,650,3,8.33,2.01
Parchemin Secret,Secret Scroll,26,108,0.24,24%,18.0,4.33,468,2,9.0,2.17
Totem du Gardien,Guardian Totem,108,108,1.0,100%,4.32,4.32,467,3,1.44,1.44
Épée Obscure,Swords of Darkness,30,108,0.28,28%,15.0,4.17,450,1,15.0,4.17
Glaive Vindicatif,Large Sword of Hate,22,108,0.2,20%,20.0,4.07,440,1,20.0,4.07
Sabre Versatile,Versatil Saber,38,108,0.35,35%,11.0,3.87,418,1,11.0,3.87
Marteleur précis,Precise Hammer,21,108,0.19,19%,18.0,3.5,378,1,18.0,3.5
Elan de Fureur,Rampage Momentum,25,108,0.23,23%,15.0,3.47,375,2,7.5,1.74
Épées Jumelles,Twin Swords,30,108,0.28,28%,11.67,3.24,350,1,11.67,3.24
Chasseresse d'Âmes,Huntress of Souls,18,108,0.17,17%,19.0,3.17,342,1,19.0,3.17
Le Marionnettiste,The Puppeteer,17,108,0.16,16%,20.0,3.15,340,2,10.0,1.57
Danse Macabre,Dance of Death,42,108,0.39,39%,8.0,3.11,336,1,8.0,3.11
Explosion Arcanique,Arcane Explosive,27,108,0.25,25%,12.0,3.0,324,1,12.0,3.0
Griffes Démoniaques,Demon Claws,19,108,0.18,18%,17.0,2.99,323,1,17.0,2.99
Griffes Sauvages,Wild Claw,93,108,0.86,86%,3.35,2.89,312,3,1.12,0.96
Coup de Mort,Death Helper,31,108,0.29,29%,10.0,2.87,310,1,10.0,2.87
Esprit omniprésent,Omnipresent Spirit,17,108,0.16,16%,18.0,2.83,306,2,9.0,1.42
Armure d'Immortel,Immortal Breastplate,21,108,0.19,19%,14.0,2.72,294,1,14.0,2.72
Esquive Salvatrice,Evasive Protection,18,108,0.17,17%,15.0,2.5,270,0,Gratuit,Gratuit
Chasseur d'Âmes,Soul Hunter,16,108,0.15,15%,15.0,2.22,240,1,15.0,2.22
Bâton de Conquête,Conquering Staff,9,108,0.08,8%,24.0,2.0,216,2,12.0,1.0
Épé Sainte,Holy Sword,21,108,0.19,19%,10.0,1.94,210,0,Gratuit,Gratuit
Enchaînement Éclair,Unstoppable Lightning,11,108,0.1,10%,18.0,1.83,198,1,18.0,1.83
Le Croque-mort,The Undertaker,14,108,0.13,13%,14.0,1.81,196,1,14.0,1.81
Désintégrateur Magnétique,Magnetic Disintegrator,17,108,0.16,16%,11.0,1.73,187,0,Gratuit,Gratuit
Couronne du Roi Nain,Crown of the Dwarf King,14,108,0.13,13%,13.0,1.69,182,0,Gratuit,Gratuit
Assistance Divine,Sacred Help,9,108,0.08,8%,20.0,1.67,180,2,10.0,0.83
Instinct Sanguinaire,Bloody Instinct,12,108,0.11,11%,15.0,1.67,180,2,7.5,0.83
Soif de Sang,Thirsty Dagger,12,108,0.11,11%,15.0,1.67,180,0,Gratuit,Gratuit
Lance Doublée,Dual Spear,22,108,0.2,20%,8.0,1.63,176,0,Gratuit,Gratuit
Destruction Royale,Royal Destroyer,14,108,0.13,13%,11.0,1.43,154,0,Gratuit,Gratuit
Force Divine,Divine Impetu,14,108,0.13,13%,11.0,1.43,154,0,Gratuit,Gratuit
Tombeau Rocheux,Rock Tomb,15,108,0.14,14%,10.0,1.39,150,1,10.0,1.39
Masse Colossale,Colossal Mace,11,108,0.1,10%,11.0,1.12,121,0,Gratuit,Gratuit
Pillard Féroce,Savage Looter,6,108,0.06,6%,20.0,1.11,120,1,20.0,1.11
Aura Légendaire,Legend Aura,3,108,0.03,3%,40.0,1.11,120,3,13.33,0.37
Œil de Lynx,Hawk's Eye,11,108,0.1,10%,8.0,0.81,88,0,Gratuit,Gratuit
Bâton Élémentaire,Earthly Staff,5,108,0.05,5%,15.0,0.69,75,0,Gratuit,Gratuit
Pluie de Météorites,Meteorites,1,108,0.01,1%,70.0,0.65,70,0,Gratuit,Gratuit
Amulette Omnisciente,Omnipresent Amulet,6,108,0.06,6%,11.0,0.61,66,0,Gratuit,Gratuit
Triple Météore,Trimeteor,2,108,0.02,2%,30.0,0.56,60,0,Gratuit,Gratuit
Mental d'Acier,Steel Aura,3,108,0.03,3%,18.0,0.5,54,2,9.0,0.25
Frappe Chirurgicale,Accurate Sword,3,108,0.03,3%,16.0,0.44,48,1,16.0,0.44
Lance Triplée,Triple Spear,2,108,0.02,2%,20.0,0.37,40,0,Gratuit,Gratuit
Masse de Siège,Siege Mace,2,108,0.02,2%,16.0,0.3,32,0,Gratuit,Gratuit
Bâton du Conquérant,Staff of Conquered Worlds,2,108,0.02,2%,11.0,0.2,22,0,Gratuit,Gratuit
Décharge Élémentaire,Elemental Discharge,1,108,0.01,1%,18.0,0.17,18,1,18.0,0.17
Être de Lumière,Being of Light,1,108,0.01,1%,18.0,0.17,18,1,18.0,0.17
