,Nom Anglais,nb games valide,total games,ratio,%,pts moy,pts moy total,total point,cout,pts par cout moy,pts par cout total
Faux,Scythe,12,12,1.0,100%,16.25,16.25,195,3,5.42,5.42
Lame Affutée,Sharp Blade,12,12,1.0,100%,13.75,13.75,165,3,4.58,4.58
Économe Sagesse du Trésorier,Treasurer's Wisdom,9,12,0.75,75%,17.0,12.75,153,2,8.5,6.38
Hache Frénétique,Berseker Ax,10,12,0.83,83%,14.0,11.67,140,2,7.0,5.83
Aveuglement,Incapacitor,12,12,1.0,100%,10.5,10.5,126,3,3.5,3.5
Adrénaline Arcanique,Arcane Adrenaline,7,12,0.58,58%,16.0,9.33,112,1,16.0,9.33
Armure d'Obsidienne,Obsidian Battle Plate,5,12,0.42,42%,20.0,8.33,100,2,10.0,4.17
Faux Assoiffées,Thirsty Scythes,4,12,0.33,33%,25.0,8.33,100,3,8.33,2.78
Esprit de l'Écuyer,Spirit of the Squire,10,12,0.83,83%,8.7,7.25,87,3,2.9,2.42
Lame Insatiable,Fast Furious Blade,5,12,0.42,42%,16.0,6.67,80,2,8.0,3.33
Ascension Divine,Divine Ascent,3,12,0.25,25%,25.0,6.25,75,3,8.33,2.08
Marteleur précis,Precise Hammer,4,12,0.33,33%,18.0,6.0,72,1,18.0,6.0
Danse Macabre,Dance of Death,9,12,0.75,75%,8.0,6.0,72,1,8.0,6.0
Épées Jumelles,Twin Swords,4,12,0.33,33%,17.5,5.83,70,1,17.5,5.83
Pluie de Météorites,Meteorites,1,12,0.08,8%,70.0,5.83,70,0,Gratuit,Gratuit
Assistance Divine,Sacred Help,3,12,0.25,25%,20.0,5.0,60,2,10.0,2.5
Chasseur d'Âmes,Soul Hunter,4,12,0.33,33%,15.0,5.0,60,1,15.0,5.0
Elan de Fureur,Rampage Momentum,4,12,0.33,33%,15.0,5.0,60,2,7.5,2.5
Glaive Vindicatif,Large Sword of Hate,3,12,0.25,25%,20.0,5.0,60,1,20.0,5.0
Le Marionnettiste,The Puppeteer,3,12,0.25,25%,20.0,5.0,60,2,10.0,2.5
Épée Obscure,Swords of Darkness,4,12,0.33,33%,15.0,5.0,60,1,15.0,5.0
Griffes Sauvages,Wild Claw,12,12,1.0,100%,4.75,4.75,57,3,1.58,1.58
Totem du Gardien,Guardian Totem,12,12,1.0,100%,4.67,4.67,56,3,1.56,1.56
Parchemin Secret,Secret Scroll,3,12,0.25,25%,18.0,4.5,54,2,9.0,2.25
Enchaînement Éclair,Unstoppable Lightning,3,12,0.25,25%,18.0,4.5,54,1,18.0,4.5
Esprit omniprésent,Omnipresent Spirit,3,12,0.25,25%,18.0,4.5,54,2,9.0,2.25
Explosion Arcanique,Arcane Explosive,3,12,0.25,25%,12.0,3.0,36,1,12.0,3.0
Mental d'Acier,Steel Aura,2,12,0.17,17%,18.0,3.0,36,2,9.0,1.5
Sabre Versatile,Versatil Saber,3,12,0.25,25%,11.0,2.75,33,1,11.0,2.75
Épé Sainte,Holy Sword,3,12,0.25,25%,10.0,2.5,30,0,Gratuit,Gratuit
Triple Météore,Trimeteor,1,12,0.08,8%,30.0,2.5,30,0,Gratuit,Gratuit
Bâton de Conquête,Conquering Staff,1,12,0.08,8%,24.0,2.0,24,2,12.0,1.0
Désintégrateur Magnétique,Magnetic Disintegrator,2,12,0.17,17%,11.0,1.83,22,0,Gratuit,Gratuit
Destruction Royale,Royal Destroyer,2,12,0.17,17%,11.0,1.83,22,0,Gratuit,Gratuit
Pillard Féroce,Savage Looter,1,12,0.08,8%,20.0,1.67,20,1,20.0,1.67
Lance Triplée,Triple Spear,1,12,0.08,8%,20.0,1.67,20,0,Gratuit,Gratuit
Chasseresse d'Âmes,Huntress of Souls,1,12,0.08,8%,19.0,1.58,19,1,19.0,1.58
Être de Lumière,Being of Light,1,12,0.08,8%,18.0,1.5,18,1,18.0,1.5
Griffes Démoniaques,Demon Claws,1,12,0.08,8%,17.0,1.42,17,1,17.0,1.42
Lance Doublée,Dual Spear,2,12,0.17,17%,8.0,1.33,16,0,Gratuit,Gratuit
Frappe Chirurgicale,Accurate Sword,1,12,0.08,8%,16.0,1.33,16,1,16.0,1.33
Bâton Élémentaire,Earthly Staff,1,12,0.08,8%,15.0,1.25,15,0,Gratuit,Gratuit
Instinct Sanguinaire,Bloody Instinct,1,12,0.08,8%,15.0,1.25,15,2,7.5,0.62
Esquive Salvatrice,Evasive Protection,1,12,0.08,8%,15.0,1.25,15,0,Gratuit,Gratuit
Armure d'Immortel,Immortal Breastplate,1,12,0.08,8%,14.0,1.17,14,1,14.0,1.17
Le Croque-mort,The Undertaker,1,12,0.08,8%,14.0,1.17,14,1,14.0,1.17
Couronne du Roi Nain,Crown of the Dwarf King,1,12,0.08,8%,13.0,1.08,13,0,Gratuit,Gratuit
Amulette Omnisciente,Omnipresent Amulet,1,12,0.08,8%,11.0,0.92,11,0,Gratuit,Gratuit
Coup de Mort,Death Helper,1,12,0.08,8%,10.0,0.83,10,1,10.0,0.83
Tombeau Rocheux,Rock Tomb,1,12,0.08,8%,10.0,0.83,10,1,10.0,0.83
Œil de Lynx,Hawk's Eye,1,12,0.08,8%,8.0,0.67,8,0,Gratuit,Gratuit
