,Nom Anglais,nb games valide,total games,ratio,%,pts moy,pts moy total,total point,cout,pts par cout moy,pts par cout total,pts par cout moy+1,pts par cout total+1
Totem Équivalent,Equivalent Totem,12,12,1.0,100%,15.58,15.58,187,2,7.79,7.79,5.19,5.19
Marteau Collecteur,Collecting Hammer,11,12,0.92,92%,14.55,13.33,160,2,7.28,6.67,4.85,4.44
Faux,Scythe,12,12,1.0,100%,12.0,12.0,144,3,4.0,4.0,3.0,3.0
Lame Affutée,Sharp Blade,12,12,1.0,100%,10.5,10.5,126,3,3.5,3.5,2.62,2.62
Armure d'Obsidienne,Obsidian Battle Plate,6,12,0.5,50%,20.0,10.0,120,2,10.0,5.0,6.67,3.33
Gantelet Impérieux,Imperious Gauntlet,4,12,0.33,33%,30.0,10.0,120,1,30.0,10.0,15.0,5.0
Hache Frénétique,Berseker Ax,8,12,0.67,67%,14.0,9.33,112,2,7.0,4.67,4.67,3.11
Faux Parfaite,Perfect Scythe,7,12,0.58,58%,15.0,8.75,105,0,Gratuit,Gratuit,15.0,8.75
Esprit de l'Écuyer,Spirit of the Squire,10,12,0.83,83%,10.2,8.5,102,3,3.4,2.83,2.55,2.12
Économe Sagesse du Trésorier,Treasurer's Wisdom,5,12,0.42,42%,17.0,7.08,85,2,8.5,3.54,5.67,2.36
Ascension Divine,Divine Ascent,3,12,0.25,25%,25.0,6.25,75,3,8.33,2.08,6.25,1.56
Sabre Versatile,Versatil Saber,5,12,0.42,42%,11.0,4.58,55,1,11.0,4.58,5.5,2.29
Parchemin Secret,Secret Scroll,3,12,0.25,25%,18.0,4.5,54,2,9.0,2.25,6.0,1.5
Marteleur précis,Precise Hammer,3,12,0.25,25%,18.0,4.5,54,1,18.0,4.5,9.0,2.25
Aveuglement,Incapacitor,10,12,0.83,83%,5.4,4.5,54,3,1.8,1.5,1.35,1.12
Épée Obscure,Swords of Darkness,3,12,0.25,25%,17.0,4.25,51,1,17.0,4.25,8.5,2.12
Explosion Arcanique,Arcane Explosive,4,12,0.33,33%,12.0,4.0,48,1,12.0,4.0,6.0,2.0
Esprit Guerrier,Spirit of the Warrior,3,12,0.25,25%,16.0,4.0,48,1,16.0,4.0,8.0,2.0
Adrénaline Arcanique,Arcane Adrenaline,3,12,0.25,25%,16.0,4.0,48,1,16.0,4.0,8.0,2.0
Désintégrateur Magnétique,Magnetic Disintegrator,4,12,0.33,33%,11.0,3.67,44,0,Gratuit,Gratuit,11.0,3.67
Masse Colossale,Colossal Mace,3,12,0.25,25%,13.67,3.42,41,0,Gratuit,Gratuit,13.67,3.42
Danse Macabre,Dance of Death,5,12,0.42,42%,8.0,3.33,40,1,8.0,3.33,4.0,1.67
Aura Légendaire,Legend Aura,1,12,0.08,8%,40.0,3.33,40,3,13.33,1.11,10.0,0.83
Assistance Divine,Sacred Help,2,12,0.17,17%,20.0,3.33,40,2,10.0,1.67,6.67,1.11
Enchaînement Éclair,Unstoppable Lightning,2,12,0.17,17%,18.0,3.0,36,1,18.0,3.0,9.0,1.5
Coup de Mort,Death Helper,3,12,0.25,25%,12.0,3.0,36,1,12.0,3.0,6.0,1.5
Chasseur d'Âmes,Soul Hunter,2,12,0.17,17%,17.5,2.92,35,1,17.5,2.92,8.75,1.46
Elan de Fureur,Rampage Momentum,2,12,0.17,17%,15.0,2.5,30,2,7.5,1.25,5.0,0.83
Triple Météore,Trimeteor,1,12,0.08,8%,30.0,2.5,30,0,Gratuit,Gratuit,30.0,2.5
Tombeau Rocheux,Rock Tomb,3,12,0.25,25%,10.0,2.5,30,1,10.0,2.5,5.0,1.25
Armure d'Immortel,Immortal Breastplate,2,12,0.17,17%,14.0,2.33,28,1,14.0,2.33,7.0,1.17
Totem du Gardien,Guardian Totem,12,12,1.0,100%,2.33,2.33,28,3,0.78,0.78,0.58,0.58
Couronne du Roi Nain,Crown of the Dwarf King,2,12,0.17,17%,13.0,2.17,26,0,Gratuit,Gratuit,13.0,2.17
Faux Assoiffées,Thirsty Scythes,1,12,0.08,8%,25.0,2.08,25,3,8.33,0.69,6.25,0.52
Le Marionnettiste,The Puppeteer,1,12,0.08,8%,20.0,1.67,20,2,10.0,0.83,6.67,0.56
Chasseresse d'Âmes,Huntress of Souls,1,12,0.08,8%,19.0,1.58,19,1,19.0,1.58,9.5,0.79
Esprit omniprésent,Omnipresent Spirit,1,12,0.08,8%,18.0,1.5,18,2,9.0,0.75,6.0,0.5
Être de Lumière,Being of Light,1,12,0.08,8%,18.0,1.5,18,1,18.0,1.5,9.0,0.75
Mental d'Acier,Steel Aura,1,12,0.08,8%,18.0,1.5,18,2,9.0,0.75,6.0,0.5
Griffes Démoniaques,Demon Claws,1,12,0.08,8%,17.0,1.42,17,1,17.0,1.42,8.5,0.71
Lame Insatiable,Fast Furious Blade,1,12,0.08,8%,16.0,1.33,16,2,8.0,0.67,5.33,0.44
Masse de Siège,Siege Mace,1,12,0.08,8%,16.0,1.33,16,0,Gratuit,Gratuit,16.0,1.33
Soif de Sang,Thirsty Dagger,1,12,0.08,8%,15.0,1.25,15,0,Gratuit,Gratuit,15.0,1.25
Force Divine,Divine Impetu,1,12,0.08,8%,11.0,0.92,11,0,Gratuit,Gratuit,11.0,0.92
Épé Sainte,Holy Sword,1,12,0.08,8%,10.0,0.83,10,0,Gratuit,Gratuit,10.0,0.83
Œil de Lynx,Hawk's Eye,1,12,0.08,8%,8.0,0.67,8,0,Gratuit,Gratuit,8.0,0.67
Griffes Sauvages,Wild Claw,4,12,0.33,33%,1.5,0.5,6,3,0.5,0.17,0.38,0.12
