,Nom Anglais,nb games valide,total games,ratio,%,pts moy,pts moy total,total point,cout,pts par cout moy,pts par cout total,pts par cout moy+1,pts par cout total+1
Totem Équivalent,Equivalent Totem,4,4,1.0,100%,15.5,15.5,62,2,7.75,7.75,5.17,5.17
Armure d'Obsidienne,Obsidian Battle Plate,3,4,0.75,75%,20.0,15.0,60,2,10.0,7.5,6.67,5.0
Lame Affutée,Sharp Blade,4,4,1.0,100%,12.0,12.0,48,3,4.0,4.0,3.0,3.0
Faux,Scythe,4,4,1.0,100%,10.75,10.75,43,3,3.58,3.58,2.69,2.69
Hache Frénétique,Berseker Ax,3,4,0.75,75%,14.0,10.5,42,2,7.0,5.25,4.67,3.5
Marteau Collecteur,Collecting Hammer,3,4,0.75,75%,14.0,10.5,42,2,7.0,5.25,4.67,3.5
Adrénaline Arcanique,Arcane Adrenaline,2,4,0.5,50%,16.0,8.0,32,1,16.0,8.0,8.0,4.0
Gantelet Impérieux,Imperious Gauntlet,1,4,0.25,25%,30.0,7.5,30,1,30.0,7.5,15.0,3.75
Faux Parfaite,Perfect Scythe,2,4,0.5,50%,15.0,7.5,30,0,Gratuit,Gratuit,15.0,7.5
Esprit de l'Écuyer,Spirit of the Squire,3,4,0.75,75%,9.0,6.75,27,3,3.0,2.25,2.25,1.69
Ascension Divine,Divine Ascent,1,4,0.25,25%,25.0,6.25,25,3,8.33,2.08,6.25,1.56
Assistance Divine,Sacred Help,1,4,0.25,25%,20.0,5.0,20,2,10.0,2.5,6.67,1.67
Parchemin Secret,Secret Scroll,1,4,0.25,25%,18.0,4.5,18,2,9.0,2.25,6.0,1.5
Marteleur précis,Precise Hammer,1,4,0.25,25%,18.0,4.5,18,1,18.0,4.5,9.0,2.25
Être de Lumière,Being of Light,1,4,0.25,25%,18.0,4.5,18,1,18.0,4.5,9.0,2.25
Enchaînement Éclair,Unstoppable Lightning,1,4,0.25,25%,18.0,4.5,18,1,18.0,4.5,9.0,2.25
Danse Macabre,Dance of Death,2,4,0.5,50%,8.0,4.0,16,1,8.0,4.0,4.0,2.0
Masse de Siège,Siege Mace,1,4,0.25,25%,16.0,4.0,16,0,Gratuit,Gratuit,16.0,4.0
Elan de Fureur,Rampage Momentum,1,4,0.25,25%,15.0,3.75,15,2,7.5,1.88,5.0,1.25
Chasseur d'Âmes,Soul Hunter,1,4,0.25,25%,15.0,3.75,15,1,15.0,3.75,7.5,1.88
Aveuglement,Incapacitor,3,4,0.75,75%,5.0,3.75,15,3,1.67,1.25,1.25,0.94
Désintégrateur Magnétique,Magnetic Disintegrator,1,4,0.25,25%,11.0,2.75,11,0,Gratuit,Gratuit,11.0,2.75
Sabre Versatile,Versatil Saber,1,4,0.25,25%,11.0,2.75,11,1,11.0,2.75,5.5,1.38
Totem du Gardien,Guardian Totem,4,4,1.0,100%,1.5,1.5,6,3,0.5,0.5,0.38,0.38
Griffes Sauvages,Wild Claw,2,4,0.5,50%,1.0,0.5,2,3,0.33,0.17,0.25,0.12
