,Nom Anglais,nb games valide,total games,ratio,%,pts moy,pts moy total,total point,cout,pts par cout moy,pts par cout total,pts par cout moy+1,pts par cout total+1
Totem Équivalent,Equivalent Totem,2,2,1.0,100%,15.0,15.0,30,2,7.5,7.5,5.0,5.0
Esprit de l'Écuyer,Spirit of the Squire,2,2,1.0,100%,13.5,13.5,27,3,4.5,4.5,3.38,3.38
Coup de Mort,Death Helper,2,2,1.0,100%,13.0,13.0,26,1,13.0,13.0,6.5,6.5
Marteau Collecteur,Collecting Hammer,2,2,1.0,100%,10.5,10.5,21,2,5.25,5.25,3.5,3.5
Faux,Scythe,2,2,1.0,100%,10.0,10.0,20,3,3.33,3.33,2.5,2.5
Lame Affutée,Sharp Blade,2,2,1.0,100%,9.0,9.0,18,3,3.0,3.0,2.25,2.25
Hache Frénétique,Berseker Ax,1,2,0.5,50%,14.0,7.0,14,2,7.0,3.5,4.67,2.33
Aveuglement,Incapacitor,2,2,1.0,100%,6.0,6.0,12,3,2.0,2.0,1.5,1.5
Désintégrateur Magnétique,Magnetic Disintegrator,1,2,0.5,50%,11.0,5.5,11,0,Gratuit,Gratuit,11.0,5.5
Totem du Gardien,Guardian Totem,2,2,1.0,100%,1.5,1.5,3,3,0.5,0.5,0.38,0.38
