,Nom Anglais,nb games valide,total games,ratio,%,pts moy,pts moy total,total point,cout,pts par cout moy,pts par cout total,pts par cout moy+1,pts par cout total+1
Totem Équivalent,Equivalent Totem,6,6,1.0,100%,15.17,15.17,91,2,7.58,7.58,5.06,5.06
Armure d'Obsidienne,Obsidian Battle Plate,4,6,0.67,67%,20.0,13.33,80,2,10.0,6.67,6.67,4.44
Faux,Scythe,6,6,1.0,100%,11.0,11.0,66,3,3.67,3.67,2.75,2.75
Marteau Collecteur,Collecting Hammer,5,6,0.83,83%,12.0,10.0,60,2,6.0,5.0,4.0,3.33
Lame Affutée,Sharp Blade,6,6,1.0,100%,9.5,9.5,57,3,3.17,3.17,2.38,2.38
Hache Frénétique,Berseker Ax,4,6,0.67,67%,14.0,9.33,56,2,7.0,4.67,4.67,3.11
Faux Parfaite,Perfect Scythe,3,6,0.5,50%,15.0,7.5,45,0,Gratuit,Gratuit,15.0,7.5
Esprit de l'Écuyer,Spirit of the Squire,5,6,0.83,83%,7.8,6.5,39,3,2.6,2.17,1.95,1.62
Marteleur précis,Precise Hammer,2,6,0.33,33%,18.0,6.0,36,1,18.0,6.0,9.0,3.0
Adrénaline Arcanique,Arcane Adrenaline,2,6,0.33,33%,16.0,5.33,32,1,16.0,5.33,8.0,2.67
Gantelet Impérieux,Imperious Gauntlet,1,6,0.17,17%,30.0,5.0,30,1,30.0,5.0,15.0,2.5
Aveuglement,Incapacitor,4,6,0.67,67%,6.75,4.5,27,3,2.25,1.5,1.69,1.12
Ascension Divine,Divine Ascent,1,6,0.17,17%,25.0,4.17,25,3,8.33,1.39,6.25,1.04
Sabre Versatile,Versatil Saber,2,6,0.33,33%,11.0,3.67,22,1,11.0,3.67,5.5,1.83
Assistance Divine,Sacred Help,1,6,0.17,17%,20.0,3.33,20,2,10.0,1.67,6.67,1.11
Enchaînement Éclair,Unstoppable Lightning,1,6,0.17,17%,18.0,3.0,18,1,18.0,3.0,9.0,1.5
Être de Lumière,Being of Light,1,6,0.17,17%,18.0,3.0,18,1,18.0,3.0,9.0,1.5
Parchemin Secret,Secret Scroll,1,6,0.17,17%,18.0,3.0,18,2,9.0,1.5,6.0,1.0
Épée Obscure,Swords of Darkness,1,6,0.17,17%,17.0,2.83,17,1,17.0,2.83,8.5,1.42
Économe Sagesse du Trésorier,Treasurer's Wisdom,1,6,0.17,17%,17.0,2.83,17,2,8.5,1.42,5.67,0.94
Danse Macabre,Dance of Death,2,6,0.33,33%,8.0,2.67,16,1,8.0,2.67,4.0,1.33
Masse de Siège,Siege Mace,1,6,0.17,17%,16.0,2.67,16,0,Gratuit,Gratuit,16.0,2.67
Chasseur d'Âmes,Soul Hunter,1,6,0.17,17%,15.0,2.5,15,1,15.0,2.5,7.5,1.25
Elan de Fureur,Rampage Momentum,1,6,0.17,17%,15.0,2.5,15,2,7.5,1.25,5.0,0.83
Armure d'Immortel,Immortal Breastplate,1,6,0.17,17%,14.0,2.33,14,1,14.0,2.33,7.0,1.17
Totem du Gardien,Guardian Totem,6,6,1.0,100%,2.17,2.17,13,3,0.72,0.72,0.54,0.54
Désintégrateur Magnétique,Magnetic Disintegrator,1,6,0.17,17%,11.0,1.83,11,0,Gratuit,Gratuit,11.0,1.83
Œil de Lynx,Hawk's Eye,1,6,0.17,17%,8.0,1.33,8,0,Gratuit,Gratuit,8.0,1.33
Griffes Sauvages,Wild Claw,2,6,0.33,33%,1.0,0.33,2,3,0.33,0.11,0.25,0.08
