,Nom Anglais,nb games valide,total games,ratio,%,pts moy,pts moy total,total point,cout,pts par cout moy,pts par cout total
Lame Affutée,Sharp Blade,5,5,1.0,100%,19.2,19.2,96,3,6.4,6.4
Faux,Scythe,5,5,1.0,100%,15.2,15.2,76,3,5.07,5.07
Aveuglement,Incapacitor,5,5,1.0,100%,15.0,15.0,75,3,5.0,5.0
Pluie de Météorites,Meteorites,1,5,0.2,20%,70.0,14.0,70,0,Gratuit,Gratuit
Économe Sagesse du Trésorier,Treasurer's Wisdom,4,5,0.8,80%,17.0,13.6,68,2,8.5,6.8
Adrénaline Arcanique,Arcane Adrenaline,4,5,0.8,80%,16.0,12.8,64,1,16.0,12.8
Assistance Divine,Sacred Help,3,5,0.6,60%,20.0,12.0,60,2,10.0,6.0
Hache Frénétique,Berseker Ax,4,5,0.8,80%,14.0,11.2,56,2,7.0,5.6
Marteleur précis,Precise Hammer,3,5,0.6,60%,18.0,10.8,54,1,18.0,10.8
Esprit de l'Écuyer,Spirit of the Squire,5,5,1.0,100%,10.8,10.8,54,3,3.6,3.6
Enchaînement Éclair,Unstoppable Lightning,3,5,0.6,60%,18.0,10.8,54,1,18.0,10.8
Épées Jumelles,Twin Swords,3,5,0.6,60%,16.67,10.0,50,1,16.67,10.0
Épée Obscure,Swords of Darkness,3,5,0.6,60%,15.0,9.0,45,1,15.0,9.0
Elan de Fureur,Rampage Momentum,3,5,0.6,60%,15.0,9.0,45,2,7.5,4.5
Danse Macabre,Dance of Death,5,5,1.0,100%,8.0,8.0,40,1,8.0,8.0
Glaive Vindicatif,Large Sword of Hate,2,5,0.4,40%,20.0,8.0,40,1,20.0,8.0
Armure d'Obsidienne,Obsidian Battle Plate,2,5,0.4,40%,20.0,8.0,40,2,10.0,4.0
Mental d'Acier,Steel Aura,2,5,0.4,40%,18.0,7.2,36,2,9.0,3.6
Parchemin Secret,Secret Scroll,2,5,0.4,40%,18.0,7.2,36,2,9.0,3.6
Lame Insatiable,Fast Furious Blade,2,5,0.4,40%,16.0,6.4,32,2,8.0,3.2
Triple Météore,Trimeteor,1,5,0.2,20%,30.0,6.0,30,0,Gratuit,Gratuit
Totem du Gardien,Guardian Totem,5,5,1.0,100%,5.6,5.6,28,3,1.87,1.87
Faux Assoiffées,Thirsty Scythes,1,5,0.2,20%,25.0,5.0,25,3,8.33,1.67
Ascension Divine,Divine Ascent,1,5,0.2,20%,25.0,5.0,25,3,8.33,1.67
Bâton de Conquête,Conquering Staff,1,5,0.2,20%,24.0,4.8,24,2,12.0,2.4
Explosion Arcanique,Arcane Explosive,2,5,0.4,40%,12.0,4.8,24,1,12.0,4.8
Griffes Sauvages,Wild Claw,5,5,1.0,100%,4.6,4.6,23,3,1.53,1.53
Désintégrateur Magnétique,Magnetic Disintegrator,2,5,0.4,40%,11.0,4.4,22,0,Gratuit,Gratuit
Sabre Versatile,Versatil Saber,2,5,0.4,40%,11.0,4.4,22,1,11.0,4.4
Destruction Royale,Royal Destroyer,2,5,0.4,40%,11.0,4.4,22,0,Gratuit,Gratuit
Épé Sainte,Holy Sword,2,5,0.4,40%,10.0,4.0,20,0,Gratuit,Gratuit
Le Marionnettiste,The Puppeteer,1,5,0.2,20%,20.0,4.0,20,2,10.0,2.0
Pillard Féroce,Savage Looter,1,5,0.2,20%,20.0,4.0,20,1,20.0,4.0
Lance Triplée,Triple Spear,1,5,0.2,20%,20.0,4.0,20,0,Gratuit,Gratuit
Esprit omniprésent,Omnipresent Spirit,1,5,0.2,20%,18.0,3.6,18,2,9.0,1.8
Être de Lumière,Being of Light,1,5,0.2,20%,18.0,3.6,18,1,18.0,3.6
Frappe Chirurgicale,Accurate Sword,1,5,0.2,20%,16.0,3.2,16,1,16.0,3.2
Bâton Élémentaire,Earthly Staff,1,5,0.2,20%,15.0,3.0,15,0,Gratuit,Gratuit
Chasseur d'Âmes,Soul Hunter,1,5,0.2,20%,15.0,3.0,15,1,15.0,3.0
Amulette Omnisciente,Omnipresent Amulet,1,5,0.2,20%,11.0,2.2,11,0,Gratuit,Gratuit
Coup de Mort,Death Helper,1,5,0.2,20%,10.0,2.0,10,1,10.0,2.0
Œil de Lynx,Hawk's Eye,1,5,0.2,20%,8.0,1.6,8,0,Gratuit,Gratuit
Lance Doublée,Dual Spear,1,5,0.2,20%,8.0,1.6,8,0,Gratuit,Gratuit
