,Nom Anglais,nb games valide,total games,ratio,%,pts moy,pts moy total,total point,cout,pts par cout moy,pts par cout total
Faux,Scythe,7,7,1.0,100%,15.86,15.86,111,3,5.29,5.29
Lame Affutée,Sharp Blade,7,7,1.0,100%,15.86,15.86,111,3,5.29,5.29
Économe Sagesse du Trésorier,Treasurer's Wisdom,6,7,0.86,86%,17.0,14.57,102,2,8.5,7.29
Adrénaline Arcanique,Arcane Adrenaline,6,7,0.86,86%,16.0,13.71,96,1,16.0,13.71
Aveuglement,Incapacitor,7,7,1.0,100%,12.86,12.86,90,3,4.29,4.29
Hache Frénétique,Berseker Ax,6,7,0.86,86%,14.0,12.0,84,2,7.0,6.0
Marteleur précis,Precise Hammer,4,7,0.57,57%,18.0,10.29,72,1,18.0,10.29
Pluie de Météorites,Meteorites,1,7,0.14,14%,70.0,10.0,70,0,Gratuit,Gratuit
Glaive Vindicatif,Large Sword of Hate,3,7,0.43,43%,20.0,8.57,60,1,20.0,8.57
Armure d'Obsidienne,Obsidian Battle Plate,3,7,0.43,43%,20.0,8.57,60,2,10.0,4.29
Esprit de l'Écuyer,Spirit of the Squire,6,7,0.86,86%,10.0,8.57,60,3,3.33,2.86
Assistance Divine,Sacred Help,3,7,0.43,43%,20.0,8.57,60,2,10.0,4.29
Enchaînement Éclair,Unstoppable Lightning,3,7,0.43,43%,18.0,7.71,54,1,18.0,7.71
Parchemin Secret,Secret Scroll,3,7,0.43,43%,18.0,7.71,54,2,9.0,3.85
Esprit omniprésent,Omnipresent Spirit,3,7,0.43,43%,18.0,7.71,54,2,9.0,3.85
Faux Assoiffées,Thirsty Scythes,2,7,0.29,29%,25.0,7.14,50,3,8.33,2.38
Épées Jumelles,Twin Swords,3,7,0.43,43%,16.67,7.14,50,1,16.67,7.14
Danse Macabre,Dance of Death,6,7,0.86,86%,8.0,6.86,48,1,8.0,6.86
Lame Insatiable,Fast Furious Blade,3,7,0.43,43%,16.0,6.86,48,2,8.0,3.43
Elan de Fureur,Rampage Momentum,3,7,0.43,43%,15.0,6.43,45,2,7.5,3.21
Épée Obscure,Swords of Darkness,3,7,0.43,43%,15.0,6.43,45,1,15.0,6.43
Totem du Gardien,Guardian Totem,7,7,1.0,100%,5.43,5.43,38,3,1.81,1.81
Mental d'Acier,Steel Aura,2,7,0.29,29%,18.0,5.14,36,2,9.0,2.57
Explosion Arcanique,Arcane Explosive,3,7,0.43,43%,12.0,5.14,36,1,12.0,5.14
Griffes Sauvages,Wild Claw,7,7,1.0,100%,4.57,4.57,32,3,1.52,1.52
Chasseur d'Âmes,Soul Hunter,2,7,0.29,29%,15.0,4.29,30,1,15.0,4.29
Triple Météore,Trimeteor,1,7,0.14,14%,30.0,4.29,30,0,Gratuit,Gratuit
Ascension Divine,Divine Ascent,1,7,0.14,14%,25.0,3.57,25,3,8.33,1.19
Bâton de Conquête,Conquering Staff,1,7,0.14,14%,24.0,3.43,24,2,12.0,1.72
Désintégrateur Magnétique,Magnetic Disintegrator,2,7,0.29,29%,11.0,3.14,22,0,Gratuit,Gratuit
Destruction Royale,Royal Destroyer,2,7,0.29,29%,11.0,3.14,22,0,Gratuit,Gratuit
Sabre Versatile,Versatil Saber,2,7,0.29,29%,11.0,3.14,22,1,11.0,3.14
Le Marionnettiste,The Puppeteer,1,7,0.14,14%,20.0,2.86,20,2,10.0,1.43
Épé Sainte,Holy Sword,2,7,0.29,29%,10.0,2.86,20,0,Gratuit,Gratuit
Pillard Féroce,Savage Looter,1,7,0.14,14%,20.0,2.86,20,1,20.0,2.86
Lance Triplée,Triple Spear,1,7,0.14,14%,20.0,2.86,20,0,Gratuit,Gratuit
Chasseresse d'Âmes,Huntress of Souls,1,7,0.14,14%,19.0,2.71,19,1,19.0,2.71
Être de Lumière,Being of Light,1,7,0.14,14%,18.0,2.57,18,1,18.0,2.57
Griffes Démoniaques,Demon Claws,1,7,0.14,14%,17.0,2.43,17,1,17.0,2.43
Frappe Chirurgicale,Accurate Sword,1,7,0.14,14%,16.0,2.29,16,1,16.0,2.29
Bâton Élémentaire,Earthly Staff,1,7,0.14,14%,15.0,2.14,15,0,Gratuit,Gratuit
Couronne du Roi Nain,Crown of the Dwarf King,1,7,0.14,14%,13.0,1.86,13,0,Gratuit,Gratuit
Amulette Omnisciente,Omnipresent Amulet,1,7,0.14,14%,11.0,1.57,11,0,Gratuit,Gratuit
Coup de Mort,Death Helper,1,7,0.14,14%,10.0,1.43,10,1,10.0,1.43
Œil de Lynx,Hawk's Eye,1,7,0.14,14%,8.0,1.14,8,0,Gratuit,Gratuit
Lance Doublée,Dual Spear,1,7,0.14,14%,8.0,1.14,8,0,Gratuit,Gratuit
