,Nom Anglais,nb games valide,total games,ratio,%,pts moy,pts moy total,total point,cout,pts par cout moy,pts par cout total
Faux,Scythe,8,8,1.0,100%,15.75,15.75,126,3,5.25,5.25
Lame Affutée,Sharp Blade,8,8,1.0,100%,14.62,14.62,117,3,4.87,4.87
Adrénaline Arcanique,Arcane Adrenaline,7,8,0.88,88%,16.0,14.0,112,1,16.0,14.0
Économe Sagesse du Trésorier,Treasurer's Wisdom,6,8,0.75,75%,17.0,12.75,102,2,8.5,6.38
Aveuglement,Incapacitor,8,8,1.0,100%,12.75,12.75,102,3,4.25,4.25
Hache Frénétique,Berseker Ax,7,8,0.88,88%,14.0,12.25,98,2,7.0,6.12
Marteleur précis,Precise Hammer,4,8,0.5,50%,18.0,9.0,72,1,18.0,9.0
Pluie de Météorites,Meteorites,1,8,0.12,12%,70.0,8.75,70,0,Gratuit,Gratuit
Esprit de l'Écuyer,Spirit of the Squire,7,8,0.88,88%,9.0,7.88,63,3,3.0,2.63
Glaive Vindicatif,Large Sword of Hate,3,8,0.38,38%,20.0,7.5,60,1,20.0,7.5
Armure d'Obsidienne,Obsidian Battle Plate,3,8,0.38,38%,20.0,7.5,60,2,10.0,3.75
Assistance Divine,Sacred Help,3,8,0.38,38%,20.0,7.5,60,2,10.0,3.75
Enchaînement Éclair,Unstoppable Lightning,3,8,0.38,38%,18.0,6.75,54,1,18.0,6.75
Parchemin Secret,Secret Scroll,3,8,0.38,38%,18.0,6.75,54,2,9.0,3.38
Esprit omniprésent,Omnipresent Spirit,3,8,0.38,38%,18.0,6.75,54,2,9.0,3.38
Faux Assoiffées,Thirsty Scythes,2,8,0.25,25%,25.0,6.25,50,3,8.33,2.08
Épées Jumelles,Twin Swords,3,8,0.38,38%,16.67,6.25,50,1,16.67,6.25
Danse Macabre,Dance of Death,6,8,0.75,75%,8.0,6.0,48,1,8.0,6.0
Lame Insatiable,Fast Furious Blade,3,8,0.38,38%,16.0,6.0,48,2,8.0,3.0
Elan de Fureur,Rampage Momentum,3,8,0.38,38%,15.0,5.62,45,2,7.5,2.81
Épée Obscure,Swords of Darkness,3,8,0.38,38%,15.0,5.62,45,1,15.0,5.62
Totem du Gardien,Guardian Totem,8,8,1.0,100%,5.25,5.25,42,3,1.75,1.75
Mental d'Acier,Steel Aura,2,8,0.25,25%,18.0,4.5,36,2,9.0,2.25
Explosion Arcanique,Arcane Explosive,3,8,0.38,38%,12.0,4.5,36,1,12.0,4.5
Griffes Sauvages,Wild Claw,8,8,1.0,100%,4.38,4.38,35,3,1.46,1.46
Chasseur d'Âmes,Soul Hunter,2,8,0.25,25%,15.0,3.75,30,1,15.0,3.75
Triple Météore,Trimeteor,1,8,0.12,12%,30.0,3.75,30,0,Gratuit,Gratuit
Ascension Divine,Divine Ascent,1,8,0.12,12%,25.0,3.12,25,3,8.33,1.04
Bâton de Conquête,Conquering Staff,1,8,0.12,12%,24.0,3.0,24,2,12.0,1.5
Désintégrateur Magnétique,Magnetic Disintegrator,2,8,0.25,25%,11.0,2.75,22,0,Gratuit,Gratuit
Destruction Royale,Royal Destroyer,2,8,0.25,25%,11.0,2.75,22,0,Gratuit,Gratuit
Sabre Versatile,Versatil Saber,2,8,0.25,25%,11.0,2.75,22,1,11.0,2.75
Le Marionnettiste,The Puppeteer,1,8,0.12,12%,20.0,2.5,20,2,10.0,1.25
Épé Sainte,Holy Sword,2,8,0.25,25%,10.0,2.5,20,0,Gratuit,Gratuit
Pillard Féroce,Savage Looter,1,8,0.12,12%,20.0,2.5,20,1,20.0,2.5
Lance Triplée,Triple Spear,1,8,0.12,12%,20.0,2.5,20,0,Gratuit,Gratuit
Chasseresse d'Âmes,Huntress of Souls,1,8,0.12,12%,19.0,2.38,19,1,19.0,2.38
Être de Lumière,Being of Light,1,8,0.12,12%,18.0,2.25,18,1,18.0,2.25
Griffes Démoniaques,Demon Claws,1,8,0.12,12%,17.0,2.12,17,1,17.0,2.12
Frappe Chirurgicale,Accurate Sword,1,8,0.12,12%,16.0,2.0,16,1,16.0,2.0
Bâton Élémentaire,Earthly Staff,1,8,0.12,12%,15.0,1.88,15,0,Gratuit,Gratuit
Couronne du Roi Nain,Crown of the Dwarf King,1,8,0.12,12%,13.0,1.62,13,0,Gratuit,Gratuit
Amulette Omnisciente,Omnipresent Amulet,1,8,0.12,12%,11.0,1.38,11,0,Gratuit,Gratuit
Coup de Mort,Death Helper,1,8,0.12,12%,10.0,1.25,10,1,10.0,1.25
Œil de Lynx,Hawk's Eye,1,8,0.12,12%,8.0,1.0,8,0,Gratuit,Gratuit
Lance Doublée,Dual Spear,1,8,0.12,12%,8.0,1.0,8,0,Gratuit,Gratuit
