,Nom Anglais,nb games valide,total games,ratio,%,pts moy,pts moy total,total point,cout,pts par cout moy,pts par cout total
Faux,Scythe,11,11,1.0,100%,17.0,17.0,187,3,5.67,5.67
Économe Sagesse du Trésorier,Treasurer's Wisdom,8,11,0.73,73%,17.0,12.36,136,2,8.5,6.18
Hache Frénétique,Berseker Ax,9,11,0.82,82%,14.0,11.45,126,2,7.0,5.72
Armure d'Obsidienne,Obsidian Battle Plate,6,11,0.55,55%,20.0,10.91,120,2,10.0,5.46
Adrénaline Arcanique,Arcane Adrenaline,6,11,0.55,55%,16.0,8.73,96,1,16.0,8.73
Aveuglement,Incapacitor,10,11,0.91,91%,9.3,8.45,93,3,3.1,2.82
Lame Affutée,Sharp Blade,11,11,1.0,100%,8.18,8.18,90,3,2.73,2.73
Esprit de l'Écuyer,Spirit of the Squire,11,11,1.0,100%,7.91,7.91,87,3,2.64,2.64
Lame Insatiable,Fast Furious Blade,5,11,0.45,45%,16.0,7.27,80,2,8.0,3.63
Chasseresse d'Âmes,Huntress of Souls,3,11,0.27,27%,19.0,5.18,57,1,19.0,5.18
Griffes Démoniaques,Demon Claws,3,11,0.27,27%,17.0,4.64,51,1,17.0,4.64
Ascension Divine,Divine Ascent,2,11,0.18,18%,25.0,4.55,50,3,8.33,1.52
Faux Assoiffées,Thirsty Scythes,2,11,0.18,18%,25.0,4.55,50,3,8.33,1.52
Totem du Gardien,Guardian Totem,11,11,1.0,100%,4.27,4.27,47,3,1.42,1.42
Elan de Fureur,Rampage Momentum,3,11,0.27,27%,15.0,4.09,45,2,7.5,2.04
Sabre Versatile,Versatil Saber,4,11,0.36,36%,11.0,4.0,44,1,11.0,4.0
Le Croque-mort,The Undertaker,3,11,0.27,27%,14.0,3.82,42,1,14.0,3.82
Armure d'Immortel,Immortal Breastplate,3,11,0.27,27%,14.0,3.82,42,1,14.0,3.82
Coup de Mort,Death Helper,4,11,0.36,36%,10.0,3.64,40,1,10.0,3.64
Glaive Vindicatif,Large Sword of Hate,2,11,0.18,18%,20.0,3.64,40,1,20.0,3.64
Danse Macabre,Dance of Death,5,11,0.45,45%,8.0,3.64,40,1,8.0,3.64
Tombeau Rocheux,Rock Tomb,4,11,0.36,36%,10.0,3.64,40,1,10.0,3.64
Explosion Arcanique,Arcane Explosive,3,11,0.27,27%,12.0,3.27,36,1,12.0,3.27
Parchemin Secret,Secret Scroll,2,11,0.18,18%,18.0,3.27,36,2,9.0,1.64
Force Divine,Divine Impetu,3,11,0.27,27%,11.0,3.0,33,0,Gratuit,Gratuit
Esquive Salvatrice,Evasive Protection,2,11,0.18,18%,15.0,2.73,30,0,Gratuit,Gratuit
Épée Obscure,Swords of Darkness,2,11,0.18,18%,15.0,2.73,30,1,15.0,2.73
Chasseur d'Âmes,Soul Hunter,2,11,0.18,18%,15.0,2.73,30,1,15.0,2.73
Désintégrateur Magnétique,Magnetic Disintegrator,2,11,0.18,18%,11.0,2.0,22,0,Gratuit,Gratuit
Destruction Royale,Royal Destroyer,2,11,0.18,18%,11.0,2.0,22,0,Gratuit,Gratuit
Griffes Sauvages,Wild Claw,9,11,0.82,82%,2.33,1.91,21,3,0.78,0.64
Le Marionnettiste,The Puppeteer,1,11,0.09,9%,20.0,1.82,20,2,10.0,0.91
Épé Sainte,Holy Sword,2,11,0.18,18%,10.0,1.82,20,0,Gratuit,Gratuit
Épées Jumelles,Twin Swords,2,11,0.18,18%,10.0,1.82,20,1,10.0,1.82
Esprit omniprésent,Omnipresent Spirit,1,11,0.09,9%,18.0,1.64,18,2,9.0,0.82
Frappe Chirurgicale,Accurate Sword,1,11,0.09,9%,16.0,1.45,16,1,16.0,1.45
Lance Doublée,Dual Spear,2,11,0.18,18%,8.0,1.45,16,0,Gratuit,Gratuit
Instinct Sanguinaire,Bloody Instinct,1,11,0.09,9%,15.0,1.36,15,2,7.5,0.68
Couronne du Roi Nain,Crown of the Dwarf King,1,11,0.09,9%,13.0,1.18,13,0,Gratuit,Gratuit
Amulette Omnisciente,Omnipresent Amulet,1,11,0.09,9%,11.0,1.0,11,0,Gratuit,Gratuit
Masse Colossale,Colossal Mace,1,11,0.09,9%,11.0,1.0,11,0,Gratuit,Gratuit
Œil de Lynx,Hawk's Eye,1,11,0.09,9%,8.0,0.73,8,0,Gratuit,Gratuit
