,Nom Anglais,nb games valide,total games,ratio,%,pts moy,pts moy total,total point,cout,pts par cout moy,pts par cout total
Totem Équivalent,Equivalent Totem,3,3,1.0,100%,14.67,14.67,44,1,14.67,14.67
Faux,Scythe,3,3,1.0,100%,12.0,12.0,36,3,4.0,4.0
Gantelet Impérieux,Imperious Gauntlet,1,3,0.33,33%,30.0,10.0,30,1,30.0,10.0
Ascension Divine,Divine Ascent,1,3,0.33,33%,25.0,8.33,25,3,8.33,2.78
Faux Parfaite,Perfect Scythe,1,3,0.33,33%,15.0,5.0,15,0,Gratuit,Gratuit
Soif de Sang,Thirsty Dagger,1,3,0.33,33%,15.0,5.0,15,0,Gratuit,Gratuit
Hache Frénétique,Berseker Ax,1,3,0.33,33%,14.0,4.67,14,2,7.0,2.33
Aveuglement,Incapacitor,2,3,0.67,67%,6.0,4.0,12,3,2.0,1.33
Totem du Gardien,Guardian Totem,3,3,1.0,100%,4.0,4.0,12,3,1.33,1.33
Lame Affutée,Sharp Blade,2,3,0.67,67%,4.5,3.0,9,3,1.5,1.0
Esprit de l'Écuyer,Spirit of the Squire,1,3,0.33,33%,9.0,3.0,9,3,3.0,1.0
Griffes Sauvages,Wild Claw,1,3,0.33,33%,1.0,0.33,1,3,0.33,0.11
