,Nom Anglais,nb games valide,total games,ratio,%,pts moy,pts moy total,total point,cout,pts par cout moy,pts par cout total,pts par cout moy+1,pts par cout total+1
Totem Équivalent,Equivalent Totem,17,17,1.0,100%,15.71,15.71,267,2,7.86,7.86,5.24,5.24
Faux,Scythe,17,17,1.0,100%,13.41,13.41,228,3,4.47,4.47,3.35,3.35
Hache Frénétique,Berseker Ax,11,17,0.65,65%,14.0,9.06,154,2,7.0,4.53,4.67,3.02
Armure d'Obsidienne,Obsidian Battle Plate,7,17,0.41,41%,20.0,8.24,140,2,10.0,4.12,6.67,2.75
Lame Affutée,Sharp Blade,14,17,0.82,82%,9.64,7.94,135,3,3.21,2.65,2.41,1.99
Gantelet Impérieux,Imperious Gauntlet,4,17,0.24,24%,30.0,7.06,120,1,30.0,7.06,15.0,3.53
Ascension Divine,Divine Ascent,4,17,0.24,24%,25.0,5.88,100,3,8.33,1.96,6.25,1.47
Esprit de l'Écuyer,Spirit of the Squire,11,17,0.65,65%,8.18,5.29,90,3,2.73,1.76,2.04,1.32
Faux Parfaite,Perfect Scythe,6,17,0.35,35%,15.0,5.29,90,0,Gratuit,Gratuit,15.0,5.29
Aveuglement,Incapacitor,15,17,0.88,88%,5.6,4.94,84,3,1.87,1.65,1.4,1.24
Lame Insatiable,Fast Furious Blade,5,17,0.29,29%,16.0,4.71,80,2,8.0,2.35,5.33,1.57
Faux Assoiffées,Thirsty Scythes,3,17,0.18,18%,25.0,4.41,75,3,8.33,1.47,6.25,1.1
Économe Sagesse du Trésorier,Treasurer's Wisdom,4,17,0.24,24%,17.0,4.0,68,2,8.5,2.0,5.67,1.33
Totem du Gardien,Guardian Totem,17,17,1.0,100%,4.0,4.0,68,3,1.33,1.33,1.0,1.0
Sabre Versatile,Versatil Saber,6,17,0.35,35%,11.0,3.88,66,1,11.0,3.88,5.5,1.94
Assistance Divine,Sacred Help,3,17,0.18,18%,20.0,3.53,60,2,10.0,1.76,6.67,1.18
Elan de Fureur,Rampage Momentum,4,17,0.24,24%,15.0,3.53,60,2,7.5,1.76,5.0,1.18
Chasseur d'Âmes,Soul Hunter,3,17,0.18,18%,18.33,3.24,55,1,18.33,3.24,9.16,1.62
Épée Obscure,Swords of Darkness,3,17,0.18,18%,17.0,3.0,51,1,17.0,3.0,8.5,1.5
Danse Macabre,Dance of Death,6,17,0.35,35%,8.0,2.82,48,1,8.0,2.82,4.0,1.41
Adrénaline Arcanique,Arcane Adrenaline,3,17,0.18,18%,16.0,2.82,48,1,16.0,2.82,8.0,1.41
Désintégrateur Magnétique,Magnetic Disintegrator,4,17,0.24,24%,11.0,2.59,44,0,Gratuit,Gratuit,11.0,2.59
Marteau Collecteur,Collecting Hammer,5,17,0.29,29%,8.0,2.35,40,2,4.0,1.18,2.67,0.78
Parchemin Secret,Secret Scroll,2,17,0.12,12%,18.0,2.12,36,2,9.0,1.06,6.0,0.71
Explosion Arcanique,Arcane Explosive,3,17,0.18,18%,12.0,2.12,36,1,12.0,2.12,6.0,1.06
Armure d'Immortel,Immortal Breastplate,2,17,0.12,12%,15.0,1.76,30,1,15.0,1.76,7.5,0.88
Triple Météore,Trimeteor,1,17,0.06,6%,30.0,1.76,30,0,Gratuit,Gratuit,30.0,1.76
Œil de Lynx,Hawk's Eye,3,17,0.18,18%,8.67,1.53,26,0,Gratuit,Gratuit,8.67,1.53
Coup de Mort,Death Helper,2,17,0.12,12%,11.5,1.35,23,1,11.5,1.35,5.75,0.68
Tombeau Rocheux,Rock Tomb,2,17,0.12,12%,10.0,1.18,20,1,10.0,1.18,5.0,0.59
Le Marionnettiste,The Puppeteer,1,17,0.06,6%,20.0,1.18,20,2,10.0,0.59,6.67,0.39
Marteleur précis,Precise Hammer,1,17,0.06,6%,18.0,1.06,18,1,18.0,1.06,9.0,0.53
Enchaînement Éclair,Unstoppable Lightning,1,17,0.06,6%,18.0,1.06,18,1,18.0,1.06,9.0,0.53
Mental d'Acier,Steel Aura,1,17,0.06,6%,18.0,1.06,18,2,9.0,0.53,6.0,0.35
Soif de Sang,Thirsty Dagger,1,17,0.06,6%,15.0,0.88,15,0,Gratuit,Gratuit,15.0,0.88
Masse Colossale,Colossal Mace,1,17,0.06,6%,11.0,0.65,11,0,Gratuit,Gratuit,11.0,0.65
Force Divine,Divine Impetu,1,17,0.06,6%,11.0,0.65,11,0,Gratuit,Gratuit,11.0,0.65
Épé Sainte,Holy Sword,1,17,0.06,6%,10.0,0.59,10,0,Gratuit,Gratuit,10.0,0.59
Griffes Sauvages,Wild Claw,3,17,0.18,18%,1.67,0.29,5,3,0.56,0.1,0.42,0.07
