,Nom Anglais,nb games valide,total games,ratio,%,pts moy,pts moy total,total point,cout,pts par cout moy,pts par cout total
Faux,Scythe,5,5,1.0,100%,15.8,15.8,79,3,5.27,5.27
Économe Sagesse du Trésorier,Treasurer's Wisdom,4,5,0.8,80%,17.0,13.6,68,2,8.5,6.8
Hache Frénétique,Berseker Ax,4,5,0.8,80%,14.0,11.2,56,2,7.0,5.6
Esprit de l'Écuyer,Spirit of the Squire,5,5,1.0,100%,8.4,8.4,42,3,2.8,2.8
Armure d'Obsidienne,Obsidian Battle Plate,2,5,0.4,40%,20.0,8.0,40,2,10.0,4.0
Lame Affutée,Sharp Blade,5,5,1.0,100%,7.8,7.8,39,3,2.6,2.6
Chasseresse d'Âmes,Huntress of Souls,2,5,0.4,40%,19.0,7.6,38,1,19.0,7.6
Griffes Démoniaques,Demon Claws,2,5,0.4,40%,17.0,6.8,34,1,17.0,6.8
Aveuglement,Incapacitor,4,5,0.8,80%,8.25,6.6,33,3,2.75,2.2
Adrénaline Arcanique,Arcane Adrenaline,2,5,0.4,40%,16.0,6.4,32,1,16.0,6.4
Lame Insatiable,Fast Furious Blade,2,5,0.4,40%,16.0,6.4,32,2,8.0,3.2
Elan de Fureur,Rampage Momentum,2,5,0.4,40%,15.0,6.0,30,2,7.5,3.0
Esquive Salvatrice,Evasive Protection,2,5,0.4,40%,15.0,6.0,30,0,Gratuit,Gratuit
Armure d'Immortel,Immortal Breastplate,2,5,0.4,40%,14.0,5.6,28,1,14.0,5.6
Faux Assoiffées,Thirsty Scythes,1,5,0.2,20%,25.0,5.0,25,3,8.33,1.67
Ascension Divine,Divine Ascent,1,5,0.2,20%,25.0,5.0,25,3,8.33,1.67
Totem du Gardien,Guardian Totem,5,5,1.0,100%,4.8,4.8,24,3,1.6,1.6
Sabre Versatile,Versatil Saber,2,5,0.4,40%,11.0,4.4,22,1,11.0,4.4
Coup de Mort,Death Helper,2,5,0.4,40%,10.0,4.0,20,1,10.0,4.0
Tombeau Rocheux,Rock Tomb,2,5,0.4,40%,10.0,4.0,20,1,10.0,4.0
Glaive Vindicatif,Large Sword of Hate,1,5,0.2,20%,20.0,4.0,20,1,20.0,4.0
Parchemin Secret,Secret Scroll,1,5,0.2,20%,18.0,3.6,18,2,9.0,1.8
Danse Macabre,Dance of Death,2,5,0.4,40%,8.0,3.2,16,1,8.0,3.2
Frappe Chirurgicale,Accurate Sword,1,5,0.2,20%,16.0,3.2,16,1,16.0,3.2
Chasseur d'Âmes,Soul Hunter,1,5,0.2,20%,15.0,3.0,15,1,15.0,3.0
Instinct Sanguinaire,Bloody Instinct,1,5,0.2,20%,15.0,3.0,15,2,7.5,1.5
Épée Obscure,Swords of Darkness,1,5,0.2,20%,15.0,3.0,15,1,15.0,3.0
Le Croque-mort,The Undertaker,1,5,0.2,20%,14.0,2.8,14,1,14.0,2.8
Couronne du Roi Nain,Crown of the Dwarf King,1,5,0.2,20%,13.0,2.6,13,0,Gratuit,Gratuit
Explosion Arcanique,Arcane Explosive,1,5,0.2,20%,12.0,2.4,12,1,12.0,2.4
Désintégrateur Magnétique,Magnetic Disintegrator,1,5,0.2,20%,11.0,2.2,11,0,Gratuit,Gratuit
Force Divine,Divine Impetu,1,5,0.2,20%,11.0,2.2,11,0,Gratuit,Gratuit
Masse Colossale,Colossal Mace,1,5,0.2,20%,11.0,2.2,11,0,Gratuit,Gratuit
Destruction Royale,Royal Destroyer,1,5,0.2,20%,11.0,2.2,11,0,Gratuit,Gratuit
Épées Jumelles,Twin Swords,1,5,0.2,20%,10.0,2.0,10,1,10.0,2.0
Griffes Sauvages,Wild Claw,5,5,1.0,100%,2.0,2.0,10,3,0.67,0.67
Épé Sainte,Holy Sword,1,5,0.2,20%,10.0,2.0,10,0,Gratuit,Gratuit
Œil de Lynx,Hawk's Eye,1,5,0.2,20%,8.0,1.6,8,0,Gratuit,Gratuit
Lance Doublée,Dual Spear,1,5,0.2,20%,8.0,1.6,8,0,Gratuit,Gratuit
