,Nom Anglais,nb games valide,total games,ratio,%,pts moy,pts moy total,total point,cout,pts par cout moy,pts par cout total,pts par cout moy+1,pts par cout total+1
Totem Équivalent,Equivalent Totem,8,8,1.0,100%,15.75,15.75,126,2,7.88,7.88,5.25,5.25
Faux,Scythe,8,8,1.0,100%,12.88,12.88,103,3,4.29,4.29,3.22,3.22
Armure d'Obsidienne,Obsidian Battle Plate,4,8,0.5,50%,20.0,10.0,80,2,10.0,5.0,6.67,3.33
Gantelet Impérieux,Imperious Gauntlet,2,8,0.25,25%,30.0,7.5,60,1,30.0,7.5,15.0,3.75
Hache Frénétique,Berseker Ax,4,8,0.5,50%,14.0,7.0,56,2,7.0,3.5,4.67,2.33
Lame Affutée,Sharp Blade,7,8,0.88,88%,7.29,6.38,51,3,2.43,2.13,1.82,1.59
Ascension Divine,Divine Ascent,2,8,0.25,25%,25.0,6.25,50,3,8.33,2.08,6.25,1.56
Esprit de l'Écuyer,Spirit of the Squire,6,8,0.75,75%,8.0,6.0,48,3,2.67,2.0,2.0,1.5
Assistance Divine,Sacred Help,2,8,0.25,25%,20.0,5.0,40,2,10.0,2.5,6.67,1.67
Aveuglement,Incapacitor,6,8,0.75,75%,6.5,4.88,39,3,2.17,1.63,1.62,1.22
Sabre Versatile,Versatil Saber,3,8,0.38,38%,11.0,4.12,33,1,11.0,4.12,5.5,2.06
Totem du Gardien,Guardian Totem,8,8,1.0,100%,4.0,4.0,32,3,1.33,1.33,1.0,1.0
Faux Parfaite,Perfect Scythe,2,8,0.25,25%,15.0,3.75,30,0,Gratuit,Gratuit,15.0,3.75
Faux Assoiffées,Thirsty Scythes,1,8,0.12,12%,25.0,3.12,25,3,8.33,1.04,6.25,0.78
Danse Macabre,Dance of Death,3,8,0.38,38%,8.0,3.0,24,1,8.0,3.0,4.0,1.5
Désintégrateur Magnétique,Magnetic Disintegrator,2,8,0.25,25%,11.0,2.75,22,0,Gratuit,Gratuit,11.0,2.75
Économe Sagesse du Trésorier,Treasurer's Wisdom,1,8,0.12,12%,17.0,2.12,17,2,8.5,1.06,5.67,0.71
Œil de Lynx,Hawk's Eye,2,8,0.25,25%,8.0,2.0,16,0,Gratuit,Gratuit,8.0,2.0
Adrénaline Arcanique,Arcane Adrenaline,1,8,0.12,12%,16.0,2.0,16,1,16.0,2.0,8.0,1.0
Soif de Sang,Thirsty Dagger,1,8,0.12,12%,15.0,1.88,15,0,Gratuit,Gratuit,15.0,1.88
Elan de Fureur,Rampage Momentum,1,8,0.12,12%,15.0,1.88,15,2,7.5,0.94,5.0,0.63
Chasseur d'Âmes,Soul Hunter,1,8,0.12,12%,15.0,1.88,15,1,15.0,1.88,7.5,0.94
Armure d'Immortel,Immortal Breastplate,1,8,0.12,12%,14.0,1.75,14,1,14.0,1.75,7.0,0.88
Explosion Arcanique,Arcane Explosive,1,8,0.12,12%,12.0,1.5,12,1,12.0,1.5,6.0,0.75
Masse Colossale,Colossal Mace,1,8,0.12,12%,11.0,1.38,11,0,Gratuit,Gratuit,11.0,1.38
Force Divine,Divine Impetu,1,8,0.12,12%,11.0,1.38,11,0,Gratuit,Gratuit,11.0,1.38
Tombeau Rocheux,Rock Tomb,1,8,0.12,12%,10.0,1.25,10,1,10.0,1.25,5.0,0.62
Coup de Mort,Death Helper,1,8,0.12,12%,10.0,1.25,10,1,10.0,1.25,5.0,0.62
Marteau Collecteur,Collecting Hammer,1,8,0.12,12%,6.0,0.75,6,2,3.0,0.38,2.0,0.25
Griffes Sauvages,Wild Claw,1,8,0.12,12%,1.0,0.12,1,3,0.33,0.04,0.25,0.03
