,Nom Anglais,nb games valide,total games,ratio,%,pts moy,pts moy total,total point,cout,pts par cout moy,pts par cout total
Faux,Scythe,12,12,1.0,100%,17.0,17.0,204,3,5.67,5.67
Aveuglement,Incapacitor,12,12,1.0,100%,16.5,16.5,198,3,5.5,5.5
Hache Frénétique,Berseker Ax,9,12,0.75,75%,14.0,10.5,126,2,7.0,5.25
Ascension Divine,Divine Ascent,5,12,0.42,42%,25.0,10.42,125,3,8.33,3.47
Armure d'Obsidienne,Obsidian Battle Plate,6,12,0.5,50%,20.0,10.0,120,2,10.0,5.0
Économe Sagesse du Trésorier,Treasurer's Wisdom,7,12,0.58,58%,17.0,9.92,119,2,8.5,4.96
Adrénaline Arcanique,Arcane Adrenaline,7,12,0.58,58%,16.0,9.33,112,1,16.0,9.33
Faux Assoiffées,Thirsty Scythes,4,12,0.33,33%,25.0,8.33,100,3,8.33,2.78
Bâton de Conquête,Conquering Staff,4,12,0.33,33%,24.0,8.0,96,2,12.0,4.0
Lame Affutée,Sharp Blade,10,12,0.83,83%,8.4,7.0,84,3,2.8,2.33
Lame Insatiable,Fast Furious Blade,5,12,0.42,42%,16.0,6.67,80,2,8.0,3.33
Glaive Vindicatif,Large Sword of Hate,4,12,0.33,33%,20.0,6.67,80,1,20.0,6.67
Esprit de l'Écuyer,Spirit of the Squire,10,12,0.83,83%,7.8,6.5,78,3,2.6,2.17
Parchemin Secret,Secret Scroll,4,12,0.33,33%,18.0,6.0,72,2,9.0,3.0
Totem du Gardien,Guardian Totem,12,12,1.0,100%,5.83,5.83,70,3,1.94,1.94
Armure d'Immortel,Immortal Breastplate,4,12,0.33,33%,14.0,4.67,56,1,14.0,4.67
Marteleur précis,Precise Hammer,3,12,0.25,25%,18.0,4.5,54,1,18.0,4.5
Griffes Sauvages,Wild Claw,11,12,0.92,92%,4.82,4.42,53,3,1.61,1.47
Tombeau Rocheux,Rock Tomb,5,12,0.42,42%,10.0,4.17,50,1,10.0,4.17
Explosion Arcanique,Arcane Explosive,4,12,0.33,33%,12.0,4.0,48,1,12.0,4.0
Œil de Lynx,Hawk's Eye,6,12,0.5,50%,8.0,4.0,48,0,Gratuit,Gratuit
Couronne du Roi Nain,Crown of the Dwarf King,3,12,0.25,25%,13.0,3.25,39,0,Gratuit,Gratuit
Chasseresse d'Âmes,Huntress of Souls,2,12,0.17,17%,19.0,3.17,38,1,19.0,3.17
Griffes Démoniaques,Demon Claws,2,12,0.17,17%,17.0,2.83,34,1,17.0,2.83
Sabre Versatile,Versatil Saber,3,12,0.25,25%,11.0,2.75,33,1,11.0,2.75
Chasseur d'Âmes,Soul Hunter,2,12,0.17,17%,15.0,2.5,30,1,15.0,2.5
Esquive Salvatrice,Evasive Protection,2,12,0.17,17%,15.0,2.5,30,0,Gratuit,Gratuit
Triple Météore,Trimeteor,1,12,0.08,8%,30.0,2.5,30,0,Gratuit,Gratuit
Coup de Mort,Death Helper,3,12,0.25,25%,10.0,2.5,30,1,10.0,2.5
Épée Obscure,Swords of Darkness,2,12,0.17,17%,15.0,2.5,30,1,15.0,2.5
Elan de Fureur,Rampage Momentum,2,12,0.17,17%,15.0,2.5,30,2,7.5,1.25
Danse Macabre,Dance of Death,3,12,0.25,25%,8.0,2.0,24,1,8.0,2.0
Le Marionnettiste,The Puppeteer,1,12,0.08,8%,20.0,1.67,20,2,10.0,0.83
Lance Triplée,Triple Spear,1,12,0.08,8%,20.0,1.67,20,0,Gratuit,Gratuit
Épées Jumelles,Twin Swords,2,12,0.17,17%,10.0,1.67,20,1,10.0,1.67
Pillard Féroce,Savage Looter,1,12,0.08,8%,20.0,1.67,20,1,20.0,1.67
Lance Doublée,Dual Spear,2,12,0.17,17%,8.0,1.33,16,0,Gratuit,Gratuit
Instinct Sanguinaire,Bloody Instinct,1,12,0.08,8%,15.0,1.25,15,2,7.5,0.62
Le Croque-mort,The Undertaker,1,12,0.08,8%,14.0,1.17,14,1,14.0,1.17
Bâton du Conquérant,Staff of Conquered Worlds,1,12,0.08,8%,11.0,0.92,11,0,Gratuit,Gratuit
Désintégrateur Magnétique,Magnetic Disintegrator,1,12,0.08,8%,11.0,0.92,11,0,Gratuit,Gratuit
Masse Colossale,Colossal Mace,1,12,0.08,8%,11.0,0.92,11,0,Gratuit,Gratuit
Épé Sainte,Holy Sword,1,12,0.08,8%,10.0,0.83,10,0,Gratuit,Gratuit
