,Nom Anglais,nb games valide,total games,ratio,%,pts moy,pts moy total,total point,cout,pts par cout moy,pts par cout total
Faux,Scythe,17,17,1.0,100%,16.71,16.71,284,3,5.57,5.57
Aveuglement,Incapacitor,17,17,1.0,100%,14.47,14.47,246,3,4.82,4.82
Économe Sagesse du Trésorier,Treasurer's Wisdom,11,17,0.65,65%,17.0,11.0,187,2,8.5,5.5
Hache Frénétique,Berseker Ax,13,17,0.76,76%,14.0,10.71,182,2,7.0,5.36
Armure d'Obsidienne,Obsidian Battle Plate,9,17,0.53,53%,20.0,10.59,180,2,10.0,5.29
Adrénaline Arcanique,Arcane Adrenaline,10,17,0.59,59%,16.0,9.41,160,1,16.0,9.41
Ascension Divine,Divine Ascent,6,17,0.35,35%,25.0,8.82,150,3,8.33,2.94
Lame Affutée,Sharp Blade,15,17,0.88,88%,8.6,7.59,129,3,2.87,2.53
Faux Assoiffées,Thirsty Scythes,5,17,0.29,29%,25.0,7.35,125,3,8.33,2.45
Esprit de l'Écuyer,Spirit of the Squire,15,17,0.88,88%,7.6,6.71,114,3,2.53,2.24
Lame Insatiable,Fast Furious Blade,7,17,0.41,41%,16.0,6.59,112,2,8.0,3.29
Parchemin Secret,Secret Scroll,6,17,0.35,35%,18.0,6.35,108,2,9.0,3.17
Glaive Vindicatif,Large Sword of Hate,5,17,0.29,29%,20.0,5.88,100,1,20.0,5.88
Bâton de Conquête,Conquering Staff,4,17,0.24,24%,24.0,5.65,96,2,12.0,2.83
Totem du Gardien,Guardian Totem,17,17,1.0,100%,5.29,5.29,90,3,1.76,1.76
Explosion Arcanique,Arcane Explosive,7,17,0.41,41%,12.0,4.94,84,1,12.0,4.94
Chasseresse d'Âmes,Huntress of Souls,4,17,0.24,24%,19.0,4.47,76,1,19.0,4.47
Griffes Sauvages,Wild Claw,16,17,0.94,94%,4.69,4.41,75,3,1.56,1.47
Armure d'Immortel,Immortal Breastplate,5,17,0.29,29%,14.0,4.12,70,1,14.0,4.12
Griffes Démoniaques,Demon Claws,4,17,0.24,24%,17.0,4.0,68,1,17.0,4.0
Sabre Versatile,Versatil Saber,6,17,0.35,35%,11.0,3.88,66,1,11.0,3.88
Tombeau Rocheux,Rock Tomb,6,17,0.35,35%,10.0,3.53,60,1,10.0,3.53
Œil de Lynx,Hawk's Eye,7,17,0.41,41%,8.0,3.29,56,0,Gratuit,Gratuit
Marteleur précis,Precise Hammer,3,17,0.18,18%,18.0,3.18,54,1,18.0,3.18
Couronne du Roi Nain,Crown of the Dwarf King,4,17,0.24,24%,13.0,3.06,52,0,Gratuit,Gratuit
Esquive Salvatrice,Evasive Protection,3,17,0.18,18%,15.0,2.65,45,0,Gratuit,Gratuit
Chasseur d'Âmes,Soul Hunter,3,17,0.18,18%,15.0,2.65,45,1,15.0,2.65
Pillard Féroce,Savage Looter,2,17,0.12,12%,20.0,2.35,40,1,20.0,2.35
Masse Colossale,Colossal Mace,3,17,0.18,18%,11.0,1.94,33,0,Gratuit,Gratuit
Danse Macabre,Dance of Death,4,17,0.24,24%,8.0,1.88,32,1,8.0,1.88
Triple Météore,Trimeteor,1,17,0.06,6%,30.0,1.76,30,0,Gratuit,Gratuit
Elan de Fureur,Rampage Momentum,2,17,0.12,12%,15.0,1.76,30,2,7.5,0.88
Instinct Sanguinaire,Bloody Instinct,2,17,0.12,12%,15.0,1.76,30,2,7.5,0.88
Épée Obscure,Swords of Darkness,2,17,0.12,12%,15.0,1.76,30,1,15.0,1.76
Coup de Mort,Death Helper,3,17,0.18,18%,10.0,1.76,30,1,10.0,1.76
Désintégrateur Magnétique,Magnetic Disintegrator,2,17,0.12,12%,11.0,1.29,22,0,Gratuit,Gratuit
Lance Triplée,Triple Spear,1,17,0.06,6%,20.0,1.18,20,0,Gratuit,Gratuit
Le Marionnettiste,The Puppeteer,1,17,0.06,6%,20.0,1.18,20,2,10.0,0.59
Épé Sainte,Holy Sword,2,17,0.12,12%,10.0,1.18,20,0,Gratuit,Gratuit
Assistance Divine,Sacred Help,1,17,0.06,6%,20.0,1.18,20,2,10.0,0.59
Épées Jumelles,Twin Swords,2,17,0.12,12%,10.0,1.18,20,1,10.0,1.18
Lance Doublée,Dual Spear,2,17,0.12,12%,8.0,0.94,16,0,Gratuit,Gratuit
Soif de Sang,Thirsty Dagger,1,17,0.06,6%,15.0,0.88,15,0,Gratuit,Gratuit
Le Croque-mort,The Undertaker,1,17,0.06,6%,14.0,0.82,14,1,14.0,0.82
Bâton du Conquérant,Staff of Conquered Worlds,1,17,0.06,6%,11.0,0.65,11,0,Gratuit,Gratuit
Destruction Royale,Royal Destroyer,1,17,0.06,6%,11.0,0.65,11,0,Gratuit,Gratuit
