,Nom Anglais,nb games valide,total games,ratio,%,pts moy,pts moy total,total point,cout,pts par cout moy,pts par cout total
Ascension Divine,Divine Ascent,2,2,1.0,100%,25.0,25.0,50,3,8.33,8.33
Faux Assoiffées,Thirsty Scythes,2,2,1.0,100%,25.0,25.0,50,3,8.33,8.33
Armure d'Obsidienne,Obsidian Battle Plate,2,2,1.0,100%,20.0,20.0,40,2,10.0,10.0
Faux,Scythe,2,2,1.0,100%,19.0,19.0,38,3,6.33,6.33
Totem Équivalent,Equivalent Totem,2,2,1.0,100%,18.0,18.0,36,1,18.0,18.0
Économe Sagesse du Trésorier,Treasurer's Wisdom,2,2,1.0,100%,17.0,17.0,34,2,8.5,8.5
Gantelet Impérieux,Imperious Gauntlet,1,2,0.5,50%,30.0,15.0,30,1,30.0,15.0
Faux Parfaite,Perfect Scythe,2,2,1.0,100%,15.0,15.0,30,0,Gratuit,Gratuit
Hache Frénétique,Berseker Ax,2,2,1.0,100%,14.0,14.0,28,2,7.0,7.0
Lame Affutée,Sharp Blade,2,2,1.0,100%,13.5,13.5,27,3,4.5,4.5
Désintégrateur Magnétique,Magnetic Disintegrator,2,2,1.0,100%,11.0,11.0,22,0,Gratuit,Gratuit
Pillard Féroce,Savage Looter,1,2,0.5,50%,20.0,10.0,20,1,20.0,10.0
Assistance Divine,Sacred Help,1,2,0.5,50%,20.0,10.0,20,2,10.0,5.0
Enchaînement Éclair,Unstoppable Lightning,1,2,0.5,50%,18.0,9.0,18,1,18.0,9.0
Épée Obscure,Swords of Darkness,1,2,0.5,50%,17.0,8.5,17,1,17.0,8.5
Lame Insatiable,Fast Furious Blade,1,2,0.5,50%,16.0,8.0,16,2,8.0,4.0
Adrénaline Arcanique,Arcane Adrenaline,1,2,0.5,50%,16.0,8.0,16,1,16.0,8.0
Esprit de l'Écuyer,Spirit of the Squire,2,2,1.0,100%,7.5,7.5,15,3,2.5,2.5
Elan de Fureur,Rampage Momentum,1,2,0.5,50%,15.0,7.5,15,2,7.5,3.75
Marteau Collecteur,Collecting Hammer,1,2,0.5,50%,12.0,6.0,12,2,6.0,3.0
Explosion Arcanique,Arcane Explosive,1,2,0.5,50%,12.0,6.0,12,1,12.0,6.0
Sabre Versatile,Versatil Saber,1,2,0.5,50%,11.0,5.5,11,1,11.0,5.5
Tombeau Rocheux,Rock Tomb,1,2,0.5,50%,10.0,5.0,10,1,10.0,5.0
Coup de Mort,Death Helper,1,2,0.5,50%,10.0,5.0,10,1,10.0,5.0
Épé Sainte,Holy Sword,1,2,0.5,50%,10.0,5.0,10,0,Gratuit,Gratuit
Griffes Sauvages,Wild Claw,2,2,1.0,100%,4.5,4.5,9,3,1.5,1.5
Aveuglement,Incapacitor,2,2,1.0,100%,4.5,4.5,9,3,1.5,1.5
Danse Macabre,Dance of Death,1,2,0.5,50%,8.0,4.0,8,1,8.0,4.0
Totem du Gardien,Guardian Totem,2,2,1.0,100%,1.5,1.5,3,3,0.5,0.5
