,Nom Anglais,nb games valide,total games,ratio,%,pts moy,pts moy total,total point,cout,pts par cout moy,pts par cout total,pts par cout moy+1,pts par cout total+1
Totem Équivalent,Equivalent Totem,17,17,1.0,100%,16.18,16.18,275,2,8.09,8.09,5.39,5.39
Faux,Scythe,17,17,1.0,100%,14.06,14.06,239,3,4.69,4.69,3.52,3.52
Armure d'Obsidienne,Obsidian Battle Plate,11,17,0.65,65%,20.0,12.94,220,2,10.0,6.47,6.67,4.31
Lame Affutée,Sharp Blade,15,17,0.88,88%,12.2,10.76,183,3,4.07,3.59,3.05,2.69
Ascension Divine,Divine Ascent,6,17,0.35,35%,25.0,8.82,150,3,8.33,2.94,6.25,2.21
Marteau Collecteur,Collecting Hammer,11,17,0.65,65%,12.73,8.24,140,2,6.37,4.12,4.24,2.75
Économe Sagesse du Trésorier,Treasurer's Wisdom,7,17,0.41,41%,17.0,7.0,119,2,8.5,3.5,5.67,2.33
Hache Frénétique,Berseker Ax,8,17,0.47,47%,14.0,6.59,112,2,7.0,3.29,4.67,2.2
Adrénaline Arcanique,Arcane Adrenaline,6,17,0.35,35%,16.0,5.65,96,1,16.0,5.65,8.0,2.83
Esprit de l'Écuyer,Spirit of the Squire,13,17,0.76,76%,6.92,5.29,90,3,2.31,1.76,1.73,1.32
Épée Obscure,Swords of Darkness,5,17,0.29,29%,17.0,5.0,85,1,17.0,5.0,8.5,2.5
Danse Macabre,Dance of Death,10,17,0.59,59%,8.0,4.71,80,1,8.0,4.71,4.0,2.35
Faux Assoiffées,Thirsty Scythes,3,17,0.18,18%,25.0,4.41,75,3,8.33,1.47,6.25,1.1
Elan de Fureur,Rampage Momentum,5,17,0.29,29%,15.0,4.41,75,2,7.5,2.21,5.0,1.47
Faux Parfaite,Perfect Scythe,5,17,0.29,29%,15.0,4.41,75,0,Gratuit,Gratuit,15.0,4.41
Marteleur précis,Precise Hammer,4,17,0.24,24%,18.0,4.24,72,1,18.0,4.24,9.0,2.12
Assistance Divine,Sacred Help,3,17,0.18,18%,20.0,3.53,60,2,10.0,1.76,6.67,1.18
Aveuglement,Incapacitor,13,17,0.76,76%,4.62,3.53,60,3,1.54,1.18,1.16,0.88
Explosion Arcanique,Arcane Explosive,5,17,0.29,29%,12.0,3.53,60,1,12.0,3.53,6.0,1.76
Gantelet Impérieux,Imperious Gauntlet,2,17,0.12,12%,30.0,3.53,60,1,30.0,3.53,15.0,1.76
Sabre Versatile,Versatil Saber,5,17,0.29,29%,11.0,3.24,55,1,11.0,3.24,5.5,1.62
Parchemin Secret,Secret Scroll,3,17,0.18,18%,18.0,3.18,54,2,9.0,1.59,6.0,1.06
Mental d'Acier,Steel Aura,3,17,0.18,18%,18.0,3.18,54,2,9.0,1.59,6.0,1.06
Désintégrateur Magnétique,Magnetic Disintegrator,4,17,0.24,24%,11.0,2.59,44,0,Gratuit,Gratuit,11.0,2.59
Totem du Gardien,Guardian Totem,14,17,0.82,82%,3.0,2.47,42,3,1.0,0.82,0.75,0.62
Chasseur d'Âmes,Soul Hunter,2,17,0.12,12%,20.0,2.35,40,1,20.0,2.35,10.0,1.18
Aura Légendaire,Legend Aura,1,17,0.06,6%,40.0,2.35,40,3,13.33,0.78,10.0,0.59
Coup de Mort,Death Helper,3,17,0.18,18%,13.0,2.29,39,1,13.0,2.29,6.5,1.15
Esprit omniprésent,Omnipresent Spirit,2,17,0.12,12%,18.0,2.12,36,2,9.0,1.06,6.0,0.71
Enchaînement Éclair,Unstoppable Lightning,2,17,0.12,12%,18.0,2.12,36,1,18.0,2.12,9.0,1.06
Lame Insatiable,Fast Furious Blade,2,17,0.12,12%,16.0,1.88,32,2,8.0,0.94,5.33,0.63
Armure d'Immortel,Immortal Breastplate,2,17,0.12,12%,16.0,1.88,32,1,16.0,1.88,8.0,0.94
Épé Sainte,Holy Sword,3,17,0.18,18%,10.0,1.76,30,0,Gratuit,Gratuit,10.0,1.76
Triple Météore,Trimeteor,1,17,0.06,6%,30.0,1.76,30,0,Gratuit,Gratuit,30.0,1.76
Masse Colossale,Colossal Mace,2,17,0.12,12%,15.0,1.76,30,0,Gratuit,Gratuit,15.0,1.76
Force Divine,Divine Impetu,2,17,0.12,12%,15.0,1.76,30,0,Gratuit,Gratuit,15.0,1.76
Soif de Sang,Thirsty Dagger,2,17,0.12,12%,15.0,1.76,30,0,Gratuit,Gratuit,15.0,1.76
Le Marionnettiste,The Puppeteer,1,17,0.06,6%,20.0,1.18,20,2,10.0,0.59,6.67,0.39
Être de Lumière,Being of Light,1,17,0.06,6%,18.0,1.06,18,1,18.0,1.06,9.0,0.53
Couronne du Roi Nain,Crown of the Dwarf King,1,17,0.06,6%,13.0,0.76,13,0,Gratuit,Gratuit,13.0,0.76
Griffes Sauvages,Wild Claw,7,17,0.41,41%,1.71,0.71,12,3,0.57,0.24,0.43,0.18
Tombeau Rocheux,Rock Tomb,1,17,0.06,6%,10.0,0.59,10,1,10.0,0.59,5.0,0.29
Œil de Lynx,Hawk's Eye,1,17,0.06,6%,10.0,0.59,10,0,Gratuit,Gratuit,10.0,0.59
