,Nom Anglais,nb games valide,total games,ratio,%,pts moy,pts moy total,total point,cout,pts par cout moy,pts par cout total
Faux,Scythe,11,11,1.0,100%,16.91,16.91,186,3,5.64,5.64
Armure d'Obsidienne,Obsidian Battle Plate,8,11,0.73,73%,20.0,14.55,160,2,10.0,7.28
Économe Sagesse du Trésorier,Treasurer's Wisdom,8,11,0.73,73%,17.0,12.36,136,2,8.5,6.18
Adrénaline Arcanique,Arcane Adrenaline,8,11,0.73,73%,16.0,11.64,128,1,16.0,11.64
Hache Frénétique,Berseker Ax,9,11,0.82,82%,14.0,11.45,126,2,7.0,5.72
Parchemin Secret,Secret Scroll,7,11,0.64,64%,18.0,11.45,126,2,9.0,5.72
Lame Insatiable,Fast Furious Blade,7,11,0.64,64%,16.0,10.18,112,2,8.0,5.09
Esprit de l'Écuyer,Spirit of the Squire,10,11,0.91,91%,10.5,9.55,105,3,3.5,3.18
Lame Affutée,Sharp Blade,9,11,0.82,82%,11.33,9.27,102,3,3.78,3.09
Faux Assoiffées,Thirsty Scythes,4,11,0.36,36%,25.0,9.09,100,3,8.33,3.03
Ascension Divine,Divine Ascent,4,11,0.36,36%,25.0,9.09,100,3,8.33,3.03
Marteleur précis,Precise Hammer,5,11,0.45,45%,18.0,8.18,90,1,18.0,8.18
Explosion Arcanique,Arcane Explosive,7,11,0.64,64%,12.0,7.64,84,1,12.0,7.64
Aveuglement,Incapacitor,10,11,0.91,91%,8.4,7.64,84,3,2.8,2.55
Glaive Vindicatif,Large Sword of Hate,4,11,0.36,36%,20.0,7.27,80,1,20.0,7.27
Désintégrateur Magnétique,Magnetic Disintegrator,7,11,0.64,64%,11.0,7.0,77,0,Gratuit,Gratuit
Destruction Royale,Royal Destroyer,6,11,0.55,55%,11.0,6.0,66,0,Gratuit,Gratuit
Épée Obscure,Swords of Darkness,4,11,0.36,36%,15.0,5.45,60,1,15.0,5.45
Esquive Salvatrice,Evasive Protection,4,11,0.36,36%,15.0,5.45,60,0,Gratuit,Gratuit
Chasseresse d'Âmes,Huntress of Souls,3,11,0.27,27%,19.0,5.18,57,1,19.0,5.18
Armure d'Immortel,Immortal Breastplate,4,11,0.36,36%,14.0,5.09,56,1,14.0,5.09
Sabre Versatile,Versatil Saber,5,11,0.45,45%,11.0,5.0,55,1,11.0,5.0
Enchaînement Éclair,Unstoppable Lightning,3,11,0.27,27%,18.0,4.91,54,1,18.0,4.91
Griffes Démoniaques,Demon Claws,3,11,0.27,27%,17.0,4.64,51,1,17.0,4.64
Elan de Fureur,Rampage Momentum,3,11,0.27,27%,15.0,4.09,45,2,7.5,2.04
Masse Colossale,Colossal Mace,4,11,0.36,36%,11.0,4.0,44,0,Gratuit,Gratuit
Aura Légendaire,Legend Aura,1,11,0.09,9%,40.0,3.64,40,3,13.33,1.21
Épées Jumelles,Twin Swords,4,11,0.36,36%,10.0,3.64,40,1,10.0,3.64
Coup de Mort,Death Helper,4,11,0.36,36%,10.0,3.64,40,1,10.0,3.64
Danse Macabre,Dance of Death,5,11,0.45,45%,8.0,3.64,40,1,8.0,3.64
Couronne du Roi Nain,Crown of the Dwarf King,3,11,0.27,27%,13.0,3.55,39,0,Gratuit,Gratuit
Totem du Gardien,Guardian Totem,11,11,1.0,100%,3.27,3.27,36,3,1.09,1.09
Esprit omniprésent,Omnipresent Spirit,2,11,0.18,18%,18.0,3.27,36,2,9.0,1.64
Griffes Sauvages,Wild Claw,11,11,1.0,100%,3.27,3.27,36,3,1.09,1.09
Tombeau Rocheux,Rock Tomb,3,11,0.27,27%,10.0,2.73,30,1,10.0,2.73
Bâton Élémentaire,Earthly Staff,2,11,0.18,18%,15.0,2.73,30,0,Gratuit,Gratuit
Épé Sainte,Holy Sword,3,11,0.27,27%,10.0,2.73,30,0,Gratuit,Gratuit
Le Croque-mort,The Undertaker,2,11,0.18,18%,14.0,2.55,28,1,14.0,2.55
Force Divine,Divine Impetu,2,11,0.18,18%,11.0,2.0,22,0,Gratuit,Gratuit
Assistance Divine,Sacred Help,1,11,0.09,9%,20.0,1.82,20,2,10.0,0.91
Le Marionnettiste,The Puppeteer,1,11,0.09,9%,20.0,1.82,20,2,10.0,0.91
Décharge Élémentaire,Elemental Discharge,1,11,0.09,9%,18.0,1.64,18,1,18.0,1.64
Lance Doublée,Dual Spear,2,11,0.18,18%,8.0,1.45,16,0,Gratuit,Gratuit
Soif de Sang,Thirsty Dagger,1,11,0.09,9%,15.0,1.36,15,0,Gratuit,Gratuit
Amulette Omnisciente,Omnipresent Amulet,1,11,0.09,9%,11.0,1.0,11,0,Gratuit,Gratuit
