,Nom Anglais,nb games valide,total games,ratio,%,pts moy,pts moy total,total point,cout,pts par cout moy,pts par cout total,pts par cout moy+1,pts par cout total+1
Faux,Scythe,7,7,1.0,100%,17.29,17.29,121,3,5.76,5.76,4.32,4.32
Totem Équivalent,Equivalent Totem,7,7,1.0,100%,17.14,17.14,120,2,8.57,8.57,5.71,5.71
Armure d'Obsidienne,Obsidian Battle Plate,5,7,0.71,71%,20.0,14.29,100,2,10.0,7.14,6.67,4.76
Faux Parfaite,Perfect Scythe,6,7,0.86,86%,15.0,12.86,90,0,Gratuit,Gratuit,15.0,12.86
Faux Assoiffées,Thirsty Scythes,3,7,0.43,43%,25.0,10.71,75,3,8.33,3.57,6.25,2.68
Ascension Divine,Divine Ascent,3,7,0.43,43%,25.0,10.71,75,3,8.33,3.57,6.25,2.68
Lame Affutée,Sharp Blade,6,7,0.86,86%,12.5,10.71,75,3,4.17,3.57,3.12,2.68
Hache Frénétique,Berseker Ax,5,7,0.71,71%,14.0,10.0,70,2,7.0,5.0,4.67,3.33
Économe Sagesse du Trésorier,Treasurer's Wisdom,4,7,0.57,57%,17.0,9.71,68,2,8.5,4.86,5.67,3.24
Gantelet Impérieux,Imperious Gauntlet,2,7,0.29,29%,30.0,8.57,60,1,30.0,8.57,15.0,4.29
Marteau Collecteur,Collecting Hammer,4,7,0.57,57%,12.0,6.86,48,2,6.0,3.43,4.0,2.29
Lame Insatiable,Fast Furious Blade,3,7,0.43,43%,16.0,6.86,48,2,8.0,3.43,5.33,2.29
Adrénaline Arcanique,Arcane Adrenaline,3,7,0.43,43%,16.0,6.86,48,1,16.0,6.86,8.0,3.43
Aura Légendaire,Legend Aura,1,7,0.14,14%,40.0,5.71,40,3,13.33,1.9,10.0,1.43
Esprit omniprésent,Omnipresent Spirit,2,7,0.29,29%,18.0,5.14,36,2,9.0,2.57,6.0,1.71
Enchaînement Éclair,Unstoppable Lightning,2,7,0.29,29%,18.0,5.14,36,1,18.0,5.14,9.0,2.57
Explosion Arcanique,Arcane Explosive,3,7,0.43,43%,12.0,5.14,36,1,12.0,5.14,6.0,2.57
Épée Obscure,Swords of Darkness,2,7,0.29,29%,17.0,4.86,34,1,17.0,4.86,8.5,2.43
Esprit de l'Écuyer,Spirit of the Squire,5,7,0.71,71%,6.0,4.29,30,3,2.0,1.43,1.5,1.07
Soif de Sang,Thirsty Dagger,2,7,0.29,29%,15.0,4.29,30,0,Gratuit,Gratuit,15.0,4.29
Elan de Fureur,Rampage Momentum,2,7,0.29,29%,15.0,4.29,30,2,7.5,2.15,5.0,1.43
Danse Macabre,Dance of Death,3,7,0.43,43%,8.0,3.43,24,1,8.0,3.43,4.0,1.72
Totem du Gardien,Guardian Totem,7,7,1.0,100%,3.29,3.29,23,3,1.1,1.1,0.82,0.82
Sabre Versatile,Versatil Saber,2,7,0.29,29%,11.0,3.14,22,1,11.0,3.14,5.5,1.57
Désintégrateur Magnétique,Magnetic Disintegrator,2,7,0.29,29%,11.0,3.14,22,0,Gratuit,Gratuit,11.0,3.14
Griffes Sauvages,Wild Claw,6,7,0.86,86%,3.33,2.86,20,3,1.11,0.95,0.83,0.71
Tombeau Rocheux,Rock Tomb,2,7,0.29,29%,10.0,2.86,20,1,10.0,2.86,5.0,1.43
Pillard Féroce,Savage Looter,1,7,0.14,14%,20.0,2.86,20,1,20.0,2.86,10.0,1.43
Assistance Divine,Sacred Help,1,7,0.14,14%,20.0,2.86,20,2,10.0,1.43,6.67,0.95
Épé Sainte,Holy Sword,2,7,0.29,29%,10.0,2.86,20,0,Gratuit,Gratuit,10.0,2.86
Marteleur précis,Precise Hammer,1,7,0.14,14%,18.0,2.57,18,1,18.0,2.57,9.0,1.28
Parchemin Secret,Secret Scroll,1,7,0.14,14%,18.0,2.57,18,2,9.0,1.28,6.0,0.86
Aveuglement,Incapacitor,5,7,0.71,71%,3.6,2.57,18,3,1.2,0.86,0.9,0.64
Couronne du Roi Nain,Crown of the Dwarf King,1,7,0.14,14%,13.0,1.86,13,0,Gratuit,Gratuit,13.0,1.86
Masse Colossale,Colossal Mace,1,7,0.14,14%,11.0,1.57,11,0,Gratuit,Gratuit,11.0,1.57
Force Divine,Divine Impetu,1,7,0.14,14%,11.0,1.57,11,0,Gratuit,Gratuit,11.0,1.57
Coup de Mort,Death Helper,1,7,0.14,14%,10.0,1.43,10,1,10.0,1.43,5.0,0.71
