,Nom Anglais,nb games valide,total games,ratio,%,pts moy,pts moy total,total point,cout,pts par cout moy,pts par cout total,pts par cout moy+1,pts par cout total+1
Armure d'Obsidienne,Obsidian Battle Plate,1,1,1.0,100%,20.0,20.0,20,2,10.0,10.0,6.67,6.67
Assistance Divine,Sacred Help,1,1,1.0,100%,20.0,20.0,20,2,10.0,10.0,6.67,6.67
Être de Lumière,Being of Light,1,1,1.0,100%,18.0,18.0,18,1,18.0,18.0,9.0,9.0
Mental d'Acier,Steel Aura,1,1,1.0,100%,18.0,18.0,18,2,9.0,9.0,6.0,6.0
Esprit omniprésent,Omnipresent Spirit,1,1,1.0,100%,18.0,18.0,18,2,9.0,9.0,6.0,6.0
Totem Équivalent,Equivalent Totem,1,1,1.0,100%,16.0,16.0,16,2,8.0,8.0,5.33,5.33
Faux,Scythe,1,1,1.0,100%,13.0,13.0,13,3,4.33,4.33,3.25,3.25
Marteau Collecteur,Collecting Hammer,1,1,1.0,100%,7.0,7.0,7,2,3.5,3.5,2.33,2.33
Esprit de l'Écuyer,Spirit of the Squire,1,1,1.0,100%,3.0,3.0,3,3,1.0,1.0,0.75,0.75
Aveuglement,Incapacitor,1,1,1.0,100%,3.0,3.0,3,3,1.0,1.0,0.75,0.75
Totem du Gardien,Guardian Totem,1,1,1.0,100%,2.0,2.0,2,3,0.67,0.67,0.5,0.5
