,Nom Anglais,nb games valide,total games,ratio,%,pts moy,pts moy total,total point,cout,pts par cout moy,pts par cout total,pts par cout moy+1,pts par cout total+1
Totem Équivalent,Equivalent Totem,11,11,1.0,100%,15.73,15.73,173,3,5.24,5.24,3.93,3.93
Hache Frénétique,Berseker Ax,10,11,0.91,91%,16.0,14.55,160,2,8.0,7.28,5.33,4.85
Faux,Scythe,11,11,1.0,100%,14.27,14.27,157,3,4.76,4.76,3.57,3.57
Épée Obscure,Swords of Darkness,7,11,0.64,64%,20.0,12.73,140,1,20.0,12.73,10.0,6.37
Lame Affutée,Sharp Blade,11,11,1.0,100%,12.55,12.55,138,3,4.18,4.18,3.14,3.14
Danse Macabre,Dance of Death,10,11,0.91,91%,10.0,9.09,100,1,10.0,9.09,5.0,4.54
Armure d'Obsidienne,Obsidian Battle Plate,5,11,0.45,45%,20.0,9.09,100,2,10.0,4.54,6.67,3.03
Masse Colossale,Colossal Mace,6,11,0.55,55%,15.0,8.18,90,0,Gratuit,Gratuit,15.0,8.18
Lame Insatiable,Fast Furious Blade,5,11,0.45,45%,18.0,8.18,90,2,9.0,4.09,6.0,2.73
Adrénaline Arcanique,Arcane Adrenaline,5,11,0.45,45%,16.0,7.27,80,1,16.0,7.27,8.0,3.63
Sabre Versatile,Versatil Saber,4,11,0.36,36%,18.0,6.55,72,1,18.0,6.55,9.0,3.27
Parchemin Secret,Secret Scroll,4,11,0.36,36%,18.0,6.55,72,2,9.0,3.27,6.0,2.18
Explosion Arcanique,Arcane Explosive,6,11,0.55,55%,12.0,6.55,72,1,12.0,6.55,6.0,3.27
Armure d'Immortel,Immortal Breastplate,3,11,0.27,27%,20.0,5.45,60,1,20.0,5.45,10.0,2.73
Esprit de l'Écuyer,Spirit of the Squire,9,11,0.82,82%,6.33,5.18,57,3,2.11,1.73,1.58,1.29
Aveuglement,Incapacitor,9,11,0.82,82%,6.0,4.91,54,3,2.0,1.64,1.5,1.23
Ascension Divine,Divine Ascent,2,11,0.18,18%,25.0,4.55,50,3,8.33,1.52,6.25,1.14
Faux Assoiffées,Thirsty Scythes,2,11,0.18,18%,25.0,4.55,50,3,8.33,1.52,6.25,1.14
Marteau Collecteur,Collecting Hammer,5,11,0.45,45%,9.8,4.45,49,2,4.9,2.23,3.27,1.48
Totem du Gardien,Guardian Totem,11,11,1.0,100%,4.27,4.27,47,3,1.42,1.42,1.07,1.07
Faux Parfaite,Perfect Scythe,3,11,0.27,27%,15.0,4.09,45,0,Gratuit,Gratuit,15.0,4.09
Elan de Fureur,Rampage Momentum,3,11,0.27,27%,15.0,4.09,45,1,15.0,4.09,7.5,2.04
Chasseresse d'Âmes,Huntress of Souls,2,11,0.18,18%,20.0,3.64,40,1,20.0,3.64,10.0,1.82
Décharge Élémentaire,Elemental Discharge,2,11,0.18,18%,20.0,3.64,40,1,20.0,3.64,10.0,1.82
Chasseur d'Âmes,Soul Hunter,2,11,0.18,18%,20.0,3.64,40,1,20.0,3.64,10.0,1.82
Griffes Démoniaques,Demon Claws,2,11,0.18,18%,17.0,3.09,34,1,17.0,3.09,8.5,1.54
Gantelet Impérieux,Imperious Gauntlet,1,11,0.09,9%,22.0,2.0,22,1,22.0,2.0,11.0,1.0
Enchaînement Éclair,Unstoppable Lightning,1,11,0.09,9%,22.0,2.0,22,2,11.0,1.0,7.33,0.67
Assistance Divine,Sacred Help,1,11,0.09,9%,20.0,1.82,20,2,10.0,0.91,6.67,0.61
Esprit omniprésent,Omnipresent Spirit,1,11,0.09,9%,18.0,1.64,18,2,9.0,0.82,6.0,0.55
Griffes Sauvages,Wild Claw,9,11,0.82,82%,1.67,1.36,15,3,0.56,0.45,0.42,0.34
Épé Sainte,Holy Sword,1,11,0.09,9%,15.0,1.36,15,0,Gratuit,Gratuit,15.0,1.36
Force Divine,Divine Impetu,1,11,0.09,9%,15.0,1.36,15,0,Gratuit,Gratuit,15.0,1.36
Coup de Mort,Death Helper,1,11,0.09,9%,13.0,1.18,13,1,13.0,1.18,6.5,0.59
Couronne du Roi Nain,Crown of the Dwarf King,1,11,0.09,9%,13.0,1.18,13,0,Gratuit,Gratuit,13.0,1.18
Œil de Lynx,Hawk's Eye,1,11,0.09,9%,8.0,0.73,8,0,Gratuit,Gratuit,8.0,0.73
