,Nom Anglais,nb games valide,total games,ratio,%,pts moy,pts moy total,total point,cout,pts par cout moy,pts par cout total
Faux,Scythe,13,13,1.0,100%,13.69,13.69,178,3,4.56,4.56
Armure d'Obsidienne,Obsidian Battle Plate,8,13,0.62,62%,20.0,12.31,160,2,10.0,6.16
Le Marionnettiste,The Puppeteer,8,13,0.62,62%,20.0,12.31,160,2,10.0,6.16
Esprit de l'Écuyer,Spirit of the Squire,12,13,0.92,92%,12.5,11.54,150,3,4.17,3.85
Lame Affutée,Sharp Blade,12,13,0.92,92%,9.25,8.54,111,3,3.08,2.85
Économe Sagesse du Trésorier,Treasurer's Wisdom,6,13,0.46,46%,17.0,7.85,102,2,8.5,3.92
Aveuglement,Incapacitor,13,13,1.0,100%,7.38,7.38,96,3,2.46,2.46
Hache Frénétique,Berseker Ax,6,13,0.46,46%,14.0,6.46,84,2,7.0,3.23
Adrénaline Arcanique,Arcane Adrenaline,5,13,0.38,38%,16.0,6.15,80,1,16.0,6.15
Coup de Mort,Death Helper,7,13,0.54,54%,10.0,5.38,70,1,10.0,5.38
Sabre Versatile,Versatil Saber,6,13,0.46,46%,11.0,5.08,66,1,11.0,5.08
Épée Obscure,Swords of Darkness,4,13,0.31,31%,15.0,4.62,60,1,15.0,4.62
Totem du Gardien,Guardian Totem,13,13,1.0,100%,4.31,4.31,56,3,1.44,1.44
Ascension Divine,Divine Ascent,2,13,0.15,15%,25.0,3.85,50,3,8.33,1.28
Elan de Fureur,Rampage Momentum,3,13,0.23,23%,15.0,3.46,45,2,7.5,1.73
Instinct Sanguinaire,Bloody Instinct,3,13,0.23,23%,15.0,3.46,45,2,7.5,1.73
Armure d'Immortel,Immortal Breastplate,3,13,0.23,23%,14.0,3.23,42,1,14.0,3.23
Le Croque-mort,The Undertaker,3,13,0.23,23%,14.0,3.23,42,1,14.0,3.23
Griffes Sauvages,Wild Claw,12,13,0.92,92%,3.5,3.23,42,3,1.17,1.08
Épées Jumelles,Twin Swords,4,13,0.31,31%,10.0,3.08,40,1,10.0,3.08
Assistance Divine,Sacred Help,2,13,0.15,15%,20.0,3.08,40,2,10.0,1.54
Esprit omniprésent,Omnipresent Spirit,2,13,0.15,15%,18.0,2.77,36,2,9.0,1.39
Explosion Arcanique,Arcane Explosive,3,13,0.23,23%,12.0,2.77,36,1,12.0,2.77
Marteleur précis,Precise Hammer,2,13,0.15,15%,18.0,2.77,36,1,18.0,2.77
Danse Macabre,Dance of Death,4,13,0.31,31%,8.0,2.46,32,1,8.0,2.46
Lame Insatiable,Fast Furious Blade,2,13,0.15,15%,16.0,2.46,32,2,8.0,1.23
Épé Sainte,Holy Sword,3,13,0.23,23%,10.0,2.31,30,0,Gratuit,Gratuit
Esquive Salvatrice,Evasive Protection,2,13,0.15,15%,15.0,2.31,30,0,Gratuit,Gratuit
Soif de Sang,Thirsty Dagger,2,13,0.15,15%,15.0,2.31,30,0,Gratuit,Gratuit
Chasseur d'Âmes,Soul Hunter,2,13,0.15,15%,15.0,2.31,30,1,15.0,2.31
Faux Assoiffées,Thirsty Scythes,1,13,0.08,8%,25.0,1.92,25,3,8.33,0.64
Lance Doublée,Dual Spear,3,13,0.23,23%,8.0,1.85,24,0,Gratuit,Gratuit
Amulette Omnisciente,Omnipresent Amulet,2,13,0.15,15%,11.0,1.69,22,0,Gratuit,Gratuit
Force Divine,Divine Impetu,2,13,0.15,15%,11.0,1.69,22,0,Gratuit,Gratuit
Mental d'Acier,Steel Aura,1,13,0.08,8%,18.0,1.38,18,2,9.0,0.69
Bâton Élémentaire,Earthly Staff,1,13,0.08,8%,15.0,1.15,15,0,Gratuit,Gratuit
Couronne du Roi Nain,Crown of the Dwarf King,1,13,0.08,8%,13.0,1.0,13,0,Gratuit,Gratuit
Désintégrateur Magnétique,Magnetic Disintegrator,1,13,0.08,8%,11.0,0.85,11,0,Gratuit,Gratuit
Masse Colossale,Colossal Mace,1,13,0.08,8%,11.0,0.85,11,0,Gratuit,Gratuit
Destruction Royale,Royal Destroyer,1,13,0.08,8%,11.0,0.85,11,0,Gratuit,Gratuit
Tombeau Rocheux,Rock Tomb,1,13,0.08,8%,10.0,0.77,10,1,10.0,0.77
