,Nom Anglais,nb games valide,total games,ratio,%,pts moy,pts moy total,total point,cout,pts par cout moy,pts par cout total,pts par cout moy+1,pts par cout total+1
Totem Équivalent,Equivalent Totem,30,30,1.0,100%,16.37,16.37,491,2,8.19,8.19,5.46,5.46
Faux,Scythe,30,30,1.0,100%,13.5,13.5,405,3,4.5,4.5,3.38,3.38
Esprit de l'Écuyer,Spirit of the Squire,27,30,0.9,90%,11.22,10.1,303,3,3.74,3.37,2.81,2.52
Lame Affutée,Sharp Blade,28,30,0.93,93%,10.82,10.1,303,3,3.61,3.37,2.71,2.52
Gantelet Impérieux,Imperious Gauntlet,10,30,0.33,33%,30.0,10.0,300,1,30.0,10.0,15.0,5.0
Armure d'Obsidienne,Obsidian Battle Plate,14,30,0.47,47%,20.0,9.33,280,2,10.0,4.67,6.67,3.11
Hache Frénétique,Berseker Ax,17,30,0.57,57%,14.0,7.93,238,2,7.0,3.96,4.67,2.64
Économe Sagesse du Trésorier,Treasurer's Wisdom,13,30,0.43,43%,17.0,7.37,221,2,8.5,3.69,5.67,2.46
Ascension Divine,Divine Ascent,8,30,0.27,27%,25.0,6.67,200,3,8.33,2.22,6.25,1.67
Faux Parfaite,Perfect Scythe,13,30,0.43,43%,15.0,6.5,195,0,Gratuit,Gratuit,15.0,6.5
Adrénaline Arcanique,Arcane Adrenaline,12,30,0.4,40%,16.0,6.4,192,1,16.0,6.4,8.0,3.2
Assistance Divine,Sacred Help,9,30,0.3,30%,20.0,6.0,180,2,10.0,3.0,6.67,2.0
Marteau Collecteur,Collecting Hammer,16,30,0.53,53%,10.94,5.83,175,2,5.47,2.92,3.65,1.94
Coup de Mort,Death Helper,13,30,0.43,43%,13.0,5.63,169,1,13.0,5.63,6.5,2.81
Aveuglement,Incapacitor,27,30,0.9,90%,5.33,4.8,144,3,1.78,1.6,1.33,1.2
Esprit omniprésent,Omnipresent Spirit,7,30,0.23,23%,18.0,4.2,126,2,9.0,2.1,6.0,1.4
Sabre Versatile,Versatil Saber,11,30,0.37,37%,11.0,4.03,121,1,11.0,4.03,5.5,2.02
Aura Légendaire,Legend Aura,3,30,0.1,10%,40.0,4.0,120,3,13.33,1.33,10.0,1.0
Le Marionnettiste,The Puppeteer,6,30,0.2,20%,20.0,4.0,120,2,10.0,2.0,6.67,1.33
Elan de Fureur,Rampage Momentum,8,30,0.27,27%,15.0,4.0,120,2,7.5,2.0,5.0,1.33
Épée Obscure,Swords of Darkness,7,30,0.23,23%,17.0,3.97,119,1,17.0,3.97,8.5,1.99
Totem du Gardien,Guardian Totem,30,30,1.0,100%,3.47,3.47,104,3,1.16,1.16,0.87,0.87
Explosion Arcanique,Arcane Explosive,8,30,0.27,27%,12.0,3.2,96,1,12.0,3.2,6.0,1.6
Force Divine,Divine Impetu,6,30,0.2,20%,15.0,3.0,90,0,Gratuit,Gratuit,15.0,3.0
Danse Macabre,Dance of Death,11,30,0.37,37%,8.0,2.93,88,1,8.0,2.93,4.0,1.47
Armure d'Immortel,Immortal Breastplate,5,30,0.17,17%,16.0,2.67,80,1,16.0,2.67,8.0,1.33
Lame Insatiable,Fast Furious Blade,5,30,0.17,17%,16.0,2.67,80,2,8.0,1.33,5.33,0.89
Soif de Sang,Thirsty Dagger,5,30,0.17,17%,15.0,2.5,75,0,Gratuit,Gratuit,15.0,2.5
Enchaînement Éclair,Unstoppable Lightning,4,30,0.13,13%,18.0,2.4,72,1,18.0,2.4,9.0,1.2
Mental d'Acier,Steel Aura,4,30,0.13,13%,18.0,2.4,72,2,9.0,1.2,6.0,0.8
Parchemin Secret,Secret Scroll,4,30,0.13,13%,18.0,2.4,72,2,9.0,1.2,6.0,0.8
Chasseur d'Âmes,Soul Hunter,3,30,0.1,10%,20.0,2.0,60,1,20.0,2.0,10.0,1.0
Désintégrateur Magnétique,Magnetic Disintegrator,4,30,0.13,13%,11.0,1.47,44,0,Gratuit,Gratuit,11.0,1.47
Tombeau Rocheux,Rock Tomb,4,30,0.13,13%,10.0,1.33,40,1,10.0,1.33,5.0,0.67
Griffes Sauvages,Wild Claw,19,30,0.63,63%,1.95,1.23,37,3,0.65,0.41,0.49,0.31
Être de Lumière,Being of Light,2,30,0.07,7%,18.0,1.2,36,1,18.0,1.2,9.0,0.6
Triple Météore,Trimeteor,1,30,0.03,3%,30.0,1.0,30,0,Gratuit,Gratuit,30.0,1.0
Amulette Omnisciente,Omnipresent Amulet,2,30,0.07,7%,15.0,1.0,30,0,Gratuit,Gratuit,15.0,1.0
Couronne du Roi Nain,Crown of the Dwarf King,2,30,0.07,7%,13.0,0.87,26,0,Gratuit,Gratuit,13.0,0.87
Faux Assoiffées,Thirsty Scythes,1,30,0.03,3%,25.0,0.83,25,3,8.33,0.28,6.25,0.21
Bâton du Conquérant,Staff of Conquered Worlds,2,30,0.07,7%,11.0,0.73,22,0,Gratuit,Gratuit,11.0,0.73
Pillard Féroce,Savage Looter,1,30,0.03,3%,20.0,0.67,20,1,20.0,0.67,10.0,0.34
Chasseresse d'Âmes,Huntress of Souls,1,30,0.03,3%,19.0,0.63,19,1,19.0,0.63,9.5,0.32
Marteleur précis,Precise Hammer,1,30,0.03,3%,18.0,0.6,18,1,18.0,0.6,9.0,0.3
Griffes Démoniaques,Demon Claws,1,30,0.03,3%,17.0,0.57,17,1,17.0,0.57,8.5,0.28
Masse de Siège,Siege Mace,1,30,0.03,3%,16.0,0.53,16,0,Gratuit,Gratuit,16.0,0.53
Masse Colossale,Colossal Mace,1,30,0.03,3%,15.0,0.5,15,0,Gratuit,Gratuit,15.0,0.5
Épé Sainte,Holy Sword,1,30,0.03,3%,10.0,0.33,10,0,Gratuit,Gratuit,10.0,0.33
Œil de Lynx,Hawk's Eye,1,30,0.03,3%,10.0,0.33,10,0,Gratuit,Gratuit,10.0,0.33
