,Nom Anglais,nb games valide,total games,ratio,%,pts moy,pts moy total,total point,cout,pts par cout moy,pts par cout total,pts par cout moy+1,pts par cout total+1
Totem Équivalent,Equivalent Totem,7,7,1.0,100%,16.57,16.57,116,2,8.29,8.29,5.52,5.52
Marteau Collecteur,Collecting Hammer,5,7,0.71,71%,21.6,15.43,108,2,10.8,7.71,7.2,5.14
Lame Affutée,Sharp Blade,7,7,1.0,100%,15.0,15.0,105,3,5.0,5.0,3.75,3.75
Économe Sagesse du Trésorier,Treasurer's Wisdom,6,7,0.86,86%,17.0,14.57,102,2,8.5,7.29,5.67,4.86
Armure d'Obsidienne,Obsidian Battle Plate,5,7,0.71,71%,20.0,14.29,100,2,10.0,7.14,6.67,4.76
Faux,Scythe,7,7,1.0,100%,14.29,14.29,100,3,4.76,4.76,3.57,3.57
Épée Obscure,Swords of Darkness,5,7,0.71,71%,17.0,12.14,85,1,17.0,12.14,8.5,6.07
Esprit omniprésent,Omnipresent Spirit,4,7,0.57,57%,18.0,10.29,72,2,9.0,5.14,6.0,3.43
Hache Frénétique,Berseker Ax,5,7,0.71,71%,14.0,10.0,70,2,7.0,5.0,4.67,3.33
Lame Insatiable,Fast Furious Blade,4,7,0.57,57%,16.0,9.14,64,2,8.0,4.57,5.33,3.05
Adrénaline Arcanique,Arcane Adrenaline,4,7,0.57,57%,16.0,9.14,64,1,16.0,9.14,8.0,4.57
Explosion Arcanique,Arcane Explosive,5,7,0.71,71%,12.0,8.57,60,1,12.0,8.57,6.0,4.29
Faux Parfaite,Perfect Scythe,4,7,0.57,57%,15.0,8.57,60,0,Gratuit,Gratuit,15.0,8.57
Elan de Fureur,Rampage Momentum,4,7,0.57,57%,15.0,8.57,60,2,7.5,4.29,5.0,2.86
Gantelet Impérieux,Imperious Gauntlet,2,7,0.29,29%,30.0,8.57,60,1,30.0,8.57,15.0,4.29
Parchemin Secret,Secret Scroll,3,7,0.43,43%,18.0,7.71,54,2,9.0,3.85,6.0,2.57
Enchaînement Éclair,Unstoppable Lightning,3,7,0.43,43%,18.0,7.71,54,1,18.0,7.71,9.0,3.85
Marteleur précis,Precise Hammer,3,7,0.43,43%,18.0,7.71,54,1,18.0,7.71,9.0,3.85
Couronne du Roi Nain,Crown of the Dwarf King,4,7,0.57,57%,13.0,7.43,52,0,Gratuit,Gratuit,13.0,7.43
Esprit de l'Écuyer,Spirit of the Squire,6,7,0.86,86%,8.0,6.86,48,3,2.67,2.29,2.0,1.72
Chasseur d'Âmes,Soul Hunter,3,7,0.43,43%,15.0,6.43,45,1,15.0,6.43,7.5,3.21
Sabre Versatile,Versatil Saber,4,7,0.57,57%,11.0,6.29,44,1,11.0,6.29,5.5,3.15
Épé Sainte,Holy Sword,4,7,0.57,57%,10.0,5.71,40,0,Gratuit,Gratuit,10.0,5.71
Tombeau Rocheux,Rock Tomb,4,7,0.57,57%,10.0,5.71,40,1,10.0,5.71,5.0,2.85
Aura Légendaire,Legend Aura,1,7,0.14,14%,40.0,5.71,40,3,13.33,1.9,10.0,1.43
Danse Macabre,Dance of Death,5,7,0.71,71%,8.0,5.71,40,1,8.0,5.71,4.0,2.85
Force Divine,Divine Impetu,3,7,0.43,43%,11.0,4.71,33,0,Gratuit,Gratuit,11.0,4.71
Masse Colossale,Colossal Mace,3,7,0.43,43%,11.0,4.71,33,0,Gratuit,Gratuit,11.0,4.71
Ascension Divine,Divine Ascent,1,7,0.14,14%,25.0,3.57,25,3,8.33,1.19,6.25,0.89
Faux Assoiffées,Thirsty Scythes,1,7,0.14,14%,25.0,3.57,25,3,8.33,1.19,6.25,0.89
Totem du Gardien,Guardian Totem,7,7,1.0,100%,3.0,3.0,21,3,1.0,1.0,0.75,0.75
Pillard Féroce,Savage Looter,1,7,0.14,14%,20.0,2.86,20,1,20.0,2.86,10.0,1.43
Masse de Siège,Siege Mace,1,7,0.14,14%,16.0,2.29,16,0,Gratuit,Gratuit,16.0,2.29
Soif de Sang,Thirsty Dagger,1,7,0.14,14%,15.0,2.14,15,0,Gratuit,Gratuit,15.0,2.14
Armure d'Immortel,Immortal Breastplate,1,7,0.14,14%,14.0,2.0,14,1,14.0,2.0,7.0,1.0
Aveuglement,Incapacitor,2,7,0.29,29%,6.0,1.71,12,3,2.0,0.57,1.5,0.43
Amulette Omnisciente,Omnipresent Amulet,1,7,0.14,14%,11.0,1.57,11,0,Gratuit,Gratuit,11.0,1.57
Griffes Sauvages,Wild Claw,6,7,0.86,86%,1.67,1.43,10,3,0.56,0.48,0.42,0.36
Coup de Mort,Death Helper,1,7,0.14,14%,10.0,1.43,10,1,10.0,1.43,5.0,0.71
