,Nom Anglais,nb games valide,total games,ratio,%,pts moy,pts moy total,total point,cout,pts par cout moy,pts par cout total,pts par cout moy+1,pts par cout total+1
Totem Équivalent,Equivalent Totem,9,9,1.0,100%,16.44,16.44,148,2,8.22,8.22,5.48,5.48
Lame Affutée,Sharp Blade,9,9,1.0,100%,15.33,15.33,138,3,5.11,5.11,3.83,3.83
Faux,Scythe,9,9,1.0,100%,14.0,14.0,126,3,4.67,4.67,3.5,3.5
Armure d'Obsidienne,Obsidian Battle Plate,6,9,0.67,67%,20.0,13.33,120,2,10.0,6.67,6.67,4.44
Économe Sagesse du Trésorier,Treasurer's Wisdom,7,9,0.78,78%,17.0,13.22,119,2,8.5,6.61,5.67,4.41
Marteau Collecteur,Collecting Hammer,5,9,0.56,56%,21.6,12.0,108,2,10.8,6.0,7.2,4.0
Épée Obscure,Swords of Darkness,6,9,0.67,67%,17.0,11.33,102,1,17.0,11.33,8.5,5.67
Astéroïde Fatal,Final Asteroid,1,9,0.11,11%,100.0,11.11,100,0,Gratuit,Gratuit,100.0,11.11
Hache Frénétique,Berseker Ax,7,9,0.78,78%,14.0,10.89,98,2,7.0,5.45,4.67,3.63
Explosion Arcanique,Arcane Explosive,7,9,0.78,78%,12.0,9.33,84,1,12.0,9.33,6.0,4.67
Adrénaline Arcanique,Arcane Adrenaline,5,9,0.56,56%,16.0,8.89,80,1,16.0,8.89,8.0,4.45
Elan de Fureur,Rampage Momentum,5,9,0.56,56%,15.0,8.33,75,2,7.5,4.17,5.0,2.78
Parchemin Secret,Secret Scroll,4,9,0.44,44%,18.0,8.0,72,2,9.0,4.0,6.0,2.67
Esprit omniprésent,Omnipresent Spirit,4,9,0.44,44%,18.0,8.0,72,2,9.0,4.0,6.0,2.67
Enchaînement Éclair,Unstoppable Lightning,4,9,0.44,44%,18.0,8.0,72,1,18.0,8.0,9.0,4.0
Pluie de Météorites,Meteorites,1,9,0.11,11%,70.0,7.78,70,0,Gratuit,Gratuit,70.0,7.78
Esprit de l'Écuyer,Spirit of the Squire,8,9,0.89,89%,8.62,7.67,69,3,2.87,2.56,2.15,1.92
Couronne du Roi Nain,Crown of the Dwarf King,5,9,0.56,56%,13.0,7.22,65,0,Gratuit,Gratuit,13.0,7.22
Lame Insatiable,Fast Furious Blade,4,9,0.44,44%,16.0,7.11,64,2,8.0,3.56,5.33,2.37
Faux Parfaite,Perfect Scythe,4,9,0.44,44%,15.0,6.67,60,0,Gratuit,Gratuit,15.0,6.67
Gantelet Impérieux,Imperious Gauntlet,2,9,0.22,22%,30.0,6.67,60,1,30.0,6.67,15.0,3.33
Sabre Versatile,Versatil Saber,5,9,0.56,56%,11.0,6.11,55,1,11.0,6.11,5.5,3.06
Marteleur précis,Precise Hammer,3,9,0.33,33%,18.0,6.0,54,1,18.0,6.0,9.0,3.0
Épé Sainte,Holy Sword,5,9,0.56,56%,10.0,5.56,50,0,Gratuit,Gratuit,10.0,5.56
Tombeau Rocheux,Rock Tomb,5,9,0.56,56%,10.0,5.56,50,1,10.0,5.56,5.0,2.78
Ascension Divine,Divine Ascent,2,9,0.22,22%,25.0,5.56,50,3,8.33,1.85,6.25,1.39
Danse Macabre,Dance of Death,6,9,0.67,67%,8.0,5.33,48,1,8.0,5.33,4.0,2.67
Chasseur d'Âmes,Soul Hunter,3,9,0.33,33%,15.0,5.0,45,1,15.0,5.0,7.5,2.5
Masse Colossale,Colossal Mace,4,9,0.44,44%,11.0,4.89,44,0,Gratuit,Gratuit,11.0,4.89
Aura Légendaire,Legend Aura,1,9,0.11,11%,40.0,4.44,40,3,13.33,1.48,10.0,1.11
Force Divine,Divine Impetu,3,9,0.33,33%,11.0,3.67,33,0,Gratuit,Gratuit,11.0,3.67
Triple Météore,Trimeteor,1,9,0.11,11%,30.0,3.33,30,0,Gratuit,Gratuit,30.0,3.33
Totem du Gardien,Guardian Totem,9,9,1.0,100%,3.0,3.0,27,3,1.0,1.0,0.75,0.75
Faux Assoiffées,Thirsty Scythes,1,9,0.11,11%,25.0,2.78,25,3,8.33,0.93,6.25,0.69
Aveuglement,Incapacitor,3,9,0.33,33%,7.0,2.33,21,3,2.33,0.78,1.75,0.58
Pillard Féroce,Savage Looter,1,9,0.11,11%,20.0,2.22,20,1,20.0,2.22,10.0,1.11
Coup de Mort,Death Helper,2,9,0.22,22%,10.0,2.22,20,1,10.0,2.22,5.0,1.11
Assistance Divine,Sacred Help,1,9,0.11,11%,20.0,2.22,20,2,10.0,1.11,6.67,0.74
Être de Lumière,Being of Light,1,9,0.11,11%,18.0,2.0,18,1,18.0,2.0,9.0,1.0
Mental d'Acier,Steel Aura,1,9,0.11,11%,18.0,2.0,18,2,9.0,1.0,6.0,0.67
Masse de Siège,Siege Mace,1,9,0.11,11%,16.0,1.78,16,0,Gratuit,Gratuit,16.0,1.78
Soif de Sang,Thirsty Dagger,1,9,0.11,11%,15.0,1.67,15,0,Gratuit,Gratuit,15.0,1.67
Armure d'Immortel,Immortal Breastplate,1,9,0.11,11%,14.0,1.56,14,1,14.0,1.56,7.0,0.78
Griffes Sauvages,Wild Claw,7,9,0.78,78%,1.57,1.22,11,3,0.52,0.41,0.39,0.3
Désintégrateur Magnétique,Magnetic Disintegrator,1,9,0.11,11%,11.0,1.22,11,0,Gratuit,Gratuit,11.0,1.22
Amulette Omnisciente,Omnipresent Amulet,1,9,0.11,11%,11.0,1.22,11,0,Gratuit,Gratuit,11.0,1.22
