,Nom Anglais,nb games valide,total games,ratio,%,pts moy,pts moy total,total point,cout,pts par cout moy,pts par cout total,pts par cout moy+1,pts par cout total+1
Totem Équivalent,Equivalent Totem,8,8,1.0,100%,16.75,16.75,134,2,8.38,8.38,5.58,5.58
Lame Affutée,Sharp Blade,8,8,1.0,100%,16.12,16.12,129,3,5.37,5.37,4.03,4.03
Économe Sagesse du Trésorier,Treasurer's Wisdom,7,8,0.88,88%,17.0,14.88,119,2,8.5,7.44,5.67,4.96
Faux,Scythe,8,8,1.0,100%,14.38,14.38,115,3,4.79,4.79,3.6,3.6
Marteau Collecteur,Collecting Hammer,5,8,0.62,62%,21.6,13.5,108,2,10.8,6.75,7.2,4.5
Épée Obscure,Swords of Darkness,6,8,0.75,75%,17.0,12.75,102,1,17.0,12.75,8.5,6.38
Armure d'Obsidienne,Obsidian Battle Plate,5,8,0.62,62%,20.0,12.5,100,2,10.0,6.25,6.67,4.17
Astéroïde Fatal,Final Asteroid,1,8,0.12,12%,100.0,12.5,100,0,Gratuit,Gratuit,100.0,12.5
Hache Frénétique,Berseker Ax,6,8,0.75,75%,14.0,10.5,84,2,7.0,5.25,4.67,3.5
Elan de Fureur,Rampage Momentum,5,8,0.62,62%,15.0,9.38,75,2,7.5,4.69,5.0,3.13
Parchemin Secret,Secret Scroll,4,8,0.5,50%,18.0,9.0,72,2,9.0,4.5,6.0,3.0
Esprit omniprésent,Omnipresent Spirit,4,8,0.5,50%,18.0,9.0,72,2,9.0,4.5,6.0,3.0
Enchaînement Éclair,Unstoppable Lightning,4,8,0.5,50%,18.0,9.0,72,1,18.0,9.0,9.0,4.5
Explosion Arcanique,Arcane Explosive,6,8,0.75,75%,12.0,9.0,72,1,12.0,9.0,6.0,4.5
Pluie de Météorites,Meteorites,1,8,0.12,12%,70.0,8.75,70,0,Gratuit,Gratuit,70.0,8.75
Couronne du Roi Nain,Crown of the Dwarf King,5,8,0.62,62%,13.0,8.12,65,0,Gratuit,Gratuit,13.0,8.12
Lame Insatiable,Fast Furious Blade,4,8,0.5,50%,16.0,8.0,64,2,8.0,4.0,5.33,2.67
Adrénaline Arcanique,Arcane Adrenaline,4,8,0.5,50%,16.0,8.0,64,1,16.0,8.0,8.0,4.0
Faux Parfaite,Perfect Scythe,4,8,0.5,50%,15.0,7.5,60,0,Gratuit,Gratuit,15.0,7.5
Gantelet Impérieux,Imperious Gauntlet,2,8,0.25,25%,30.0,7.5,60,1,30.0,7.5,15.0,3.75
Esprit de l'Écuyer,Spirit of the Squire,7,8,0.88,88%,8.14,7.12,57,3,2.71,2.37,2.04,1.78
Marteleur précis,Precise Hammer,3,8,0.38,38%,18.0,6.75,54,1,18.0,6.75,9.0,3.38
Épé Sainte,Holy Sword,5,8,0.62,62%,10.0,6.25,50,0,Gratuit,Gratuit,10.0,6.25
Tombeau Rocheux,Rock Tomb,5,8,0.62,62%,10.0,6.25,50,1,10.0,6.25,5.0,3.12
Ascension Divine,Divine Ascent,2,8,0.25,25%,25.0,6.25,50,3,8.33,2.08,6.25,1.56
Danse Macabre,Dance of Death,6,8,0.75,75%,8.0,6.0,48,1,8.0,6.0,4.0,3.0
Chasseur d'Âmes,Soul Hunter,3,8,0.38,38%,15.0,5.62,45,1,15.0,5.62,7.5,2.81
Sabre Versatile,Versatil Saber,4,8,0.5,50%,11.0,5.5,44,1,11.0,5.5,5.5,2.75
Masse Colossale,Colossal Mace,4,8,0.5,50%,11.0,5.5,44,0,Gratuit,Gratuit,11.0,5.5
Aura Légendaire,Legend Aura,1,8,0.12,12%,40.0,5.0,40,3,13.33,1.67,10.0,1.25
Force Divine,Divine Impetu,3,8,0.38,38%,11.0,4.12,33,0,Gratuit,Gratuit,11.0,4.12
Triple Météore,Trimeteor,1,8,0.12,12%,30.0,3.75,30,0,Gratuit,Gratuit,30.0,3.75
Faux Assoiffées,Thirsty Scythes,1,8,0.12,12%,25.0,3.12,25,3,8.33,1.04,6.25,0.78
Totem du Gardien,Guardian Totem,8,8,1.0,100%,3.0,3.0,24,3,1.0,1.0,0.75,0.75
Aveuglement,Incapacitor,3,8,0.38,38%,7.0,2.62,21,3,2.33,0.87,1.75,0.66
Pillard Féroce,Savage Looter,1,8,0.12,12%,20.0,2.5,20,1,20.0,2.5,10.0,1.25
Assistance Divine,Sacred Help,1,8,0.12,12%,20.0,2.5,20,2,10.0,1.25,6.67,0.83
Mental d'Acier,Steel Aura,1,8,0.12,12%,18.0,2.25,18,2,9.0,1.12,6.0,0.75
Être de Lumière,Being of Light,1,8,0.12,12%,18.0,2.25,18,1,18.0,2.25,9.0,1.12
Masse de Siège,Siege Mace,1,8,0.12,12%,16.0,2.0,16,0,Gratuit,Gratuit,16.0,2.0
Soif de Sang,Thirsty Dagger,1,8,0.12,12%,15.0,1.88,15,0,Gratuit,Gratuit,15.0,1.88
Armure d'Immortel,Immortal Breastplate,1,8,0.12,12%,14.0,1.75,14,1,14.0,1.75,7.0,0.88
Griffes Sauvages,Wild Claw,7,8,0.88,88%,1.57,1.38,11,3,0.52,0.46,0.39,0.34
Désintégrateur Magnétique,Magnetic Disintegrator,1,8,0.12,12%,11.0,1.38,11,0,Gratuit,Gratuit,11.0,1.38
Amulette Omnisciente,Omnipresent Amulet,1,8,0.12,12%,11.0,1.38,11,0,Gratuit,Gratuit,11.0,1.38
Coup de Mort,Death Helper,1,8,0.12,12%,10.0,1.25,10,1,10.0,1.25,5.0,0.62
