,Nom Anglais,nb games valide,total games,ratio,%,pts moy,pts moy total,total point,cout,pts par cout moy,pts par cout total
Faux,Scythe,12,12,1.0,100%,13.75,13.75,165,3,4.58,4.58
Armure d'Obsidienne,Obsidian Battle Plate,8,12,0.67,67%,20.0,13.33,160,2,10.0,6.67
Le Marionnettiste,The Puppeteer,7,12,0.58,58%,20.0,11.67,140,2,10.0,5.83
Esprit de l'Écuyer,Spirit of the Squire,11,12,0.92,92%,12.0,11.0,132,3,4.0,3.67
Lame Affutée,Sharp Blade,11,12,0.92,92%,9.55,8.75,105,3,3.18,2.92
Aveuglement,Incapacitor,12,12,1.0,100%,7.5,7.5,90,3,2.5,2.5
Économe Sagesse du Trésorier,Treasurer's Wisdom,5,12,0.42,42%,17.0,7.08,85,2,8.5,3.54
Hache Frénétique,Berseker Ax,5,12,0.42,42%,14.0,5.83,70,2,7.0,2.92
Sabre Versatile,Versatil Saber,6,12,0.5,50%,11.0,5.5,66,1,11.0,5.5
Adrénaline Arcanique,Arcane Adrenaline,4,12,0.33,33%,16.0,5.33,64,1,16.0,5.33
Coup de Mort,Death Helper,6,12,0.5,50%,10.0,5.0,60,1,10.0,5.0
Épée Obscure,Swords of Darkness,4,12,0.33,33%,15.0,5.0,60,1,15.0,5.0
Totem du Gardien,Guardian Totem,12,12,1.0,100%,4.25,4.25,51,3,1.42,1.42
Ascension Divine,Divine Ascent,2,12,0.17,17%,25.0,4.17,50,3,8.33,1.39
Instinct Sanguinaire,Bloody Instinct,3,12,0.25,25%,15.0,3.75,45,2,7.5,1.88
Elan de Fureur,Rampage Momentum,3,12,0.25,25%,15.0,3.75,45,2,7.5,1.88
Le Croque-mort,The Undertaker,3,12,0.25,25%,14.0,3.5,42,1,14.0,3.5
Armure d'Immortel,Immortal Breastplate,3,12,0.25,25%,14.0,3.5,42,1,14.0,3.5
Épées Jumelles,Twin Swords,4,12,0.33,33%,10.0,3.33,40,1,10.0,3.33
Assistance Divine,Sacred Help,2,12,0.17,17%,20.0,3.33,40,2,10.0,1.67
Griffes Sauvages,Wild Claw,11,12,0.92,92%,3.55,3.25,39,3,1.18,1.08
Explosion Arcanique,Arcane Explosive,3,12,0.25,25%,12.0,3.0,36,1,12.0,3.0
Marteleur précis,Precise Hammer,2,12,0.17,17%,18.0,3.0,36,1,18.0,3.0
Esprit omniprésent,Omnipresent Spirit,2,12,0.17,17%,18.0,3.0,36,2,9.0,1.5
Lame Insatiable,Fast Furious Blade,2,12,0.17,17%,16.0,2.67,32,2,8.0,1.33
Danse Macabre,Dance of Death,4,12,0.33,33%,8.0,2.67,32,1,8.0,2.67
Épé Sainte,Holy Sword,3,12,0.25,25%,10.0,2.5,30,0,Gratuit,Gratuit
Esquive Salvatrice,Evasive Protection,2,12,0.17,17%,15.0,2.5,30,0,Gratuit,Gratuit
Chasseur d'Âmes,Soul Hunter,2,12,0.17,17%,15.0,2.5,30,1,15.0,2.5
Soif de Sang,Thirsty Dagger,2,12,0.17,17%,15.0,2.5,30,0,Gratuit,Gratuit
Faux Assoiffées,Thirsty Scythes,1,12,0.08,8%,25.0,2.08,25,3,8.33,0.69
Lance Doublée,Dual Spear,3,12,0.25,25%,8.0,2.0,24,0,Gratuit,Gratuit
Amulette Omnisciente,Omnipresent Amulet,2,12,0.17,17%,11.0,1.83,22,0,Gratuit,Gratuit
Force Divine,Divine Impetu,2,12,0.17,17%,11.0,1.83,22,0,Gratuit,Gratuit
Mental d'Acier,Steel Aura,1,12,0.08,8%,18.0,1.5,18,2,9.0,0.75
Bâton Élémentaire,Earthly Staff,1,12,0.08,8%,15.0,1.25,15,0,Gratuit,Gratuit
Couronne du Roi Nain,Crown of the Dwarf King,1,12,0.08,8%,13.0,1.08,13,0,Gratuit,Gratuit
Masse Colossale,Colossal Mace,1,12,0.08,8%,11.0,0.92,11,0,Gratuit,Gratuit
Tombeau Rocheux,Rock Tomb,1,12,0.08,8%,10.0,0.83,10,1,10.0,0.83
