,Nom Anglais,nb games valide,total games,ratio,%,pts moy,pts moy total,total point,cout,pts par cout moy,pts par cout total,pts par cout moy+1,pts par cout total+1
Gantelet Impérieux,Imperious Gauntlet,1,1,1.0,100%,30.0,30.0,30,1,30.0,30.0,15.0,15.0
Le Marionnettiste,The Puppeteer,1,1,1.0,100%,20.0,20.0,20,2,10.0,10.0,6.67,6.67
Mental d'Acier,Steel Aura,1,1,1.0,100%,18.0,18.0,18,2,9.0,9.0,6.0,6.0
Faux Parfaite,Perfect Scythe,1,1,1.0,100%,15.0,15.0,15,0,Gratuit,Gratuit,15.0,15.0
Totem Équivalent,Equivalent Totem,1,1,1.0,100%,13.0,13.0,13,2,6.5,6.5,4.33,4.33
Bâton du Conquérant,Staff of Conquered Worlds,1,1,1.0,100%,11.0,11.0,11,0,Gratuit,Gratuit,11.0,11.0
Faux,Scythe,1,1,1.0,100%,11.0,11.0,11,3,3.67,3.67,2.75,2.75
Aveuglement,Incapacitor,1,1,1.0,100%,9.0,9.0,9,3,3.0,3.0,2.25,2.25
Marteau Collecteur,Collecting Hammer,1,1,1.0,100%,7.0,7.0,7,2,3.5,3.5,2.33,2.33
Totem du Gardien,Guardian Totem,1,1,1.0,100%,3.0,3.0,3,3,1.0,1.0,0.75,0.75
