,Nom Anglais,nb games valide,total games,ratio,%,pts moy,pts moy total,total point,cout,pts par cout moy,pts par cout total
Gantelet Impérieux,Imperious Gauntlet,2,3,0.67,67%,30.0,20.0,60,1,30.0,20.0
Faux,Scythe,3,3,1.0,100%,18.0,18.0,54,3,6.0,6.0
Totem Équivalent,Equivalent Totem,3,3,1.0,100%,17.67,17.67,53,1,17.67,17.67
Économe Sagesse du Trésorier,Treasurer's Wisdom,3,3,1.0,100%,17.0,17.0,51,2,8.5,8.5
Ascension Divine,Divine Ascent,2,3,0.67,67%,25.0,16.67,50,3,8.33,5.56
Faux Assoiffées,Thirsty Scythes,2,3,0.67,67%,25.0,16.67,50,3,8.33,5.56
Lame Affutée,Sharp Blade,3,3,1.0,100%,15.0,15.0,45,3,5.0,5.0
Faux Parfaite,Perfect Scythe,3,3,1.0,100%,15.0,15.0,45,0,Gratuit,Gratuit
Hache Frénétique,Berseker Ax,3,3,1.0,100%,14.0,14.0,42,2,7.0,7.0
Armure d'Obsidienne,Obsidian Battle Plate,2,3,0.67,67%,20.0,13.33,40,2,10.0,6.67
Adrénaline Arcanique,Arcane Adrenaline,2,3,0.67,67%,16.0,10.67,32,1,16.0,10.67
Aveuglement,Incapacitor,3,3,1.0,100%,9.0,9.0,27,3,3.0,3.0
Bâton de Conquête,Conquering Staff,1,3,0.33,33%,24.0,8.0,24,2,12.0,4.0
Enchaînement Éclair,Unstoppable Lightning,1,3,0.33,33%,18.0,6.0,18,1,18.0,6.0
Épée Obscure,Swords of Darkness,1,3,0.33,33%,17.0,5.67,17,1,17.0,5.67
Danse Macabre,Dance of Death,2,3,0.67,67%,8.0,5.33,16,1,8.0,5.33
Elan de Fureur,Rampage Momentum,1,3,0.33,33%,15.0,5.0,15,2,7.5,2.5
Esprit de l'Écuyer,Spirit of the Squire,3,3,1.0,100%,5.0,5.0,15,3,1.67,1.67
Armure d'Immortel,Immortal Breastplate,1,3,0.33,33%,14.0,4.67,14,1,14.0,4.67
Sabre Versatile,Versatil Saber,1,3,0.33,33%,11.0,3.67,11,1,11.0,3.67
Bâton du Conquérant,Staff of Conquered Worlds,1,3,0.33,33%,11.0,3.67,11,0,Gratuit,Gratuit
Épé Sainte,Holy Sword,1,3,0.33,33%,10.0,3.33,10,0,Gratuit,Gratuit
Totem du Gardien,Guardian Totem,3,3,1.0,100%,3.0,3.0,9,3,1.0,1.0
Griffes Sauvages,Wild Claw,2,3,0.67,67%,1.0,0.67,2,3,0.33,0.22
