,Nom Anglais,nb games valide,total games,ratio,%,pts moy,pts moy total,total point,cout,pts par cout moy,pts par cout total
Faux,Scythe,9,9,1.0,100%,14.56,14.56,131,3,4.85,4.85
Aveuglement,Incapacitor,9,9,1.0,100%,9.67,9.67,87,3,3.22,3.22
Armure d'Obsidienne,Obsidian Battle Plate,3,9,0.33,33%,20.0,6.67,60,2,10.0,3.33
Lame Affutée,Sharp Blade,7,9,0.78,78%,8.57,6.67,60,3,2.86,2.22
Esprit omniprésent,Omnipresent Spirit,3,9,0.33,33%,18.0,6.0,54,2,9.0,3.0
Économe Sagesse du Trésorier,Treasurer's Wisdom,3,9,0.33,33%,17.0,5.67,51,2,8.5,2.83
Ascension Divine,Divine Ascent,2,9,0.22,22%,25.0,5.56,50,3,8.33,1.85
Hache Frénétique,Berseker Ax,3,9,0.33,33%,14.0,4.67,42,2,7.0,2.33
Esprit de l'Écuyer,Spirit of the Squire,6,9,0.67,67%,6.5,4.33,39,3,2.17,1.44
Totem du Gardien,Guardian Totem,9,9,1.0,100%,3.89,3.89,35,3,1.3,1.3
Adrénaline Arcanique,Arcane Adrenaline,2,9,0.22,22%,16.0,3.56,32,1,16.0,3.56
Elan de Fureur,Rampage Momentum,2,9,0.22,22%,15.0,3.33,30,2,7.5,1.67
Épée Obscure,Swords of Darkness,2,9,0.22,22%,15.0,3.33,30,1,15.0,3.33
Faux Assoiffées,Thirsty Scythes,1,9,0.11,11%,25.0,2.78,25,3,8.33,0.93
Épées Jumelles,Twin Swords,2,9,0.22,22%,10.0,2.22,20,1,10.0,2.22
Le Marionnettiste,The Puppeteer,1,9,0.11,11%,20.0,2.22,20,2,10.0,1.11
Glaive Vindicatif,Large Sword of Hate,1,9,0.11,11%,20.0,2.22,20,1,20.0,2.22
Griffes Sauvages,Wild Claw,7,9,0.78,78%,2.43,1.89,17,3,0.81,0.63
Lance Doublée,Dual Spear,2,9,0.22,22%,8.0,1.78,16,0,Gratuit,Gratuit
Lame Insatiable,Fast Furious Blade,1,9,0.11,11%,16.0,1.78,16,2,8.0,0.89
Danse Macabre,Dance of Death,2,9,0.22,22%,8.0,1.78,16,1,8.0,1.78
Soif de Sang,Thirsty Dagger,1,9,0.11,11%,15.0,1.67,15,0,Gratuit,Gratuit
Chasseur d'Âmes,Soul Hunter,1,9,0.11,11%,15.0,1.67,15,1,15.0,1.67
Coup de Mort,Death Helper,1,9,0.11,11%,10.0,1.11,10,1,10.0,1.11
Épé Sainte,Holy Sword,1,9,0.11,11%,10.0,1.11,10,0,Gratuit,Gratuit
Œil de Lynx,Hawk's Eye,1,9,0.11,11%,8.0,0.89,8,0,Gratuit,Gratuit
