,Nom Anglais,nb games valide,total games,ratio,%,pts moy,pts moy total,total point,cout,pts par cout moy,pts par cout total
Faux,Scythe,12,12,1.0,100%,14.25,14.25,171,3,4.75,4.75
Aveuglement,Incapacitor,12,12,1.0,100%,8.75,8.75,105,3,2.92,2.92
Armure d'Obsidienne,Obsidian Battle Plate,5,12,0.42,42%,20.0,8.33,100,2,10.0,4.17
Lame Affutée,Sharp Blade,10,12,0.83,83%,7.5,6.25,75,3,2.5,2.08
Esprit omniprésent,Omnipresent Spirit,3,12,0.25,25%,18.0,4.5,54,2,9.0,2.25
Économe Sagesse du Trésorier,Treasurer's Wisdom,3,12,0.25,25%,17.0,4.25,51,2,8.5,2.12
Ascension Divine,Divine Ascent,2,12,0.17,17%,25.0,4.17,50,3,8.33,1.39
Esprit de l'Écuyer,Spirit of the Squire,7,12,0.58,58%,6.86,4.0,48,3,2.29,1.33
Épée Obscure,Swords of Darkness,3,12,0.25,25%,15.0,3.75,45,1,15.0,3.75
Totem du Gardien,Guardian Totem,12,12,1.0,100%,3.67,3.67,44,3,1.22,1.22
Hache Frénétique,Berseker Ax,3,12,0.25,25%,14.0,3.5,42,2,7.0,1.75
Adrénaline Arcanique,Arcane Adrenaline,2,12,0.17,17%,16.0,2.67,32,1,16.0,2.67
Épées Jumelles,Twin Swords,3,12,0.25,25%,10.0,2.5,30,1,10.0,2.5
Elan de Fureur,Rampage Momentum,2,12,0.17,17%,15.0,2.5,30,2,7.5,1.25
Soif de Sang,Thirsty Dagger,2,12,0.17,17%,15.0,2.5,30,0,Gratuit,Gratuit
Faux Assoiffées,Thirsty Scythes,1,12,0.08,8%,25.0,2.08,25,3,8.33,0.69
Lance Doublée,Dual Spear,3,12,0.25,25%,8.0,2.0,24,0,Gratuit,Gratuit
Le Marionnettiste,The Puppeteer,1,12,0.08,8%,20.0,1.67,20,2,10.0,0.83
Griffes Sauvages,Wild Claw,9,12,0.75,75%,2.22,1.67,20,3,0.74,0.56
Glaive Vindicatif,Large Sword of Hate,1,12,0.08,8%,20.0,1.67,20,1,20.0,1.67
Lame Insatiable,Fast Furious Blade,1,12,0.08,8%,16.0,1.33,16,2,8.0,0.67
Danse Macabre,Dance of Death,2,12,0.17,17%,8.0,1.33,16,1,8.0,1.33
Chasseur d'Âmes,Soul Hunter,1,12,0.08,8%,15.0,1.25,15,1,15.0,1.25
Coup de Mort,Death Helper,1,12,0.08,8%,10.0,0.83,10,1,10.0,0.83
Épé Sainte,Holy Sword,1,12,0.08,8%,10.0,0.83,10,0,Gratuit,Gratuit
Œil de Lynx,Hawk's Eye,1,12,0.08,8%,8.0,0.67,8,0,Gratuit,Gratuit
