,Nom Anglais,nb games valide,total games,ratio,%,pts moy,pts moy total,total point,cout,pts par cout moy,pts par cout total
Faux,Scythe,8,8,1.0,100%,14.88,14.88,119,3,4.96,4.96
Aveuglement,Incapacitor,8,8,1.0,100%,9.38,9.38,75,3,3.13,3.13
Lame Affutée,Sharp Blade,6,8,0.75,75%,9.0,6.75,54,3,3.0,2.25
Économe Sagesse du Trésorier,Treasurer's Wisdom,3,8,0.38,38%,17.0,6.38,51,2,8.5,3.19
Ascension Divine,Divine Ascent,2,8,0.25,25%,25.0,6.25,50,3,8.33,2.08
Hache Frénétique,Berseker Ax,3,8,0.38,38%,14.0,5.25,42,2,7.0,2.62
Armure d'Obsidienne,Obsidian Battle Plate,2,8,0.25,25%,20.0,5.0,40,2,10.0,2.5
Esprit de l'Écuyer,Spirit of the Squire,6,8,0.75,75%,6.5,4.88,39,3,2.17,1.63
Esprit omniprésent,Omnipresent Spirit,2,8,0.25,25%,18.0,4.5,36,2,9.0,2.25
Totem du Gardien,Guardian Totem,8,8,1.0,100%,4.12,4.12,33,3,1.37,1.37
Adrénaline Arcanique,Arcane Adrenaline,2,8,0.25,25%,16.0,4.0,32,1,16.0,4.0
Elan de Fureur,Rampage Momentum,2,8,0.25,25%,15.0,3.75,30,2,7.5,1.88
Épée Obscure,Swords of Darkness,2,8,0.25,25%,15.0,3.75,30,1,15.0,3.75
Faux Assoiffées,Thirsty Scythes,1,8,0.12,12%,25.0,3.12,25,3,8.33,1.04
Épées Jumelles,Twin Swords,2,8,0.25,25%,10.0,2.5,20,1,10.0,2.5
Le Marionnettiste,The Puppeteer,1,8,0.12,12%,20.0,2.5,20,2,10.0,1.25
Glaive Vindicatif,Large Sword of Hate,1,8,0.12,12%,20.0,2.5,20,1,20.0,2.5
Lance Doublée,Dual Spear,2,8,0.25,25%,8.0,2.0,16,0,Gratuit,Gratuit
Lame Insatiable,Fast Furious Blade,1,8,0.12,12%,16.0,2.0,16,2,8.0,1.0
Griffes Sauvages,Wild Claw,6,8,0.75,75%,2.67,2.0,16,3,0.89,0.67
Danse Macabre,Dance of Death,2,8,0.25,25%,8.0,2.0,16,1,8.0,2.0
Soif de Sang,Thirsty Dagger,1,8,0.12,12%,15.0,1.88,15,0,Gratuit,Gratuit
Chasseur d'Âmes,Soul Hunter,1,8,0.12,12%,15.0,1.88,15,1,15.0,1.88
Coup de Mort,Death Helper,1,8,0.12,12%,10.0,1.25,10,1,10.0,1.25
Épé Sainte,Holy Sword,1,8,0.12,12%,10.0,1.25,10,0,Gratuit,Gratuit
Œil de Lynx,Hawk's Eye,1,8,0.12,12%,8.0,1.0,8,0,Gratuit,Gratuit
