,Nom Anglais,nb games valide,total games,ratio,%,pts moy,pts moy total,total point,cout,pts par cout moy,pts par cout total
Armure d'Obsidienne,Obsidian Battle Plate,7,9,0.78,78%,20.0,15.56,140,2,10.0,7.78
Faux,Scythe,9,9,1.0,100%,14.67,14.67,132,3,4.89,4.89
Esprit de l'Écuyer,Spirit of the Squire,7,9,0.78,78%,11.14,8.67,78,3,3.71,2.89
Faux Assoiffées,Thirsty Scythes,3,9,0.33,33%,25.0,8.33,75,3,8.33,2.78
Hache Frénétique,Berseker Ax,5,9,0.56,56%,14.0,7.78,70,2,7.0,3.89
Lame Affutée,Sharp Blade,9,9,1.0,100%,7.67,7.67,69,3,2.56,2.56
Aveuglement,Incapacitor,9,9,1.0,100%,7.67,7.67,69,3,2.56,2.56
Esquive Salvatrice,Evasive Protection,4,9,0.44,44%,15.0,6.67,60,0,Gratuit,Gratuit
Armure d'Immortel,Immortal Breastplate,4,9,0.44,44%,14.0,6.22,56,1,14.0,6.22
Sabre Versatile,Versatil Saber,5,9,0.56,56%,11.0,6.11,55,1,11.0,6.11
Marteleur précis,Precise Hammer,3,9,0.33,33%,18.0,6.0,54,1,18.0,6.0
Économe Sagesse du Trésorier,Treasurer's Wisdom,3,9,0.33,33%,17.0,5.67,51,2,8.5,2.83
Ascension Divine,Divine Ascent,2,9,0.22,22%,25.0,5.56,50,3,8.33,1.85
Coup de Mort,Death Helper,5,9,0.56,56%,10.0,5.56,50,1,10.0,5.56
Lame Insatiable,Fast Furious Blade,3,9,0.33,33%,16.0,5.33,48,2,8.0,2.67
Adrénaline Arcanique,Arcane Adrenaline,3,9,0.33,33%,16.0,5.33,48,1,16.0,5.33
Épée Obscure,Swords of Darkness,3,9,0.33,33%,15.0,5.0,45,1,15.0,5.0
Le Marionnettiste,The Puppeteer,2,9,0.22,22%,20.0,4.44,40,2,10.0,2.22
Parchemin Secret,Secret Scroll,2,9,0.22,22%,18.0,4.0,36,2,9.0,2.0
Totem du Gardien,Guardian Totem,9,9,1.0,100%,3.67,3.67,33,3,1.22,1.22
Épées Jumelles,Twin Swords,3,9,0.33,33%,10.0,3.33,30,1,10.0,3.33
Instinct Sanguinaire,Bloody Instinct,2,9,0.22,22%,15.0,3.33,30,2,7.5,1.67
Force Divine,Divine Impetu,2,9,0.22,22%,11.0,2.44,22,0,Gratuit,Gratuit
Glaive Vindicatif,Large Sword of Hate,1,9,0.11,11%,20.0,2.22,20,1,20.0,2.22
Chasseresse d'Âmes,Huntress of Souls,1,9,0.11,11%,19.0,2.11,19,1,19.0,2.11
Enchaînement Éclair,Unstoppable Lightning,1,9,0.11,11%,18.0,2.0,18,1,18.0,2.0
Esprit omniprésent,Omnipresent Spirit,1,9,0.11,11%,18.0,2.0,18,2,9.0,1.0
Griffes Démoniaques,Demon Claws,1,9,0.11,11%,17.0,1.89,17,1,17.0,1.89
Masse de Siège,Siege Mace,1,9,0.11,11%,16.0,1.78,16,0,Gratuit,Gratuit
Lance Doublée,Dual Spear,2,9,0.22,22%,8.0,1.78,16,0,Gratuit,Gratuit
Chasseur d'Âmes,Soul Hunter,1,9,0.11,11%,15.0,1.67,15,1,15.0,1.67
Elan de Fureur,Rampage Momentum,1,9,0.11,11%,15.0,1.67,15,2,7.5,0.83
Soif de Sang,Thirsty Dagger,1,9,0.11,11%,15.0,1.67,15,0,Gratuit,Gratuit
Griffes Sauvages,Wild Claw,6,9,0.67,67%,2.5,1.67,15,3,0.83,0.56
Le Croque-mort,The Undertaker,1,9,0.11,11%,14.0,1.56,14,1,14.0,1.56
Couronne du Roi Nain,Crown of the Dwarf King,1,9,0.11,11%,13.0,1.44,13,0,Gratuit,Gratuit
Destruction Royale,Royal Destroyer,1,9,0.11,11%,11.0,1.22,11,0,Gratuit,Gratuit
Désintégrateur Magnétique,Magnetic Disintegrator,1,9,0.11,11%,11.0,1.22,11,0,Gratuit,Gratuit
Danse Macabre,Dance of Death,1,9,0.11,11%,8.0,0.89,8,1,8.0,0.89
