,Nom Anglais,nb games valide,total games,ratio,%,pts moy,pts moy total,total point,cout,pts par cout moy,pts par cout total
Armure d'Obsidienne,Obsidian Battle Plate,11,13,0.85,85%,20.0,16.92,220,2,10.0,8.46
Faux,Scythe,13,13,1.0,100%,14.77,14.77,192,3,4.92,4.92
Aveuglement,Incapacitor,13,13,1.0,100%,9.23,9.23,120,3,3.08,3.08
Esprit de l'Écuyer,Spirit of the Squire,10,13,0.77,77%,10.8,8.31,108,3,3.6,2.77
Faux Assoiffées,Thirsty Scythes,4,13,0.31,31%,25.0,7.69,100,3,8.33,2.56
Lame Affutée,Sharp Blade,12,13,0.92,92%,8.25,7.62,99,3,2.75,2.54
Économe Sagesse du Trésorier,Treasurer's Wisdom,5,13,0.38,38%,17.0,6.54,85,2,8.5,3.27
Hache Frénétique,Berseker Ax,6,13,0.46,46%,14.0,6.46,84,2,7.0,3.23
Adrénaline Arcanique,Arcane Adrenaline,5,13,0.38,38%,16.0,6.15,80,1,16.0,6.15
Lame Insatiable,Fast Furious Blade,5,13,0.38,38%,16.0,6.15,80,2,8.0,3.08
Sabre Versatile,Versatil Saber,7,13,0.54,54%,11.0,5.92,77,1,11.0,5.92
Marteleur précis,Precise Hammer,4,13,0.31,31%,18.0,5.54,72,1,18.0,5.54
Coup de Mort,Death Helper,7,13,0.54,54%,10.0,5.38,70,1,10.0,5.38
Le Marionnettiste,The Puppeteer,3,13,0.23,23%,20.0,4.62,60,2,10.0,2.31
Esquive Salvatrice,Evasive Protection,4,13,0.31,31%,15.0,4.62,60,0,Gratuit,Gratuit
Armure d'Immortel,Immortal Breastplate,4,13,0.31,31%,14.0,4.31,56,1,14.0,4.31
Totem du Gardien,Guardian Totem,13,13,1.0,100%,3.85,3.85,50,3,1.28,1.28
Ascension Divine,Divine Ascent,2,13,0.15,15%,25.0,3.85,50,3,8.33,1.28
Instinct Sanguinaire,Bloody Instinct,3,13,0.23,23%,15.0,3.46,45,2,7.5,1.73
Épée Obscure,Swords of Darkness,3,13,0.23,23%,15.0,3.46,45,1,15.0,3.46
Parchemin Secret,Secret Scroll,2,13,0.15,15%,18.0,2.77,36,2,9.0,1.39
Épées Jumelles,Twin Swords,3,13,0.23,23%,10.0,2.31,30,1,10.0,2.31
Chasseur d'Âmes,Soul Hunter,2,13,0.15,15%,15.0,2.31,30,1,15.0,2.31
Griffes Sauvages,Wild Claw,10,13,0.77,77%,2.7,2.08,27,3,0.9,0.69
Bâton de Conquête,Conquering Staff,1,13,0.08,8%,24.0,1.85,24,2,12.0,0.93
Danse Macabre,Dance of Death,3,13,0.23,23%,8.0,1.85,24,1,8.0,1.85
Force Divine,Divine Impetu,2,13,0.15,15%,11.0,1.69,22,0,Gratuit,Gratuit
Glaive Vindicatif,Large Sword of Hate,1,13,0.08,8%,20.0,1.54,20,1,20.0,1.54
Chasseresse d'Âmes,Huntress of Souls,1,13,0.08,8%,19.0,1.46,19,1,19.0,1.46
Esprit omniprésent,Omnipresent Spirit,1,13,0.08,8%,18.0,1.38,18,2,9.0,0.69
Enchaînement Éclair,Unstoppable Lightning,1,13,0.08,8%,18.0,1.38,18,1,18.0,1.38
Griffes Démoniaques,Demon Claws,1,13,0.08,8%,17.0,1.31,17,1,17.0,1.31
Masse de Siège,Siege Mace,1,13,0.08,8%,16.0,1.23,16,0,Gratuit,Gratuit
Lance Doublée,Dual Spear,2,13,0.15,15%,8.0,1.23,16,0,Gratuit,Gratuit
Elan de Fureur,Rampage Momentum,1,13,0.08,8%,15.0,1.15,15,2,7.5,0.57
Soif de Sang,Thirsty Dagger,1,13,0.08,8%,15.0,1.15,15,0,Gratuit,Gratuit
Le Croque-mort,The Undertaker,1,13,0.08,8%,14.0,1.08,14,1,14.0,1.08
Couronne du Roi Nain,Crown of the Dwarf King,1,13,0.08,8%,13.0,1.0,13,0,Gratuit,Gratuit
Destruction Royale,Royal Destroyer,1,13,0.08,8%,11.0,0.85,11,0,Gratuit,Gratuit
Désintégrateur Magnétique,Magnetic Disintegrator,1,13,0.08,8%,11.0,0.85,11,0,Gratuit,Gratuit
Œil de Lynx,Hawk's Eye,1,13,0.08,8%,8.0,0.62,8,0,Gratuit,Gratuit
