,Nom Anglais,nb games valide,total games,ratio,%,pts moy,pts moy total,total point,cout,pts par cout moy,pts par cout total
Armure d'Obsidienne,Obsidian Battle Plate,6,7,0.86,86%,20.0,17.14,120,2,10.0,8.57
Faux,Scythe,7,7,1.0,100%,13.14,13.14,92,3,4.38,4.38
Esprit de l'Écuyer,Spirit of the Squire,6,7,0.86,86%,11.0,9.43,66,3,3.67,3.14
Esquive Salvatrice,Evasive Protection,4,7,0.57,57%,15.0,8.57,60,0,Gratuit,Gratuit
Lame Affutée,Sharp Blade,7,7,1.0,100%,8.57,8.57,60,3,2.86,2.86
Armure d'Immortel,Immortal Breastplate,4,7,0.57,57%,14.0,8.0,56,1,14.0,8.0
Sabre Versatile,Versatil Saber,5,7,0.71,71%,11.0,7.86,55,1,11.0,7.86
Marteleur précis,Precise Hammer,3,7,0.43,43%,18.0,7.71,54,1,18.0,7.71
Aveuglement,Incapacitor,7,7,1.0,100%,7.29,7.29,51,3,2.43,2.43
Adrénaline Arcanique,Arcane Adrenaline,3,7,0.43,43%,16.0,6.86,48,1,16.0,6.86
Épée Obscure,Swords of Darkness,3,7,0.43,43%,15.0,6.43,45,1,15.0,6.43
Hache Frénétique,Berseker Ax,3,7,0.43,43%,14.0,6.0,42,2,7.0,3.0
Coup de Mort,Death Helper,4,7,0.57,57%,10.0,5.71,40,1,10.0,5.71
Le Marionnettiste,The Puppeteer,2,7,0.29,29%,20.0,5.71,40,2,10.0,2.85
Parchemin Secret,Secret Scroll,2,7,0.29,29%,18.0,5.14,36,2,9.0,2.57
Économe Sagesse du Trésorier,Treasurer's Wisdom,2,7,0.29,29%,17.0,4.86,34,2,8.5,2.43
Lame Insatiable,Fast Furious Blade,2,7,0.29,29%,16.0,4.57,32,2,8.0,2.29
Épées Jumelles,Twin Swords,3,7,0.43,43%,10.0,4.29,30,1,10.0,4.29
Totem du Gardien,Guardian Totem,7,7,1.0,100%,3.86,3.86,27,3,1.29,1.29
Faux Assoiffées,Thirsty Scythes,1,7,0.14,14%,25.0,3.57,25,3,8.33,1.19
Ascension Divine,Divine Ascent,1,7,0.14,14%,25.0,3.57,25,3,8.33,1.19
Force Divine,Divine Impetu,2,7,0.29,29%,11.0,3.14,22,0,Gratuit,Gratuit
Glaive Vindicatif,Large Sword of Hate,1,7,0.14,14%,20.0,2.86,20,1,20.0,2.86
Chasseresse d'Âmes,Huntress of Souls,1,7,0.14,14%,19.0,2.71,19,1,19.0,2.71
Enchaînement Éclair,Unstoppable Lightning,1,7,0.14,14%,18.0,2.57,18,1,18.0,2.57
Griffes Démoniaques,Demon Claws,1,7,0.14,14%,17.0,2.43,17,1,17.0,2.43
Masse de Siège,Siege Mace,1,7,0.14,14%,16.0,2.29,16,0,Gratuit,Gratuit
Lance Doublée,Dual Spear,2,7,0.29,29%,8.0,2.29,16,0,Gratuit,Gratuit
Chasseur d'Âmes,Soul Hunter,1,7,0.14,14%,15.0,2.14,15,1,15.0,2.14
Elan de Fureur,Rampage Momentum,1,7,0.14,14%,15.0,2.14,15,2,7.5,1.07
Soif de Sang,Thirsty Dagger,1,7,0.14,14%,15.0,2.14,15,0,Gratuit,Gratuit
Instinct Sanguinaire,Bloody Instinct,1,7,0.14,14%,15.0,2.14,15,2,7.5,1.07
Le Croque-mort,The Undertaker,1,7,0.14,14%,14.0,2.0,14,1,14.0,2.0
Couronne du Roi Nain,Crown of the Dwarf King,1,7,0.14,14%,13.0,1.86,13,0,Gratuit,Gratuit
Destruction Royale,Royal Destroyer,1,7,0.14,14%,11.0,1.57,11,0,Gratuit,Gratuit
Désintégrateur Magnétique,Magnetic Disintegrator,1,7,0.14,14%,11.0,1.57,11,0,Gratuit,Gratuit
Danse Macabre,Dance of Death,1,7,0.14,14%,8.0,1.14,8,1,8.0,1.14
Griffes Sauvages,Wild Claw,4,7,0.57,57%,1.5,0.86,6,3,0.5,0.29
