,Nom Anglais,nb games valide,total games,ratio,%,pts moy,pts moy total,total point,cout,pts par cout moy,pts par cout total
Armure d'Obsidienne,Obsidian Battle Plate,6,8,0.75,75%,20.0,15.0,120,2,10.0,7.5
Faux,Scythe,8,8,1.0,100%,14.25,14.25,114,3,4.75,4.75
Esprit de l'Écuyer,Spirit of the Squire,7,8,0.88,88%,11.14,9.75,78,3,3.71,3.25
Aveuglement,Incapacitor,8,8,1.0,100%,8.25,8.25,66,3,2.75,2.75
Lame Affutée,Sharp Blade,8,8,1.0,100%,8.25,8.25,66,3,2.75,2.75
Esquive Salvatrice,Evasive Protection,4,8,0.5,50%,15.0,7.5,60,0,Gratuit,Gratuit
Armure d'Immortel,Immortal Breastplate,4,8,0.5,50%,14.0,7.0,56,1,14.0,7.0
Hache Frénétique,Berseker Ax,4,8,0.5,50%,14.0,7.0,56,2,7.0,3.5
Sabre Versatile,Versatil Saber,5,8,0.62,62%,11.0,6.88,55,1,11.0,6.88
Marteleur précis,Precise Hammer,3,8,0.38,38%,18.0,6.75,54,1,18.0,6.75
Économe Sagesse du Trésorier,Treasurer's Wisdom,3,8,0.38,38%,17.0,6.38,51,2,8.5,3.19
Coup de Mort,Death Helper,5,8,0.62,62%,10.0,6.25,50,1,10.0,6.25
Faux Assoiffées,Thirsty Scythes,2,8,0.25,25%,25.0,6.25,50,3,8.33,2.08
Ascension Divine,Divine Ascent,2,8,0.25,25%,25.0,6.25,50,3,8.33,2.08
Adrénaline Arcanique,Arcane Adrenaline,3,8,0.38,38%,16.0,6.0,48,1,16.0,6.0
Épée Obscure,Swords of Darkness,3,8,0.38,38%,15.0,5.62,45,1,15.0,5.62
Le Marionnettiste,The Puppeteer,2,8,0.25,25%,20.0,5.0,40,2,10.0,2.5
Parchemin Secret,Secret Scroll,2,8,0.25,25%,18.0,4.5,36,2,9.0,2.25
Lame Insatiable,Fast Furious Blade,2,8,0.25,25%,16.0,4.0,32,2,8.0,2.0
Épées Jumelles,Twin Swords,3,8,0.38,38%,10.0,3.75,30,1,10.0,3.75
Instinct Sanguinaire,Bloody Instinct,2,8,0.25,25%,15.0,3.75,30,2,7.5,1.88
Totem du Gardien,Guardian Totem,8,8,1.0,100%,3.62,3.62,29,3,1.21,1.21
Force Divine,Divine Impetu,2,8,0.25,25%,11.0,2.75,22,0,Gratuit,Gratuit
Glaive Vindicatif,Large Sword of Hate,1,8,0.12,12%,20.0,2.5,20,1,20.0,2.5
Chasseresse d'Âmes,Huntress of Souls,1,8,0.12,12%,19.0,2.38,19,1,19.0,2.38
Enchaînement Éclair,Unstoppable Lightning,1,8,0.12,12%,18.0,2.25,18,1,18.0,2.25
Esprit omniprésent,Omnipresent Spirit,1,8,0.12,12%,18.0,2.25,18,2,9.0,1.12
Griffes Démoniaques,Demon Claws,1,8,0.12,12%,17.0,2.12,17,1,17.0,2.12
Masse de Siège,Siege Mace,1,8,0.12,12%,16.0,2.0,16,0,Gratuit,Gratuit
Lance Doublée,Dual Spear,2,8,0.25,25%,8.0,2.0,16,0,Gratuit,Gratuit
Chasseur d'Âmes,Soul Hunter,1,8,0.12,12%,15.0,1.88,15,1,15.0,1.88
Elan de Fureur,Rampage Momentum,1,8,0.12,12%,15.0,1.88,15,2,7.5,0.94
Soif de Sang,Thirsty Dagger,1,8,0.12,12%,15.0,1.88,15,0,Gratuit,Gratuit
Le Croque-mort,The Undertaker,1,8,0.12,12%,14.0,1.75,14,1,14.0,1.75
Couronne du Roi Nain,Crown of the Dwarf King,1,8,0.12,12%,13.0,1.62,13,0,Gratuit,Gratuit
Griffes Sauvages,Wild Claw,5,8,0.62,62%,2.2,1.38,11,3,0.73,0.46
Destruction Royale,Royal Destroyer,1,8,0.12,12%,11.0,1.38,11,0,Gratuit,Gratuit
Désintégrateur Magnétique,Magnetic Disintegrator,1,8,0.12,12%,11.0,1.38,11,0,Gratuit,Gratuit
Danse Macabre,Dance of Death,1,8,0.12,12%,8.0,1.0,8,1,8.0,1.0
