,Nom Anglais,nb games valide,total games,ratio,%,pts moy,pts moy total,total point,cout,pts par cout moy,pts par cout total,pts par cout moy+1,pts par cout total+1
Gantelet Impérieux,Imperious Gauntlet,4,6,0.67,67%,30.0,20.0,120,1,30.0,20.0,15.0,10.0
Totem Équivalent,Equivalent Totem,6,6,1.0,100%,17.17,17.17,103,2,8.59,8.59,5.72,5.72
Faux,Scythe,6,6,1.0,100%,16.33,16.33,98,3,5.44,5.44,4.08,4.08
Lame Affutée,Sharp Blade,6,6,1.0,100%,15.5,15.5,93,3,5.17,5.17,3.88,3.88
Économe Sagesse du Trésorier,Treasurer's Wisdom,5,6,0.83,83%,17.0,14.17,85,2,8.5,7.08,5.67,4.72
Armure d'Obsidienne,Obsidian Battle Plate,4,6,0.67,67%,20.0,13.33,80,2,10.0,6.67,6.67,4.44
Lame Insatiable,Fast Furious Blade,5,6,0.83,83%,16.0,13.33,80,2,8.0,6.67,5.33,4.44
Faux Parfaite,Perfect Scythe,5,6,0.83,83%,15.0,12.5,75,0,Gratuit,Gratuit,15.0,12.5
Hache Frénétique,Berseker Ax,5,6,0.83,83%,14.0,11.67,70,2,7.0,5.83,4.67,3.89
Adrénaline Arcanique,Arcane Adrenaline,4,6,0.67,67%,16.0,10.67,64,1,16.0,10.67,8.0,5.33
Esprit de l'Écuyer,Spirit of the Squire,5,6,0.83,83%,10.8,9.0,54,3,3.6,3.0,2.7,2.25
Faux Assoiffées,Thirsty Scythes,2,6,0.33,33%,25.0,8.33,50,3,8.33,2.78,6.25,2.08
Ascension Divine,Divine Ascent,2,6,0.33,33%,25.0,8.33,50,3,8.33,2.78,6.25,2.08
Explosion Arcanique,Arcane Explosive,4,6,0.67,67%,12.0,8.0,48,1,12.0,8.0,6.0,4.0
Aveuglement,Incapacitor,6,6,1.0,100%,7.0,7.0,42,3,2.33,2.33,1.75,1.75
Pillard Féroce,Savage Looter,2,6,0.33,33%,20.0,6.67,40,1,20.0,6.67,10.0,3.33
Chasseresse d'Âmes,Huntress of Souls,2,6,0.33,33%,19.0,6.33,38,1,19.0,6.33,9.5,3.17
Parchemin Secret,Secret Scroll,2,6,0.33,33%,18.0,6.0,36,2,9.0,3.0,6.0,2.0
Enchaînement Éclair,Unstoppable Lightning,2,6,0.33,33%,18.0,6.0,36,1,18.0,6.0,9.0,3.0
Griffes Démoniaques,Demon Claws,2,6,0.33,33%,17.0,5.67,34,1,17.0,5.67,8.5,2.83
Sabre Versatile,Versatil Saber,3,6,0.5,50%,11.0,5.5,33,1,11.0,5.5,5.5,2.75
Danse Macabre,Dance of Death,4,6,0.67,67%,8.0,5.33,32,1,8.0,5.33,4.0,2.67
Elan de Fureur,Rampage Momentum,2,6,0.33,33%,15.0,5.0,30,2,7.5,2.5,5.0,1.67
Marteau Collecteur,Collecting Hammer,3,6,0.5,50%,10.0,5.0,30,2,5.0,2.5,3.33,1.67
Triple Météore,Trimeteor,1,6,0.17,17%,30.0,5.0,30,0,Gratuit,Gratuit,30.0,5.0
Coup de Mort,Death Helper,3,6,0.5,50%,10.0,5.0,30,1,10.0,5.0,5.0,2.5
Armure d'Immortel,Immortal Breastplate,2,6,0.33,33%,14.0,4.67,28,1,14.0,4.67,7.0,2.33
Totem du Gardien,Guardian Totem,6,6,1.0,100%,4.0,4.0,24,3,1.33,1.33,1.0,1.0
Le Marionnettiste,The Puppeteer,1,6,0.17,17%,20.0,3.33,20,2,10.0,1.67,6.67,1.11
Épé Sainte,Holy Sword,2,6,0.33,33%,10.0,3.33,20,0,Gratuit,Gratuit,10.0,3.33
Tombeau Rocheux,Rock Tomb,2,6,0.33,33%,10.0,3.33,20,1,10.0,3.33,5.0,1.67
Assistance Divine,Sacred Help,1,6,0.17,17%,20.0,3.33,20,2,10.0,1.67,6.67,1.11
Marteleur précis,Precise Hammer,1,6,0.17,17%,18.0,3.0,18,1,18.0,3.0,9.0,1.5
Épée Obscure,Swords of Darkness,1,6,0.17,17%,17.0,2.83,17,1,17.0,2.83,8.5,1.42
Griffes Sauvages,Wild Claw,6,6,1.0,100%,2.5,2.5,15,3,0.83,0.83,0.62,0.62
Chasseur d'Âmes,Soul Hunter,1,6,0.17,17%,15.0,2.5,15,1,15.0,2.5,7.5,1.25
Couronne du Roi Nain,Crown of the Dwarf King,1,6,0.17,17%,13.0,2.17,13,0,Gratuit,Gratuit,13.0,2.17
Amulette Omnisciente,Omnipresent Amulet,1,6,0.17,17%,11.0,1.83,11,0,Gratuit,Gratuit,11.0,1.83
Masse Colossale,Colossal Mace,1,6,0.17,17%,11.0,1.83,11,0,Gratuit,Gratuit,11.0,1.83
Désintégrateur Magnétique,Magnetic Disintegrator,1,6,0.17,17%,11.0,1.83,11,0,Gratuit,Gratuit,11.0,1.83
Force Divine,Divine Impetu,1,6,0.17,17%,11.0,1.83,11,0,Gratuit,Gratuit,11.0,1.83
Œil de Lynx,Hawk's Eye,1,6,0.17,17%,8.0,1.33,8,0,Gratuit,Gratuit,8.0,1.33
