,Nom Anglais,nb games valide,total games,ratio,%,pts moy,pts moy total,total point,cout,pts par cout moy,pts par cout total
Économe Sagesse du Trésorier,Treasurer's Wisdom,5,5,1.0,100%,17.0,17.0,85,2,8.5,8.5
Faux,Scythe,5,5,1.0,100%,16.2,16.2,81,3,5.4,5.4
Faux Assoiffées,Thirsty Scythes,3,5,0.6,60%,25.0,15.0,75,3,8.33,5.0
Hache Frénétique,Berseker Ax,5,5,1.0,100%,14.0,14.0,70,2,7.0,7.0
Lame Insatiable,Fast Furious Blade,4,5,0.8,80%,16.0,12.8,64,2,8.0,6.4
Armure d'Obsidienne,Obsidian Battle Plate,3,5,0.6,60%,20.0,12.0,60,2,10.0,6.0
Aveuglement,Incapacitor,5,5,1.0,100%,10.8,10.8,54,3,3.6,3.6
Lame Affutée,Sharp Blade,4,5,0.8,80%,12.75,10.2,51,3,4.25,3.4
Épée Obscure,Swords of Darkness,3,5,0.6,60%,15.0,9.0,45,1,15.0,9.0
Pillard Féroce,Savage Looter,2,5,0.4,40%,20.0,8.0,40,1,20.0,8.0
Glaive Vindicatif,Large Sword of Hate,2,5,0.4,40%,20.0,8.0,40,1,20.0,8.0
Chasseresse d'Âmes,Huntress of Souls,2,5,0.4,40%,19.0,7.6,38,1,19.0,7.6
Explosion Arcanique,Arcane Explosive,3,5,0.6,60%,12.0,7.2,36,1,12.0,7.2
Griffes Démoniaques,Demon Claws,2,5,0.4,40%,17.0,6.8,34,1,17.0,6.8
Adrénaline Arcanique,Arcane Adrenaline,2,5,0.4,40%,16.0,6.4,32,1,16.0,6.4
Triple Météore,Trimeteor,1,5,0.2,20%,30.0,6.0,30,0,Gratuit,Gratuit
Épées Jumelles,Twin Swords,3,5,0.6,60%,10.0,6.0,30,1,10.0,6.0
Esprit de l'Écuyer,Spirit of the Squire,3,5,0.6,60%,9.0,5.4,27,3,3.0,1.8
Ascension Divine,Divine Ascent,1,5,0.2,20%,25.0,5.0,25,3,8.33,1.67
Masse Colossale,Colossal Mace,2,5,0.4,40%,11.0,4.4,22,0,Gratuit,Gratuit
Totem du Gardien,Guardian Totem,5,5,1.0,100%,4.0,4.0,20,3,1.33,1.33
Lance Triplée,Triple Spear,1,5,0.2,20%,20.0,4.0,20,0,Gratuit,Gratuit
Parchemin Secret,Secret Scroll,1,5,0.2,20%,18.0,3.6,18,2,9.0,1.8
Marteleur précis,Precise Hammer,1,5,0.2,20%,18.0,3.6,18,1,18.0,3.6
Frappe Chirurgicale,Accurate Sword,1,5,0.2,20%,16.0,3.2,16,1,16.0,3.2
Danse Macabre,Dance of Death,2,5,0.4,40%,8.0,3.2,16,1,8.0,3.2
Lance Doublée,Dual Spear,2,5,0.4,40%,8.0,3.2,16,0,Gratuit,Gratuit
Griffes Sauvages,Wild Claw,5,5,1.0,100%,3.2,3.2,16,3,1.07,1.07
Instinct Sanguinaire,Bloody Instinct,1,5,0.2,20%,15.0,3.0,15,2,7.5,1.5
Elan de Fureur,Rampage Momentum,1,5,0.2,20%,15.0,3.0,15,2,7.5,1.5
Soif de Sang,Thirsty Dagger,1,5,0.2,20%,15.0,3.0,15,0,Gratuit,Gratuit
Chasseur d'Âmes,Soul Hunter,1,5,0.2,20%,15.0,3.0,15,1,15.0,3.0
Bâton Élémentaire,Earthly Staff,1,5,0.2,20%,15.0,3.0,15,0,Gratuit,Gratuit
Couronne du Roi Nain,Crown of the Dwarf King,1,5,0.2,20%,13.0,2.6,13,0,Gratuit,Gratuit
Sabre Versatile,Versatil Saber,1,5,0.2,20%,11.0,2.2,11,1,11.0,2.2
Désintégrateur Magnétique,Magnetic Disintegrator,1,5,0.2,20%,11.0,2.2,11,0,Gratuit,Gratuit
Destruction Royale,Royal Destroyer,1,5,0.2,20%,11.0,2.2,11,0,Gratuit,Gratuit
Tombeau Rocheux,Rock Tomb,1,5,0.2,20%,10.0,2.0,10,1,10.0,2.0
Coup de Mort,Death Helper,1,5,0.2,20%,10.0,2.0,10,1,10.0,2.0
Épé Sainte,Holy Sword,1,5,0.2,20%,10.0,2.0,10,0,Gratuit,Gratuit
