,Nom Anglais,nb games valide,total games,ratio,%,pts moy,pts moy total,total point,cout,pts par cout moy,pts par cout total
Lame Affutée,Sharp Blade,3,3,1.0,100%,21.0,21.0,63,3,7.0,7.0
Gantelet Impérieux,Imperious Gauntlet,2,3,0.67,67%,30.0,20.0,60,1,30.0,20.0
Totem Équivalent,Equivalent Totem,3,3,1.0,100%,17.33,17.33,52,1,17.33,17.33
Économe Sagesse du Trésorier,Treasurer's Wisdom,3,3,1.0,100%,17.0,17.0,51,2,8.5,8.5
Lame Insatiable,Fast Furious Blade,3,3,1.0,100%,16.0,16.0,48,2,8.0,8.0
Adrénaline Arcanique,Arcane Adrenaline,3,3,1.0,100%,16.0,16.0,48,1,16.0,16.0
Faux,Scythe,3,3,1.0,100%,16.0,16.0,48,3,5.33,5.33
Hache Frénétique,Berseker Ax,3,3,1.0,100%,14.0,14.0,42,2,7.0,7.0
Armure d'Obsidienne,Obsidian Battle Plate,2,3,0.67,67%,20.0,13.33,40,2,10.0,6.67
Esprit de l'Écuyer,Spirit of the Squire,3,3,1.0,100%,12.0,12.0,36,3,4.0,4.0
Enchaînement Éclair,Unstoppable Lightning,2,3,0.67,67%,18.0,12.0,36,1,18.0,12.0
Parchemin Secret,Secret Scroll,2,3,0.67,67%,18.0,12.0,36,2,9.0,6.0
Faux Parfaite,Perfect Scythe,2,3,0.67,67%,15.0,10.0,30,0,Gratuit,Gratuit
Triple Météore,Trimeteor,1,3,0.33,33%,30.0,10.0,30,0,Gratuit,Gratuit
Elan de Fureur,Rampage Momentum,2,3,0.67,67%,15.0,10.0,30,2,7.5,5.0
Ascension Divine,Divine Ascent,1,3,0.33,33%,25.0,8.33,25,3,8.33,2.78
Faux Assoiffées,Thirsty Scythes,1,3,0.33,33%,25.0,8.33,25,3,8.33,2.78
Explosion Arcanique,Arcane Explosive,2,3,0.67,67%,12.0,8.0,24,1,12.0,8.0
Sabre Versatile,Versatil Saber,2,3,0.67,67%,11.0,7.33,22,1,11.0,7.33
Coup de Mort,Death Helper,2,3,0.67,67%,10.0,6.67,20,1,10.0,6.67
Pillard Féroce,Savage Looter,1,3,0.33,33%,20.0,6.67,20,1,20.0,6.67
Épé Sainte,Holy Sword,2,3,0.67,67%,10.0,6.67,20,0,Gratuit,Gratuit
Chasseresse d'Âmes,Huntress of Souls,1,3,0.33,33%,19.0,6.33,19,1,19.0,6.33
Aveuglement,Incapacitor,3,3,1.0,100%,6.0,6.0,18,3,2.0,2.0
Marteau Collecteur,Collecting Hammer,1,3,0.33,33%,18.0,6.0,18,2,9.0,3.0
Marteleur précis,Precise Hammer,1,3,0.33,33%,18.0,6.0,18,1,18.0,6.0
Griffes Démoniaques,Demon Claws,1,3,0.33,33%,17.0,5.67,17,1,17.0,5.67
Épée Obscure,Swords of Darkness,1,3,0.33,33%,17.0,5.67,17,1,17.0,5.67
Danse Macabre,Dance of Death,2,3,0.67,67%,8.0,5.33,16,1,8.0,5.33
Armure d'Immortel,Immortal Breastplate,1,3,0.33,33%,14.0,4.67,14,1,14.0,4.67
Couronne du Roi Nain,Crown of the Dwarf King,1,3,0.33,33%,13.0,4.33,13,0,Gratuit,Gratuit
Désintégrateur Magnétique,Magnetic Disintegrator,1,3,0.33,33%,11.0,3.67,11,0,Gratuit,Gratuit
Amulette Omnisciente,Omnipresent Amulet,1,3,0.33,33%,11.0,3.67,11,0,Gratuit,Gratuit
Masse Colossale,Colossal Mace,1,3,0.33,33%,11.0,3.67,11,0,Gratuit,Gratuit
Tombeau Rocheux,Rock Tomb,1,3,0.33,33%,10.0,3.33,10,1,10.0,3.33
Totem du Gardien,Guardian Totem,3,3,1.0,100%,3.33,3.33,10,3,1.11,1.11
Griffes Sauvages,Wild Claw,3,3,1.0,100%,2.33,2.33,7,3,0.78,0.78
