,Nom Anglais,nb games valide,total games,ratio,%,pts moy,pts moy total,total point,cout,pts par cout moy,pts par cout total
Faux,Scythe,9,9,1.0,100%,15.78,15.78,142,3,5.26,5.26
Hache Frénétique,Berseker Ax,9,9,1.0,100%,14.0,14.0,126,2,7.0,7.0
Armure d'Obsidienne,Obsidian Battle Plate,6,9,0.67,67%,20.0,13.33,120,2,10.0,6.67
Économe Sagesse du Trésorier,Treasurer's Wisdom,7,9,0.78,78%,17.0,13.22,119,2,8.5,6.61
Aveuglement,Incapacitor,9,9,1.0,100%,11.67,11.67,105,3,3.89,3.89
Faux Assoiffées,Thirsty Scythes,4,9,0.44,44%,25.0,11.11,100,3,8.33,3.7
Lame Insatiable,Fast Furious Blade,6,9,0.67,67%,16.0,10.67,96,2,8.0,5.33
Lame Affutée,Sharp Blade,7,9,0.78,78%,11.14,8.67,78,3,3.71,2.89
Esprit de l'Écuyer,Spirit of the Squire,7,9,0.78,78%,8.57,6.67,60,3,2.86,2.22
Épée Obscure,Swords of Darkness,4,9,0.44,44%,15.0,6.67,60,1,15.0,6.67
Chasseresse d'Âmes,Huntress of Souls,3,9,0.33,33%,19.0,6.33,57,1,19.0,6.33
Griffes Démoniaques,Demon Claws,3,9,0.33,33%,17.0,5.67,51,1,17.0,5.67
Explosion Arcanique,Arcane Explosive,4,9,0.44,44%,12.0,5.33,48,1,12.0,5.33
Elan de Fureur,Rampage Momentum,3,9,0.33,33%,15.0,5.0,45,2,7.5,2.5
Épées Jumelles,Twin Swords,4,9,0.44,44%,10.0,4.44,40,1,10.0,4.44
Pillard Féroce,Savage Looter,2,9,0.22,22%,20.0,4.44,40,1,20.0,4.44
Glaive Vindicatif,Large Sword of Hate,2,9,0.22,22%,20.0,4.44,40,1,20.0,4.44
Totem du Gardien,Guardian Totem,9,9,1.0,100%,4.44,4.44,40,3,1.48,1.48
Sabre Versatile,Versatil Saber,3,9,0.33,33%,11.0,3.67,33,1,11.0,3.67
Danse Macabre,Dance of Death,4,9,0.44,44%,8.0,3.56,32,1,8.0,3.56
Adrénaline Arcanique,Arcane Adrenaline,2,9,0.22,22%,16.0,3.56,32,1,16.0,3.56
Triple Météore,Trimeteor,1,9,0.11,11%,30.0,3.33,30,0,Gratuit,Gratuit
Griffes Sauvages,Wild Claw,9,9,1.0,100%,2.89,2.89,26,3,0.96,0.96
Ascension Divine,Divine Ascent,1,9,0.11,11%,25.0,2.78,25,3,8.33,0.93
Lance Doublée,Dual Spear,3,9,0.33,33%,8.0,2.67,24,0,Gratuit,Gratuit
Force Divine,Divine Impetu,2,9,0.22,22%,11.0,2.44,22,0,Gratuit,Gratuit
Masse Colossale,Colossal Mace,2,9,0.22,22%,11.0,2.44,22,0,Gratuit,Gratuit
Lance Triplée,Triple Spear,1,9,0.11,11%,20.0,2.22,20,0,Gratuit,Gratuit
Coup de Mort,Death Helper,2,9,0.22,22%,10.0,2.22,20,1,10.0,2.22
Parchemin Secret,Secret Scroll,1,9,0.11,11%,18.0,2.0,18,2,9.0,1.0
Marteleur précis,Precise Hammer,1,9,0.11,11%,18.0,2.0,18,1,18.0,2.0
Esprit omniprésent,Omnipresent Spirit,1,9,0.11,11%,18.0,2.0,18,2,9.0,1.0
Frappe Chirurgicale,Accurate Sword,1,9,0.11,11%,16.0,1.78,16,1,16.0,1.78
Instinct Sanguinaire,Bloody Instinct,1,9,0.11,11%,15.0,1.67,15,2,7.5,0.83
Soif de Sang,Thirsty Dagger,1,9,0.11,11%,15.0,1.67,15,0,Gratuit,Gratuit
Chasseur d'Âmes,Soul Hunter,1,9,0.11,11%,15.0,1.67,15,1,15.0,1.67
Bâton Élémentaire,Earthly Staff,1,9,0.11,11%,15.0,1.67,15,0,Gratuit,Gratuit
Couronne du Roi Nain,Crown of the Dwarf King,1,9,0.11,11%,13.0,1.44,13,0,Gratuit,Gratuit
Désintégrateur Magnétique,Magnetic Disintegrator,1,9,0.11,11%,11.0,1.22,11,0,Gratuit,Gratuit
Amulette Omnisciente,Omnipresent Amulet,1,9,0.11,11%,11.0,1.22,11,0,Gratuit,Gratuit
Destruction Royale,Royal Destroyer,1,9,0.11,11%,11.0,1.22,11,0,Gratuit,Gratuit
Tombeau Rocheux,Rock Tomb,1,9,0.11,11%,10.0,1.11,10,1,10.0,1.11
Épé Sainte,Holy Sword,1,9,0.11,11%,10.0,1.11,10,0,Gratuit,Gratuit
Œil de Lynx,Hawk's Eye,1,9,0.11,11%,8.0,0.89,8,0,Gratuit,Gratuit
