,Nom Anglais,nb games valide,total games,ratio,%,pts moy,pts moy total,total point,cout,pts par cout moy,pts par cout total
Faux,Scythe,17,17,1.0,100%,16.12,16.12,274,3,5.37,5.37
Économe Sagesse du Trésorier,Treasurer's Wisdom,13,17,0.76,76%,17.0,13.0,221,2,8.5,6.5
Hache Frénétique,Berseker Ax,15,17,0.88,88%,14.0,12.35,210,2,7.0,6.17
Armure d'Obsidienne,Obsidian Battle Plate,10,17,0.59,59%,20.0,11.76,200,2,10.0,5.88
Lame Affutée,Sharp Blade,15,17,0.88,88%,12.8,11.29,192,3,4.27,3.76
Faux Assoiffées,Thirsty Scythes,7,17,0.41,41%,25.0,10.29,175,3,8.33,3.43
Aveuglement,Incapacitor,16,17,0.94,94%,10.12,9.53,162,3,3.37,3.18
Lame Insatiable,Fast Furious Blade,9,17,0.53,53%,16.0,8.47,144,2,8.0,4.24
Esprit de l'Écuyer,Spirit of the Squire,14,17,0.82,82%,9.21,7.59,129,3,3.07,2.53
Elan de Fureur,Rampage Momentum,7,17,0.41,41%,15.0,6.18,105,2,7.5,3.09
Épée Obscure,Swords of Darkness,7,17,0.41,41%,15.0,6.18,105,1,15.0,6.18
Ascension Divine,Divine Ascent,4,17,0.24,24%,25.0,5.88,100,3,8.33,1.96
Adrénaline Arcanique,Arcane Adrenaline,6,17,0.35,35%,16.0,5.65,96,1,16.0,5.65
Chasseresse d'Âmes,Huntress of Souls,5,17,0.29,29%,19.0,5.59,95,1,19.0,5.59
Griffes Démoniaques,Demon Claws,5,17,0.29,29%,17.0,5.0,85,1,17.0,5.0
Épées Jumelles,Twin Swords,7,17,0.41,41%,11.43,4.71,80,1,11.43,4.71
Pillard Féroce,Savage Looter,4,17,0.24,24%,20.0,4.71,80,1,20.0,4.71
Danse Macabre,Dance of Death,10,17,0.59,59%,8.0,4.71,80,1,8.0,4.71
Aura Légendaire,Legend Aura,2,17,0.12,12%,40.0,4.71,80,3,13.33,1.57
Glaive Vindicatif,Large Sword of Hate,4,17,0.24,24%,20.0,4.71,80,1,20.0,4.71
Marteleur précis,Precise Hammer,4,17,0.24,24%,18.0,4.24,72,1,18.0,4.24
Explosion Arcanique,Arcane Explosive,6,17,0.35,35%,12.0,4.24,72,1,12.0,4.24
Totem du Gardien,Guardian Totem,17,17,1.0,100%,4.12,4.12,70,3,1.37,1.37
Sabre Versatile,Versatil Saber,6,17,0.35,35%,11.0,3.88,66,1,11.0,3.88
Triple Météore,Trimeteor,2,17,0.12,12%,30.0,3.53,60,0,Gratuit,Gratuit
Le Marionnettiste,The Puppeteer,3,17,0.18,18%,20.0,3.53,60,2,10.0,1.76
Griffes Sauvages,Wild Claw,17,17,1.0,100%,3.47,3.47,59,3,1.16,1.16
Parchemin Secret,Secret Scroll,3,17,0.18,18%,18.0,3.18,54,2,9.0,1.59
Instinct Sanguinaire,Bloody Instinct,3,17,0.18,18%,15.0,2.65,45,2,7.5,1.32
Bâton Élémentaire,Earthly Staff,3,17,0.18,18%,15.0,2.65,45,0,Gratuit,Gratuit
Le Croque-mort,The Undertaker,3,17,0.18,18%,14.0,2.47,42,1,14.0,2.47
Épé Sainte,Holy Sword,4,17,0.24,24%,10.0,2.35,40,0,Gratuit,Gratuit
Lance Triplée,Triple Spear,2,17,0.12,12%,20.0,2.35,40,0,Gratuit,Gratuit
Coup de Mort,Death Helper,4,17,0.24,24%,10.0,2.35,40,1,10.0,2.35
Couronne du Roi Nain,Crown of the Dwarf King,3,17,0.18,18%,13.0,2.29,39,0,Gratuit,Gratuit
Enchaînement Éclair,Unstoppable Lightning,2,17,0.12,12%,18.0,2.12,36,1,18.0,2.12
Esprit omniprésent,Omnipresent Spirit,2,17,0.12,12%,18.0,2.12,36,2,9.0,1.06
Force Divine,Divine Impetu,3,17,0.18,18%,11.0,1.94,33,0,Gratuit,Gratuit
Lance Doublée,Dual Spear,4,17,0.24,24%,8.0,1.88,32,0,Gratuit,Gratuit
Chasseur d'Âmes,Soul Hunter,2,17,0.12,12%,15.0,1.76,30,1,15.0,1.76
Esquive Salvatrice,Evasive Protection,2,17,0.12,12%,15.0,1.76,30,0,Gratuit,Gratuit
Soif de Sang,Thirsty Dagger,2,17,0.12,12%,15.0,1.76,30,0,Gratuit,Gratuit
Armure d'Immortel,Immortal Breastplate,2,17,0.12,12%,14.0,1.65,28,1,14.0,1.65
Désintégrateur Magnétique,Magnetic Disintegrator,2,17,0.12,12%,11.0,1.29,22,0,Gratuit,Gratuit
Masse Colossale,Colossal Mace,2,17,0.12,12%,11.0,1.29,22,0,Gratuit,Gratuit
Destruction Royale,Royal Destroyer,2,17,0.12,12%,11.0,1.29,22,0,Gratuit,Gratuit
Tombeau Rocheux,Rock Tomb,2,17,0.12,12%,10.0,1.18,20,1,10.0,1.18
Frappe Chirurgicale,Accurate Sword,1,17,0.06,6%,16.0,0.94,16,1,16.0,0.94
Œil de Lynx,Hawk's Eye,2,17,0.12,12%,8.0,0.94,16,0,Gratuit,Gratuit
Masse de Siège,Siege Mace,1,17,0.06,6%,16.0,0.94,16,0,Gratuit,Gratuit
Amulette Omnisciente,Omnipresent Amulet,1,17,0.06,6%,11.0,0.65,11,0,Gratuit,Gratuit
