,Nom Anglais,nb games valide,total games,ratio,%,pts moy,pts moy total,total point,cout,pts par cout moy,pts par cout total,pts par cout moy+1,pts par cout total+1
Armure d'Obsidienne,Obsidian Battle Plate,2,2,1.0,100%,20.0,20.0,40,2,10.0,10.0,6.67,6.67
Économe Sagesse du Trésorier,Treasurer's Wisdom,2,2,1.0,100%,17.0,17.0,34,2,8.5,8.5,5.67,5.67
Totem Équivalent,Equivalent Totem,2,2,1.0,100%,17.0,17.0,34,2,8.5,8.5,5.67,5.67
Armure d'Immortel,Immortal Breastplate,2,2,1.0,100%,16.0,16.0,32,1,16.0,16.0,8.0,8.0
Adrénaline Arcanique,Arcane Adrenaline,2,2,1.0,100%,16.0,16.0,32,1,16.0,16.0,8.0,8.0
Faux,Scythe,2,2,1.0,100%,14.5,14.5,29,3,4.83,4.83,3.62,3.62
Hache Frénétique,Berseker Ax,2,2,1.0,100%,14.0,14.0,28,2,7.0,7.0,4.67,4.67
Esprit de l'Écuyer,Spirit of the Squire,2,2,1.0,100%,12.0,12.0,24,3,4.0,4.0,3.0,3.0
Sabre Versatile,Versatil Saber,2,2,1.0,100%,11.0,11.0,22,1,11.0,11.0,5.5,5.5
Lame Affutée,Sharp Blade,2,2,1.0,100%,10.5,10.5,21,3,3.5,3.5,2.62,2.62
Le Marionnettiste,The Puppeteer,1,2,0.5,50%,20.0,10.0,20,2,10.0,5.0,6.67,3.33
Chasseresse d'Âmes,Huntress of Souls,1,2,0.5,50%,19.0,9.5,19,1,19.0,9.5,9.5,4.75
Parchemin Secret,Secret Scroll,1,2,0.5,50%,18.0,9.0,18,2,9.0,4.5,6.0,3.0
Enchaînement Éclair,Unstoppable Lightning,1,2,0.5,50%,18.0,9.0,18,1,18.0,9.0,9.0,4.5
Épée Obscure,Swords of Darkness,1,2,0.5,50%,17.0,8.5,17,1,17.0,8.5,8.5,4.25
Griffes Démoniaques,Demon Claws,1,2,0.5,50%,17.0,8.5,17,1,17.0,8.5,8.5,4.25
Lame Insatiable,Fast Furious Blade,1,2,0.5,50%,16.0,8.0,16,2,8.0,4.0,5.33,2.67
Elan de Fureur,Rampage Momentum,1,2,0.5,50%,15.0,7.5,15,2,7.5,3.75,5.0,2.5
Coup de Mort,Death Helper,1,2,0.5,50%,13.0,6.5,13,1,13.0,6.5,6.5,3.25
Couronne du Roi Nain,Crown of the Dwarf King,1,2,0.5,50%,13.0,6.5,13,0,Gratuit,Gratuit,13.0,6.5
Totem du Gardien,Guardian Totem,2,2,1.0,100%,4.5,4.5,9,3,1.5,1.5,1.12,1.12
Danse Macabre,Dance of Death,1,2,0.5,50%,8.0,4.0,8,1,8.0,4.0,4.0,2.0
Marteau Collecteur,Collecting Hammer,1,2,0.5,50%,7.0,3.5,7,2,3.5,1.75,2.33,1.17
Aveuglement,Incapacitor,2,2,1.0,100%,3.0,3.0,6,3,1.0,1.0,0.75,0.75
Griffes Sauvages,Wild Claw,2,2,1.0,100%,2.0,2.0,4,3,0.67,0.67,0.5,0.5
