,Nom Anglais,nb games valide,total games,ratio,%,pts moy,pts moy total,total point,cout,pts par cout moy,pts par cout total,pts par cout moy+1,pts par cout total+1
Totem Équivalent,Equivalent Totem,14,14,1.0,100%,16.36,16.36,229,2,8.18,8.18,5.45,5.45
Faux,Scythe,14,14,1.0,100%,15.36,15.36,215,3,5.12,5.12,3.84,3.84
Hache Frénétique,Berseker Ax,11,14,0.79,79%,14.0,11.0,154,2,7.0,5.5,4.67,3.67
Faux Parfaite,Perfect Scythe,9,14,0.64,64%,15.0,9.64,135,0,Gratuit,Gratuit,15.0,9.64
Lame Affutée,Sharp Blade,10,14,0.71,71%,12.9,9.21,129,3,4.3,3.07,3.23,2.3
Marteau Collecteur,Collecting Hammer,10,14,0.71,71%,12.1,8.64,121,2,6.05,4.32,4.03,2.88
Esprit de l'Écuyer,Spirit of the Squire,11,14,0.79,79%,10.91,8.57,120,3,3.64,2.86,2.73,2.14
Économe Sagesse du Trésorier,Treasurer's Wisdom,6,14,0.43,43%,17.0,7.29,102,2,8.5,3.65,5.67,2.43
Faux Assoiffées,Thirsty Scythes,4,14,0.29,29%,25.0,7.14,100,3,8.33,2.38,6.25,1.78
Ascension Divine,Divine Ascent,4,14,0.29,29%,25.0,7.14,100,3,8.33,2.38,6.25,1.78
Lame Insatiable,Fast Furious Blade,6,14,0.43,43%,16.0,6.86,96,2,8.0,3.43,5.33,2.29
Adrénaline Arcanique,Arcane Adrenaline,6,14,0.43,43%,16.0,6.86,96,1,16.0,6.86,8.0,3.43
Gantelet Impérieux,Imperious Gauntlet,3,14,0.21,21%,30.0,6.43,90,1,30.0,6.43,15.0,3.21
Aveuglement,Incapacitor,12,14,0.86,86%,6.75,5.79,81,3,2.25,1.93,1.69,1.45
Armure d'Obsidienne,Obsidian Battle Plate,4,14,0.29,29%,20.0,5.71,80,2,10.0,2.85,6.67,1.9
Épée Obscure,Swords of Darkness,4,14,0.29,29%,17.0,4.86,68,1,17.0,4.86,8.5,2.43
Totem du Gardien,Guardian Totem,14,14,1.0,100%,4.57,4.57,64,3,1.52,1.52,1.14,1.14
Explosion Arcanique,Arcane Explosive,5,14,0.36,36%,12.0,4.29,60,1,12.0,4.29,6.0,2.15
Coup de Mort,Death Helper,5,14,0.36,36%,11.2,4.0,56,1,11.2,4.0,5.6,2.0
Sabre Versatile,Versatil Saber,5,14,0.36,36%,11.0,3.93,55,1,11.0,3.93,5.5,1.97
Parchemin Secret,Secret Scroll,3,14,0.21,21%,18.0,3.86,54,2,9.0,1.93,6.0,1.29
Esprit omniprésent,Omnipresent Spirit,3,14,0.21,21%,18.0,3.86,54,2,9.0,1.93,6.0,1.29
Elan de Fureur,Rampage Momentum,3,14,0.21,21%,15.0,3.21,45,2,7.5,1.6,5.0,1.07
Danse Macabre,Dance of Death,5,14,0.36,36%,8.0,2.86,40,1,8.0,2.86,4.0,1.43
Tombeau Rocheux,Rock Tomb,4,14,0.29,29%,10.0,2.86,40,1,10.0,2.86,5.0,1.43
Chasseresse d'Âmes,Huntress of Souls,2,14,0.14,14%,19.0,2.71,38,1,19.0,2.71,9.5,1.35
Marteleur précis,Precise Hammer,2,14,0.14,14%,18.0,2.57,36,1,18.0,2.57,9.0,1.28
Enchaînement Éclair,Unstoppable Lightning,2,14,0.14,14%,18.0,2.57,36,1,18.0,2.57,9.0,1.28
Œil de Lynx,Hawk's Eye,4,14,0.29,29%,8.5,2.43,34,0,Gratuit,Gratuit,8.5,2.43
Griffes Démoniaques,Demon Claws,2,14,0.14,14%,17.0,2.43,34,1,17.0,2.43,8.5,1.22
Armure d'Immortel,Immortal Breastplate,2,14,0.14,14%,16.0,2.29,32,1,16.0,2.29,8.0,1.15
Triple Météore,Trimeteor,1,14,0.07,7%,30.0,2.14,30,0,Gratuit,Gratuit,30.0,2.14
Assistance Divine,Sacred Help,1,14,0.07,7%,20.0,1.43,20,2,10.0,0.71,6.67,0.48
Le Marionnettiste,The Puppeteer,1,14,0.07,7%,20.0,1.43,20,2,10.0,0.71,6.67,0.48
Épé Sainte,Holy Sword,2,14,0.14,14%,10.0,1.43,20,0,Gratuit,Gratuit,10.0,1.43
Mental d'Acier,Steel Aura,1,14,0.07,7%,18.0,1.29,18,2,9.0,0.65,6.0,0.43
Chasseur d'Âmes,Soul Hunter,1,14,0.07,7%,15.0,1.07,15,1,15.0,1.07,7.5,0.54
Soif de Sang,Thirsty Dagger,1,14,0.07,7%,15.0,1.07,15,0,Gratuit,Gratuit,15.0,1.07
Désintégrateur Magnétique,Magnetic Disintegrator,1,14,0.07,7%,11.0,0.79,11,0,Gratuit,Gratuit,11.0,0.79
Griffes Sauvages,Wild Claw,5,14,0.36,36%,2.0,0.71,10,3,0.67,0.24,0.5,0.18
