,Nom Anglais,nb games valide,total games,ratio,%,pts moy,pts moy total,total point,cout,pts par cout moy,pts par cout total
Totem Équivalent,Equivalent Totem,3,3,1.0,100%,16.67,16.67,50,2,8.34,8.34
Lame Affutée,Sharp Blade,3,3,1.0,100%,16.0,16.0,48,3,5.33,5.33
Faux Parfaite,Perfect Scythe,3,3,1.0,100%,15.0,15.0,45,0,Gratuit,Gratuit
Faux,Scythe,3,3,1.0,100%,14.33,14.33,43,3,4.78,4.78
Hache Frénétique,Berseker Ax,3,3,1.0,100%,14.0,14.0,42,2,7.0,7.0
Marteau Collecteur,Collecting Hammer,2,3,0.67,67%,15.0,10.0,30,2,7.5,5.0
Esprit de l'Écuyer,Spirit of the Squire,3,3,1.0,100%,9.0,9.0,27,3,3.0,3.0
Ascension Divine,Divine Ascent,1,3,0.33,33%,25.0,8.33,25,3,8.33,2.78
Assistance Divine,Sacred Help,1,3,0.33,33%,20.0,6.67,20,2,10.0,3.33
Mental d'Acier,Steel Aura,1,3,0.33,33%,18.0,6.0,18,2,9.0,3.0
Parchemin Secret,Secret Scroll,1,3,0.33,33%,18.0,6.0,18,2,9.0,3.0
Esprit omniprésent,Omnipresent Spirit,1,3,0.33,33%,18.0,6.0,18,2,9.0,3.0
Épée Obscure,Swords of Darkness,1,3,0.33,33%,17.0,5.67,17,1,17.0,5.67
Économe Sagesse du Trésorier,Treasurer's Wisdom,1,3,0.33,33%,17.0,5.67,17,2,8.5,2.83
Adrénaline Arcanique,Arcane Adrenaline,1,3,0.33,33%,16.0,5.33,16,1,16.0,5.33
Chasseur d'Âmes,Soul Hunter,1,3,0.33,33%,15.0,5.0,15,1,15.0,5.0
Aveuglement,Incapacitor,2,3,0.67,67%,7.5,5.0,15,3,2.5,1.67
Elan de Fureur,Rampage Momentum,1,3,0.33,33%,15.0,5.0,15,2,7.5,2.5
Totem du Gardien,Guardian Totem,3,3,1.0,100%,4.33,4.33,13,3,1.44,1.44
Sabre Versatile,Versatil Saber,1,3,0.33,33%,11.0,3.67,11,1,11.0,3.67
Tombeau Rocheux,Rock Tomb,1,3,0.33,33%,10.0,3.33,10,1,10.0,3.33
Coup de Mort,Death Helper,1,3,0.33,33%,10.0,3.33,10,1,10.0,3.33
Épé Sainte,Holy Sword,1,3,0.33,33%,10.0,3.33,10,0,Gratuit,Gratuit
Œil de Lynx,Hawk's Eye,1,3,0.33,33%,8.0,2.67,8,0,Gratuit,Gratuit
Danse Macabre,Dance of Death,1,3,0.33,33%,8.0,2.67,8,1,8.0,2.67
Griffes Sauvages,Wild Claw,1,3,0.33,33%,2.0,0.67,2,3,0.67,0.22
