,Nom Anglais,nb games valide,total games,ratio,%,pts moy,pts moy total,total point,cout,pts par cout moy,pts par cout total,pts par cout moy+1,pts par cout total+1
Totem Équivalent,Equivalent Totem,12,12,1.0,100%,16.42,16.42,197,2,8.21,8.21,5.47,5.47
Faux,Scythe,12,12,1.0,100%,15.17,15.17,182,3,5.06,5.06,3.79,3.79
Hache Frénétique,Berseker Ax,9,12,0.75,75%,14.0,10.5,126,2,7.0,5.25,4.67,3.5
Lame Affutée,Sharp Blade,9,12,0.75,75%,13.33,10.0,120,3,4.44,3.33,3.33,2.5
Esprit de l'Écuyer,Spirit of the Squire,11,12,0.92,92%,10.91,10.0,120,3,3.64,3.33,2.73,2.5
Marteau Collecteur,Collecting Hammer,9,12,0.75,75%,11.89,8.92,107,2,5.95,4.46,3.96,2.97
Faux Parfaite,Perfect Scythe,7,12,0.58,58%,15.0,8.75,105,0,Gratuit,Gratuit,15.0,8.75
Ascension Divine,Divine Ascent,4,12,0.33,33%,25.0,8.33,100,3,8.33,2.78,6.25,2.08
Gantelet Impérieux,Imperious Gauntlet,3,12,0.25,25%,30.0,7.5,90,1,30.0,7.5,15.0,3.75
Économe Sagesse du Trésorier,Treasurer's Wisdom,5,12,0.42,42%,17.0,7.08,85,2,8.5,3.54,5.67,2.36
Lame Insatiable,Fast Furious Blade,5,12,0.42,42%,16.0,6.67,80,2,8.0,3.33,5.33,2.22
Adrénaline Arcanique,Arcane Adrenaline,5,12,0.42,42%,16.0,6.67,80,1,16.0,6.67,8.0,3.33
Aveuglement,Incapacitor,11,12,0.92,92%,6.82,6.25,75,3,2.27,2.08,1.71,1.56
Faux Assoiffées,Thirsty Scythes,3,12,0.25,25%,25.0,6.25,75,3,8.33,2.08,6.25,1.56
Épée Obscure,Swords of Darkness,4,12,0.33,33%,17.0,5.67,68,1,17.0,5.67,8.5,2.83
Armure d'Obsidienne,Obsidian Battle Plate,3,12,0.25,25%,20.0,5.0,60,2,10.0,2.5,6.67,1.67
Explosion Arcanique,Arcane Explosive,5,12,0.42,42%,12.0,5.0,60,1,12.0,5.0,6.0,2.5
Totem du Gardien,Guardian Totem,12,12,1.0,100%,4.75,4.75,57,3,1.58,1.58,1.19,1.19
Coup de Mort,Death Helper,5,12,0.42,42%,11.2,4.67,56,1,11.2,4.67,5.6,2.33
Sabre Versatile,Versatil Saber,5,12,0.42,42%,11.0,4.58,55,1,11.0,4.58,5.5,2.29
Parchemin Secret,Secret Scroll,3,12,0.25,25%,18.0,4.5,54,2,9.0,2.25,6.0,1.5
Esprit omniprésent,Omnipresent Spirit,3,12,0.25,25%,18.0,4.5,54,2,9.0,2.25,6.0,1.5
Elan de Fureur,Rampage Momentum,3,12,0.25,25%,15.0,3.75,45,2,7.5,1.88,5.0,1.25
Danse Macabre,Dance of Death,5,12,0.42,42%,8.0,3.33,40,1,8.0,3.33,4.0,1.67
Tombeau Rocheux,Rock Tomb,4,12,0.33,33%,10.0,3.33,40,1,10.0,3.33,5.0,1.67
Chasseresse d'Âmes,Huntress of Souls,2,12,0.17,17%,19.0,3.17,38,1,19.0,3.17,9.5,1.58
Marteleur précis,Precise Hammer,2,12,0.17,17%,18.0,3.0,36,1,18.0,3.0,9.0,1.5
Enchaînement Éclair,Unstoppable Lightning,2,12,0.17,17%,18.0,3.0,36,1,18.0,3.0,9.0,1.5
Œil de Lynx,Hawk's Eye,4,12,0.33,33%,8.5,2.83,34,0,Gratuit,Gratuit,8.5,2.83
Griffes Démoniaques,Demon Claws,2,12,0.17,17%,17.0,2.83,34,1,17.0,2.83,8.5,1.42
Armure d'Immortel,Immortal Breastplate,2,12,0.17,17%,16.0,2.67,32,1,16.0,2.67,8.0,1.33
Triple Météore,Trimeteor,1,12,0.08,8%,30.0,2.5,30,0,Gratuit,Gratuit,30.0,2.5
Assistance Divine,Sacred Help,1,12,0.08,8%,20.0,1.67,20,2,10.0,0.83,6.67,0.56
Le Marionnettiste,The Puppeteer,1,12,0.08,8%,20.0,1.67,20,2,10.0,0.83,6.67,0.56
Épé Sainte,Holy Sword,2,12,0.17,17%,10.0,1.67,20,0,Gratuit,Gratuit,10.0,1.67
Mental d'Acier,Steel Aura,1,12,0.08,8%,18.0,1.5,18,2,9.0,0.75,6.0,0.5
Chasseur d'Âmes,Soul Hunter,1,12,0.08,8%,15.0,1.25,15,1,15.0,1.25,7.5,0.62
Soif de Sang,Thirsty Dagger,1,12,0.08,8%,15.0,1.25,15,0,Gratuit,Gratuit,15.0,1.25
Désintégrateur Magnétique,Magnetic Disintegrator,1,12,0.08,8%,11.0,0.92,11,0,Gratuit,Gratuit,11.0,0.92
Griffes Sauvages,Wild Claw,5,12,0.42,42%,2.0,0.83,10,3,0.67,0.28,0.5,0.21
