,Nom Anglais,nb games valide,total games,ratio,%,pts moy,pts moy total,total point,cout,pts par cout moy,pts par cout total,pts par cout moy+1,pts par cout total+1
Gantelet Impérieux,Imperious Gauntlet,1,1,1.0,100%,30.0,30.0,30,1,30.0,30.0,15.0,15.0
Marteau Collecteur,Collecting Hammer,1,1,1.0,100%,28.0,28.0,28,2,14.0,14.0,9.33,9.33
Totem Équivalent,Equivalent Totem,1,1,1.0,100%,13.0,13.0,13,2,6.5,6.5,4.33,4.33
Faux,Scythe,1,1,1.0,100%,10.0,10.0,10,3,3.33,3.33,2.5,2.5
Lame Affutée,Sharp Blade,1,1,1.0,100%,3.0,3.0,3,3,1.0,1.0,0.75,0.75
Esprit de l'Écuyer,Spirit of the Squire,1,1,1.0,100%,3.0,3.0,3,3,1.0,1.0,0.75,0.75
Aveuglement,Incapacitor,1,1,1.0,100%,3.0,3.0,3,3,1.0,1.0,0.75,0.75
Totem du Gardien,Guardian Totem,1,1,1.0,100%,3.0,3.0,3,3,1.0,1.0,0.75,0.75
