,Nom Anglais,nb games valide,total games,ratio,%,pts moy,pts moy total,total point,cout,pts par cout moy,pts par cout total,pts par cout moy+1,pts par cout total+1
Totem Équivalent,Equivalent Totem,6,6,1.0,100%,16.33,16.33,98,2,8.16,8.16,5.44,5.44
Faux,Scythe,6,6,1.0,100%,15.5,15.5,93,3,5.17,5.17,3.88,3.88
Lame Affutée,Sharp Blade,6,6,1.0,100%,15.0,15.0,90,3,5.0,5.0,3.75,3.75
Ascension Divine,Divine Ascent,3,6,0.5,50%,25.0,12.5,75,3,8.33,4.17,6.25,3.12
Hache Frénétique,Berseker Ax,5,6,0.83,83%,14.0,11.67,70,2,7.0,5.83,4.67,3.89
Faux Parfaite,Perfect Scythe,4,6,0.67,67%,15.0,10.0,60,0,Gratuit,Gratuit,15.0,10.0
Esprit de l'Écuyer,Spirit of the Squire,5,6,0.83,83%,10.8,9.0,54,3,3.6,3.0,2.7,2.25
Économe Sagesse du Trésorier,Treasurer's Wisdom,3,6,0.5,50%,17.0,8.5,51,2,8.5,4.25,5.67,2.83
Épée Obscure,Swords of Darkness,3,6,0.5,50%,17.0,8.5,51,1,17.0,8.5,8.5,4.25
Faux Assoiffées,Thirsty Scythes,2,6,0.33,33%,25.0,8.33,50,3,8.33,2.78,6.25,2.08
Adrénaline Arcanique,Arcane Adrenaline,3,6,0.5,50%,16.0,8.0,48,1,16.0,8.0,8.0,4.0
Marteau Collecteur,Collecting Hammer,4,6,0.67,67%,10.5,7.0,42,2,5.25,3.5,3.5,2.33
Aveuglement,Incapacitor,5,6,0.83,83%,7.8,6.5,39,3,2.6,2.17,1.95,1.62
Parchemin Secret,Secret Scroll,2,6,0.33,33%,18.0,6.0,36,2,9.0,3.0,6.0,2.0
Lame Insatiable,Fast Furious Blade,2,6,0.33,33%,16.0,5.33,32,2,8.0,2.67,5.33,1.78
Gantelet Impérieux,Imperious Gauntlet,1,6,0.17,17%,30.0,5.0,30,1,30.0,5.0,15.0,2.5
Elan de Fureur,Rampage Momentum,2,6,0.33,33%,15.0,5.0,30,2,7.5,2.5,5.0,1.67
Triple Météore,Trimeteor,1,6,0.17,17%,30.0,5.0,30,0,Gratuit,Gratuit,30.0,5.0
Tombeau Rocheux,Rock Tomb,3,6,0.5,50%,10.0,5.0,30,1,10.0,5.0,5.0,2.5
Totem du Gardien,Guardian Totem,6,6,1.0,100%,4.67,4.67,28,3,1.56,1.56,1.17,1.17
Explosion Arcanique,Arcane Explosive,2,6,0.33,33%,12.0,4.0,24,1,12.0,4.0,6.0,2.0
Danse Macabre,Dance of Death,3,6,0.5,50%,8.0,4.0,24,1,8.0,4.0,4.0,2.0
Œil de Lynx,Hawk's Eye,3,6,0.5,50%,8.0,4.0,24,0,Gratuit,Gratuit,8.0,4.0
Sabre Versatile,Versatil Saber,2,6,0.33,33%,11.0,3.67,22,1,11.0,3.67,5.5,1.83
Coup de Mort,Death Helper,2,6,0.33,33%,10.0,3.33,20,1,10.0,3.33,5.0,1.67
Épé Sainte,Holy Sword,2,6,0.33,33%,10.0,3.33,20,0,Gratuit,Gratuit,10.0,3.33
Assistance Divine,Sacred Help,1,6,0.17,17%,20.0,3.33,20,2,10.0,1.67,6.67,1.11
Chasseresse d'Âmes,Huntress of Souls,1,6,0.17,17%,19.0,3.17,19,1,19.0,3.17,9.5,1.58
Mental d'Acier,Steel Aura,1,6,0.17,17%,18.0,3.0,18,2,9.0,1.5,6.0,1.0
Enchaînement Éclair,Unstoppable Lightning,1,6,0.17,17%,18.0,3.0,18,1,18.0,3.0,9.0,1.5
Esprit omniprésent,Omnipresent Spirit,1,6,0.17,17%,18.0,3.0,18,2,9.0,1.5,6.0,1.0
Griffes Démoniaques,Demon Claws,1,6,0.17,17%,17.0,2.83,17,1,17.0,2.83,8.5,1.42
Soif de Sang,Thirsty Dagger,1,6,0.17,17%,15.0,2.5,15,0,Gratuit,Gratuit,15.0,2.5
Chasseur d'Âmes,Soul Hunter,1,6,0.17,17%,15.0,2.5,15,1,15.0,2.5,7.5,1.25
Désintégrateur Magnétique,Magnetic Disintegrator,1,6,0.17,17%,11.0,1.83,11,0,Gratuit,Gratuit,11.0,1.83
Griffes Sauvages,Wild Claw,3,6,0.5,50%,2.33,1.17,7,3,0.78,0.39,0.58,0.29
