,Nom Anglais,nb games valide,total games,ratio,%,pts moy,pts moy total,total point,cout,pts par cout moy,pts par cout total,pts par cout moy+1,pts par cout total+1
Marteau Collecteur,Collecting Hammer,1,1,1.0,100%,21.0,21.0,21,2,10.5,10.5,7.0,7.0
Totem Équivalent,Equivalent Totem,1,1,1.0,100%,17.0,17.0,17,3,5.67,5.67,4.25,4.25
Hache Frénétique,Berseker Ax,1,1,1.0,100%,16.0,16.0,16,2,8.0,8.0,5.33,5.33
Faux Parfaite,Perfect Scythe,1,1,1.0,100%,15.0,15.0,15,0,Gratuit,Gratuit,15.0,15.0
Faux,Scythe,1,1,1.0,100%,12.0,12.0,12,3,4.0,4.0,3.0,3.0
Danse Macabre,Dance of Death,1,1,1.0,100%,10.0,10.0,10,1,10.0,10.0,5.0,5.0
Lame Affutée,Sharp Blade,1,1,1.0,100%,9.0,9.0,9,3,3.0,3.0,2.25,2.25
Esprit de l'Écuyer,Spirit of the Squire,1,1,1.0,100%,9.0,9.0,9,3,3.0,3.0,2.25,2.25
Totem du Gardien,Guardian Totem,1,1,1.0,100%,7.0,7.0,7,3,2.33,2.33,1.75,1.75
Aveuglement,Incapacitor,1,1,1.0,100%,6.0,6.0,6,3,2.0,2.0,1.5,1.5
