,Nom Anglais,nb games valide,total games,ratio,%,pts moy,pts moy total,total point,cout,pts par cout moy,pts par cout total
Faux,Scythe,12,12,1.0,100%,14.25,14.25,171,3,4.75,4.75
Armure d'Obsidienne,Obsidian Battle Plate,7,12,0.58,58%,20.0,11.67,140,2,10.0,5.83
Aveuglement,Incapacitor,12,12,1.0,100%,11.5,11.5,138,3,3.83,3.83
Lame Affutée,Sharp Blade,11,12,0.92,92%,10.09,9.25,111,3,3.36,3.08
Économe Sagesse du Trésorier,Treasurer's Wisdom,5,12,0.42,42%,17.0,7.08,85,2,8.5,3.54
Hache Frénétique,Berseker Ax,6,12,0.5,50%,14.0,7.0,84,2,7.0,3.5
Lame Insatiable,Fast Furious Blade,5,12,0.42,42%,16.0,6.67,80,2,8.0,3.33
Ascension Divine,Divine Ascent,3,12,0.25,25%,25.0,6.25,75,3,8.33,2.08
Esprit de l'Écuyer,Spirit of the Squire,10,12,0.83,83%,6.0,5.0,60,3,2.0,1.67
Totem du Gardien,Guardian Totem,12,12,1.0,100%,4.92,4.92,59,3,1.64,1.64
Esprit omniprésent,Omnipresent Spirit,3,12,0.25,25%,18.0,4.5,54,2,9.0,2.25
Adrénaline Arcanique,Arcane Adrenaline,3,12,0.25,25%,16.0,4.0,48,1,16.0,4.0
Bâton de Conquête,Conquering Staff,2,12,0.17,17%,24.0,4.0,48,2,12.0,2.0
Elan de Fureur,Rampage Momentum,3,12,0.25,25%,15.0,3.75,45,2,7.5,1.88
Épée Obscure,Swords of Darkness,3,12,0.25,25%,15.0,3.75,45,1,15.0,3.75
Soif de Sang,Thirsty Dagger,3,12,0.25,25%,15.0,3.75,45,0,Gratuit,Gratuit
Sabre Versatile,Versatil Saber,4,12,0.33,33%,11.0,3.67,44,1,11.0,3.67
Glaive Vindicatif,Large Sword of Hate,2,12,0.17,17%,20.0,3.33,40,1,20.0,3.33
Danse Macabre,Dance of Death,5,12,0.42,42%,8.0,3.33,40,1,8.0,3.33
Le Marionnettiste,The Puppeteer,2,12,0.17,17%,20.0,3.33,40,2,10.0,1.67
Assistance Divine,Sacred Help,2,12,0.17,17%,20.0,3.33,40,2,10.0,1.67
Aura Légendaire,Legend Aura,1,12,0.08,8%,40.0,3.33,40,3,13.33,1.11
Enchaînement Éclair,Unstoppable Lightning,2,12,0.17,17%,18.0,3.0,36,1,18.0,3.0
Parchemin Secret,Secret Scroll,2,12,0.17,17%,18.0,3.0,36,2,9.0,1.5
Épées Jumelles,Twin Swords,3,12,0.25,25%,10.0,2.5,30,1,10.0,2.5
Épé Sainte,Holy Sword,3,12,0.25,25%,10.0,2.5,30,0,Gratuit,Gratuit
Griffes Sauvages,Wild Claw,9,12,0.75,75%,3.22,2.42,29,3,1.07,0.81
Armure d'Immortel,Immortal Breastplate,2,12,0.17,17%,14.0,2.33,28,1,14.0,2.33
Le Croque-mort,The Undertaker,2,12,0.17,17%,14.0,2.33,28,1,14.0,2.33
Faux Assoiffées,Thirsty Scythes,1,12,0.08,8%,25.0,2.08,25,3,8.33,0.69
Explosion Arcanique,Arcane Explosive,2,12,0.17,17%,12.0,2.0,24,1,12.0,2.0
Lance Doublée,Dual Spear,3,12,0.25,25%,8.0,2.0,24,0,Gratuit,Gratuit
Désintégrateur Magnétique,Magnetic Disintegrator,2,12,0.17,17%,11.0,1.83,22,0,Gratuit,Gratuit
Force Divine,Divine Impetu,2,12,0.17,17%,11.0,1.83,22,0,Gratuit,Gratuit
Masse Colossale,Colossal Mace,2,12,0.17,17%,11.0,1.83,22,0,Gratuit,Gratuit
Pillard Féroce,Savage Looter,1,12,0.08,8%,20.0,1.67,20,1,20.0,1.67
Esquive Salvatrice,Evasive Protection,1,12,0.08,8%,15.0,1.25,15,0,Gratuit,Gratuit
Chasseur d'Âmes,Soul Hunter,1,12,0.08,8%,15.0,1.25,15,1,15.0,1.25
Couronne du Roi Nain,Crown of the Dwarf King,1,12,0.08,8%,13.0,1.08,13,0,Gratuit,Gratuit
Amulette Omnisciente,Omnipresent Amulet,1,12,0.08,8%,11.0,0.92,11,0,Gratuit,Gratuit
Destruction Royale,Royal Destroyer,1,12,0.08,8%,11.0,0.92,11,0,Gratuit,Gratuit
Coup de Mort,Death Helper,1,12,0.08,8%,10.0,0.83,10,1,10.0,0.83
