,Nom Anglais,nb games valide,total games,ratio,%,pts moy,pts moy total,total point,cout,pts par cout moy,pts par cout total
Faux,Scythe,7,7,1.0,100%,14.29,14.29,100,3,4.76,4.76
Aveuglement,Incapacitor,7,7,1.0,100%,12.0,12.0,84,3,4.0,4.0
Armure d'Obsidienne,Obsidian Battle Plate,4,7,0.57,57%,20.0,11.43,80,2,10.0,5.71
Lame Affutée,Sharp Blade,7,7,1.0,100%,8.14,8.14,57,3,2.71,2.71
Économe Sagesse du Trésorier,Treasurer's Wisdom,3,7,0.43,43%,17.0,7.29,51,2,8.5,3.65
Bâton de Conquête,Conquering Staff,2,7,0.29,29%,24.0,6.86,48,2,12.0,3.43
Lame Insatiable,Fast Furious Blade,3,7,0.43,43%,16.0,6.86,48,2,8.0,3.43
Totem du Gardien,Guardian Totem,7,7,1.0,100%,5.57,5.57,39,3,1.86,1.86
Esprit omniprésent,Omnipresent Spirit,2,7,0.29,29%,18.0,5.14,36,2,9.0,2.57
Soif de Sang,Thirsty Dagger,2,7,0.29,29%,15.0,4.29,30,0,Gratuit,Gratuit
Elan de Fureur,Rampage Momentum,2,7,0.29,29%,15.0,4.29,30,2,7.5,2.15
Hache Frénétique,Berseker Ax,2,7,0.29,29%,14.0,4.0,28,2,7.0,2.0
Ascension Divine,Divine Ascent,1,7,0.14,14%,25.0,3.57,25,3,8.33,1.19
Danse Macabre,Dance of Death,3,7,0.43,43%,8.0,3.43,24,1,8.0,3.43
Esprit de l'Écuyer,Spirit of the Squire,6,7,0.86,86%,3.5,3.0,21,3,1.17,1.0
Glaive Vindicatif,Large Sword of Hate,1,7,0.14,14%,20.0,2.86,20,1,20.0,2.86
Assistance Divine,Sacred Help,1,7,0.14,14%,20.0,2.86,20,2,10.0,1.43
Le Marionnettiste,The Puppeteer,1,7,0.14,14%,20.0,2.86,20,2,10.0,1.43
Pillard Féroce,Savage Looter,1,7,0.14,14%,20.0,2.86,20,1,20.0,2.86
Enchaînement Éclair,Unstoppable Lightning,1,7,0.14,14%,18.0,2.57,18,1,18.0,2.57
Parchemin Secret,Secret Scroll,1,7,0.14,14%,18.0,2.57,18,2,9.0,1.28
Adrénaline Arcanique,Arcane Adrenaline,1,7,0.14,14%,16.0,2.29,16,1,16.0,2.29
Chasseur d'Âmes,Soul Hunter,1,7,0.14,14%,15.0,2.14,15,1,15.0,2.14
Épée Obscure,Swords of Darkness,1,7,0.14,14%,15.0,2.14,15,1,15.0,2.14
Le Croque-mort,The Undertaker,1,7,0.14,14%,14.0,2.0,14,1,14.0,2.0
Griffes Sauvages,Wild Claw,4,7,0.57,57%,3.0,1.71,12,3,1.0,0.57
Explosion Arcanique,Arcane Explosive,1,7,0.14,14%,12.0,1.71,12,1,12.0,1.71
Sabre Versatile,Versatil Saber,1,7,0.14,14%,11.0,1.57,11,1,11.0,1.57
Désintégrateur Magnétique,Magnetic Disintegrator,1,7,0.14,14%,11.0,1.57,11,0,Gratuit,Gratuit
Masse Colossale,Colossal Mace,1,7,0.14,14%,11.0,1.57,11,0,Gratuit,Gratuit
Destruction Royale,Royal Destroyer,1,7,0.14,14%,11.0,1.57,11,0,Gratuit,Gratuit
Épées Jumelles,Twin Swords,1,7,0.14,14%,10.0,1.43,10,1,10.0,1.43
Épé Sainte,Holy Sword,1,7,0.14,14%,10.0,1.43,10,0,Gratuit,Gratuit
Lance Doublée,Dual Spear,1,7,0.14,14%,8.0,1.14,8,0,Gratuit,Gratuit
