,Nom Anglais,nb games valide,total games,ratio,%,pts moy,pts moy total,total point,cout,pts par cout moy,pts par cout total
Faux,Scythe,10,10,1.0,100%,14.3,14.3,143,3,4.77,4.77
Armure d'Obsidienne,Obsidian Battle Plate,6,10,0.6,60%,20.0,12.0,120,2,10.0,6.0
Aveuglement,Incapacitor,10,10,1.0,100%,11.4,11.4,114,3,3.8,3.8
Lame Affutée,Sharp Blade,10,10,1.0,100%,10.2,10.2,102,3,3.4,3.4
Hache Frénétique,Berseker Ax,5,10,0.5,50%,14.0,7.0,70,2,7.0,3.5
Économe Sagesse du Trésorier,Treasurer's Wisdom,4,10,0.4,40%,17.0,6.8,68,2,8.5,3.4
Lame Insatiable,Fast Furious Blade,4,10,0.4,40%,16.0,6.4,64,2,8.0,3.2
Totem du Gardien,Guardian Totem,10,10,1.0,100%,5.0,5.0,50,3,1.67,1.67
Ascension Divine,Divine Ascent,2,10,0.2,20%,25.0,5.0,50,3,8.33,1.67
Bâton de Conquête,Conquering Staff,2,10,0.2,20%,24.0,4.8,48,2,12.0,2.4
Soif de Sang,Thirsty Dagger,3,10,0.3,30%,15.0,4.5,45,0,Gratuit,Gratuit
Elan de Fureur,Rampage Momentum,3,10,0.3,30%,15.0,4.5,45,2,7.5,2.25
Épée Obscure,Swords of Darkness,3,10,0.3,30%,15.0,4.5,45,1,15.0,4.5
Glaive Vindicatif,Large Sword of Hate,2,10,0.2,20%,20.0,4.0,40,1,20.0,4.0
Assistance Divine,Sacred Help,2,10,0.2,20%,20.0,4.0,40,2,10.0,2.0
Danse Macabre,Dance of Death,5,10,0.5,50%,8.0,4.0,40,1,8.0,4.0
Aura Légendaire,Legend Aura,1,10,0.1,10%,40.0,4.0,40,3,13.33,1.33
Esprit de l'Écuyer,Spirit of the Squire,9,10,0.9,90%,4.33,3.9,39,3,1.44,1.3
Enchaînement Éclair,Unstoppable Lightning,2,10,0.2,20%,18.0,3.6,36,1,18.0,3.6
Parchemin Secret,Secret Scroll,2,10,0.2,20%,18.0,3.6,36,2,9.0,1.8
Esprit omniprésent,Omnipresent Spirit,2,10,0.2,20%,18.0,3.6,36,2,9.0,1.8
Sabre Versatile,Versatil Saber,3,10,0.3,30%,11.0,3.3,33,1,11.0,3.3
Adrénaline Arcanique,Arcane Adrenaline,2,10,0.2,20%,16.0,3.2,32,1,16.0,3.2
Épées Jumelles,Twin Swords,3,10,0.3,30%,10.0,3.0,30,1,10.0,3.0
Épé Sainte,Holy Sword,3,10,0.3,30%,10.0,3.0,30,0,Gratuit,Gratuit
Le Croque-mort,The Undertaker,2,10,0.2,20%,14.0,2.8,28,1,14.0,2.8
Explosion Arcanique,Arcane Explosive,2,10,0.2,20%,12.0,2.4,24,1,12.0,2.4
Lance Doublée,Dual Spear,3,10,0.3,30%,8.0,2.4,24,0,Gratuit,Gratuit
Désintégrateur Magnétique,Magnetic Disintegrator,2,10,0.2,20%,11.0,2.2,22,0,Gratuit,Gratuit
Masse Colossale,Colossal Mace,2,10,0.2,20%,11.0,2.2,22,0,Gratuit,Gratuit
Griffes Sauvages,Wild Claw,7,10,0.7,70%,3.0,2.1,21,3,1.0,0.7
Pillard Féroce,Savage Looter,1,10,0.1,10%,20.0,2.0,20,1,20.0,2.0
Le Marionnettiste,The Puppeteer,1,10,0.1,10%,20.0,2.0,20,2,10.0,1.0
Esquive Salvatrice,Evasive Protection,1,10,0.1,10%,15.0,1.5,15,0,Gratuit,Gratuit
Chasseur d'Âmes,Soul Hunter,1,10,0.1,10%,15.0,1.5,15,1,15.0,1.5
Armure d'Immortel,Immortal Breastplate,1,10,0.1,10%,14.0,1.4,14,1,14.0,1.4
Couronne du Roi Nain,Crown of the Dwarf King,1,10,0.1,10%,13.0,1.3,13,0,Gratuit,Gratuit
Force Divine,Divine Impetu,1,10,0.1,10%,11.0,1.1,11,0,Gratuit,Gratuit
Destruction Royale,Royal Destroyer,1,10,0.1,10%,11.0,1.1,11,0,Gratuit,Gratuit
