,Nom Anglais,nb games valide,total games,ratio,%,pts moy,pts moy total,total point,cout,pts par cout moy,pts par cout total
Faux,Scythe,17,17,1.0,100%,14.71,14.71,250,3,4.9,4.9
Aveuglement,Incapacitor,17,17,1.0,100%,12.18,12.18,207,3,4.06,4.06
Armure d'Obsidienne,Obsidian Battle Plate,9,17,0.53,53%,20.0,10.59,180,2,10.0,5.29
Lame Affutée,Sharp Blade,16,17,0.94,94%,9.0,8.47,144,3,3.0,2.82
Hache Frénétique,Berseker Ax,9,17,0.53,53%,14.0,7.41,126,2,7.0,3.71
Ascension Divine,Divine Ascent,5,17,0.29,29%,25.0,7.35,125,3,8.33,2.45
Économe Sagesse du Trésorier,Treasurer's Wisdom,7,17,0.41,41%,17.0,7.0,119,2,8.5,3.5
Lame Insatiable,Fast Furious Blade,6,17,0.35,35%,16.0,5.65,96,2,8.0,2.83
Totem du Gardien,Guardian Totem,17,17,1.0,100%,5.47,5.47,93,3,1.82,1.82
Esprit de l'Écuyer,Spirit of the Squire,14,17,0.82,82%,6.43,5.29,90,3,2.14,1.76
Esprit omniprésent,Omnipresent Spirit,5,17,0.29,29%,18.0,5.29,90,2,9.0,2.65
Adrénaline Arcanique,Arcane Adrenaline,5,17,0.29,29%,16.0,4.71,80,1,16.0,4.71
Faux Assoiffées,Thirsty Scythes,3,17,0.18,18%,25.0,4.41,75,3,8.33,1.47
Glaive Vindicatif,Large Sword of Hate,3,17,0.18,18%,20.0,3.53,60,1,20.0,3.53
Le Marionnettiste,The Puppeteer,3,17,0.18,18%,20.0,3.53,60,2,10.0,1.76
Épée Obscure,Swords of Darkness,4,17,0.24,24%,15.0,3.53,60,1,15.0,3.53
Armure d'Immortel,Immortal Breastplate,4,17,0.24,24%,14.0,3.29,56,1,14.0,3.29
Bâton de Conquête,Conquering Staff,2,17,0.12,12%,24.0,2.82,48,2,12.0,1.41
Danse Macabre,Dance of Death,6,17,0.35,35%,8.0,2.82,48,1,8.0,2.82
Soif de Sang,Thirsty Dagger,3,17,0.18,18%,15.0,2.65,45,0,Gratuit,Gratuit
Elan de Fureur,Rampage Momentum,3,17,0.18,18%,15.0,2.65,45,2,7.5,1.32
Sabre Versatile,Versatil Saber,4,17,0.24,24%,11.0,2.59,44,1,11.0,2.59
Griffes Sauvages,Wild Claw,13,17,0.76,76%,3.31,2.53,43,3,1.1,0.84
Assistance Divine,Sacred Help,2,17,0.12,12%,20.0,2.35,40,2,10.0,1.18
Épées Jumelles,Twin Swords,4,17,0.24,24%,10.0,2.35,40,1,10.0,2.35
Aura Légendaire,Legend Aura,1,17,0.06,6%,40.0,2.35,40,3,13.33,0.78
Explosion Arcanique,Arcane Explosive,3,17,0.18,18%,12.0,2.12,36,1,12.0,2.12
Parchemin Secret,Secret Scroll,2,17,0.12,12%,18.0,2.12,36,2,9.0,1.06
Enchaînement Éclair,Unstoppable Lightning,2,17,0.12,12%,18.0,2.12,36,1,18.0,2.12
Masse Colossale,Colossal Mace,3,17,0.18,18%,11.0,1.94,33,0,Gratuit,Gratuit
Épé Sainte,Holy Sword,3,17,0.18,18%,10.0,1.76,30,0,Gratuit,Gratuit
Esquive Salvatrice,Evasive Protection,2,17,0.12,12%,15.0,1.76,30,0,Gratuit,Gratuit
Le Croque-mort,The Undertaker,2,17,0.12,12%,14.0,1.65,28,1,14.0,1.65
Lance Doublée,Dual Spear,3,17,0.18,18%,8.0,1.41,24,0,Gratuit,Gratuit
Désintégrateur Magnétique,Magnetic Disintegrator,2,17,0.12,12%,11.0,1.29,22,0,Gratuit,Gratuit
Force Divine,Divine Impetu,2,17,0.12,12%,11.0,1.29,22,0,Gratuit,Gratuit
Tombeau Rocheux,Rock Tomb,2,17,0.12,12%,10.0,1.18,20,1,10.0,1.18
Pillard Féroce,Savage Looter,1,17,0.06,6%,20.0,1.18,20,1,20.0,1.18
Coup de Mort,Death Helper,2,17,0.12,12%,10.0,1.18,20,1,10.0,1.18
Œil de Lynx,Hawk's Eye,2,17,0.12,12%,8.0,0.94,16,0,Gratuit,Gratuit
Instinct Sanguinaire,Bloody Instinct,1,17,0.06,6%,15.0,0.88,15,2,7.5,0.44
Bâton Élémentaire,Earthly Staff,1,17,0.06,6%,15.0,0.88,15,0,Gratuit,Gratuit
Chasseur d'Âmes,Soul Hunter,1,17,0.06,6%,15.0,0.88,15,1,15.0,0.88
Couronne du Roi Nain,Crown of the Dwarf King,1,17,0.06,6%,13.0,0.76,13,0,Gratuit,Gratuit
Amulette Omnisciente,Omnipresent Amulet,1,17,0.06,6%,11.0,0.65,11,0,Gratuit,Gratuit
Destruction Royale,Royal Destroyer,1,17,0.06,6%,11.0,0.65,11,0,Gratuit,Gratuit
