,Nom Anglais,nb games valide,total games,ratio,%,pts moy,pts moy total,total point,cout,pts par cout moy,pts par cout total
Faux,Scythe,12,12,1.0,100%,17.33,17.33,208,3,5.78,5.78
Aveuglement,Incapacitor,12,12,1.0,100%,15.0,15.0,180,3,5.0,5.0
Armure d'Obsidienne,Obsidian Battle Plate,7,12,0.58,58%,20.0,11.67,140,2,10.0,5.83
Lame Affutée,Sharp Blade,11,12,0.92,92%,11.73,10.75,129,3,3.91,3.58
Économe Sagesse du Trésorier,Treasurer's Wisdom,7,12,0.58,58%,17.0,9.92,119,2,8.5,4.96
Lame Insatiable,Fast Furious Blade,7,12,0.58,58%,16.0,9.33,112,2,8.0,4.67
Ascension Divine,Divine Ascent,4,12,0.33,33%,25.0,8.33,100,3,8.33,2.78
Faux Assoiffées,Thirsty Scythes,4,12,0.33,33%,25.0,8.33,100,3,8.33,2.78
Hache Frénétique,Berseker Ax,7,12,0.58,58%,14.0,8.17,98,2,7.0,4.08
Esprit de l'Écuyer,Spirit of the Squire,10,12,0.83,83%,9.3,7.75,93,3,3.1,2.58
Griffes Démoniaques,Demon Claws,5,12,0.42,42%,17.0,7.08,85,1,17.0,7.08
Adrénaline Arcanique,Arcane Adrenaline,5,12,0.42,42%,16.0,6.67,80,1,16.0,6.67
Chasseresse d'Âmes,Huntress of Souls,4,12,0.33,33%,19.0,6.33,76,1,19.0,6.33
Parchemin Secret,Secret Scroll,4,12,0.33,33%,18.0,6.0,72,2,9.0,3.0
Totem du Gardien,Guardian Totem,12,12,1.0,100%,4.83,4.83,58,3,1.61,1.61
Épées Jumelles,Twin Swords,3,12,0.25,25%,16.67,4.17,50,1,16.67,4.17
Bâton de Conquête,Conquering Staff,2,12,0.17,17%,24.0,4.0,48,2,12.0,2.0
Épée Obscure,Swords of Darkness,3,12,0.25,25%,15.0,3.75,45,1,15.0,3.75
Sabre Versatile,Versatil Saber,4,12,0.33,33%,11.0,3.67,44,1,11.0,3.67
Armure d'Immortel,Immortal Breastplate,3,12,0.25,25%,14.0,3.5,42,1,14.0,3.5
Coup de Mort,Death Helper,4,12,0.33,33%,10.0,3.33,40,1,10.0,3.33
Glaive Vindicatif,Large Sword of Hate,2,12,0.17,17%,20.0,3.33,40,1,20.0,3.33
Danse Macabre,Dance of Death,4,12,0.33,33%,8.0,2.67,32,1,8.0,2.67
Épé Sainte,Holy Sword,3,12,0.25,25%,10.0,2.5,30,0,Gratuit,Gratuit
Soif de Sang,Thirsty Dagger,2,12,0.17,17%,15.0,2.5,30,0,Gratuit,Gratuit
Esquive Salvatrice,Evasive Protection,2,12,0.17,17%,15.0,2.5,30,0,Gratuit,Gratuit
Chasseur d'Âmes,Soul Hunter,2,12,0.17,17%,15.0,2.5,30,1,15.0,2.5
Instinct Sanguinaire,Bloody Instinct,2,12,0.17,17%,15.0,2.5,30,2,7.5,1.25
Griffes Sauvages,Wild Claw,9,12,0.75,75%,3.0,2.25,27,3,1.0,0.75
Œil de Lynx,Hawk's Eye,3,12,0.25,25%,8.0,2.0,24,0,Gratuit,Gratuit
Force Divine,Divine Impetu,2,12,0.17,17%,11.0,1.83,22,0,Gratuit,Gratuit
Assistance Divine,Sacred Help,1,12,0.08,8%,20.0,1.67,20,2,10.0,0.83
Marteleur précis,Precise Hammer,1,12,0.08,8%,18.0,1.5,18,1,18.0,1.5
Enchaînement Éclair,Unstoppable Lightning,1,12,0.08,8%,18.0,1.5,18,1,18.0,1.5
Esprit omniprésent,Omnipresent Spirit,1,12,0.08,8%,18.0,1.5,18,2,9.0,0.75
Lance Doublée,Dual Spear,2,12,0.17,17%,8.0,1.33,16,0,Gratuit,Gratuit
Elan de Fureur,Rampage Momentum,1,12,0.08,8%,15.0,1.25,15,2,7.5,0.62
Le Croque-mort,The Undertaker,1,12,0.08,8%,14.0,1.17,14,1,14.0,1.17
Couronne du Roi Nain,Crown of the Dwarf King,1,12,0.08,8%,13.0,1.08,13,0,Gratuit,Gratuit
Bâton du Conquérant,Staff of Conquered Worlds,1,12,0.08,8%,11.0,0.92,11,0,Gratuit,Gratuit
