,Nom Anglais,nb games valide,total games,ratio,%,pts moy,pts moy total,total point,cout,pts par cout moy,pts par cout total
Faux,Scythe,3,3,1.0,100%,19.0,19.0,57,3,6.33,6.33
Totem Équivalent,Equivalent Totem,3,3,1.0,100%,17.67,17.67,53,2,8.84,8.84
Ascension Divine,Divine Ascent,2,3,0.67,67%,25.0,16.67,50,3,8.33,5.56
Hache Frénétique,Berseker Ax,3,3,1.0,100%,14.0,14.0,42,2,7.0,7.0
Chasseresse d'Âmes,Huntress of Souls,2,3,0.67,67%,19.0,12.67,38,1,19.0,12.67
Économe Sagesse du Trésorier,Treasurer's Wisdom,2,3,0.67,67%,17.0,11.33,34,2,8.5,5.67
Griffes Démoniaques,Demon Claws,2,3,0.67,67%,17.0,11.33,34,1,17.0,11.33
Lame Insatiable,Fast Furious Blade,2,3,0.67,67%,16.0,10.67,32,2,8.0,5.33
Aveuglement,Incapacitor,3,3,1.0,100%,9.0,9.0,27,3,3.0,3.0
Faux Assoiffées,Thirsty Scythes,1,3,0.33,33%,25.0,8.33,25,3,8.33,2.78
Bâton de Conquête,Conquering Staff,1,3,0.33,33%,24.0,8.0,24,2,12.0,4.0
Marteau Collecteur,Collecting Hammer,2,3,0.67,67%,12.0,8.0,24,2,6.0,4.0
Lame Affutée,Sharp Blade,3,3,1.0,100%,7.0,7.0,21,3,2.33,2.33
Esprit de l'Écuyer,Spirit of the Squire,3,3,1.0,100%,7.0,7.0,21,3,2.33,2.33
Armure d'Obsidienne,Obsidian Battle Plate,1,3,0.33,33%,20.0,6.67,20,2,10.0,3.33
Parchemin Secret,Secret Scroll,1,3,0.33,33%,18.0,6.0,18,2,9.0,3.0
Faux Parfaite,Perfect Scythe,1,3,0.33,33%,15.0,5.0,15,0,Gratuit,Gratuit
Couronne du Roi Nain,Crown of the Dwarf King,1,3,0.33,33%,13.0,4.33,13,0,Gratuit,Gratuit
Explosion Arcanique,Arcane Explosive,1,3,0.33,33%,12.0,4.0,12,1,12.0,4.0
Désintégrateur Magnétique,Magnetic Disintegrator,1,3,0.33,33%,11.0,3.67,11,0,Gratuit,Gratuit
Tombeau Rocheux,Rock Tomb,1,3,0.33,33%,10.0,3.33,10,1,10.0,3.33
Totem du Gardien,Guardian Totem,3,3,1.0,100%,3.0,3.0,9,3,1.0,1.0
Œil de Lynx,Hawk's Eye,1,3,0.33,33%,8.0,2.67,8,0,Gratuit,Gratuit
Griffes Sauvages,Wild Claw,3,3,1.0,100%,1.0,1.0,3,3,0.33,0.33
