,Nom Anglais,nb games valide,total games,ratio,%,pts moy,pts moy total,total point,cout,pts par cout moy,pts par cout total
Faux,Scythe,10,10,1.0,100%,17.0,17.0,170,3,5.67,5.67
Aveuglement,Incapacitor,10,10,1.0,100%,15.6,15.6,156,3,5.2,5.2
Armure d'Obsidienne,Obsidian Battle Plate,7,10,0.7,70%,20.0,14.0,140,2,10.0,7.0
Économe Sagesse du Trésorier,Treasurer's Wisdom,6,10,0.6,60%,17.0,10.2,102,2,8.5,5.1
Lame Affutée,Sharp Blade,9,10,0.9,90%,11.33,10.2,102,3,3.78,3.4
Lame Insatiable,Fast Furious Blade,6,10,0.6,60%,16.0,9.6,96,2,8.0,4.8
Griffes Démoniaques,Demon Claws,5,10,0.5,50%,17.0,8.5,85,1,17.0,8.5
Hache Frénétique,Berseker Ax,6,10,0.6,60%,14.0,8.4,84,2,7.0,4.2
Esprit de l'Écuyer,Spirit of the Squire,9,10,0.9,90%,9.0,8.1,81,3,3.0,2.7
Chasseresse d'Âmes,Huntress of Souls,4,10,0.4,40%,19.0,7.6,76,1,19.0,7.6
Ascension Divine,Divine Ascent,3,10,0.3,30%,25.0,7.5,75,3,8.33,2.5
Faux Assoiffées,Thirsty Scythes,3,10,0.3,30%,25.0,7.5,75,3,8.33,2.5
Parchemin Secret,Secret Scroll,4,10,0.4,40%,18.0,7.2,72,2,9.0,3.6
Adrénaline Arcanique,Arcane Adrenaline,4,10,0.4,40%,16.0,6.4,64,1,16.0,6.4
Totem du Gardien,Guardian Totem,10,10,1.0,100%,5.1,5.1,51,3,1.7,1.7
Épées Jumelles,Twin Swords,3,10,0.3,30%,16.67,5.0,50,1,16.67,5.0
Bâton de Conquête,Conquering Staff,2,10,0.2,20%,24.0,4.8,48,2,12.0,2.4
Épée Obscure,Swords of Darkness,3,10,0.3,30%,15.0,4.5,45,1,15.0,4.5
Sabre Versatile,Versatil Saber,4,10,0.4,40%,11.0,4.4,44,1,11.0,4.4
Armure d'Immortel,Immortal Breastplate,3,10,0.3,30%,14.0,4.2,42,1,14.0,4.2
Glaive Vindicatif,Large Sword of Hate,2,10,0.2,20%,20.0,4.0,40,1,20.0,4.0
Esquive Salvatrice,Evasive Protection,2,10,0.2,20%,15.0,3.0,30,0,Gratuit,Gratuit
Épé Sainte,Holy Sword,3,10,0.3,30%,10.0,3.0,30,0,Gratuit,Gratuit
Chasseur d'Âmes,Soul Hunter,2,10,0.2,20%,15.0,3.0,30,1,15.0,3.0
Coup de Mort,Death Helper,3,10,0.3,30%,10.0,3.0,30,1,10.0,3.0
Instinct Sanguinaire,Bloody Instinct,2,10,0.2,20%,15.0,3.0,30,2,7.5,1.5
Danse Macabre,Dance of Death,3,10,0.3,30%,8.0,2.4,24,1,8.0,2.4
Griffes Sauvages,Wild Claw,8,10,0.8,80%,2.75,2.2,22,3,0.92,0.73
Force Divine,Divine Impetu,2,10,0.2,20%,11.0,2.2,22,0,Gratuit,Gratuit
Assistance Divine,Sacred Help,1,10,0.1,10%,20.0,2.0,20,2,10.0,1.0
Esprit omniprésent,Omnipresent Spirit,1,10,0.1,10%,18.0,1.8,18,2,9.0,0.9
Marteleur précis,Precise Hammer,1,10,0.1,10%,18.0,1.8,18,1,18.0,1.8
Enchaînement Éclair,Unstoppable Lightning,1,10,0.1,10%,18.0,1.8,18,1,18.0,1.8
Œil de Lynx,Hawk's Eye,2,10,0.2,20%,8.0,1.6,16,0,Gratuit,Gratuit
Lance Doublée,Dual Spear,2,10,0.2,20%,8.0,1.6,16,0,Gratuit,Gratuit
Elan de Fureur,Rampage Momentum,1,10,0.1,10%,15.0,1.5,15,2,7.5,0.75
Soif de Sang,Thirsty Dagger,1,10,0.1,10%,15.0,1.5,15,0,Gratuit,Gratuit
Le Croque-mort,The Undertaker,1,10,0.1,10%,14.0,1.4,14,1,14.0,1.4
Couronne du Roi Nain,Crown of the Dwarf King,1,10,0.1,10%,13.0,1.3,13,0,Gratuit,Gratuit
Bâton du Conquérant,Staff of Conquered Worlds,1,10,0.1,10%,11.0,1.1,11,0,Gratuit,Gratuit
