,Nom Anglais,nb games valide,total games,ratio,%,pts moy,pts moy total,total point,cout,pts par cout moy,pts par cout total
Aveuglement,Incapacitor,5,5,1.0,100%,16.8,16.8,84,3,5.6,5.6
Faux,Scythe,5,5,1.0,100%,16.2,16.2,81,3,5.4,5.4
Armure d'Obsidienne,Obsidian Battle Plate,3,5,0.6,60%,20.0,12.0,60,2,10.0,6.0
Chasseresse d'Âmes,Huntress of Souls,3,5,0.6,60%,19.0,11.4,57,1,19.0,11.4
Griffes Démoniaques,Demon Claws,3,5,0.6,60%,17.0,10.2,51,1,17.0,10.2
Faux Assoiffées,Thirsty Scythes,2,5,0.4,40%,25.0,10.0,50,3,8.33,3.33
Lame Insatiable,Fast Furious Blade,3,5,0.6,60%,16.0,9.6,48,2,8.0,4.8
Parchemin Secret,Secret Scroll,2,5,0.4,40%,18.0,7.2,36,2,9.0,3.6
Économe Sagesse du Trésorier,Treasurer's Wisdom,2,5,0.4,40%,17.0,6.8,34,2,8.5,3.4
Esprit de l'Écuyer,Spirit of the Squire,4,5,0.8,80%,7.5,6.0,30,3,2.5,2.0
Hache Frénétique,Berseker Ax,2,5,0.4,40%,14.0,5.6,28,2,7.0,2.8
Totem du Gardien,Guardian Totem,5,5,1.0,100%,5.4,5.4,27,3,1.8,1.8
Ascension Divine,Divine Ascent,1,5,0.2,20%,25.0,5.0,25,3,8.33,1.67
Bâton de Conquête,Conquering Staff,1,5,0.2,20%,24.0,4.8,24,2,12.0,2.4
Lame Affutée,Sharp Blade,4,5,0.8,80%,6.0,4.8,24,3,2.0,1.6
Adrénaline Arcanique,Arcane Adrenaline,1,5,0.2,20%,16.0,3.2,16,1,16.0,3.2
Esquive Salvatrice,Evasive Protection,1,5,0.2,20%,15.0,3.0,15,0,Gratuit,Gratuit
Soif de Sang,Thirsty Dagger,1,5,0.2,20%,15.0,3.0,15,0,Gratuit,Gratuit
Armure d'Immortel,Immortal Breastplate,1,5,0.2,20%,14.0,2.8,14,1,14.0,2.8
Sabre Versatile,Versatil Saber,1,5,0.2,20%,11.0,2.2,11,1,11.0,2.2
Bâton du Conquérant,Staff of Conquered Worlds,1,5,0.2,20%,11.0,2.2,11,0,Gratuit,Gratuit
Force Divine,Divine Impetu,1,5,0.2,20%,11.0,2.2,11,0,Gratuit,Gratuit
Coup de Mort,Death Helper,1,5,0.2,20%,10.0,2.0,10,1,10.0,2.0
Œil de Lynx,Hawk's Eye,1,5,0.2,20%,8.0,1.6,8,0,Gratuit,Gratuit
Griffes Sauvages,Wild Claw,3,5,0.6,60%,2.67,1.6,8,3,0.89,0.53
