,Nom Anglais,nb games valide,total games,ratio,%,pts moy,pts moy total,total point,cout,pts par cout moy,pts par cout total
Faux,Scythe,18,18,1.0,100%,12.0,12.0,216,3,4.0,4.0
Armure d'Obsidienne,Obsidian Battle Plate,7,18,0.39,39%,20.0,7.78,140,2,10.0,3.89
Esprit de l'Écuyer,Spirit of the Squire,14,18,0.78,78%,8.57,6.67,120,3,2.86,2.22
Ascension Divine,Divine Ascent,4,18,0.22,22%,25.0,5.56,100,3,8.33,1.85
Aveuglement,Incapacitor,14,18,0.78,78%,6.43,5.0,90,3,2.14,1.67
Totem du Gardien,Guardian Totem,18,18,1.0,100%,5.0,5.0,90,3,1.67,1.67
Lame Affutée,Sharp Blade,11,18,0.61,61%,6.55,4.0,72,3,2.18,1.33
Hache Frénétique,Berseker Ax,5,18,0.28,28%,14.0,3.89,70,2,7.0,1.95
Économe Sagesse du Trésorier,Treasurer's Wisdom,4,18,0.22,22%,17.0,3.78,68,2,8.5,1.89
Sabre Versatile,Versatil Saber,6,18,0.33,33%,11.0,3.67,66,1,11.0,3.67
Soif de Sang,Thirsty Dagger,4,18,0.22,22%,15.0,3.33,60,0,Gratuit,Gratuit
Instinct Sanguinaire,Bloody Instinct,4,18,0.22,22%,15.0,3.33,60,2,7.5,1.67
Faux Assoiffées,Thirsty Scythes,2,18,0.11,11%,25.0,2.78,50,3,8.33,0.93
Esprit Guerrier,Spirit of the Warrior,3,18,0.17,17%,16.0,2.67,48,1,16.0,2.67
Le Marionnettiste,The Puppeteer,2,18,0.11,11%,20.0,2.22,40,2,10.0,1.11
Coup de Mort,Death Helper,4,18,0.22,22%,10.0,2.22,40,1,10.0,2.22
Désintégrateur Magnétique,Magnetic Disintegrator,3,18,0.17,17%,11.0,1.83,33,0,Gratuit,Gratuit
Amulette Omnisciente,Omnipresent Amulet,3,18,0.17,17%,11.0,1.83,33,0,Gratuit,Gratuit
Frappe Chirurgicale,Accurate Sword,2,18,0.11,11%,16.0,1.78,32,1,16.0,1.78
Chasseur d'Âmes,Soul Hunter,2,18,0.11,11%,15.0,1.67,30,1,15.0,1.67
Elan de Fureur,Rampage Momentum,2,18,0.11,11%,15.0,1.67,30,2,7.5,0.83
Épée Obscure,Swords of Darkness,2,18,0.11,11%,15.0,1.67,30,1,15.0,1.67
Griffes Sauvages,Wild Claw,10,18,0.56,56%,2.4,1.33,24,3,0.8,0.44
Force Divine,Divine Impetu,2,18,0.11,11%,11.0,1.22,22,0,Gratuit,Gratuit
Destruction Royale,Royal Destroyer,2,18,0.11,11%,11.0,1.22,22,0,Gratuit,Gratuit
Épées Jumelles,Twin Swords,2,18,0.11,11%,10.0,1.11,20,1,10.0,1.11
Glaive Vindicatif,Large Sword of Hate,1,18,0.06,6%,20.0,1.11,20,1,20.0,1.11
Parchemin Secret,Secret Scroll,1,18,0.06,6%,18.0,1.0,18,2,9.0,0.5
Esprit omniprésent,Omnipresent Spirit,1,18,0.06,6%,18.0,1.0,18,2,9.0,0.5
Enchaînement Éclair,Unstoppable Lightning,1,18,0.06,6%,18.0,1.0,18,1,18.0,1.0
Mental d'Acier,Steel Aura,1,18,0.06,6%,18.0,1.0,18,2,9.0,0.5
Lame Insatiable,Fast Furious Blade,1,18,0.06,6%,16.0,0.89,16,2,8.0,0.45
Danse Macabre,Dance of Death,2,18,0.11,11%,8.0,0.89,16,1,8.0,0.89
Esquive Salvatrice,Evasive Protection,1,18,0.06,6%,15.0,0.83,15,0,Gratuit,Gratuit
Armure d'Immortel,Immortal Breastplate,1,18,0.06,6%,14.0,0.78,14,1,14.0,0.78
Explosion Arcanique,Arcane Explosive,1,18,0.06,6%,12.0,0.67,12,1,12.0,0.67
Épé Sainte,Holy Sword,1,18,0.06,6%,10.0,0.56,10,0,Gratuit,Gratuit
Tombeau Rocheux,Rock Tomb,1,18,0.06,6%,10.0,0.56,10,1,10.0,0.56
Lance Doublée,Dual Spear,1,18,0.06,6%,8.0,0.44,8,0,Gratuit,Gratuit
Œil de Lynx,Hawk's Eye,1,18,0.06,6%,8.0,0.44,8,0,Gratuit,Gratuit
