,Nom Anglais,nb games valide,total games,ratio,%,pts moy,pts moy total,total point,cout,pts par cout moy,pts par cout total,pts par cout moy+1,pts par cout total+1
Esprit de la Faille,Spirit of the Rift,2,5,0.4,40%,20.0,8.0,40,2,10.0,4.0,6.67,2.67
Marteau Dévastateur,Destroyer Hammer,5,5,1.0,100%,5.2,5.2,26,2,2.6,2.6,1.73,1.73
L'Oeil du Héraut,Eye of the Void,2,5,0.4,40%,12.0,4.8,24,0,Gratuit,Gratuit,12.0,4.8
Masque du Baron,Baron' s Mask,1,5,0.2,20%,20.0,4.0,20,2,10.0,2.0,6.67,1.33
Écailles Magiques,Magic Scales,1,5,0.2,20%,20.0,4.0,20,2,10.0,2.0,6.67,1.33
Première Ligne,First Line,2,5,0.4,40%,8.0,3.2,16,0,Gratuit,Gratuit,8.0,3.2
Gardien Sous-terrain,Underworld Guardian,1,5,0.2,20%,15.0,3.0,15,1,15.0,3.0,7.5,1.5
Chasse au Gros,Big Worm Hunter,1,5,0.2,20%,13.0,2.6,13,3,4.33,0.87,3.25,0.65
Perce-Écailles,Scale Tearer,2,5,0.4,40%,5.0,2.0,10,3,1.67,0.67,1.25,0.5
