,Nom Anglais,nb games valide,total games,ratio,%,pts moy,pts moy total,total point,cout,pts par cout moy,pts par cout total,pts par cout moy+1,pts par cout total+1
Esprit de la Faille,Spirit of the Rift,4,8,0.5,50%,20.0,10.0,80,2,10.0,5.0,6.67,3.33
Marteau Dévastateur,Destroyer Hammer,8,8,1.0,100%,10.0,10.0,80,2,5.0,5.0,3.33,3.33
Marteau Conquérant,Conquest Hammer,3,8,0.38,38%,22.0,8.25,66,3,7.33,2.75,5.5,2.06
Perce-Écailles,Scale Tearer,5,8,0.62,62%,12.0,7.5,60,3,4.0,2.5,3.0,1.88
Écailles Magiques,Magic Scales,3,8,0.38,38%,20.0,7.5,60,2,10.0,3.75,6.67,2.5
L'Oeil du Héraut,Eye of the Void,4,8,0.5,50%,14.0,7.0,56,0,Gratuit,Gratuit,14.0,7.0
Chasse au Gros,Big Worm Hunter,4,8,0.5,50%,13.0,6.5,52,3,4.33,2.17,3.25,1.62
Âme de Dragon Élémentaire,Elemental Dragon Soul,2,8,0.25,25%,25.0,6.25,50,1,25.0,6.25,12.5,3.12
Poigne d'Or,Golden Force,2,8,0.25,25%,23.0,5.75,46,1,23.0,5.75,11.5,2.88
Folie Meurtrière,Killer Momentum,2,8,0.25,25%,22.0,5.5,44,0,Gratuit,Gratuit,22.0,5.5
Masque du Baron,Baron' s Mask,2,8,0.25,25%,20.0,5.0,40,2,10.0,2.5,6.67,1.67
Première Ligne,First Line,5,8,0.62,62%,8.0,5.0,40,0,Gratuit,Gratuit,8.0,5.0
Protection Royale,Royal Protector,2,8,0.25,25%,17.0,4.25,34,1,17.0,4.25,8.5,2.12
Gardien Sous-terrain,Underworld Guardian,2,8,0.25,25%,15.0,3.75,30,1,15.0,3.75,7.5,1.88
Sceau Profanateur,Seal of Desecration,3,8,0.38,38%,8.0,3.0,24,2,4.0,1.5,2.67,1.0
Frappes Éclair,Light Swords,2,8,0.25,25%,12.0,3.0,24,0,Gratuit,Gratuit,12.0,3.0
