,Nom Anglais,nb games valide,total games,ratio,%,pts moy,pts moy total,total point,cout,pts par cout moy,pts par cout total
Marteau Conquérant,Conquest Hammer,2,2,1.0,100%,22.0,22.0,44,3,7.33,7.33
Marteau Dévastateur,Destroyer Hammer,2,2,1.0,100%,20.0,20.0,40,2,10.0,10.0
Protection Royale,Royal Protector,2,2,1.0,100%,17.0,17.0,34,1,17.0,17.0
Folie Meurtrière,Killer Momentum,1,2,0.5,50%,30.0,15.0,30,0,Gratuit,Gratuit
Sceau Profanateur,Seal of Desecration,2,2,1.0,100%,12.0,12.0,24,2,6.0,6.0
L'Oeil du Héraut,Eye of the Void,2,2,1.0,100%,12.0,12.0,24,0,Gratuit,Gratuit
Frappes Éclair,Light Swords,2,2,1.0,100%,12.0,12.0,24,0,Gratuit,Gratuit
Poigne d'Or,Golden Force,1,2,0.5,50%,23.0,11.5,23,1,23.0,11.5
Esprit de la Faille,Spirit of the Rift,1,2,0.5,50%,20.0,10.0,20,2,10.0,5.0
Masque du Baron,Baron' s Mask,1,2,0.5,50%,20.0,10.0,20,2,10.0,5.0
Première Ligne,First Line,2,2,1.0,100%,8.0,8.0,16,0,Gratuit,Gratuit
Gardien Sous-terrain,Underworld Guardian,1,2,0.5,50%,15.0,7.5,15,1,15.0,7.5
Chasse au Gros,Big Worm Hunter,1,2,0.5,50%,13.0,6.5,13,3,4.33,2.17
Perce-Écailles,Scale Tearer,1,2,0.5,50%,10.0,5.0,10,3,3.33,1.67
