,Nom Anglais,nb games valide,total games,ratio,%,pts moy,pts moy total,total point,cout,pts par cout moy,pts par cout total,pts par cout moy+1,pts par cout total+1
Sceau Profanateur,Seal of Desecration,1,2,0.5,50%,32.0,16.0,32,2,16.0,8.0,10.67,5.33
Chasse au Gros,Big Worm Hunter,1,2,0.5,50%,30.0,15.0,30,3,10.0,5.0,7.5,3.75
Marteau Dévastateur,Destroyer Hammer,2,2,1.0,100%,14.0,14.0,28,2,7.0,7.0,4.67,4.67
Perce-Écailles,Scale Tearer,2,2,1.0,100%,14.0,14.0,28,3,4.67,4.67,3.5,3.5
Masque du Baron,Baron' s Mask,1,2,0.5,50%,25.0,12.5,25,2,12.5,6.25,8.33,4.17
Marteau Conquérant,Conquest Hammer,1,2,0.5,50%,22.0,11.0,22,3,7.33,3.67,5.5,2.75
L'Oeil du Héraut,Eye of the Void,2,2,1.0,100%,9.0,9.0,18,0,Gratuit,Gratuit,9.0,9.0
Protection Royale,Royal Protector,1,2,0.5,50%,17.0,8.5,17,1,17.0,8.5,8.5,4.25
Première Ligne,First Line,2,2,1.0,100%,8.0,8.0,16,0,Gratuit,Gratuit,8.0,8.0
