,Nom Anglais,nb games valide,total games,ratio,%,pts moy,pts moy total,total point,cout,pts par cout moy,pts par cout total,pts par cout moy+1,pts par cout total+1
Esprit de la Faille,Spirit of the Rift,2,4,0.5,50%,25.0,12.5,50,2,12.5,6.25,8.33,4.17
L'Oeil du Héraut,Eye of the Void,3,4,0.75,75%,12.0,9.0,36,0,Gratuit,Gratuit,12.0,9.0
Perce-Écailles,Scale Tearer,2,4,0.5,50%,17.5,8.75,35,3,5.83,2.92,4.38,2.19
Marteau Dévastateur,Destroyer Hammer,4,4,1.0,100%,8.5,8.5,34,2,4.25,4.25,2.83,2.83
Chasse au Gros,Big Worm Hunter,2,4,0.5,50%,15.0,7.5,30,3,5.0,2.5,3.75,1.88
Marteau Conquérant,Conquest Hammer,1,4,0.25,25%,22.0,5.5,22,3,7.33,1.83,5.5,1.38
Protection Royale,Royal Protector,1,4,0.25,25%,17.0,4.25,17,1,17.0,4.25,8.5,2.12
Première Ligne,First Line,2,4,0.5,50%,8.0,4.0,16,0,Gratuit,Gratuit,8.0,4.0
Sceau Profanateur,Seal of Desecration,1,4,0.25,25%,8.0,2.0,8,2,4.0,1.0,2.67,0.67
