,Nom Anglais,nb games valide,total games,ratio,%,pts moy,pts moy total,total point,cout,pts par cout moy,pts par cout total,pts par cout moy+1,pts par cout total+1
Marteau Dévastateur,Destroyer Hammer,8,9,0.89,89%,12.5,11.11,100,2,6.25,5.55,4.17,3.7
Marteau Conquérant,Conquest Hammer,4,9,0.44,44%,22.0,9.78,88,3,7.33,3.26,5.5,2.44
Perce-Écailles,Scale Tearer,6,9,0.67,67%,13.33,8.89,80,3,4.44,2.96,3.33,2.22
Chasse au Gros,Big Worm Hunter,4,9,0.44,44%,19.5,8.67,78,3,6.5,2.89,4.88,2.17
Poigne d'Or,Golden Force,3,9,0.33,33%,23.0,7.67,69,1,23.0,7.67,11.5,3.83
Protection Royale,Royal Protector,4,9,0.44,44%,17.0,7.56,68,1,17.0,7.56,8.5,3.78
Sceau Profanateur,Seal of Desecration,4,9,0.44,44%,16.0,7.11,64,2,8.0,3.56,5.33,2.37
L'Oeil du Héraut,Eye of the Void,5,9,0.56,56%,12.8,7.11,64,0,Gratuit,Gratuit,12.8,7.11
Esprit de la Faille,Spirit of the Rift,3,9,0.33,33%,20.0,6.67,60,2,10.0,3.33,6.67,2.22
Masque du Baron,Baron' s Mask,3,9,0.33,33%,20.0,6.67,60,2,10.0,3.33,6.67,2.22
Écailles Magiques,Magic Scales,3,9,0.33,33%,20.0,6.67,60,2,10.0,3.33,6.67,2.22
Première Ligne,First Line,6,9,0.67,67%,8.0,5.33,48,0,Gratuit,Gratuit,8.0,5.33
Gardien Sous-terrain,Underworld Guardian,3,9,0.33,33%,15.0,5.0,45,1,15.0,5.0,7.5,2.5
Folie Meurtrière,Killer Momentum,2,9,0.22,22%,22.0,4.89,44,0,Gratuit,Gratuit,22.0,4.89
Âme de Dragon Élémentaire,Elemental Dragon Soul,1,9,0.11,11%,25.0,2.78,25,1,25.0,2.78,12.5,1.39
Frappes Éclair,Light Swords,2,9,0.22,22%,12.0,2.67,24,0,Gratuit,Gratuit,12.0,2.67
