,Nom Anglais,nb games valide,total games,ratio,%,pts moy,pts moy total,total point,cout,pts par cout moy,pts par cout total,pts par cout moy+1,pts par cout total+1
Marteau Dévastateur,Destroyer Hammer,7,7,1.0,100%,11.14,11.14,78,2,5.57,5.57,3.71,3.71
Perce-Écailles,Scale Tearer,5,7,0.71,71%,14.0,10.0,70,3,4.67,3.33,3.5,2.5
Marteau Conquérant,Conquest Hammer,3,7,0.43,43%,22.0,9.43,66,3,7.33,3.14,5.5,2.36
Écailles Magiques,Magic Scales,3,7,0.43,43%,20.0,8.57,60,2,10.0,4.29,6.67,2.86
Chasse au Gros,Big Worm Hunter,3,7,0.43,43%,17.33,7.43,52,3,5.78,2.48,4.33,1.86
Protection Royale,Royal Protector,3,7,0.43,43%,17.0,7.29,51,1,17.0,7.29,8.5,3.65
L'Oeil du Héraut,Eye of the Void,4,7,0.57,57%,12.0,6.86,48,0,Gratuit,Gratuit,12.0,6.86
Poigne d'Or,Golden Force,2,7,0.29,29%,23.0,6.57,46,1,23.0,6.57,11.5,3.29
Esprit de la Faille,Spirit of the Rift,2,7,0.29,29%,20.0,5.71,40,2,10.0,2.85,6.67,1.9
Sceau Profanateur,Seal of Desecration,3,7,0.43,43%,13.33,5.71,40,2,6.67,2.85,4.44,1.9
Masque du Baron,Baron' s Mask,2,7,0.29,29%,20.0,5.71,40,2,10.0,2.85,6.67,1.9
Première Ligne,First Line,5,7,0.71,71%,8.0,5.71,40,0,Gratuit,Gratuit,8.0,5.71
Gardien Sous-terrain,Underworld Guardian,2,7,0.29,29%,15.0,4.29,30,1,15.0,4.29,7.5,2.15
Âme de Dragon Élémentaire,Elemental Dragon Soul,1,7,0.14,14%,25.0,3.57,25,1,25.0,3.57,12.5,1.78
Folie Meurtrière,Killer Momentum,1,7,0.14,14%,22.0,3.14,22,0,Gratuit,Gratuit,22.0,3.14
Frappes Éclair,Light Swords,1,7,0.14,14%,12.0,1.71,12,0,Gratuit,Gratuit,12.0,1.71
