,Nom Anglais,nb games valide,total games,ratio,%,pts moy,pts moy total,total point,cout,pts par cout moy,pts par cout total
Marteau Dévastateur,Destroyer Hammer,5,5,1.0,100%,22.2,22.2,111,3,7.4,7.4
Perce-Écailles,Scale Tearer,5,5,1.0,100%,13.2,13.2,66,3,4.4,4.4
Brise-remparts,Wall Breaker,2,5,0.4,40%,30.0,12.0,60,0,Gratuit,Gratuit
Sceau Profanateur,Seal of Desecration,3,5,0.6,60%,18.67,11.2,56,2,9.34,5.6
Masque du Baron,Baron' s Mask,2,5,0.4,40%,20.0,8.0,40,2,10.0,4.0
L'Oeil du Héraut,Eye of the Void,3,5,0.6,60%,13.33,8.0,40,0,Gratuit,Gratuit
Esprit de la Faille,Spirit of the Rift,2,5,0.4,40%,20.0,8.0,40,2,10.0,4.0
Écailles Magiques,Magic Scales,2,5,0.4,40%,20.0,8.0,40,2,10.0,4.0
Emblème Ancien,Ancient Emblem,1,5,0.2,20%,40.0,8.0,40,3,13.33,2.67
Première Ligne,First Line,5,5,1.0,100%,8.0,8.0,40,0,Gratuit,Gratuit
Chasse au Gros,Big Worm Hunter,2,5,0.4,40%,19.5,7.8,39,3,6.5,2.6
Marteau Conquérant,Conquest Hammer,2,5,0.4,40%,18.0,7.2,36,1,18.0,7.2
Protection Royale,Royal Protector,2,5,0.4,40%,17.0,6.8,34,1,17.0,6.8
Folie Meurtrière,Killer Momentum,1,5,0.2,20%,30.0,6.0,30,0,Gratuit,Gratuit
Gardien Sous-terrain,Underworld Guardian,2,5,0.4,40%,15.0,6.0,30,1,15.0,6.0
Âme de Dragon Élémentaire,Elemental Dragon Soul,1,5,0.2,20%,25.0,5.0,25,1,25.0,5.0
Poigne d'Or,Golden Force,1,5,0.2,20%,23.0,4.6,23,1,23.0,4.6
Frappes Éclair,Light Swords,1,5,0.2,20%,12.0,2.4,12,0,Gratuit,Gratuit
