,Nom Anglais,nb games valide,total games,ratio,%,pts moy,pts moy total,total point,cout,pts par cout moy,pts par cout total,pts par cout moy+1,pts par cout total+1
Esprit de la Faille,Spirit of the Rift,1,1,1.0,100%,25.0,25.0,25,2,12.5,12.5,8.33,8.33
L'Oeil du Héraut,Eye of the Void,1,1,1.0,100%,18.0,18.0,18,0,Gratuit,Gratuit,18.0,18.0
Perce-Écailles,Scale Tearer,1,1,1.0,100%,14.0,14.0,14,3,4.67,4.67,3.5,3.5
Première Ligne,First Line,1,1,1.0,100%,8.0,8.0,8,0,Gratuit,Gratuit,8.0,8.0
Marteau Dévastateur,Destroyer Hammer,1,1,1.0,100%,6.0,6.0,6,2,3.0,3.0,2.0,2.0
