,Nom Anglais,nb games valide,total games,ratio,%,pts moy,pts moy total,total point,cout,pts par cout moy,pts par cout total,pts par cout moy+1,pts par cout total+1
Esprit de la Faille,Spirit of the Rift,2,2,1.0,100%,25.0,25.0,50,2,12.5,12.5,8.33,8.33
Écailles Magiques,Magic Scales,2,2,1.0,100%,25.0,25.0,50,2,12.5,12.5,8.33,8.33
Perce-Écailles,Scale Tearer,2,2,1.0,100%,17.5,17.5,35,3,5.83,5.83,4.38,4.38
L'Oeil du Héraut,Eye of the Void,2,2,1.0,100%,13.5,13.5,27,0,Gratuit,Gratuit,13.5,13.5
Masque du Baron,Baron' s Mask,1,2,0.5,50%,25.0,12.5,25,2,12.5,6.25,8.33,4.17
Première Ligne,First Line,2,2,1.0,100%,8.0,8.0,16,0,Gratuit,Gratuit,8.0,8.0
Chasse au Gros,Big Worm Hunter,1,2,0.5,50%,15.0,7.5,15,3,5.0,2.5,3.75,1.88
Marteau Dévastateur,Destroyer Hammer,2,2,1.0,100%,7.0,7.0,14,2,3.5,3.5,2.33,2.33
