,Nom Anglais,nb games valide,total games,ratio,%,pts moy,pts moy total,total point,cout,pts par cout moy,pts par cout total,pts par cout moy+1,pts par cout total+1
Esprit de la Faille,Spirit of the Rift,1,1,1.0,100%,25.0,25.0,25,2,12.5,12.5,8.33,8.33
Masque du Baron,Baron' s Mask,1,1,1.0,100%,25.0,25.0,25,2,12.5,12.5,8.33,8.33
Écailles Magiques,Magic Scales,1,1,1.0,100%,25.0,25.0,25,2,12.5,12.5,8.33,8.33
Perce-Écailles,Scale Tearer,1,1,1.0,100%,21.0,21.0,21,3,7.0,7.0,5.25,5.25
Chasse au Gros,Big Worm Hunter,1,1,1.0,100%,15.0,15.0,15,3,5.0,5.0,3.75,3.75
L'Oeil du Héraut,Eye of the Void,1,1,1.0,100%,9.0,9.0,9,0,Gratuit,Gratuit,9.0,9.0
Marteau Dévastateur,Destroyer Hammer,1,1,1.0,100%,8.0,8.0,8,2,4.0,4.0,2.67,2.67
Première Ligne,First Line,1,1,1.0,100%,8.0,8.0,8,0,Gratuit,Gratuit,8.0,8.0
