,Nom Anglais,nb games valide,total games,ratio,%,pts moy,pts moy total,total point,cout,pts par cout moy,pts par cout total,pts par cout moy+1,pts par cout total+1
Chasse au Gros,Big Worm Hunter,4,6,0.67,67%,22.75,15.17,91,3,7.58,5.06,5.69,3.79
Perce-Écailles,Scale Tearer,5,6,0.83,83%,16.0,13.33,80,3,5.33,4.44,4.0,3.33
Marteau Dévastateur,Destroyer Hammer,6,6,1.0,100%,13.33,13.33,80,2,6.67,6.67,4.44,4.44
Marteau Conquérant,Conquest Hammer,3,6,0.5,50%,22.0,11.0,66,3,7.33,3.67,5.5,2.75
Sceau Profanateur,Seal of Desecration,4,6,0.67,67%,16.0,10.67,64,2,8.0,5.33,5.33,3.56
Esprit de la Faille,Spirit of the Rift,3,6,0.5,50%,20.0,10.0,60,2,10.0,5.0,6.67,3.33
Masque du Baron,Baron' s Mask,3,6,0.5,50%,20.0,10.0,60,2,10.0,5.0,6.67,3.33
Protection Royale,Royal Protector,3,6,0.5,50%,17.0,8.5,51,1,17.0,8.5,8.5,4.25
Âme de Dragon Élémentaire,Elemental Dragon Soul,2,6,0.33,33%,25.0,8.33,50,1,25.0,8.33,12.5,4.17
L'Oeil du Héraut,Eye of the Void,4,6,0.67,67%,12.0,8.0,48,0,Gratuit,Gratuit,12.0,8.0
Écailles Magiques,Magic Scales,2,6,0.33,33%,20.0,6.67,40,2,10.0,3.33,6.67,2.22
Première Ligne,First Line,5,6,0.83,83%,8.0,6.67,40,0,Gratuit,Gratuit,8.0,6.67
Gardien Sous-terrain,Underworld Guardian,2,6,0.33,33%,15.0,5.0,30,1,15.0,5.0,7.5,2.5
Poigne d'Or,Golden Force,1,6,0.17,17%,23.0,3.83,23,1,23.0,3.83,11.5,1.92
