,Nom Anglais,nb games valide,total games,ratio,%,pts moy,pts moy total,total point,cout,pts par cout moy,pts par cout total,pts par cout moy+1,pts par cout total+1
Chasse au Gros,Big Worm Hunter,6,8,0.75,75%,21.67,16.25,130,3,7.22,5.42,5.42,4.06
Marteau Dévastateur,Destroyer Hammer,8,8,1.0,100%,15.0,15.0,120,2,7.5,7.5,5.0,5.0
Marteau Conquérant,Conquest Hammer,5,8,0.62,62%,22.0,13.75,110,3,7.33,4.58,5.5,3.44
Esprit de la Faille,Spirit of the Rift,5,8,0.62,62%,20.0,12.5,100,2,10.0,6.25,6.67,4.17
Masque du Baron,Baron' s Mask,5,8,0.62,62%,20.0,12.5,100,2,10.0,6.25,6.67,4.17
Sceau Profanateur,Seal of Desecration,6,8,0.75,75%,16.0,12.0,96,2,8.0,6.0,5.33,4.0
Perce-Écailles,Scale Tearer,7,8,0.88,88%,13.57,11.88,95,3,4.52,3.96,3.39,2.97
L'Oeil du Héraut,Eye of the Void,6,8,0.75,75%,13.33,10.0,80,0,Gratuit,Gratuit,13.33,10.0
Protection Royale,Royal Protector,4,8,0.5,50%,17.0,8.5,68,1,17.0,8.5,8.5,4.25
Écailles Magiques,Magic Scales,3,8,0.38,38%,20.0,7.5,60,2,10.0,3.75,6.67,2.5
Gardien Sous-terrain,Underworld Guardian,4,8,0.5,50%,15.0,7.5,60,1,15.0,7.5,7.5,3.75
Première Ligne,First Line,7,8,0.88,88%,8.0,7.0,56,0,Gratuit,Gratuit,8.0,7.0
Âme de Dragon Élémentaire,Elemental Dragon Soul,2,8,0.25,25%,25.0,6.25,50,1,25.0,6.25,12.5,3.12
Poigne d'Or,Golden Force,2,8,0.25,25%,23.0,5.75,46,1,23.0,5.75,11.5,2.88
Folie Meurtrière,Killer Momentum,1,8,0.12,12%,22.0,2.75,22,0,Gratuit,Gratuit,22.0,2.75
Frappes Éclair,Light Swords,1,8,0.12,12%,12.0,1.5,12,0,Gratuit,Gratuit,12.0,1.5
