,Nom Anglais,nb games valide,total games,ratio,%,pts moy,pts moy total,total point,cout,pts par cout moy,pts par cout total,pts par cout moy+1,pts par cout total+1
Esprit de la Faille,Spirit of the Rift,2,2,1.0,100%,25.0,25.0,50,2,12.5,12.5,8.33,8.33
Chasse au Gros,Big Worm Hunter,1,2,0.5,50%,30.0,15.0,30,3,10.0,5.0,7.5,3.75
Perce-Écailles,Scale Tearer,1,2,0.5,50%,28.0,14.0,28,3,9.33,4.67,7.0,3.5
L'Oeil du Héraut,Eye of the Void,2,2,1.0,100%,13.5,13.5,27,0,Gratuit,Gratuit,13.5,13.5
Écailles Magiques,Magic Scales,1,2,0.5,50%,25.0,12.5,25,2,12.5,6.25,8.33,4.17
Âme de Dragon Élémentaire,Elemental Dragon Soul,1,2,0.5,50%,25.0,12.5,25,1,25.0,12.5,12.5,6.25
Marteau Dévastateur,Destroyer Hammer,2,2,1.0,100%,5.0,5.0,10,2,2.5,2.5,1.67,1.67
Première Ligne,First Line,1,2,0.5,50%,8.0,4.0,8,0,Gratuit,Gratuit,8.0,4.0
