,Nom Anglais,nb games valide,total games,ratio,%,pts moy,pts moy total,total point,cout,pts par cout moy,pts par cout total,pts par cout moy+1,pts par cout total+1
Chasse au Gros,Big Worm Hunter,2,2,1.0,100%,15.0,15.0,30,3,5.0,5.0,3.75,3.75
L'Oeil du Héraut,Eye of the Void,2,2,1.0,100%,13.5,13.5,27,0,Gratuit,Gratuit,13.5,13.5
Esprit de la Faille,Spirit of the Rift,1,2,0.5,50%,25.0,12.5,25,2,12.5,6.25,8.33,4.17
Masque du Baron,Baron' s Mask,1,2,0.5,50%,25.0,12.5,25,2,12.5,6.25,8.33,4.17
Gardien Sous-terrain,Underworld Guardian,1,2,0.5,50%,18.0,9.0,18,1,18.0,9.0,9.0,4.5
Marteau Dévastateur,Destroyer Hammer,2,2,1.0,100%,7.0,7.0,14,2,3.5,3.5,2.33,2.33
Première Ligne,First Line,1,2,0.5,50%,8.0,4.0,8,0,Gratuit,Gratuit,8.0,4.0
