,Nom Anglais,nb games valide,total games,ratio,%,pts moy,pts moy total,total point,cout,pts par cout moy,pts par cout total
Écailles Magiques,Magic Scales,4,6,0.67,67%,20.0,13.33,80,2,10.0,6.67
L'Oeil du Héraut,Eye of the Void,5,6,0.83,83%,12.8,10.67,64,0,Gratuit,Gratuit
Esprit de la Faille,Spirit of the Rift,3,6,0.5,50%,20.0,10.0,60,2,10.0,5.0
Perce-Écailles,Scale Tearer,4,6,0.67,67%,12.0,8.0,48,3,4.0,2.67
Marteau Dévastateur,Destroyer Hammer,6,6,1.0,100%,8.0,8.0,48,3,2.67,2.67
Masque du Baron,Baron' s Mask,1,6,0.17,17%,20.0,3.33,20,2,10.0,1.67
Première Ligne,First Line,2,6,0.33,33%,8.0,2.67,16,0,Gratuit,Gratuit
Chasse au Gros,Big Worm Hunter,1,6,0.17,17%,13.0,2.17,13,3,4.33,0.72
