,Nom Anglais,nb games valide,total games,ratio,%,pts moy,pts moy total,total point,cout,pts par cout moy,pts par cout total
Esprit de la Faille,Spirit of the Rift,2,4,0.5,50%,20.0,10.0,40,2,10.0,5.0
L'Oeil du Héraut,Eye of the Void,3,4,0.75,75%,13.33,10.0,40,0,Gratuit,Gratuit
Écailles Magiques,Magic Scales,2,4,0.5,50%,20.0,10.0,40,2,10.0,5.0
Marteau Dévastateur,Destroyer Hammer,4,4,1.0,100%,7.5,7.5,30,3,2.5,2.5
Perce-Écailles,Scale Tearer,2,4,0.5,50%,12.0,6.0,24,3,4.0,2.0
Première Ligne,First Line,1,4,0.25,25%,8.0,2.0,8,0,Gratuit,Gratuit
