,Nom Anglais,nb games valide,total games,ratio,%,pts moy,pts moy total,total point,cout,pts par cout moy,pts par cout total
Totem du Gardien,Guardian Totem,18,18,1.0,100%,16.33,16.33,294,3,5.44,5.44
Le Traqueur,The Stalker,16,18,0.89,89%,18.0,16.0,288,3,6.0,5.33
Esprit de l'Écuyer,Spirit of the Squire,17,18,0.94,94%,13.41,12.67,228,3,4.47,4.22
Aveuglement,Incapacitor,18,18,1.0,100%,12.17,12.17,219,3,4.06,4.06
Le Visionnaire,The Visionary,11,18,0.61,61%,18.0,11.0,198,2,9.0,5.5
Armure d'Obsidienne,Obsidian Battle Plate,8,18,0.44,44%,20.0,8.89,160,2,10.0,4.45
Œil de Lynx,Hawk's Eye,15,18,0.83,83%,8.0,6.67,120,0,Gratuit,Gratuit
Vision Céleste,Heavenly Vision,5,18,0.28,28%,22.0,6.11,110,2,11.0,3.06
Coup de Mort,Death Helper,11,18,0.61,61%,10.0,6.11,110,1,10.0,6.11
Assistance Divine,Sacred Help,4,18,0.22,22%,20.0,4.44,80,2,10.0,2.22
Amulette Omnisciente,Omnipresent Amulet,6,18,0.33,33%,11.0,3.67,66,0,Gratuit,Gratuit
Sabre Versatile,Versatil Saber,6,18,0.33,33%,11.0,3.67,66,1,11.0,3.67
Lame Affutée,Sharp Blade,13,18,0.72,72%,4.15,3.0,54,3,1.38,1.0
Esprit omniprésent,Omnipresent Spirit,3,18,0.17,17%,18.0,3.0,54,2,9.0,1.5
Faux,Scythe,13,18,0.72,72%,3.85,2.78,50,3,1.28,0.93
Instinct Sanguinaire,Bloody Instinct,3,18,0.17,17%,15.0,2.5,45,2,7.5,1.25
Être de Lumière,Being of Light,2,18,0.11,11%,18.0,2.0,36,1,18.0,2.0
Masse de Siège,Siege Mace,2,18,0.11,11%,16.0,1.78,32,0,Gratuit,Gratuit
Armure d'Immortel,Immortal Breastplate,2,18,0.11,11%,14.0,1.56,28,1,14.0,1.56
Bâton de Conquête,Conquering Staff,1,18,0.06,6%,24.0,1.33,24,2,12.0,0.67
Force Divine,Divine Impetu,2,18,0.11,11%,11.0,1.22,22,0,Gratuit,Gratuit
Le Marionnettiste,The Puppeteer,1,18,0.06,6%,20.0,1.11,20,2,10.0,0.56
Marteleur précis,Precise Hammer,1,18,0.06,6%,18.0,1.0,18,1,18.0,1.0
Économe Sagesse du Trésorier,Treasurer's Wisdom,1,18,0.06,6%,17.0,0.94,17,2,8.5,0.47
Soif de Sang,Thirsty Dagger,1,18,0.06,6%,15.0,0.83,15,0,Gratuit,Gratuit
Esquive Salvatrice,Evasive Protection,1,18,0.06,6%,15.0,0.83,15,0,Gratuit,Gratuit
Bâton Élémentaire,Earthly Staff,1,18,0.06,6%,15.0,0.83,15,0,Gratuit,Gratuit
Épée Obscure,Swords of Darkness,1,18,0.06,6%,15.0,0.83,15,1,15.0,0.83
Hache Frénétique,Berseker Ax,1,18,0.06,6%,14.0,0.78,14,2,7.0,0.39
Destruction Royale,Royal Destroyer,1,18,0.06,6%,11.0,0.61,11,0,Gratuit,Gratuit
Désintégrateur Magnétique,Magnetic Disintegrator,1,18,0.06,6%,11.0,0.61,11,0,Gratuit,Gratuit
Épées Jumelles,Twin Swords,1,18,0.06,6%,10.0,0.56,10,1,10.0,0.56
