,Nom Anglais,nb games valide,total games,ratio,%,pts moy,pts moy total,total point,cout,pts par cout moy,pts par cout total
Aveuglement,Incapacitor,7,7,1.0,100%,21.0,21.0,147,3,7.0,7.0
Totem du Gardien,Guardian Totem,7,7,1.0,100%,17.71,17.71,124,3,5.9,5.9
Le Traqueur,The Stalker,6,7,0.86,86%,18.0,15.43,108,3,6.0,5.14
Le Visionnaire,The Visionary,5,7,0.71,71%,18.0,12.86,90,2,9.0,6.43
Vision Céleste,Heavenly Vision,4,7,0.57,57%,22.0,12.57,88,2,11.0,6.29
Esprit de l'Écuyer,Spirit of the Squire,6,7,0.86,86%,14.5,12.43,87,3,4.83,4.14
Œil de Lynx,Hawk's Eye,7,7,1.0,100%,8.0,8.0,56,0,Gratuit,Gratuit
Bâton de Conquête,Conquering Staff,2,7,0.29,29%,24.0,6.86,48,2,12.0,3.43
Coup de Mort,Death Helper,4,7,0.57,57%,10.0,5.71,40,1,10.0,5.71
Chasseur d'Âmes,Soul Hunter,2,7,0.29,29%,15.0,4.29,30,1,15.0,4.29
Sabre Versatile,Versatil Saber,2,7,0.29,29%,11.0,3.14,22,1,11.0,3.14
Amulette Omnisciente,Omnipresent Amulet,2,7,0.29,29%,11.0,3.14,22,0,Gratuit,Gratuit
Armure d'Obsidienne,Obsidian Battle Plate,1,7,0.14,14%,20.0,2.86,20,2,10.0,1.43
Le Marionnettiste,The Puppeteer,1,7,0.14,14%,20.0,2.86,20,2,10.0,1.43
Masse de Siège,Siege Mace,1,7,0.14,14%,16.0,2.29,16,0,Gratuit,Gratuit
Esquive Salvatrice,Evasive Protection,1,7,0.14,14%,15.0,2.14,15,0,Gratuit,Gratuit
Instinct Sanguinaire,Bloody Instinct,1,7,0.14,14%,15.0,2.14,15,2,7.5,1.07
Armure d'Immortel,Immortal Breastplate,1,7,0.14,14%,14.0,2.0,14,1,14.0,2.0
Lame Affutée,Sharp Blade,3,7,0.43,43%,4.0,1.71,12,3,1.33,0.57
Force Divine,Divine Impetu,1,7,0.14,14%,11.0,1.57,11,0,Gratuit,Gratuit
Faux,Scythe,7,7,1.0,100%,1.57,1.57,11,3,0.52,0.52
Bâton du Conquérant,Staff of Conquered Worlds,1,7,0.14,14%,11.0,1.57,11,0,Gratuit,Gratuit
