,Nom Anglais,nb games valide,total games,ratio,%,pts moy,pts moy total,total point,cout,pts par cout moy,pts par cout total
Assistance Divine,Sacred Help,12,13,0.92,92%,20.0,18.46,240,2,10.0,9.23
Aveuglement,Incapacitor,13,13,1.0,100%,16.62,16.62,216,3,5.54,5.54
Griffes Sauvages,Wild Claw,13,13,1.0,100%,16.31,16.31,212,3,5.44,5.44
Esprit de l'Écuyer,Spirit of the Squire,13,13,1.0,100%,10.15,10.15,132,3,3.38,3.38
Tombeau Rocheux,Rock Tomb,11,13,0.85,85%,10.0,8.46,110,1,10.0,8.46
Décharge Élémentaire,Elemental Discharge,6,13,0.46,46%,18.0,8.31,108,1,18.0,8.31
Faux,Scythe,13,13,1.0,100%,8.31,8.31,108,3,2.77,2.77
Être de Lumière,Being of Light,5,13,0.38,38%,18.0,6.92,90,1,18.0,6.92
Mental d'Acier,Steel Aura,5,13,0.38,38%,18.0,6.92,90,2,9.0,3.46
Lame Affutée,Sharp Blade,12,13,0.92,92%,6.25,5.77,75,3,2.08,1.92
Bâton de Conquête,Conquering Staff,3,13,0.23,23%,24.0,5.54,72,2,12.0,2.77
Pillard Féroce,Savage Looter,3,13,0.23,23%,20.0,4.62,60,1,20.0,4.62
Armure d'Obsidienne,Obsidian Battle Plate,3,13,0.23,23%,20.0,4.62,60,2,10.0,2.31
Esprit omniprésent,Omnipresent Spirit,3,13,0.23,23%,18.0,4.15,54,2,9.0,2.08
Marteleur précis,Precise Hammer,3,13,0.23,23%,18.0,4.15,54,1,18.0,4.15
Esprit Sauvage,Wild Spirit,5,13,0.38,38%,10.0,3.85,50,0,Gratuit,Gratuit
Coup de Mort,Death Helper,5,13,0.38,38%,10.0,3.85,50,1,10.0,3.85
Totem du Gardien,Guardian Totem,13,13,1.0,100%,3.69,3.69,48,3,1.23,1.23
Économe Sagesse du Trésorier,Treasurer's Wisdom,2,13,0.15,15%,17.0,2.62,34,2,8.5,1.31
Amulette Omnisciente,Omnipresent Amulet,3,13,0.23,23%,11.0,2.54,33,0,Gratuit,Gratuit
Sabre Versatile,Versatil Saber,3,13,0.23,23%,11.0,2.54,33,1,11.0,2.54
Soif de Sang,Thirsty Dagger,2,13,0.15,15%,15.0,2.31,30,0,Gratuit,Gratuit
Bâton Élémentaire,Earthly Staff,2,13,0.15,15%,15.0,2.31,30,0,Gratuit,Gratuit
Instinct Sanguinaire,Bloody Instinct,2,13,0.15,15%,15.0,2.31,30,2,7.5,1.16
Hache Frénétique,Berseker Ax,2,13,0.15,15%,14.0,2.15,28,2,7.0,1.07
Ascension Divine,Divine Ascent,1,13,0.08,8%,25.0,1.92,25,3,8.33,0.64
Œil de Lynx,Hawk's Eye,3,13,0.23,23%,8.0,1.85,24,0,Gratuit,Gratuit
Force Divine,Divine Impetu,2,13,0.15,15%,11.0,1.69,22,0,Gratuit,Gratuit
Bâton du Conquérant,Staff of Conquered Worlds,2,13,0.15,15%,11.0,1.69,22,0,Gratuit,Gratuit
Destruction Royale,Royal Destroyer,2,13,0.15,15%,11.0,1.69,22,0,Gratuit,Gratuit
Désintégrateur Magnétique,Magnetic Disintegrator,2,13,0.15,15%,11.0,1.69,22,0,Gratuit,Gratuit
Chasseur de Bêtes,Beast Hunter,1,13,0.08,8%,18.0,1.38,18,2,9.0,0.69
Masse de Siège,Siege Mace,1,13,0.08,8%,16.0,1.23,16,0,Gratuit,Gratuit
Chasseur d'Âmes,Soul Hunter,1,13,0.08,8%,15.0,1.15,15,1,15.0,1.15
Le Croque-mort,The Undertaker,1,13,0.08,8%,14.0,1.08,14,1,14.0,1.08
Danse Macabre,Dance of Death,1,13,0.08,8%,8.0,0.62,8,1,8.0,0.62
