,Nom Anglais,nb games valide,total games,ratio,%,pts moy,pts moy total,total point,cout,pts par cout moy,pts par cout total
Griffes Sauvages,Wild Claw,16,16,1.0,100%,21.0,21.0,336,3,7.0,7.0
Aveuglement,Incapacitor,16,16,1.0,100%,17.06,17.06,273,3,5.69,5.69
Assistance Divine,Sacred Help,13,16,0.81,81%,20.0,16.25,260,2,10.0,8.12
Chasseur de Bêtes,Beast Hunter,13,16,0.81,81%,18.0,14.62,234,2,9.0,7.31
Armure d'Obsidienne,Obsidian Battle Plate,11,16,0.69,69%,20.0,13.75,220,2,10.0,6.88
Faux,Scythe,16,16,1.0,100%,10.88,10.88,174,3,3.63,3.63
Lame Affutée,Sharp Blade,15,16,0.94,94%,10.8,10.12,162,3,3.6,3.37
Tombeau Rocheux,Rock Tomb,15,16,0.94,94%,10.0,9.38,150,1,10.0,9.38
Décharge Élémentaire,Elemental Discharge,8,16,0.5,50%,18.0,9.0,144,1,18.0,9.0
Pillard Féroce,Savage Looter,7,16,0.44,44%,20.0,8.75,140,1,20.0,8.75
Esprit de l'Écuyer,Spirit of the Squire,15,16,0.94,94%,8.8,8.25,132,3,2.93,2.75
Esprit Sauvage,Wild Spirit,13,16,0.81,81%,10.0,8.12,130,0,Gratuit,Gratuit
Être de Lumière,Being of Light,7,16,0.44,44%,18.0,7.88,126,1,18.0,7.88
Bâton de Conquête,Conquering Staff,5,16,0.31,31%,24.0,7.5,120,2,12.0,3.75
Totem du Gardien,Guardian Totem,16,16,1.0,100%,5.81,5.81,93,3,1.94,1.94
Mental d'Acier,Steel Aura,5,16,0.31,31%,18.0,5.62,90,2,9.0,2.81
Épée Obscure,Swords of Darkness,6,16,0.38,38%,15.0,5.62,90,1,15.0,5.62
Sabre Versatile,Versatil Saber,8,16,0.5,50%,11.0,5.5,88,1,11.0,5.5
Économe Sagesse du Trésorier,Treasurer's Wisdom,5,16,0.31,31%,17.0,5.31,85,2,8.5,2.65
Épées Jumelles,Twin Swords,6,16,0.38,38%,13.33,5.0,80,1,13.33,5.0
Coup de Mort,Death Helper,7,16,0.44,44%,10.0,4.38,70,1,10.0,4.38
Danse Macabre,Dance of Death,8,16,0.5,50%,8.0,4.0,64,1,8.0,4.0
Elan de Fureur,Rampage Momentum,4,16,0.25,25%,15.0,3.75,60,2,7.5,1.88
Marteleur précis,Precise Hammer,3,16,0.19,19%,18.0,3.38,54,1,18.0,3.38
Esquive Salvatrice,Evasive Protection,3,16,0.19,19%,15.0,2.81,45,0,Gratuit,Gratuit
Armure d'Immortel,Immortal Breastplate,3,16,0.19,19%,14.0,2.62,42,1,14.0,2.62
Le Traqueur,The Stalker,2,16,0.12,12%,18.0,2.25,36,3,6.0,0.75
Force Divine,Divine Impetu,3,16,0.19,19%,11.0,2.06,33,0,Gratuit,Gratuit
Œil de Lynx,Hawk's Eye,4,16,0.25,25%,8.0,2.0,32,0,Gratuit,Gratuit
Chasseur d'Âmes,Soul Hunter,2,16,0.12,12%,15.0,1.88,30,1,15.0,1.88
Soif de Sang,Thirsty Dagger,2,16,0.12,12%,15.0,1.88,30,0,Gratuit,Gratuit
Bâton Élémentaire,Earthly Staff,2,16,0.12,12%,15.0,1.88,30,0,Gratuit,Gratuit
Épé Sainte,Holy Sword,3,16,0.19,19%,10.0,1.88,30,0,Gratuit,Gratuit
Le Croque-mort,The Undertaker,2,16,0.12,12%,14.0,1.75,28,1,14.0,1.75
Ascension Divine,Divine Ascent,1,16,0.06,6%,25.0,1.56,25,3,8.33,0.52
Explosion Arcanique,Arcane Explosive,2,16,0.12,12%,12.0,1.5,24,1,12.0,1.5
Lance Doublée,Dual Spear,3,16,0.19,19%,8.0,1.5,24,0,Gratuit,Gratuit
Le Marionnettiste,The Puppeteer,1,16,0.06,6%,20.0,1.25,20,2,10.0,0.62
Esprit omniprésent,Omnipresent Spirit,1,16,0.06,6%,18.0,1.12,18,2,9.0,0.56
Enchaînement Éclair,Unstoppable Lightning,1,16,0.06,6%,18.0,1.12,18,1,18.0,1.12
Frappe Chirurgicale,Accurate Sword,1,16,0.06,6%,16.0,1.0,16,1,16.0,1.0
Bâton du Conquérant,Staff of Conquered Worlds,1,16,0.06,6%,11.0,0.69,11,0,Gratuit,Gratuit
Masse Colossale,Colossal Mace,1,16,0.06,6%,11.0,0.69,11,0,Gratuit,Gratuit
Destruction Royale,Royal Destroyer,1,16,0.06,6%,11.0,0.69,11,0,Gratuit,Gratuit
Désintégrateur Magnétique,Magnetic Disintegrator,1,16,0.06,6%,11.0,0.69,11,0,Gratuit,Gratuit
