,Nom Anglais,nb games valide,total games,ratio,%,pts moy,pts moy total,total point,cout,pts par cout moy,pts par cout total
Griffes Sauvages,Wild Claw,156,156,1.0,100%,18.4,18.4,2871,3,6.13,6.13
Aveuglement,Incapacitor,156,156,1.0,100%,18.19,18.19,2838,3,6.06,6.06
Assistance Divine,Sacred Help,123,156,0.79,79%,20.0,15.77,2460,2,10.0,7.88
Faux,Scythe,156,156,1.0,100%,9.47,9.47,1478,3,3.16,3.16
Chasseur de Bêtes,Beast Hunter,79,156,0.51,51%,18.0,9.12,1422,2,9.0,4.56
Armure d'Obsidienne,Obsidian Battle Plate,70,156,0.45,45%,20.0,8.97,1400,2,10.0,4.49
Esprit de l'Écuyer,Spirit of the Squire,138,156,0.88,88%,9.39,8.31,1296,3,3.13,2.77
Tombeau Rocheux,Rock Tomb,124,156,0.79,79%,10.0,7.95,1240,1,10.0,7.95
Lame Affutée,Sharp Blade,137,156,0.88,88%,8.96,7.87,1227,3,2.99,2.62
Pillard Féroce,Savage Looter,61,156,0.39,39%,20.0,7.82,1220,1,20.0,7.82
Bâton de Conquête,Conquering Staff,50,156,0.32,32%,24.0,7.69,1200,2,12.0,3.85
Être de Lumière,Being of Light,63,156,0.4,40%,18.0,7.27,1134,1,18.0,7.27
Décharge Élémentaire,Elemental Discharge,59,156,0.38,38%,18.0,6.81,1062,1,18.0,6.81
Mental d'Acier,Steel Aura,56,156,0.36,36%,18.0,6.46,1008,2,9.0,3.23
Esprit Sauvage,Wild Spirit,91,156,0.58,58%,10.0,5.83,910,0,Gratuit,Gratuit
Totem du Gardien,Guardian Totem,156,156,1.0,100%,3.97,3.97,620,3,1.32,1.32
Sabre Versatile,Versatil Saber,49,156,0.31,31%,11.0,3.46,539,1,11.0,3.46
Coup de Mort,Death Helper,51,156,0.33,33%,10.0,3.27,510,1,10.0,3.27
Elan de Fureur,Rampage Momentum,33,156,0.21,21%,15.0,3.17,495,2,7.5,1.58
Instinct Sanguinaire,Bloody Instinct,31,156,0.2,20%,15.0,2.98,465,2,7.5,1.49
Œil de Lynx,Hawk's Eye,55,156,0.35,35%,8.0,2.82,440,0,Gratuit,Gratuit
Économe Sagesse du Trésorier,Treasurer's Wisdom,25,156,0.16,16%,17.0,2.72,425,2,8.5,1.36
Soif de Sang,Thirsty Dagger,26,156,0.17,17%,15.0,2.5,390,0,Gratuit,Gratuit
Épée Obscure,Swords of Darkness,26,156,0.17,17%,15.0,2.5,390,1,15.0,2.5
Bâton du Conquérant,Staff of Conquered Worlds,35,156,0.22,22%,11.0,2.47,385,0,Gratuit,Gratuit
Danse Macabre,Dance of Death,48,156,0.31,31%,8.0,2.46,384,1,8.0,2.46
Esprit omniprésent,Omnipresent Spirit,21,156,0.13,13%,18.0,2.42,378,2,9.0,1.21
Marteleur précis,Precise Hammer,21,156,0.13,13%,18.0,2.42,378,1,18.0,2.42
Armure d'Immortel,Immortal Breastplate,26,156,0.17,17%,14.0,2.33,364,1,14.0,2.33
Épées Jumelles,Twin Swords,26,156,0.17,17%,13.08,2.18,340,1,13.08,2.18
Enchaînement Éclair,Unstoppable Lightning,18,156,0.12,12%,18.0,2.08,324,1,18.0,2.08
Esquive Salvatrice,Evasive Protection,18,156,0.12,12%,15.0,1.73,270,0,Gratuit,Gratuit
Bâton Élémentaire,Earthly Staff,18,156,0.12,12%,15.0,1.73,270,0,Gratuit,Gratuit
Le Croque-mort,The Undertaker,18,156,0.12,12%,14.0,1.62,252,1,14.0,1.62
Force Divine,Divine Impetu,23,156,0.15,15%,11.0,1.62,253,0,Gratuit,Gratuit
Hache Frénétique,Berseker Ax,16,156,0.1,10%,14.0,1.44,224,2,7.0,0.72
Ascension Divine,Divine Ascent,8,156,0.05,5%,25.0,1.28,200,3,8.33,0.43
Épé Sainte,Holy Sword,17,156,0.11,11%,10.0,1.09,170,0,Gratuit,Gratuit
Aura Légendaire,Legend Aura,4,156,0.03,3%,40.0,1.03,160,3,13.33,0.34
Lance Doublée,Dual Spear,18,156,0.12,12%,8.0,0.92,144,0,Gratuit,Gratuit
Chasseur d'Âmes,Soul Hunter,9,156,0.06,6%,15.0,0.87,135,1,15.0,0.87
Désintégrateur Magnétique,Magnetic Disintegrator,12,156,0.08,8%,11.0,0.85,132,0,Gratuit,Gratuit
Destruction Royale,Royal Destroyer,11,156,0.07,7%,11.0,0.78,121,0,Gratuit,Gratuit
Le Marionnettiste,The Puppeteer,6,156,0.04,4%,20.0,0.77,120,2,10.0,0.39
Amulette Omnisciente,Omnipresent Amulet,9,156,0.06,6%,11.0,0.63,99,0,Gratuit,Gratuit
Le Traqueur,The Stalker,5,156,0.03,3%,18.0,0.58,90,3,6.0,0.19
Vision Céleste,Heavenly Vision,4,156,0.03,3%,22.0,0.56,88,2,11.0,0.28
Explosion Arcanique,Arcane Explosive,6,156,0.04,4%,12.0,0.46,72,1,12.0,0.46
Triple Météore,Trimeteor,2,156,0.01,1%,30.0,0.38,60,0,Gratuit,Gratuit
Parchemin Secret,Secret Scroll,3,156,0.02,2%,18.0,0.35,54,2,9.0,0.17
Masse de Siège,Siege Mace,3,156,0.02,2%,16.0,0.31,48,0,Gratuit,Gratuit
Esprit Guerrier,Spirit of the Warrior,3,156,0.02,2%,16.0,0.31,48,1,16.0,0.31
Lance Triplée,Triple Spear,2,156,0.01,1%,20.0,0.26,40,0,Gratuit,Gratuit
Frappe Chirurgicale,Accurate Sword,2,156,0.01,1%,16.0,0.21,32,1,16.0,0.21
Couronne du Roi Nain,Crown of the Dwarf King,2,156,0.01,1%,13.0,0.17,26,0,Gratuit,Gratuit
Faux Assoiffées,Thirsty Scythes,1,156,0.01,1%,25.0,0.16,25,3,8.33,0.05
Masse Colossale,Colossal Mace,2,156,0.01,1%,11.0,0.14,22,0,Gratuit,Gratuit
Glaive Vindicatif,Large Sword of Hate,1,156,0.01,1%,20.0,0.13,20,1,20.0,0.13
Adrénaline Arcanique,Arcane Adrenaline,1,156,0.01,1%,16.0,0.1,16,1,16.0,0.1
