,Nom Anglais,nb games valide,total games,ratio,%,pts moy,pts moy total,total point,cout,pts par cout moy,pts par cout total,pts par cout moy+1,pts par cout total+1
Griffes Sauvages,Wild Claw,8,8,1.0,100%,20.62,20.62,165,3,6.87,6.87,5.16,5.16
Totem Équivalent,Equivalent Totem,8,8,1.0,100%,16.12,16.12,129,2,8.06,8.06,5.37,5.37
Décharge Élémentaire,Elemental Discharge,6,8,0.75,75%,18.0,13.5,108,1,18.0,13.5,9.0,6.75
Chasseur de Bêtes,Beast Hunter,6,8,0.75,75%,18.0,13.5,108,2,9.0,6.75,6.0,4.5
Esprit de l'Écuyer,Spirit of the Squire,8,8,1.0,100%,12.75,12.75,102,3,4.25,4.25,3.19,3.19
Pillard Féroce,Savage Looter,5,8,0.62,62%,20.0,12.5,100,1,20.0,12.5,10.0,6.25
Faux,Scythe,8,8,1.0,100%,12.5,12.5,100,3,4.17,4.17,3.12,3.12
Aveuglement,Incapacitor,8,8,1.0,100%,11.62,11.62,93,3,3.87,3.87,2.9,2.9
Mental d'Acier,Steel Aura,5,8,0.62,62%,18.0,11.25,90,2,9.0,5.62,6.0,3.75
Lame Affutée,Sharp Blade,8,8,1.0,100%,10.12,10.12,81,3,3.37,3.37,2.53,2.53
Tombeau Rocheux,Rock Tomb,8,8,1.0,100%,10.0,10.0,80,1,10.0,10.0,5.0,5.0
Esprit Sauvage,Wild Spirit,7,8,0.88,88%,10.0,8.75,70,0,Gratuit,Gratuit,10.0,8.75
Armure d'Obsidienne,Obsidian Battle Plate,3,8,0.38,38%,20.0,7.5,60,2,10.0,3.75,6.67,2.5
Marteau Collecteur,Collecting Hammer,8,8,1.0,100%,7.5,7.5,60,2,3.75,3.75,2.5,2.5
Soif de Sang,Thirsty Dagger,4,8,0.5,50%,15.0,7.5,60,0,Gratuit,Gratuit,15.0,7.5
Assistance Divine,Sacred Help,3,8,0.38,38%,20.0,7.5,60,2,10.0,3.75,6.67,2.5
Économe Sagesse du Trésorier,Treasurer's Wisdom,3,8,0.38,38%,17.0,6.38,51,2,8.5,3.19,5.67,2.13
Épée Obscure,Swords of Darkness,3,8,0.38,38%,17.0,6.38,51,1,17.0,6.38,8.5,3.19
Ascension Divine,Divine Ascent,2,8,0.25,25%,25.0,6.25,50,3,8.33,2.08,6.25,1.56
Coup de Mort,Death Helper,5,8,0.62,62%,10.0,6.25,50,1,10.0,6.25,5.0,3.12
Bâton de Conquête,Conquering Staff,2,8,0.25,25%,24.0,6.0,48,2,12.0,3.0,8.0,2.0
Hache Frénétique,Berseker Ax,3,8,0.38,38%,14.0,5.25,42,2,7.0,2.62,4.67,1.75
Œil de Lynx,Hawk's Eye,5,8,0.62,62%,8.0,5.0,40,0,Gratuit,Gratuit,8.0,5.0
Sabre Versatile,Versatil Saber,3,8,0.38,38%,11.0,4.12,33,1,11.0,4.12,5.5,2.06
Chasseur d'Âmes,Soul Hunter,2,8,0.25,25%,15.0,3.75,30,1,15.0,3.75,7.5,1.88
Armure d'Immortel,Immortal Breastplate,2,8,0.25,25%,14.0,3.5,28,1,14.0,3.5,7.0,1.75
Faux Assoiffées,Thirsty Scythes,1,8,0.12,12%,25.0,3.12,25,3,8.33,1.04,6.25,0.78
Force Divine,Divine Impetu,2,8,0.25,25%,11.0,2.75,22,0,Gratuit,Gratuit,11.0,2.75
Le Marionnettiste,The Puppeteer,1,8,0.12,12%,20.0,2.5,20,2,10.0,1.25,6.67,0.83
Esprit omniprésent,Omnipresent Spirit,1,8,0.12,12%,18.0,2.25,18,2,9.0,1.12,6.0,0.75
Être de Lumière,Being of Light,1,8,0.12,12%,18.0,2.25,18,1,18.0,2.25,9.0,1.12
Marteleur précis,Precise Hammer,1,8,0.12,12%,18.0,2.25,18,1,18.0,2.25,9.0,1.12
Enchaînement Éclair,Unstoppable Lightning,1,8,0.12,12%,18.0,2.25,18,1,18.0,2.25,9.0,1.12
Totem du Gardien,Guardian Totem,8,8,1.0,100%,2.25,2.25,18,3,0.75,0.75,0.56,0.56
Danse Macabre,Dance of Death,2,8,0.25,25%,8.0,2.0,16,1,8.0,2.0,4.0,1.0
Elan de Fureur,Rampage Momentum,1,8,0.12,12%,15.0,1.88,15,2,7.5,0.94,5.0,0.63
Explosion Arcanique,Arcane Explosive,1,8,0.12,12%,12.0,1.5,12,1,12.0,1.5,6.0,0.75
Bâton du Conquérant,Staff of Conquered Worlds,1,8,0.12,12%,11.0,1.38,11,0,Gratuit,Gratuit,11.0,1.38
Amulette Omnisciente,Omnipresent Amulet,1,8,0.12,12%,11.0,1.38,11,0,Gratuit,Gratuit,11.0,1.38
Masse Colossale,Colossal Mace,1,8,0.12,12%,11.0,1.38,11,0,Gratuit,Gratuit,11.0,1.38
Désintégrateur Magnétique,Magnetic Disintegrator,1,8,0.12,12%,11.0,1.38,11,0,Gratuit,Gratuit,11.0,1.38
Épé Sainte,Holy Sword,1,8,0.12,12%,10.0,1.25,10,0,Gratuit,Gratuit,10.0,1.25
