,Nom Anglais,nb games valide,total games,ratio,%,pts moy,pts moy total,total point,cout,pts par cout moy,pts par cout total
Griffes Sauvages,Wild Claw,2,2,1.0,100%,19.5,19.5,39,3,6.5,6.5
Chasseur de Bêtes,Beast Hunter,2,2,1.0,100%,18.0,18.0,36,2,9.0,9.0
Esprit de l'Écuyer,Spirit of the Squire,2,2,1.0,100%,18.0,18.0,36,3,6.0,6.0
Mental d'Acier,Steel Aura,2,2,1.0,100%,18.0,18.0,36,2,9.0,9.0
Totem Équivalent,Equivalent Totem,2,2,1.0,100%,16.5,16.5,33,1,16.5,16.5
Soif de Sang,Thirsty Dagger,2,2,1.0,100%,15.0,15.0,30,0,Gratuit,Gratuit
Faux,Scythe,2,2,1.0,100%,12.0,12.0,24,3,4.0,4.0
Assistance Divine,Sacred Help,1,2,0.5,50%,20.0,10.0,20,2,10.0,5.0
Le Marionnettiste,The Puppeteer,1,2,0.5,50%,20.0,10.0,20,2,10.0,5.0
Pillard Féroce,Savage Looter,1,2,0.5,50%,20.0,10.0,20,1,20.0,10.0
Esprit Sauvage,Wild Spirit,2,2,1.0,100%,10.0,10.0,20,0,Gratuit,Gratuit
Coup de Mort,Death Helper,2,2,1.0,100%,10.0,10.0,20,1,10.0,10.0
Tombeau Rocheux,Rock Tomb,2,2,1.0,100%,10.0,10.0,20,1,10.0,10.0
Armure d'Obsidienne,Obsidian Battle Plate,1,2,0.5,50%,20.0,10.0,20,2,10.0,5.0
Être de Lumière,Being of Light,1,2,0.5,50%,18.0,9.0,18,1,18.0,9.0
Esprit omniprésent,Omnipresent Spirit,1,2,0.5,50%,18.0,9.0,18,2,9.0,4.5
Aveuglement,Incapacitor,2,2,1.0,100%,9.0,9.0,18,3,3.0,3.0
Décharge Élémentaire,Elemental Discharge,1,2,0.5,50%,18.0,9.0,18,1,18.0,9.0
Économe Sagesse du Trésorier,Treasurer's Wisdom,1,2,0.5,50%,17.0,8.5,17,2,8.5,4.25
Lame Affutée,Sharp Blade,2,2,1.0,100%,7.5,7.5,15,3,2.5,2.5
Hache Frénétique,Berseker Ax,1,2,0.5,50%,14.0,7.0,14,2,7.0,3.5
Armure d'Immortel,Immortal Breastplate,1,2,0.5,50%,14.0,7.0,14,1,14.0,7.0
Marteau Collecteur,Collecting Hammer,2,2,1.0,100%,6.0,6.0,12,2,3.0,3.0
Force Divine,Divine Impetu,1,2,0.5,50%,11.0,5.5,11,0,Gratuit,Gratuit
Sabre Versatile,Versatil Saber,1,2,0.5,50%,11.0,5.5,11,1,11.0,5.5
Amulette Omnisciente,Omnipresent Amulet,1,2,0.5,50%,11.0,5.5,11,0,Gratuit,Gratuit
Œil de Lynx,Hawk's Eye,1,2,0.5,50%,8.0,4.0,8,0,Gratuit,Gratuit
Totem du Gardien,Guardian Totem,2,2,1.0,100%,1.5,1.5,3,3,0.5,0.5
