,Nom Anglais,nb games valide,total games,ratio,%,pts moy,pts moy total,total point,cout,pts par cout moy,pts par cout total,pts par cout moy+1,pts par cout total+1
Griffes Sauvages,Wild Claw,12,12,1.0,100%,19.58,19.58,235,3,6.53,6.53,4.89,4.89
Totem Équivalent,Equivalent Totem,12,12,1.0,100%,15.83,15.83,190,2,7.92,7.92,5.28,5.28
Aveuglement,Incapacitor,12,12,1.0,100%,12.75,12.75,153,3,4.25,4.25,3.19,3.19
Chasseur de Bêtes,Beast Hunter,8,12,0.67,67%,18.0,12.0,144,2,9.0,6.0,6.0,4.0
Faux,Scythe,12,12,1.0,100%,12.0,12.0,144,3,4.0,4.0,3.0,3.0
Esprit de l'Écuyer,Spirit of the Squire,12,12,1.0,100%,11.5,11.5,138,3,3.83,3.83,2.88,2.88
Mental d'Acier,Steel Aura,7,12,0.58,58%,18.0,10.5,126,2,9.0,5.25,6.0,3.5
Pillard Féroce,Savage Looter,6,12,0.5,50%,20.0,10.0,120,1,20.0,10.0,10.0,5.0
Assistance Divine,Sacred Help,6,12,0.5,50%,20.0,10.0,120,2,10.0,5.0,6.67,3.33
Tombeau Rocheux,Rock Tomb,11,12,0.92,92%,10.0,9.17,110,1,10.0,9.17,5.0,4.58
Décharge Élémentaire,Elemental Discharge,6,12,0.5,50%,18.0,9.0,108,1,18.0,9.0,9.0,4.5
Esprit Sauvage,Wild Spirit,10,12,0.83,83%,10.0,8.33,100,0,Gratuit,Gratuit,10.0,8.33
Lame Affutée,Sharp Blade,11,12,0.92,92%,8.73,8.0,96,3,2.91,2.67,2.18,2.0
Bâton de Conquête,Conquering Staff,4,12,0.33,33%,24.0,8.0,96,2,12.0,4.0,8.0,2.67
Économe Sagesse du Trésorier,Treasurer's Wisdom,5,12,0.42,42%,17.0,7.08,85,2,8.5,3.54,5.67,2.36
Armure d'Obsidienne,Obsidian Battle Plate,4,12,0.33,33%,20.0,6.67,80,2,10.0,3.33,6.67,2.22
Ascension Divine,Divine Ascent,3,12,0.25,25%,25.0,6.25,75,3,8.33,2.08,6.25,1.56
Marteau Collecteur,Collecting Hammer,9,12,0.75,75%,8.22,6.17,74,2,4.11,3.08,2.74,2.06
Hache Frénétique,Berseker Ax,5,12,0.42,42%,14.0,5.83,70,2,7.0,2.92,4.67,1.94
Épée Obscure,Swords of Darkness,4,12,0.33,33%,17.0,5.67,68,1,17.0,5.67,8.5,2.83
Coup de Mort,Death Helper,6,12,0.5,50%,10.5,5.25,63,1,10.5,5.25,5.25,2.62
Œil de Lynx,Hawk's Eye,7,12,0.58,58%,8.57,5.0,60,0,Gratuit,Gratuit,8.57,5.0
Soif de Sang,Thirsty Dagger,4,12,0.33,33%,15.0,5.0,60,0,Gratuit,Gratuit,15.0,5.0
Esprit omniprésent,Omnipresent Spirit,3,12,0.25,25%,18.0,4.5,54,2,9.0,2.25,6.0,1.5
Sabre Versatile,Versatil Saber,4,12,0.33,33%,11.0,3.67,44,1,11.0,3.67,5.5,1.83
Chasseur d'Âmes,Soul Hunter,2,12,0.17,17%,15.0,2.5,30,1,15.0,2.5,7.5,1.25
Armure d'Immortel,Immortal Breastplate,2,12,0.17,17%,14.0,2.33,28,1,14.0,2.33,7.0,1.17
Amulette Omnisciente,Omnipresent Amulet,2,12,0.17,17%,13.0,2.17,26,0,Gratuit,Gratuit,13.0,2.17
Faux Assoiffées,Thirsty Scythes,1,12,0.08,8%,25.0,2.08,25,3,8.33,0.69,6.25,0.52
Bâton du Conquérant,Staff of Conquered Worlds,2,12,0.17,17%,11.0,1.83,22,0,Gratuit,Gratuit,11.0,1.83
Force Divine,Divine Impetu,2,12,0.17,17%,11.0,1.83,22,0,Gratuit,Gratuit,11.0,1.83
Le Marionnettiste,The Puppeteer,1,12,0.08,8%,20.0,1.67,20,2,10.0,0.83,6.67,0.56
Totem du Gardien,Guardian Totem,9,12,0.75,75%,2.22,1.67,20,3,0.74,0.56,0.56,0.42
Être de Lumière,Being of Light,1,12,0.08,8%,18.0,1.5,18,1,18.0,1.5,9.0,0.75
Marteleur précis,Precise Hammer,1,12,0.08,8%,18.0,1.5,18,1,18.0,1.5,9.0,0.75
Enchaînement Éclair,Unstoppable Lightning,1,12,0.08,8%,18.0,1.5,18,1,18.0,1.5,9.0,0.75
Adrénaline Arcanique,Arcane Adrenaline,1,12,0.08,8%,16.0,1.33,16,1,16.0,1.33,8.0,0.67
Danse Macabre,Dance of Death,2,12,0.17,17%,8.0,1.33,16,1,8.0,1.33,4.0,0.67
Elan de Fureur,Rampage Momentum,1,12,0.08,8%,15.0,1.25,15,2,7.5,0.62,5.0,0.42
Explosion Arcanique,Arcane Explosive,1,12,0.08,8%,12.0,1.0,12,1,12.0,1.0,6.0,0.5
Masse Colossale,Colossal Mace,1,12,0.08,8%,11.0,0.92,11,0,Gratuit,Gratuit,11.0,0.92
Désintégrateur Magnétique,Magnetic Disintegrator,1,12,0.08,8%,11.0,0.92,11,0,Gratuit,Gratuit,11.0,0.92
Épé Sainte,Holy Sword,1,12,0.08,8%,10.0,0.83,10,0,Gratuit,Gratuit,10.0,0.83
