,Nom Anglais,nb games valide,total games,ratio,%,pts moy,pts moy total,total point,cout,pts par cout moy,pts par cout total,pts par cout moy+1,pts par cout total+1
Griffes Sauvages,Wild Claw,11,11,1.0,100%,19.45,19.45,214,3,6.48,6.48,4.86,4.86
Totem Équivalent,Equivalent Totem,11,11,1.0,100%,15.64,15.64,172,2,7.82,7.82,5.21,5.21
Chasseur de Bêtes,Beast Hunter,8,11,0.73,73%,18.0,13.09,144,2,9.0,6.54,6.0,4.36
Faux,Scythe,11,11,1.0,100%,11.82,11.82,130,3,3.94,3.94,2.96,2.96
Aveuglement,Incapacitor,11,11,1.0,100%,11.45,11.45,126,3,3.82,3.82,2.86,2.86
Mental d'Acier,Steel Aura,7,11,0.64,64%,18.0,11.45,126,2,9.0,5.72,6.0,3.82
Pillard Féroce,Savage Looter,6,11,0.55,55%,20.0,10.91,120,1,20.0,10.91,10.0,5.46
Esprit de l'Écuyer,Spirit of the Squire,11,11,1.0,100%,10.91,10.91,120,3,3.64,3.64,2.73,2.73
Décharge Élémentaire,Elemental Discharge,6,11,0.55,55%,18.0,9.82,108,1,18.0,9.82,9.0,4.91
Tombeau Rocheux,Rock Tomb,10,11,0.91,91%,10.0,9.09,100,1,10.0,9.09,5.0,4.54
Assistance Divine,Sacred Help,5,11,0.45,45%,20.0,9.09,100,2,10.0,4.54,6.67,3.03
Lame Affutée,Sharp Blade,10,11,0.91,91%,9.3,8.45,93,3,3.1,2.82,2.33,2.11
Esprit Sauvage,Wild Spirit,9,11,0.82,82%,10.0,8.18,90,0,Gratuit,Gratuit,10.0,8.18
Marteau Collecteur,Collecting Hammer,9,11,0.82,82%,8.22,6.73,74,2,4.11,3.37,2.74,2.24
Bâton de Conquête,Conquering Staff,3,11,0.27,27%,24.0,6.55,72,2,12.0,3.27,8.0,2.18
Économe Sagesse du Trésorier,Treasurer's Wisdom,4,11,0.36,36%,17.0,6.18,68,2,8.5,3.09,5.67,2.06
Épée Obscure,Swords of Darkness,4,11,0.36,36%,17.0,6.18,68,1,17.0,6.18,8.5,3.09
Armure d'Obsidienne,Obsidian Battle Plate,3,11,0.27,27%,20.0,5.45,60,2,10.0,2.73,6.67,1.82
Soif de Sang,Thirsty Dagger,4,11,0.36,36%,15.0,5.45,60,0,Gratuit,Gratuit,15.0,5.45
Hache Frénétique,Berseker Ax,4,11,0.36,36%,14.0,5.09,56,2,7.0,2.54,4.67,1.7
Esprit omniprésent,Omnipresent Spirit,3,11,0.27,27%,18.0,4.91,54,2,9.0,2.46,6.0,1.64
Œil de Lynx,Hawk's Eye,6,11,0.55,55%,8.33,4.55,50,0,Gratuit,Gratuit,8.33,4.55
Coup de Mort,Death Helper,5,11,0.45,45%,10.0,4.55,50,1,10.0,4.55,5.0,2.27
Ascension Divine,Divine Ascent,2,11,0.18,18%,25.0,4.55,50,3,8.33,1.52,6.25,1.14
Sabre Versatile,Versatil Saber,3,11,0.27,27%,11.0,3.0,33,1,11.0,3.0,5.5,1.5
Chasseur d'Âmes,Soul Hunter,2,11,0.18,18%,15.0,2.73,30,1,15.0,2.73,7.5,1.36
Armure d'Immortel,Immortal Breastplate,2,11,0.18,18%,14.0,2.55,28,1,14.0,2.55,7.0,1.27
Faux Assoiffées,Thirsty Scythes,1,11,0.09,9%,25.0,2.27,25,3,8.33,0.76,6.25,0.57
Force Divine,Divine Impetu,2,11,0.18,18%,11.0,2.0,22,0,Gratuit,Gratuit,11.0,2.0
Bâton du Conquérant,Staff of Conquered Worlds,2,11,0.18,18%,11.0,2.0,22,0,Gratuit,Gratuit,11.0,2.0
Totem du Gardien,Guardian Totem,9,11,0.82,82%,2.22,1.82,20,3,0.74,0.61,0.56,0.46
Le Marionnettiste,The Puppeteer,1,11,0.09,9%,20.0,1.82,20,2,10.0,0.91,6.67,0.61
Être de Lumière,Being of Light,1,11,0.09,9%,18.0,1.64,18,1,18.0,1.64,9.0,0.82
Marteleur précis,Precise Hammer,1,11,0.09,9%,18.0,1.64,18,1,18.0,1.64,9.0,0.82
Enchaînement Éclair,Unstoppable Lightning,1,11,0.09,9%,18.0,1.64,18,1,18.0,1.64,9.0,0.82
Danse Macabre,Dance of Death,2,11,0.18,18%,8.0,1.45,16,1,8.0,1.45,4.0,0.72
Adrénaline Arcanique,Arcane Adrenaline,1,11,0.09,9%,16.0,1.45,16,1,16.0,1.45,8.0,0.72
Elan de Fureur,Rampage Momentum,1,11,0.09,9%,15.0,1.36,15,2,7.5,0.68,5.0,0.45
Explosion Arcanique,Arcane Explosive,1,11,0.09,9%,12.0,1.09,12,1,12.0,1.09,6.0,0.55
Masse Colossale,Colossal Mace,1,11,0.09,9%,11.0,1.0,11,0,Gratuit,Gratuit,11.0,1.0
Amulette Omnisciente,Omnipresent Amulet,1,11,0.09,9%,11.0,1.0,11,0,Gratuit,Gratuit,11.0,1.0
Désintégrateur Magnétique,Magnetic Disintegrator,1,11,0.09,9%,11.0,1.0,11,0,Gratuit,Gratuit,11.0,1.0
Épé Sainte,Holy Sword,1,11,0.09,9%,10.0,0.91,10,0,Gratuit,Gratuit,10.0,0.91
