,Nom Anglais,nb games valide,total games,ratio,%,pts moy,pts moy total,total point,cout,pts par cout moy,pts par cout total,pts par cout moy+1,pts par cout total+1
Le Visionnaire,The Visionary,1,1,1.0,100%,18.0,18.0,18,2,9.0,9.0,6.0,6.0
Totem Équivalent,Equivalent Totem,1,1,1.0,100%,10.0,10.0,10,2,5.0,5.0,3.33,3.33
Totem du Gardien,Guardian Totem,1,1,1.0,100%,10.0,10.0,10,3,3.33,3.33,2.5,2.5
Œil de Lynx,Hawk's Eye,1,1,1.0,100%,10.0,10.0,10,0,Gratuit,Gratuit,10.0,10.0
Aveuglement,Incapacitor,1,1,1.0,100%,6.0,6.0,6,3,2.0,2.0,1.5,1.5
Esprit de l'Écuyer,Spirit of the Squire,1,1,1.0,100%,3.0,3.0,3,3,1.0,1.0,0.75,0.75
Lame Affutée,Sharp Blade,1,1,1.0,100%,3.0,3.0,3,3,1.0,1.0,0.75,0.75
Faux,Scythe,1,1,1.0,100%,2.0,2.0,2,3,0.67,0.67,0.5,0.5
