,Nom Anglais,nb games valide,total games,ratio,%,pts moy,pts moy total,total point,cout,pts par cout moy,pts par cout total
Aveuglement,Incapacitor,10,10,1.0,100%,20.1,20.1,201,3,6.7,6.7
Griffes Sauvages,Wild Claw,10,10,1.0,100%,18.5,18.5,185,3,6.17,6.17
Assistance Divine,Sacred Help,9,10,0.9,90%,20.0,18.0,180,2,10.0,9.0
Armure d'Obsidienne,Obsidian Battle Plate,5,10,0.5,50%,20.0,10.0,100,2,10.0,5.0
Faux,Scythe,10,10,1.0,100%,9.1,9.1,91,3,3.03,3.03
Chasseur de Bêtes,Beast Hunter,5,10,0.5,50%,18.0,9.0,90,2,9.0,4.5
Être de Lumière,Being of Light,4,10,0.4,40%,18.0,7.2,72,1,18.0,7.2
Décharge Élémentaire,Elemental Discharge,4,10,0.4,40%,18.0,7.2,72,1,18.0,7.2
Bâton de Conquête,Conquering Staff,3,10,0.3,30%,24.0,7.2,72,2,12.0,3.6
Tombeau Rocheux,Rock Tomb,7,10,0.7,70%,10.0,7.0,70,1,10.0,7.0
Instinct Sanguinaire,Bloody Instinct,4,10,0.4,40%,15.0,6.0,60,2,7.5,3.0
Pillard Féroce,Savage Looter,3,10,0.3,30%,20.0,6.0,60,1,20.0,6.0
Esprit Sauvage,Wild Spirit,6,10,0.6,60%,10.0,6.0,60,0,Gratuit,Gratuit
Esprit de l'Écuyer,Spirit of the Squire,7,10,0.7,70%,8.14,5.7,57,3,2.71,1.9
Mental d'Acier,Steel Aura,3,10,0.3,30%,18.0,5.4,54,2,9.0,2.7
Lame Affutée,Sharp Blade,8,10,0.8,80%,4.88,3.9,39,3,1.63,1.3
Esquive Salvatrice,Evasive Protection,2,10,0.2,20%,15.0,3.0,30,0,Gratuit,Gratuit
Coup de Mort,Death Helper,3,10,0.3,30%,10.0,3.0,30,1,10.0,3.0
Armure d'Immortel,Immortal Breastplate,2,10,0.2,20%,14.0,2.8,28,1,14.0,2.8
Totem du Gardien,Guardian Totem,10,10,1.0,100%,2.5,2.5,25,3,0.83,0.83
Œil de Lynx,Hawk's Eye,3,10,0.3,30%,8.0,2.4,24,0,Gratuit,Gratuit
Sabre Versatile,Versatil Saber,2,10,0.2,20%,11.0,2.2,22,1,11.0,2.2
Bâton du Conquérant,Staff of Conquered Worlds,2,10,0.2,20%,11.0,2.2,22,0,Gratuit,Gratuit
Le Marionnettiste,The Puppeteer,1,10,0.1,10%,20.0,2.0,20,2,10.0,1.0
Marteleur précis,Precise Hammer,1,10,0.1,10%,18.0,1.8,18,1,18.0,1.8
Esprit omniprésent,Omnipresent Spirit,1,10,0.1,10%,18.0,1.8,18,2,9.0,0.9
Esprit Guerrier,Spirit of the Warrior,1,10,0.1,10%,16.0,1.6,16,1,16.0,1.6
Épée Obscure,Swords of Darkness,1,10,0.1,10%,15.0,1.5,15,1,15.0,1.5
Soif de Sang,Thirsty Dagger,1,10,0.1,10%,15.0,1.5,15,0,Gratuit,Gratuit
Bâton Élémentaire,Earthly Staff,1,10,0.1,10%,15.0,1.5,15,0,Gratuit,Gratuit
Épées Jumelles,Twin Swords,1,10,0.1,10%,10.0,1.0,10,1,10.0,1.0
Lance Doublée,Dual Spear,1,10,0.1,10%,8.0,0.8,8,0,Gratuit,Gratuit
