,Nom Anglais,nb games valide,total games,ratio,%,pts moy,pts moy total,total point,cout,pts par cout moy,pts par cout total
Griffes Sauvages,Wild Claw,3,3,1.0,100%,15.33,15.33,46,3,5.11,5.11
Pillard Féroce,Savage Looter,2,3,0.67,67%,20.0,13.33,40,1,20.0,13.33
Totem Équivalent,Equivalent Totem,3,3,1.0,100%,13.33,13.33,40,1,13.33,13.33
Aveuglement,Incapacitor,3,3,1.0,100%,9.0,9.0,27,3,3.0,3.0
Faux,Scythe,3,3,1.0,100%,8.67,8.67,26,3,2.89,2.89
Bâton de Conquête,Conquering Staff,1,3,0.33,33%,24.0,8.0,24,2,12.0,4.0
Le Marionnettiste,The Puppeteer,1,3,0.33,33%,20.0,6.67,20,2,10.0,3.33
Tombeau Rocheux,Rock Tomb,2,3,0.67,67%,10.0,6.67,20,1,10.0,6.67
Décharge Élémentaire,Elemental Discharge,1,3,0.33,33%,18.0,6.0,18,1,18.0,6.0
Chasseur de Bêtes,Beast Hunter,1,3,0.33,33%,18.0,6.0,18,2,9.0,3.0
Marteau Collecteur,Collecting Hammer,1,3,0.33,33%,18.0,6.0,18,2,9.0,3.0
Esprit omniprésent,Omnipresent Spirit,1,3,0.33,33%,18.0,6.0,18,2,9.0,3.0
Mental d'Acier,Steel Aura,1,3,0.33,33%,18.0,6.0,18,2,9.0,3.0
Masse de Siège,Siege Mace,1,3,0.33,33%,16.0,5.33,16,0,Gratuit,Gratuit
Œil de Lynx,Hawk's Eye,2,3,0.67,67%,8.0,5.33,16,0,Gratuit,Gratuit
Totem du Gardien,Guardian Totem,3,3,1.0,100%,3.67,3.67,11,3,1.22,1.22
Esprit Sauvage,Wild Spirit,1,3,0.33,33%,10.0,3.33,10,0,Gratuit,Gratuit
Esprit de l'Écuyer,Spirit of the Squire,2,3,0.67,67%,4.5,3.0,9,3,1.5,1.0
Lame Affutée,Sharp Blade,1,3,0.33,33%,6.0,2.0,6,3,2.0,0.67
