,Nom Anglais,nb games valide,total games,ratio,%,pts moy,pts moy total,total point,cout,pts par cout moy,pts par cout total
Griffes Sauvages,Wild Claw,4,4,1.0,100%,16.0,16.0,64,3,5.33,5.33
Totem Équivalent,Equivalent Totem,4,4,1.0,100%,14.5,14.5,58,2,7.25,7.25
Bâton de Conquête,Conquering Staff,2,4,0.5,50%,24.0,12.0,48,2,12.0,6.0
Aveuglement,Incapacitor,4,4,1.0,100%,11.25,11.25,45,3,3.75,3.75
Pillard Féroce,Savage Looter,2,4,0.5,50%,20.0,10.0,40,1,20.0,10.0
Faux,Scythe,4,4,1.0,100%,9.25,9.25,37,3,3.08,3.08
Tombeau Rocheux,Rock Tomb,3,4,0.75,75%,10.0,7.5,30,1,10.0,7.5
Ascension Divine,Divine Ascent,1,4,0.25,25%,25.0,6.25,25,3,8.33,2.08
Esprit de l'Écuyer,Spirit of the Squire,3,4,0.75,75%,8.0,6.0,24,3,2.67,2.0
Œil de Lynx,Hawk's Eye,3,4,0.75,75%,8.0,6.0,24,0,Gratuit,Gratuit
Esprit Sauvage,Wild Spirit,2,4,0.5,50%,10.0,5.0,20,0,Gratuit,Gratuit
Assistance Divine,Sacred Help,1,4,0.25,25%,20.0,5.0,20,2,10.0,2.5
Le Marionnettiste,The Puppeteer,1,4,0.25,25%,20.0,5.0,20,2,10.0,2.5
Mental d'Acier,Steel Aura,1,4,0.25,25%,18.0,4.5,18,2,9.0,2.25
Esprit omniprésent,Omnipresent Spirit,1,4,0.25,25%,18.0,4.5,18,2,9.0,2.25
Décharge Élémentaire,Elemental Discharge,1,4,0.25,25%,18.0,4.5,18,1,18.0,4.5
Chasseur de Bêtes,Beast Hunter,1,4,0.25,25%,18.0,4.5,18,2,9.0,2.25
Marteau Collecteur,Collecting Hammer,1,4,0.25,25%,18.0,4.5,18,2,9.0,2.25
Économe Sagesse du Trésorier,Treasurer's Wisdom,1,4,0.25,25%,17.0,4.25,17,2,8.5,2.12
Masse de Siège,Siege Mace,1,4,0.25,25%,16.0,4.0,16,0,Gratuit,Gratuit
Totem du Gardien,Guardian Totem,4,4,1.0,100%,3.5,3.5,14,3,1.17,1.17
Bâton du Conquérant,Staff of Conquered Worlds,1,4,0.25,25%,11.0,2.75,11,0,Gratuit,Gratuit
Coup de Mort,Death Helper,1,4,0.25,25%,10.0,2.5,10,1,10.0,2.5
Lame Affutée,Sharp Blade,2,4,0.5,50%,4.5,2.25,9,3,1.5,0.75
