,Nom Anglais,nb games valide,total games,ratio,%,pts moy,pts moy total,total point,cout,pts par cout moy,pts par cout total
Aveuglement,Incapacitor,9,9,1.0,100%,21.0,21.0,189,3,7.0,7.0
Griffes Sauvages,Wild Claw,9,9,1.0,100%,18.56,18.56,167,3,6.19,6.19
Assistance Divine,Sacred Help,8,9,0.89,89%,20.0,17.78,160,2,10.0,8.89
Faux,Scythe,9,9,1.0,100%,9.11,9.11,82,3,3.04,3.04
Armure d'Obsidienne,Obsidian Battle Plate,4,9,0.44,44%,20.0,8.89,80,2,10.0,4.45
Bâton de Conquête,Conquering Staff,3,9,0.33,33%,24.0,8.0,72,2,12.0,4.0
Chasseur de Bêtes,Beast Hunter,4,9,0.44,44%,18.0,8.0,72,2,9.0,4.0
Pillard Féroce,Savage Looter,3,9,0.33,33%,20.0,6.67,60,1,20.0,6.67
Tombeau Rocheux,Rock Tomb,6,9,0.67,67%,10.0,6.67,60,1,10.0,6.67
Être de Lumière,Being of Light,3,9,0.33,33%,18.0,6.0,54,1,18.0,6.0
Mental d'Acier,Steel Aura,3,9,0.33,33%,18.0,6.0,54,2,9.0,3.0
Décharge Élémentaire,Elemental Discharge,3,9,0.33,33%,18.0,6.0,54,1,18.0,6.0
Esprit Sauvage,Wild Spirit,5,9,0.56,56%,10.0,5.56,50,0,Gratuit,Gratuit
Instinct Sanguinaire,Bloody Instinct,3,9,0.33,33%,15.0,5.0,45,2,7.5,2.5
Esprit de l'Écuyer,Spirit of the Squire,6,9,0.67,67%,7.0,4.67,42,3,2.33,1.56
Lame Affutée,Sharp Blade,7,9,0.78,78%,4.71,3.67,33,3,1.57,1.22
Œil de Lynx,Hawk's Eye,3,9,0.33,33%,8.0,2.67,24,0,Gratuit,Gratuit
Totem du Gardien,Guardian Totem,9,9,1.0,100%,2.56,2.56,23,3,0.85,0.85
Bâton du Conquérant,Staff of Conquered Worlds,2,9,0.22,22%,11.0,2.44,22,0,Gratuit,Gratuit
Le Marionnettiste,The Puppeteer,1,9,0.11,11%,20.0,2.22,20,2,10.0,1.11
Coup de Mort,Death Helper,2,9,0.22,22%,10.0,2.22,20,1,10.0,2.22
Marteleur précis,Precise Hammer,1,9,0.11,11%,18.0,2.0,18,1,18.0,2.0
Esprit omniprésent,Omnipresent Spirit,1,9,0.11,11%,18.0,2.0,18,2,9.0,1.0
Épée Obscure,Swords of Darkness,1,9,0.11,11%,15.0,1.67,15,1,15.0,1.67
Esquive Salvatrice,Evasive Protection,1,9,0.11,11%,15.0,1.67,15,0,Gratuit,Gratuit
Soif de Sang,Thirsty Dagger,1,9,0.11,11%,15.0,1.67,15,0,Gratuit,Gratuit
Bâton Élémentaire,Earthly Staff,1,9,0.11,11%,15.0,1.67,15,0,Gratuit,Gratuit
Armure d'Immortel,Immortal Breastplate,1,9,0.11,11%,14.0,1.56,14,1,14.0,1.56
Sabre Versatile,Versatil Saber,1,9,0.11,11%,11.0,1.22,11,1,11.0,1.22
Épées Jumelles,Twin Swords,1,9,0.11,11%,10.0,1.11,10,1,10.0,1.11
Lance Doublée,Dual Spear,1,9,0.11,11%,8.0,0.89,8,0,Gratuit,Gratuit
