,Nom Anglais,nb games valide,total games,ratio,%,pts moy,pts moy total,total point,cout,pts par cout moy,pts par cout total
Aveuglement,Incapacitor,11,11,1.0,100%,18.82,18.82,207,3,6.27,6.27
Assistance Divine,Sacred Help,10,11,0.91,91%,20.0,18.18,200,2,10.0,9.09
Griffes Sauvages,Wild Claw,11,11,1.0,100%,18.09,18.09,199,3,6.03,6.03
Armure d'Obsidienne,Obsidian Battle Plate,5,11,0.45,45%,20.0,9.09,100,2,10.0,4.54
Faux,Scythe,11,11,1.0,100%,8.91,8.91,98,3,2.97,2.97
Chasseur de Bêtes,Beast Hunter,5,11,0.45,45%,18.0,8.18,90,2,9.0,4.09
Tombeau Rocheux,Rock Tomb,8,11,0.73,73%,10.0,7.27,80,1,10.0,7.27
Être de Lumière,Being of Light,4,11,0.36,36%,18.0,6.55,72,1,18.0,6.55
Bâton de Conquête,Conquering Staff,3,11,0.27,27%,24.0,6.55,72,2,12.0,3.27
Mental d'Acier,Steel Aura,4,11,0.36,36%,18.0,6.55,72,2,9.0,3.27
Décharge Élémentaire,Elemental Discharge,4,11,0.36,36%,18.0,6.55,72,1,18.0,6.55
Esprit de l'Écuyer,Spirit of the Squire,8,11,0.73,73%,7.5,5.45,60,3,2.5,1.82
Instinct Sanguinaire,Bloody Instinct,4,11,0.36,36%,15.0,5.45,60,2,7.5,2.73
Pillard Féroce,Savage Looter,3,11,0.27,27%,20.0,5.45,60,1,20.0,5.45
Esprit Sauvage,Wild Spirit,6,11,0.55,55%,10.0,5.45,60,0,Gratuit,Gratuit
Lame Affutée,Sharp Blade,8,11,0.73,73%,4.88,3.55,39,3,1.63,1.18
Esquive Salvatrice,Evasive Protection,2,11,0.18,18%,15.0,2.73,30,0,Gratuit,Gratuit
Coup de Mort,Death Helper,3,11,0.27,27%,10.0,2.73,30,1,10.0,2.73
Armure d'Immortel,Immortal Breastplate,2,11,0.18,18%,14.0,2.55,28,1,14.0,2.55
Totem du Gardien,Guardian Totem,11,11,1.0,100%,2.45,2.45,27,3,0.82,0.82
Œil de Lynx,Hawk's Eye,3,11,0.27,27%,8.0,2.18,24,0,Gratuit,Gratuit
Sabre Versatile,Versatil Saber,2,11,0.18,18%,11.0,2.0,22,1,11.0,2.0
Bâton du Conquérant,Staff of Conquered Worlds,2,11,0.18,18%,11.0,2.0,22,0,Gratuit,Gratuit
Le Marionnettiste,The Puppeteer,1,11,0.09,9%,20.0,1.82,20,2,10.0,0.91
Marteleur précis,Precise Hammer,1,11,0.09,9%,18.0,1.64,18,1,18.0,1.64
Esprit omniprésent,Omnipresent Spirit,1,11,0.09,9%,18.0,1.64,18,2,9.0,0.82
Esprit Guerrier,Spirit of the Warrior,1,11,0.09,9%,16.0,1.45,16,1,16.0,1.45
Épée Obscure,Swords of Darkness,1,11,0.09,9%,15.0,1.36,15,1,15.0,1.36
Soif de Sang,Thirsty Dagger,1,11,0.09,9%,15.0,1.36,15,0,Gratuit,Gratuit
Bâton Élémentaire,Earthly Staff,1,11,0.09,9%,15.0,1.36,15,0,Gratuit,Gratuit
Épées Jumelles,Twin Swords,1,11,0.09,9%,10.0,0.91,10,1,10.0,0.91
Lance Doublée,Dual Spear,1,11,0.09,9%,8.0,0.73,8,0,Gratuit,Gratuit
