,Nom Anglais,nb games valide,total games,ratio,%,pts moy,pts moy total,total point,cout,pts par cout moy,pts par cout total,pts par cout moy+1,pts par cout total+1
Assistance Divine,Sacred Help,2,2,1.0,100%,20.0,20.0,40,2,10.0,10.0,6.67,6.67
Griffes Sauvages,Wild Claw,2,2,1.0,100%,16.5,16.5,33,3,5.5,5.5,4.12,4.12
Marteau Collecteur,Collecting Hammer,2,2,1.0,100%,14.0,14.0,28,2,7.0,7.0,4.67,4.67
Totem Équivalent,Equivalent Totem,2,2,1.0,100%,14.0,14.0,28,3,4.67,4.67,3.5,3.5
Le Marionnettiste,The Puppeteer,1,2,0.5,50%,20.0,10.0,20,2,10.0,5.0,6.67,3.33
Décharge Élémentaire,Elemental Discharge,1,2,0.5,50%,20.0,10.0,20,1,20.0,10.0,10.0,5.0
Pillard Féroce,Savage Looter,1,2,0.5,50%,20.0,10.0,20,1,20.0,10.0,10.0,5.0
Armure d'Obsidienne,Obsidian Battle Plate,1,2,0.5,50%,20.0,10.0,20,2,10.0,5.0,6.67,3.33
Faux,Scythe,2,2,1.0,100%,9.0,9.0,18,3,3.0,3.0,2.25,2.25
Esprit de l'Écuyer,Spirit of the Squire,2,2,1.0,100%,9.0,9.0,18,3,3.0,3.0,2.25,2.25
Esprit omniprésent,Omnipresent Spirit,1,2,0.5,50%,18.0,9.0,18,2,9.0,4.5,6.0,3.0
Sabre Versatile,Versatil Saber,1,2,0.5,50%,18.0,9.0,18,1,18.0,9.0,9.0,4.5
Hache Frénétique,Berseker Ax,1,2,0.5,50%,16.0,8.0,16,2,8.0,4.0,5.33,2.67
Soif de Sang,Thirsty Dagger,1,2,0.5,50%,15.0,7.5,15,0,Gratuit,Gratuit,15.0,7.5
Coup de Mort,Death Helper,1,2,0.5,50%,13.0,6.5,13,1,13.0,6.5,6.5,3.25
Lame Affutée,Sharp Blade,2,2,1.0,100%,6.0,6.0,12,3,2.0,2.0,1.5,1.5
Aveuglement,Incapacitor,2,2,1.0,100%,6.0,6.0,12,3,2.0,2.0,1.5,1.5
Danse Macabre,Dance of Death,1,2,0.5,50%,10.0,5.0,10,1,10.0,5.0,5.0,2.5
Œil de Lynx,Hawk's Eye,1,2,0.5,50%,8.0,4.0,8,0,Gratuit,Gratuit,8.0,4.0
Esprit Sauvage,Wild Spirit,1,2,0.5,50%,8.0,4.0,8,0,Gratuit,Gratuit,8.0,4.0
Totem du Gardien,Guardian Totem,2,2,1.0,100%,3.0,3.0,6,3,1.0,1.0,0.75,0.75
