,Nom Anglais,nb games valide,total games,ratio,%,pts moy,pts moy total,total point,cout,pts par cout moy,pts par cout total,pts par cout moy+1,pts par cout total+1
Aveuglement,Incapacitor,6,6,1.0,100%,24.0,24.0,144,3,8.0,8.0,6.0,6.0
Griffes Sauvages,Wild Claw,6,6,1.0,100%,21.33,21.33,128,3,7.11,7.11,5.33,5.33
Chasseur de Bêtes,Beast Hunter,6,6,1.0,100%,18.0,18.0,108,2,9.0,9.0,6.0,6.0
Totem Équivalent,Equivalent Totem,6,6,1.0,100%,16.0,16.0,96,2,8.0,8.0,5.33,5.33
Faux,Scythe,6,6,1.0,100%,13.83,13.83,83,3,4.61,4.61,3.46,3.46
Armure d'Obsidienne,Obsidian Battle Plate,4,6,0.67,67%,20.0,13.33,80,2,10.0,6.67,6.67,4.44
Pillard Féroce,Savage Looter,4,6,0.67,67%,20.0,13.33,80,1,20.0,13.33,10.0,6.67
Bâton de Conquête,Conquering Staff,3,6,0.5,50%,24.0,12.0,72,2,12.0,6.0,8.0,4.0
Décharge Élémentaire,Elemental Discharge,4,6,0.67,67%,18.0,12.0,72,1,18.0,12.0,9.0,6.0
Esprit de l'Écuyer,Spirit of the Squire,6,6,1.0,100%,11.5,11.5,69,3,3.83,3.83,2.88,2.88
Totem du Gardien,Guardian Totem,6,6,1.0,100%,11.17,11.17,67,3,3.72,3.72,2.79,2.79
Vision Céleste,Heavenly Vision,3,6,0.5,50%,22.0,11.0,66,2,11.0,5.5,7.33,3.67
Lame Affutée,Sharp Blade,5,6,0.83,83%,12.0,10.0,60,3,4.0,3.33,3.0,2.5
Esprit Sauvage,Wild Spirit,6,6,1.0,100%,10.0,10.0,60,0,Gratuit,Gratuit,10.0,10.0
Tombeau Rocheux,Rock Tomb,6,6,1.0,100%,10.0,10.0,60,1,10.0,10.0,5.0,5.0
Assistance Divine,Sacred Help,3,6,0.5,50%,20.0,10.0,60,2,10.0,5.0,6.67,3.33
Économe Sagesse du Trésorier,Treasurer's Wisdom,3,6,0.5,50%,17.0,8.5,51,2,8.5,4.25,5.67,2.83
Faux Assoiffées,Thirsty Scythes,2,6,0.33,33%,25.0,8.33,50,3,8.33,2.78,6.25,2.08
Ascension Divine,Divine Ascent,2,6,0.33,33%,25.0,8.33,50,3,8.33,2.78,6.25,2.08
Le Traqueur,The Stalker,3,6,0.5,50%,16.0,8.0,48,3,5.33,2.67,4.0,2.0
Hache Frénétique,Berseker Ax,3,6,0.5,50%,14.0,7.0,42,2,7.0,3.5,4.67,2.33
Œil de Lynx,Hawk's Eye,5,6,0.83,83%,8.0,6.67,40,0,Gratuit,Gratuit,8.0,6.67
Mental d'Acier,Steel Aura,2,6,0.33,33%,18.0,6.0,36,2,9.0,3.0,6.0,2.0
Marteau Collecteur,Collecting Hammer,3,6,0.5,50%,12.0,6.0,36,2,6.0,3.0,4.0,2.0
Épée Obscure,Swords of Darkness,2,6,0.33,33%,17.0,5.67,34,1,17.0,5.67,8.5,2.83
Bâton du Conquérant,Staff of Conquered Worlds,3,6,0.5,50%,11.0,5.5,33,0,Gratuit,Gratuit,11.0,5.5
Sabre Versatile,Versatil Saber,3,6,0.5,50%,11.0,5.5,33,1,11.0,5.5,5.5,2.75
Elan de Fureur,Rampage Momentum,2,6,0.33,33%,15.0,5.0,30,2,7.5,2.5,5.0,1.67
Soif de Sang,Thirsty Dagger,2,6,0.33,33%,15.0,5.0,30,0,Gratuit,Gratuit,15.0,5.0
Coup de Mort,Death Helper,3,6,0.5,50%,10.0,5.0,30,1,10.0,5.0,5.0,2.5
Danse Macabre,Dance of Death,3,6,0.5,50%,8.0,4.0,24,1,8.0,4.0,4.0,2.0
Explosion Arcanique,Arcane Explosive,2,6,0.33,33%,12.0,4.0,24,1,12.0,4.0,6.0,2.0
Force Divine,Divine Impetu,2,6,0.33,33%,11.0,3.67,22,0,Gratuit,Gratuit,11.0,3.67
Être de Lumière,Being of Light,1,6,0.17,17%,18.0,3.0,18,1,18.0,3.0,9.0,1.5
Marteleur précis,Precise Hammer,1,6,0.17,17%,18.0,3.0,18,1,18.0,3.0,9.0,1.5
Parchemin Secret,Secret Scroll,1,6,0.17,17%,18.0,3.0,18,2,9.0,1.5,6.0,1.0
Esprit omniprésent,Omnipresent Spirit,1,6,0.17,17%,18.0,3.0,18,2,9.0,1.5,6.0,1.0
Armure d'Immortel,Immortal Breastplate,1,6,0.17,17%,14.0,2.33,14,1,14.0,2.33,7.0,1.17
Amulette Omnisciente,Omnipresent Amulet,1,6,0.17,17%,11.0,1.83,11,0,Gratuit,Gratuit,11.0,1.83
Masse Colossale,Colossal Mace,1,6,0.17,17%,11.0,1.83,11,0,Gratuit,Gratuit,11.0,1.83
