,Nom Anglais,nb games valide,total games,ratio,%,pts moy,pts moy total,total point,cout,pts par cout moy,pts par cout total,pts par cout moy+1,pts par cout total+1
Aveuglement,Incapacitor,8,8,1.0,100%,20.62,20.62,165,3,6.87,6.87,5.16,5.16
Griffes Sauvages,Wild Claw,8,8,1.0,100%,20.5,20.5,164,3,6.83,6.83,5.12,5.12
Chasseur de Bêtes,Beast Hunter,7,8,0.88,88%,18.0,15.75,126,2,9.0,7.88,6.0,5.25
Totem Équivalent,Equivalent Totem,8,8,1.0,100%,15.62,15.62,125,2,7.81,7.81,5.21,5.21
Armure d'Obsidienne,Obsidian Battle Plate,6,8,0.75,75%,20.0,15.0,120,2,10.0,7.5,6.67,5.0
Faux,Scythe,8,8,1.0,100%,12.88,12.88,103,3,4.29,4.29,3.22,3.22
Pillard Féroce,Savage Looter,5,8,0.62,62%,20.0,12.5,100,1,20.0,12.5,10.0,6.25
Esprit de l'Écuyer,Spirit of the Squire,8,8,1.0,100%,11.25,11.25,90,3,3.75,3.75,2.81,2.81
Décharge Élémentaire,Elemental Discharge,5,8,0.62,62%,18.0,11.25,90,1,18.0,11.25,9.0,5.62
Esprit Sauvage,Wild Spirit,8,8,1.0,100%,10.0,10.0,80,0,Gratuit,Gratuit,10.0,10.0
Tombeau Rocheux,Rock Tomb,8,8,1.0,100%,10.0,10.0,80,1,10.0,10.0,5.0,5.0
Totem du Gardien,Guardian Totem,8,8,1.0,100%,9.25,9.25,74,3,3.08,3.08,2.31,2.31
Bâton de Conquête,Conquering Staff,3,8,0.38,38%,24.0,9.0,72,2,12.0,4.5,8.0,3.0
Lame Affutée,Sharp Blade,7,8,0.88,88%,9.86,8.62,69,3,3.29,2.87,2.46,2.15
Vision Céleste,Heavenly Vision,3,8,0.38,38%,22.0,8.25,66,2,11.0,4.12,7.33,2.75
Assistance Divine,Sacred Help,3,8,0.38,38%,20.0,7.5,60,2,10.0,3.75,6.67,2.5
Économe Sagesse du Trésorier,Treasurer's Wisdom,3,8,0.38,38%,17.0,6.38,51,2,8.5,3.19,5.67,2.13
Ascension Divine,Divine Ascent,2,8,0.25,25%,25.0,6.25,50,3,8.33,2.08,6.25,1.56
Faux Assoiffées,Thirsty Scythes,2,8,0.25,25%,25.0,6.25,50,3,8.33,2.08,6.25,1.56
Marteau Collecteur,Collecting Hammer,4,8,0.5,50%,12.0,6.0,48,2,6.0,3.0,4.0,2.0
Œil de Lynx,Hawk's Eye,6,8,0.75,75%,8.0,6.0,48,0,Gratuit,Gratuit,8.0,6.0
Le Traqueur,The Stalker,3,8,0.38,38%,16.0,6.0,48,3,5.33,2.0,4.0,1.5
Sabre Versatile,Versatil Saber,4,8,0.5,50%,11.0,5.5,44,1,11.0,5.5,5.5,2.75
Hache Frénétique,Berseker Ax,3,8,0.38,38%,14.0,5.25,42,2,7.0,2.62,4.67,1.75
Coup de Mort,Death Helper,4,8,0.5,50%,10.0,5.0,40,1,10.0,5.0,5.0,2.5
Mental d'Acier,Steel Aura,2,8,0.25,25%,18.0,4.5,36,2,9.0,2.25,6.0,1.5
Épée Obscure,Swords of Darkness,2,8,0.25,25%,17.0,4.25,34,1,17.0,4.25,8.5,2.12
Bâton du Conquérant,Staff of Conquered Worlds,3,8,0.38,38%,11.0,4.12,33,0,Gratuit,Gratuit,11.0,4.12
Force Divine,Divine Impetu,3,8,0.38,38%,11.0,4.12,33,0,Gratuit,Gratuit,11.0,4.12
Elan de Fureur,Rampage Momentum,2,8,0.25,25%,15.0,3.75,30,2,7.5,1.88,5.0,1.25
Soif de Sang,Thirsty Dagger,2,8,0.25,25%,15.0,3.75,30,0,Gratuit,Gratuit,15.0,3.75
Armure d'Immortel,Immortal Breastplate,2,8,0.25,25%,14.0,3.5,28,1,14.0,3.5,7.0,1.75
Explosion Arcanique,Arcane Explosive,2,8,0.25,25%,12.0,3.0,24,1,12.0,3.0,6.0,1.5
Danse Macabre,Dance of Death,3,8,0.38,38%,8.0,3.0,24,1,8.0,3.0,4.0,1.5
Être de Lumière,Being of Light,1,8,0.12,12%,18.0,2.25,18,1,18.0,2.25,9.0,1.12
Parchemin Secret,Secret Scroll,1,8,0.12,12%,18.0,2.25,18,2,9.0,1.12,6.0,0.75
Marteleur précis,Precise Hammer,1,8,0.12,12%,18.0,2.25,18,1,18.0,2.25,9.0,1.12
Esprit omniprésent,Omnipresent Spirit,1,8,0.12,12%,18.0,2.25,18,2,9.0,1.12,6.0,0.75
Masse de Siège,Siege Mace,1,8,0.12,12%,16.0,2.0,16,0,Gratuit,Gratuit,16.0,2.0
Masse Colossale,Colossal Mace,1,8,0.12,12%,11.0,1.38,11,0,Gratuit,Gratuit,11.0,1.38
Amulette Omnisciente,Omnipresent Amulet,1,8,0.12,12%,11.0,1.38,11,0,Gratuit,Gratuit,11.0,1.38
