,Nom Anglais,nb games valide,total games,ratio,%,pts moy,pts moy total,total point,cout,pts par cout moy,pts par cout total
Aveuglement,Incapacitor,4,4,1.0,100%,22.5,22.5,90,3,7.5,7.5
Griffes Sauvages,Wild Claw,4,4,1.0,100%,21.25,21.25,85,3,7.08,7.08
Chasseur de Bêtes,Beast Hunter,4,4,1.0,100%,18.0,18.0,72,2,9.0,9.0
Totem Équivalent,Equivalent Totem,4,4,1.0,100%,15.75,15.75,63,2,7.88,7.88
Pillard Féroce,Savage Looter,3,4,0.75,75%,20.0,15.0,60,1,20.0,15.0
Faux,Scythe,4,4,1.0,100%,13.75,13.75,55,3,4.58,4.58
Décharge Élémentaire,Elemental Discharge,3,4,0.75,75%,18.0,13.5,54,1,18.0,13.5
Esprit de l'Écuyer,Spirit of the Squire,4,4,1.0,100%,12.75,12.75,51,3,4.25,4.25
Bâton de Conquête,Conquering Staff,2,4,0.5,50%,24.0,12.0,48,2,12.0,6.0
Lame Affutée,Sharp Blade,3,4,0.75,75%,15.0,11.25,45,3,5.0,3.75
Vision Céleste,Heavenly Vision,2,4,0.5,50%,22.0,11.0,44,2,11.0,5.5
Tombeau Rocheux,Rock Tomb,4,4,1.0,100%,10.0,10.0,40,1,10.0,10.0
Assistance Divine,Sacred Help,2,4,0.5,50%,20.0,10.0,40,2,10.0,5.0
Armure d'Obsidienne,Obsidian Battle Plate,2,4,0.5,50%,20.0,10.0,40,2,10.0,5.0
Esprit Sauvage,Wild Spirit,4,4,1.0,100%,10.0,10.0,40,0,Gratuit,Gratuit
Totem du Gardien,Guardian Totem,4,4,1.0,100%,9.5,9.5,38,3,3.17,3.17
Mental d'Acier,Steel Aura,2,4,0.5,50%,18.0,9.0,36,2,9.0,4.5
Épée Obscure,Swords of Darkness,2,4,0.5,50%,17.0,8.5,34,1,17.0,8.5
Économe Sagesse du Trésorier,Treasurer's Wisdom,2,4,0.5,50%,17.0,8.5,34,2,8.5,4.25
Le Traqueur,The Stalker,2,4,0.5,50%,16.0,8.0,32,3,5.33,2.67
Marteau Collecteur,Collecting Hammer,2,4,0.5,50%,15.0,7.5,30,2,7.5,3.75
Ascension Divine,Divine Ascent,1,4,0.25,25%,25.0,6.25,25,3,8.33,2.08
Faux Assoiffées,Thirsty Scythes,1,4,0.25,25%,25.0,6.25,25,3,8.33,2.08
Œil de Lynx,Hawk's Eye,3,4,0.75,75%,8.0,6.0,24,0,Gratuit,Gratuit
Bâton du Conquérant,Staff of Conquered Worlds,2,4,0.5,50%,11.0,5.5,22,0,Gratuit,Gratuit
Sabre Versatile,Versatil Saber,2,4,0.5,50%,11.0,5.5,22,1,11.0,5.5
Coup de Mort,Death Helper,2,4,0.5,50%,10.0,5.0,20,1,10.0,5.0
Parchemin Secret,Secret Scroll,1,4,0.25,25%,18.0,4.5,18,2,9.0,2.25
Être de Lumière,Being of Light,1,4,0.25,25%,18.0,4.5,18,1,18.0,4.5
Marteleur précis,Precise Hammer,1,4,0.25,25%,18.0,4.5,18,1,18.0,4.5
Esprit omniprésent,Omnipresent Spirit,1,4,0.25,25%,18.0,4.5,18,2,9.0,2.25
Danse Macabre,Dance of Death,2,4,0.5,50%,8.0,4.0,16,1,8.0,4.0
Elan de Fureur,Rampage Momentum,1,4,0.25,25%,15.0,3.75,15,2,7.5,1.88
Soif de Sang,Thirsty Dagger,1,4,0.25,25%,15.0,3.75,15,0,Gratuit,Gratuit
Hache Frénétique,Berseker Ax,1,4,0.25,25%,14.0,3.5,14,2,7.0,1.75
Explosion Arcanique,Arcane Explosive,1,4,0.25,25%,12.0,3.0,12,1,12.0,3.0
Amulette Omnisciente,Omnipresent Amulet,1,4,0.25,25%,11.0,2.75,11,0,Gratuit,Gratuit
Force Divine,Divine Impetu,1,4,0.25,25%,11.0,2.75,11,0,Gratuit,Gratuit
Masse Colossale,Colossal Mace,1,4,0.25,25%,11.0,2.75,11,0,Gratuit,Gratuit
