,Nom Anglais,nb games valide,total games,ratio,%,pts moy,pts moy total,total point,cout,pts par cout moy,pts par cout total,pts par cout moy+1,pts par cout total+1
Griffes Sauvages,Wild Claw,7,7,1.0,100%,15.43,15.43,108,3,5.14,5.14,3.86,3.86
Totem Équivalent,Equivalent Totem,7,7,1.0,100%,14.86,14.86,104,2,7.43,7.43,4.95,4.95
Aveuglement,Incapacitor,7,7,1.0,100%,14.57,14.57,102,3,4.86,4.86,3.64,3.64
Pillard Féroce,Savage Looter,4,7,0.57,57%,20.0,11.43,80,1,20.0,11.43,10.0,5.71
Esprit de l'Écuyer,Spirit of the Squire,6,7,0.86,86%,13.0,11.14,78,3,4.33,3.71,3.25,2.79
Faux,Scythe,7,7,1.0,100%,9.43,9.43,66,3,3.14,3.14,2.36,2.36
Armure d'Obsidienne,Obsidian Battle Plate,3,7,0.43,43%,20.0,8.57,60,2,10.0,4.29,6.67,2.86
Tombeau Rocheux,Rock Tomb,6,7,0.86,86%,10.0,8.57,60,1,10.0,8.57,5.0,4.29
Assistance Divine,Sacred Help,3,7,0.43,43%,20.0,8.57,60,2,10.0,4.29,6.67,2.86
Décharge Élémentaire,Elemental Discharge,3,7,0.43,43%,18.0,7.71,54,1,18.0,7.71,9.0,3.85
Mental d'Acier,Steel Aura,3,7,0.43,43%,18.0,7.71,54,2,9.0,3.85,6.0,2.57
Économe Sagesse du Trésorier,Treasurer's Wisdom,3,7,0.43,43%,17.0,7.29,51,2,8.5,3.65,5.67,2.43
Esprit Sauvage,Wild Spirit,5,7,0.71,71%,10.0,7.14,50,0,Gratuit,Gratuit,10.0,7.14
Marteau Collecteur,Collecting Hammer,4,7,0.57,57%,12.0,6.86,48,2,6.0,3.43,4.0,2.29
Lame Affutée,Sharp Blade,6,7,0.86,86%,8.0,6.86,48,3,2.67,2.29,2.0,1.72
Bâton de Conquête,Conquering Staff,2,7,0.29,29%,24.0,6.86,48,2,12.0,3.43,8.0,2.29
Totem du Gardien,Guardian Totem,7,7,1.0,100%,5.86,5.86,41,3,1.95,1.95,1.47,1.47
Œil de Lynx,Hawk's Eye,5,7,0.71,71%,8.0,5.71,40,0,Gratuit,Gratuit,8.0,5.71
Esprit omniprésent,Omnipresent Spirit,2,7,0.29,29%,18.0,5.14,36,2,9.0,2.57,6.0,1.71
Chasseur de Bêtes,Beast Hunter,2,7,0.29,29%,18.0,5.14,36,2,9.0,2.57,6.0,1.71
Soif de Sang,Thirsty Dagger,2,7,0.29,29%,15.0,4.29,30,0,Gratuit,Gratuit,15.0,4.29
Coup de Mort,Death Helper,3,7,0.43,43%,10.0,4.29,30,1,10.0,4.29,5.0,2.15
Hache Frénétique,Berseker Ax,2,7,0.29,29%,14.0,4.0,28,2,7.0,2.0,4.67,1.33
Vision Céleste,Heavenly Vision,1,7,0.14,14%,22.0,3.14,22,2,11.0,1.57,7.33,1.05
Le Marionnettiste,The Puppeteer,1,7,0.14,14%,20.0,2.86,20,2,10.0,1.43,6.67,0.95
Être de Lumière,Being of Light,1,7,0.14,14%,18.0,2.57,18,1,18.0,2.57,9.0,1.28
Enchaînement Éclair,Unstoppable Lightning,1,7,0.14,14%,18.0,2.57,18,1,18.0,2.57,9.0,1.28
Marteleur précis,Precise Hammer,1,7,0.14,14%,18.0,2.57,18,1,18.0,2.57,9.0,1.28
Épée Obscure,Swords of Darkness,1,7,0.14,14%,17.0,2.43,17,1,17.0,2.43,8.5,1.22
Le Traqueur,The Stalker,1,7,0.14,14%,16.0,2.29,16,3,5.33,0.76,4.0,0.57
Danse Macabre,Dance of Death,2,7,0.29,29%,8.0,2.29,16,1,8.0,2.29,4.0,1.15
Adrénaline Arcanique,Arcane Adrenaline,1,7,0.14,14%,16.0,2.29,16,1,16.0,2.29,8.0,1.15
Elan de Fureur,Rampage Momentum,1,7,0.14,14%,15.0,2.14,15,2,7.5,1.07,5.0,0.71
Chasseur d'Âmes,Soul Hunter,1,7,0.14,14%,15.0,2.14,15,1,15.0,2.14,7.5,1.07
Sabre Versatile,Versatil Saber,1,7,0.14,14%,11.0,1.57,11,1,11.0,1.57,5.5,0.79
Bâton du Conquérant,Staff of Conquered Worlds,1,7,0.14,14%,11.0,1.57,11,0,Gratuit,Gratuit,11.0,1.57
Désintégrateur Magnétique,Magnetic Disintegrator,1,7,0.14,14%,11.0,1.57,11,0,Gratuit,Gratuit,11.0,1.57
