,Nom Anglais,nb games valide,total games,ratio,%,pts moy,pts moy total,total point,cout,pts par cout moy,pts par cout total,pts par cout moy+1,pts par cout total+1
Griffes Sauvages,Wild Claw,8,8,1.0,100%,15.38,15.38,123,3,5.13,5.13,3.85,3.85
Totem Équivalent,Equivalent Totem,8,8,1.0,100%,14.75,14.75,118,2,7.38,7.38,4.92,4.92
Aveuglement,Incapacitor,8,8,1.0,100%,13.5,13.5,108,3,4.5,4.5,3.38,3.38
Pillard Féroce,Savage Looter,5,8,0.62,62%,20.0,12.5,100,1,20.0,12.5,10.0,6.25
Esprit de l'Écuyer,Spirit of the Squire,7,8,0.88,88%,12.86,11.25,90,3,4.29,3.75,3.21,2.81
Armure d'Obsidienne,Obsidian Battle Plate,4,8,0.5,50%,20.0,10.0,80,2,10.0,5.0,6.67,3.33
Faux,Scythe,8,8,1.0,100%,9.25,9.25,74,3,3.08,3.08,2.31,2.31
Décharge Élémentaire,Elemental Discharge,4,8,0.5,50%,18.0,9.0,72,1,18.0,9.0,9.0,4.5
Tombeau Rocheux,Rock Tomb,7,8,0.88,88%,10.0,8.75,70,1,10.0,8.75,5.0,4.38
Assistance Divine,Sacred Help,3,8,0.38,38%,20.0,7.5,60,2,10.0,3.75,6.67,2.5
Marteau Collecteur,Collecting Hammer,5,8,0.62,62%,12.0,7.5,60,2,6.0,3.75,4.0,2.5
Esprit Sauvage,Wild Spirit,6,8,0.75,75%,10.0,7.5,60,0,Gratuit,Gratuit,10.0,7.5
Chasseur de Bêtes,Beast Hunter,3,8,0.38,38%,18.0,6.75,54,2,9.0,3.38,6.0,2.25
Mental d'Acier,Steel Aura,3,8,0.38,38%,18.0,6.75,54,2,9.0,3.38,6.0,2.25
Économe Sagesse du Trésorier,Treasurer's Wisdom,3,8,0.38,38%,17.0,6.38,51,2,8.5,3.19,5.67,2.13
Lame Affutée,Sharp Blade,7,8,0.88,88%,7.29,6.38,51,3,2.43,2.13,1.82,1.59
Bâton de Conquête,Conquering Staff,2,8,0.25,25%,24.0,6.0,48,2,12.0,3.0,8.0,2.0
Totem du Gardien,Guardian Totem,8,8,1.0,100%,5.38,5.38,43,3,1.79,1.79,1.34,1.34
Coup de Mort,Death Helper,4,8,0.5,50%,10.0,5.0,40,1,10.0,5.0,5.0,2.5
Œil de Lynx,Hawk's Eye,5,8,0.62,62%,8.0,5.0,40,0,Gratuit,Gratuit,8.0,5.0
Esprit omniprésent,Omnipresent Spirit,2,8,0.25,25%,18.0,4.5,36,2,9.0,2.25,6.0,1.5
Soif de Sang,Thirsty Dagger,2,8,0.25,25%,15.0,3.75,30,0,Gratuit,Gratuit,15.0,3.75
Hache Frénétique,Berseker Ax,2,8,0.25,25%,14.0,3.5,28,2,7.0,1.75,4.67,1.17
Sabre Versatile,Versatil Saber,2,8,0.25,25%,11.0,2.75,22,1,11.0,2.75,5.5,1.38
Vision Céleste,Heavenly Vision,1,8,0.12,12%,22.0,2.75,22,2,11.0,1.38,7.33,0.92
Le Marionnettiste,The Puppeteer,1,8,0.12,12%,20.0,2.5,20,2,10.0,1.25,6.67,0.83
Être de Lumière,Being of Light,1,8,0.12,12%,18.0,2.25,18,1,18.0,2.25,9.0,1.12
Enchaînement Éclair,Unstoppable Lightning,1,8,0.12,12%,18.0,2.25,18,1,18.0,2.25,9.0,1.12
Marteleur précis,Precise Hammer,1,8,0.12,12%,18.0,2.25,18,1,18.0,2.25,9.0,1.12
Épée Obscure,Swords of Darkness,1,8,0.12,12%,17.0,2.12,17,1,17.0,2.12,8.5,1.06
Le Traqueur,The Stalker,1,8,0.12,12%,16.0,2.0,16,3,5.33,0.67,4.0,0.5
Danse Macabre,Dance of Death,2,8,0.25,25%,8.0,2.0,16,1,8.0,2.0,4.0,1.0
Adrénaline Arcanique,Arcane Adrenaline,1,8,0.12,12%,16.0,2.0,16,1,16.0,2.0,8.0,1.0
Elan de Fureur,Rampage Momentum,1,8,0.12,12%,15.0,1.88,15,2,7.5,0.94,5.0,0.63
Chasseur d'Âmes,Soul Hunter,1,8,0.12,12%,15.0,1.88,15,1,15.0,1.88,7.5,0.94
Armure d'Immortel,Immortal Breastplate,1,8,0.12,12%,14.0,1.75,14,1,14.0,1.75,7.0,0.88
Amulette Omnisciente,Omnipresent Amulet,1,8,0.12,12%,11.0,1.38,11,0,Gratuit,Gratuit,11.0,1.38
Bâton du Conquérant,Staff of Conquered Worlds,1,8,0.12,12%,11.0,1.38,11,0,Gratuit,Gratuit,11.0,1.38
Désintégrateur Magnétique,Magnetic Disintegrator,1,8,0.12,12%,11.0,1.38,11,0,Gratuit,Gratuit,11.0,1.38
