,Nom Anglais,nb games valide,total games,ratio,%,pts moy,pts moy total,total point,cout,pts par cout moy,pts par cout total,pts par cout moy+1,pts par cout total+1
Griffes Sauvages,Wild Claw,15,15,1.0,100%,15.73,15.73,236,3,5.24,5.24,3.93,3.93
Totem Équivalent,Equivalent Totem,15,15,1.0,100%,14.93,14.93,224,2,7.46,7.46,4.98,4.98
Assistance Divine,Sacred Help,10,15,0.67,67%,20.0,13.33,200,2,10.0,6.67,6.67,4.44
Esprit de l'Écuyer,Spirit of the Squire,14,15,0.93,93%,13.29,12.4,186,3,4.43,4.13,3.32,3.1
Aveuglement,Incapacitor,15,15,1.0,100%,10.8,10.8,162,3,3.6,3.6,2.7,2.7
Armure d'Obsidienne,Obsidian Battle Plate,8,15,0.53,53%,20.0,10.67,160,2,10.0,5.33,6.67,3.56
Faux,Scythe,15,15,1.0,100%,9.6,9.6,144,3,3.2,3.2,2.4,2.4
Marteau Collecteur,Collecting Hammer,11,15,0.73,73%,13.09,9.6,144,2,6.54,4.8,4.36,3.2
Pillard Féroce,Savage Looter,7,15,0.47,47%,20.0,9.33,140,1,20.0,9.33,10.0,4.67
Tombeau Rocheux,Rock Tomb,14,15,0.93,93%,10.0,9.33,140,1,10.0,9.33,5.0,4.67
Chasseur de Bêtes,Beast Hunter,7,15,0.47,47%,18.0,8.4,126,2,9.0,4.2,6.0,2.8
Décharge Élémentaire,Elemental Discharge,7,15,0.47,47%,18.0,8.4,126,1,18.0,8.4,9.0,4.2
Lame Affutée,Sharp Blade,12,15,0.8,80%,9.75,7.8,117,3,3.25,2.6,2.44,1.95
Mental d'Acier,Steel Aura,6,15,0.4,40%,18.0,7.2,108,2,9.0,3.6,6.0,2.4
Coup de Mort,Death Helper,9,15,0.6,60%,11.67,7.0,105,1,11.67,7.0,5.83,3.5
Économe Sagesse du Trésorier,Treasurer's Wisdom,6,15,0.4,40%,17.0,6.8,102,2,8.5,3.4,5.67,2.27
Esprit Sauvage,Wild Spirit,10,15,0.67,67%,10.0,6.67,100,0,Gratuit,Gratuit,10.0,6.67
Esprit omniprésent,Omnipresent Spirit,5,15,0.33,33%,18.0,6.0,90,2,9.0,3.0,6.0,2.0
Être de Lumière,Being of Light,5,15,0.33,33%,18.0,6.0,90,1,18.0,6.0,9.0,3.0
Bâton de Conquête,Conquering Staff,3,15,0.2,20%,24.0,4.8,72,2,12.0,2.4,8.0,1.6
Œil de Lynx,Hawk's Eye,8,15,0.53,53%,8.75,4.67,70,0,Gratuit,Gratuit,8.75,4.67
Hache Frénétique,Berseker Ax,5,15,0.33,33%,14.0,4.67,70,2,7.0,2.33,4.67,1.56
Soif de Sang,Thirsty Dagger,4,15,0.27,27%,15.0,4.0,60,0,Gratuit,Gratuit,15.0,4.0
Sabre Versatile,Versatil Saber,5,15,0.33,33%,11.0,3.67,55,1,11.0,3.67,5.5,1.83
Marteleur précis,Precise Hammer,3,15,0.2,20%,18.0,3.6,54,1,18.0,3.6,9.0,1.8
Épée Obscure,Swords of Darkness,3,15,0.2,20%,17.0,3.4,51,1,17.0,3.4,8.5,1.7
Totem du Gardien,Guardian Totem,10,15,0.67,67%,4.8,3.2,48,3,1.6,1.07,1.2,0.8
Le Marionnettiste,The Puppeteer,2,15,0.13,13%,20.0,2.67,40,2,10.0,1.33,6.67,0.89
Enchaînement Éclair,Unstoppable Lightning,2,15,0.13,13%,18.0,2.4,36,1,18.0,2.4,9.0,1.2
Chasseur d'Âmes,Soul Hunter,2,15,0.13,13%,17.5,2.33,35,1,17.5,2.33,8.75,1.17
Désintégrateur Magnétique,Magnetic Disintegrator,3,15,0.2,20%,11.0,2.2,33,0,Gratuit,Gratuit,11.0,2.2
Adrénaline Arcanique,Arcane Adrenaline,2,15,0.13,13%,16.0,2.13,32,1,16.0,2.13,8.0,1.06
Danse Macabre,Dance of Death,4,15,0.27,27%,8.0,2.13,32,1,8.0,2.13,4.0,1.06
Armure d'Immortel,Immortal Breastplate,2,15,0.13,13%,15.0,2.0,30,1,15.0,2.0,7.5,1.0
Elan de Fureur,Rampage Momentum,2,15,0.13,13%,15.0,2.0,30,2,7.5,1.0,5.0,0.67
Ascension Divine,Divine Ascent,1,15,0.07,7%,25.0,1.67,25,3,8.33,0.56,6.25,0.42
Vision Céleste,Heavenly Vision,1,15,0.07,7%,22.0,1.47,22,2,11.0,0.73,7.33,0.49
Parchemin Secret,Secret Scroll,1,15,0.07,7%,18.0,1.2,18,2,9.0,0.6,6.0,0.4
Le Traqueur,The Stalker,1,15,0.07,7%,16.0,1.07,16,3,5.33,0.36,4.0,0.27
Force Divine,Divine Impetu,1,15,0.07,7%,15.0,1.0,15,0,Gratuit,Gratuit,15.0,1.0
Amulette Omnisciente,Omnipresent Amulet,1,15,0.07,7%,11.0,0.73,11,0,Gratuit,Gratuit,11.0,0.73
Bâton du Conquérant,Staff of Conquered Worlds,1,15,0.07,7%,11.0,0.73,11,0,Gratuit,Gratuit,11.0,0.73
Épé Sainte,Holy Sword,1,15,0.07,7%,10.0,0.67,10,0,Gratuit,Gratuit,10.0,0.67
