,Nom Anglais,nb games valide,total games,ratio,%,pts moy,pts moy total,total point,cout,pts par cout moy,pts par cout total
Griffes Sauvages,Wild Claw,17,17,1.0,100%,20.0,20.0,340,3,6.67,6.67
Aveuglement,Incapacitor,17,17,1.0,100%,18.53,18.53,315,3,6.18,6.18
Assistance Divine,Sacred Help,14,17,0.82,82%,20.0,16.47,280,2,10.0,8.23
Mental d'Acier,Steel Aura,11,17,0.65,65%,18.0,11.65,198,2,9.0,5.83
Faux,Scythe,17,17,1.0,100%,10.35,10.35,176,3,3.45,3.45
Bâton de Conquête,Conquering Staff,7,17,0.41,41%,24.0,9.88,168,2,12.0,4.94
Chasseur de Bêtes,Beast Hunter,9,17,0.53,53%,18.0,9.53,162,2,9.0,4.76
Être de Lumière,Being of Light,8,17,0.47,47%,18.0,8.47,144,1,18.0,8.47
Armure d'Obsidienne,Obsidian Battle Plate,7,17,0.41,41%,20.0,8.24,140,2,10.0,4.12
Esprit Sauvage,Wild Spirit,13,17,0.76,76%,10.0,7.65,130,0,Gratuit,Gratuit
Esprit de l'Écuyer,Spirit of the Squire,14,17,0.82,82%,8.57,7.06,120,3,2.86,2.35
Pillard Féroce,Savage Looter,6,17,0.35,35%,20.0,7.06,120,1,20.0,7.06
Instinct Sanguinaire,Bloody Instinct,7,17,0.41,41%,15.0,6.18,105,2,7.5,3.09
Tombeau Rocheux,Rock Tomb,10,17,0.59,59%,10.0,5.88,100,1,10.0,5.88
Lame Affutée,Sharp Blade,13,17,0.76,76%,6.0,4.59,78,3,2.0,1.53
Totem du Gardien,Guardian Totem,17,17,1.0,100%,3.94,3.94,67,3,1.31,1.31
Décharge Élémentaire,Elemental Discharge,3,17,0.18,18%,18.0,3.18,54,1,18.0,3.18
Économe Sagesse du Trésorier,Treasurer's Wisdom,3,17,0.18,18%,17.0,3.0,51,2,8.5,1.5
Ascension Divine,Divine Ascent,2,17,0.12,12%,25.0,2.94,50,3,8.33,0.98
Œil de Lynx,Hawk's Eye,6,17,0.35,35%,8.0,2.82,48,0,Gratuit,Gratuit
Bâton Élémentaire,Earthly Staff,3,17,0.18,18%,15.0,2.65,45,0,Gratuit,Gratuit
Coup de Mort,Death Helper,4,17,0.24,24%,10.0,2.35,40,1,10.0,2.35
Marteleur précis,Precise Hammer,2,17,0.12,12%,18.0,2.12,36,1,18.0,2.12
Sabre Versatile,Versatil Saber,3,17,0.18,18%,11.0,1.94,33,1,11.0,1.94
Chasseur d'Âmes,Soul Hunter,2,17,0.12,12%,15.0,1.76,30,1,15.0,1.76
Faux Assoiffées,Thirsty Scythes,1,17,0.06,6%,25.0,1.47,25,3,8.33,0.49
Vision Céleste,Heavenly Vision,1,17,0.06,6%,22.0,1.29,22,2,11.0,0.65
Bâton du Conquérant,Staff of Conquered Worlds,2,17,0.12,12%,11.0,1.29,22,0,Gratuit,Gratuit
Esprit omniprésent,Omnipresent Spirit,1,17,0.06,6%,18.0,1.06,18,2,9.0,0.53
Enchaînement Éclair,Unstoppable Lightning,1,17,0.06,6%,18.0,1.06,18,1,18.0,1.06
Danse Macabre,Dance of Death,2,17,0.12,12%,8.0,0.94,16,1,8.0,0.94
Esquive Salvatrice,Evasive Protection,1,17,0.06,6%,15.0,0.88,15,0,Gratuit,Gratuit
Soif de Sang,Thirsty Dagger,1,17,0.06,6%,15.0,0.88,15,0,Gratuit,Gratuit
Épée Obscure,Swords of Darkness,1,17,0.06,6%,15.0,0.88,15,1,15.0,0.88
Elan de Fureur,Rampage Momentum,1,17,0.06,6%,15.0,0.88,15,2,7.5,0.44
Hache Frénétique,Berseker Ax,1,17,0.06,6%,14.0,0.82,14,2,7.0,0.41
Armure d'Immortel,Immortal Breastplate,1,17,0.06,6%,14.0,0.82,14,1,14.0,0.82
Destruction Royale,Royal Destroyer,1,17,0.06,6%,11.0,0.65,11,0,Gratuit,Gratuit
Désintégrateur Magnétique,Magnetic Disintegrator,1,17,0.06,6%,11.0,0.65,11,0,Gratuit,Gratuit
Épées Jumelles,Twin Swords,1,17,0.06,6%,10.0,0.59,10,1,10.0,0.59
Lance Doublée,Dual Spear,1,17,0.06,6%,8.0,0.47,8,0,Gratuit,Gratuit
