,Nom Anglais,nb games valide,total games,ratio,%,pts moy,pts moy total,total point,cout,pts par cout moy,pts par cout total,pts par cout moy+1,pts par cout total+1
Griffes Sauvages,Wild Claw,12,12,1.0,100%,16.42,16.42,197,3,5.47,5.47,4.11,4.11
Totem Équivalent,Equivalent Totem,12,12,1.0,100%,14.0,14.0,168,2,7.0,7.0,4.67,4.67
Chasseur de Bêtes,Beast Hunter,9,12,0.75,75%,18.0,13.5,162,2,9.0,6.75,6.0,4.5
Armure d'Obsidienne,Obsidian Battle Plate,7,12,0.58,58%,20.0,11.67,140,2,10.0,5.83,6.67,3.89
Assistance Divine,Sacred Help,7,12,0.58,58%,20.0,11.67,140,2,10.0,5.83,6.67,3.89
Décharge Élémentaire,Elemental Discharge,7,12,0.58,58%,18.0,10.5,126,1,18.0,10.5,9.0,5.25
Mental d'Acier,Steel Aura,7,12,0.58,58%,18.0,10.5,126,2,9.0,5.25,6.0,3.5
Tombeau Rocheux,Rock Tomb,11,12,0.92,92%,10.0,9.17,110,1,10.0,9.17,5.0,4.58
Faux,Scythe,12,12,1.0,100%,9.0,9.0,108,3,3.0,3.0,2.25,2.25
Pillard Féroce,Savage Looter,5,12,0.42,42%,20.0,8.33,100,1,20.0,8.33,10.0,4.17
Esprit de l'Écuyer,Spirit of the Squire,9,12,0.75,75%,10.67,8.0,96,3,3.56,2.67,2.67,2.0
Esprit Sauvage,Wild Spirit,9,12,0.75,75%,10.0,7.5,90,0,Gratuit,Gratuit,10.0,7.5
Marteau Collecteur,Collecting Hammer,6,12,0.5,50%,13.67,6.83,82,2,6.83,3.42,4.56,2.28
Le Marionnettiste,The Puppeteer,4,12,0.33,33%,20.0,6.67,80,2,10.0,3.33,6.67,2.22
Aveuglement,Incapacitor,11,12,0.92,92%,7.09,6.5,78,3,2.36,2.17,1.77,1.62
Esprit omniprésent,Omnipresent Spirit,4,12,0.33,33%,18.0,6.0,72,2,9.0,3.0,6.0,2.0
Être de Lumière,Being of Light,4,12,0.33,33%,18.0,6.0,72,1,18.0,6.0,9.0,3.0
Lame Affutée,Sharp Blade,11,12,0.92,92%,6.27,5.75,69,3,2.09,1.92,1.57,1.44
Hache Frénétique,Berseker Ax,4,12,0.33,33%,14.0,4.67,56,2,7.0,2.33,4.67,1.56
Sabre Versatile,Versatil Saber,4,12,0.33,33%,11.0,3.67,44,1,11.0,3.67,5.5,1.83
Coup de Mort,Death Helper,4,12,0.33,33%,10.75,3.58,43,1,10.75,3.58,5.38,1.79
Marteleur précis,Precise Hammer,2,12,0.17,17%,18.0,3.0,36,1,18.0,3.0,9.0,1.5
Économe Sagesse du Trésorier,Treasurer's Wisdom,2,12,0.17,17%,17.0,2.83,34,2,8.5,1.42,5.67,0.94
Adrénaline Arcanique,Arcane Adrenaline,2,12,0.17,17%,16.0,2.67,32,1,16.0,2.67,8.0,1.33
Elan de Fureur,Rampage Momentum,2,12,0.17,17%,15.0,2.5,30,2,7.5,1.25,5.0,0.83
Armure d'Immortel,Immortal Breastplate,2,12,0.17,17%,15.0,2.5,30,1,15.0,2.5,7.5,1.25
Bâton de Conquête,Conquering Staff,1,12,0.08,8%,24.0,2.0,24,2,12.0,1.0,8.0,0.67
Totem du Gardien,Guardian Totem,9,12,0.75,75%,2.56,1.92,23,3,0.85,0.64,0.64,0.48
Enchaînement Éclair,Unstoppable Lightning,1,12,0.08,8%,18.0,1.5,18,1,18.0,1.5,9.0,0.75
Épée Obscure,Swords of Darkness,1,12,0.08,8%,17.0,1.42,17,1,17.0,1.42,8.5,0.71
Danse Macabre,Dance of Death,2,12,0.17,17%,8.0,1.33,16,1,8.0,1.33,4.0,0.67
Chasseur d'Âmes,Soul Hunter,1,12,0.08,8%,15.0,1.25,15,1,15.0,1.25,7.5,0.62
Soif de Sang,Thirsty Dagger,1,12,0.08,8%,15.0,1.25,15,0,Gratuit,Gratuit,15.0,1.25
Explosion Arcanique,Arcane Explosive,1,12,0.08,8%,12.0,1.0,12,1,12.0,1.0,6.0,0.5
Bâton du Conquérant,Staff of Conquered Worlds,1,12,0.08,8%,11.0,0.92,11,0,Gratuit,Gratuit,11.0,0.92
Désintégrateur Magnétique,Magnetic Disintegrator,1,12,0.08,8%,11.0,0.92,11,0,Gratuit,Gratuit,11.0,0.92
Épé Sainte,Holy Sword,1,12,0.08,8%,10.0,0.83,10,0,Gratuit,Gratuit,10.0,0.83
Œil de Lynx,Hawk's Eye,1,12,0.08,8%,8.0,0.67,8,0,Gratuit,Gratuit,8.0,0.67
