,Nom Anglais,nb games valide,total games,ratio,%,pts moy,pts moy total,total point,cout,pts par cout moy,pts par cout total
Griffes Sauvages,Wild Claw,4,4,1.0,100%,16.75,16.75,67,3,5.58,5.58
Totem Équivalent,Equivalent Totem,4,4,1.0,100%,14.0,14.0,56,2,7.0,7.0
Décharge Élémentaire,Elemental Discharge,3,4,0.75,75%,18.0,13.5,54,1,18.0,13.5
Chasseur de Bêtes,Beast Hunter,3,4,0.75,75%,18.0,13.5,54,2,9.0,6.75
Armure d'Obsidienne,Obsidian Battle Plate,2,4,0.5,50%,20.0,10.0,40,2,10.0,5.0
Esprit Sauvage,Wild Spirit,4,4,1.0,100%,10.0,10.0,40,0,Gratuit,Gratuit
Esprit de l'Écuyer,Spirit of the Squire,3,4,0.75,75%,12.0,9.0,36,3,4.0,3.0
Mental d'Acier,Steel Aura,2,4,0.5,50%,18.0,9.0,36,2,9.0,4.5
Faux,Scythe,4,4,1.0,100%,9.0,9.0,36,3,3.0,3.0
Tombeau Rocheux,Rock Tomb,3,4,0.75,75%,10.0,7.5,30,1,10.0,7.5
Aveuglement,Incapacitor,4,4,1.0,100%,6.75,6.75,27,3,2.25,2.25
Assistance Divine,Sacred Help,1,4,0.25,25%,20.0,5.0,20,2,10.0,2.5
Le Marionnettiste,The Puppeteer,1,4,0.25,25%,20.0,5.0,20,2,10.0,2.5
Pillard Féroce,Savage Looter,1,4,0.25,25%,20.0,5.0,20,1,20.0,5.0
Marteleur précis,Precise Hammer,1,4,0.25,25%,18.0,4.5,18,1,18.0,4.5
Lame Affutée,Sharp Blade,4,4,1.0,100%,4.5,4.5,18,3,1.5,1.5
Esprit omniprésent,Omnipresent Spirit,1,4,0.25,25%,18.0,4.5,18,2,9.0,2.25
Économe Sagesse du Trésorier,Treasurer's Wisdom,1,4,0.25,25%,17.0,4.25,17,2,8.5,2.12
Adrénaline Arcanique,Arcane Adrenaline,1,4,0.25,25%,16.0,4.0,16,1,16.0,4.0
Hache Frénétique,Berseker Ax,1,4,0.25,25%,14.0,3.5,14,2,7.0,1.75
Marteau Collecteur,Collecting Hammer,1,4,0.25,25%,12.0,3.0,12,2,6.0,1.5
Sabre Versatile,Versatil Saber,1,4,0.25,25%,11.0,2.75,11,1,11.0,2.75
Coup de Mort,Death Helper,1,4,0.25,25%,10.0,2.5,10,1,10.0,2.5
Totem du Gardien,Guardian Totem,4,4,1.0,100%,2.25,2.25,9,3,0.75,0.75
