,Nom Anglais,nb games valide,total games,ratio,%,pts moy,pts moy total,total point,cout,pts par cout moy,pts par cout total
Aveuglement,Incapacitor,9,9,1.0,100%,29.67,29.67,267,3,9.89,9.89
Bâton de Conquête,Conquering Staff,7,9,0.78,78%,24.0,18.67,168,2,12.0,9.34
Griffes Sauvages,Wild Claw,9,9,1.0,100%,18.33,18.33,165,3,6.11,6.11
Assistance Divine,Sacred Help,5,9,0.56,56%,20.0,11.11,100,2,10.0,5.55
Décharge Élémentaire,Elemental Discharge,5,9,0.56,56%,18.0,10.0,90,1,18.0,10.0
Faux,Scythe,9,9,1.0,100%,9.89,9.89,89,3,3.3,3.3
Pillard Féroce,Savage Looter,4,9,0.44,44%,20.0,8.89,80,1,20.0,8.89
Tombeau Rocheux,Rock Tomb,7,9,0.78,78%,10.0,7.78,70,1,10.0,7.78
Bâton du Conquérant,Staff of Conquered Worlds,6,9,0.67,67%,11.0,7.33,66,0,Gratuit,Gratuit
Armure d'Obsidienne,Obsidian Battle Plate,3,9,0.33,33%,20.0,6.67,60,2,10.0,3.33
Esprit de l'Écuyer,Spirit of the Squire,8,9,0.89,89%,7.12,6.33,57,3,2.37,2.11
Lame Affutée,Sharp Blade,7,9,0.78,78%,8.14,6.33,57,3,2.71,2.11
Œil de Lynx,Hawk's Eye,7,9,0.78,78%,8.0,6.22,56,0,Gratuit,Gratuit
Chasseur de Bêtes,Beast Hunter,3,9,0.33,33%,18.0,6.0,54,2,9.0,3.0
Esprit Sauvage,Wild Spirit,5,9,0.56,56%,10.0,5.56,50,0,Gratuit,Gratuit
Totem du Gardien,Guardian Totem,9,9,1.0,100%,4.89,4.89,44,3,1.63,1.63
Esprit omniprésent,Omnipresent Spirit,2,9,0.22,22%,18.0,4.0,36,2,9.0,2.0
Être de Lumière,Being of Light,2,9,0.22,22%,18.0,4.0,36,1,18.0,4.0
Soif de Sang,Thirsty Dagger,2,9,0.22,22%,15.0,3.33,30,0,Gratuit,Gratuit
Vision Céleste,Heavenly Vision,1,9,0.11,11%,22.0,2.44,22,2,11.0,1.22
Coup de Mort,Death Helper,2,9,0.22,22%,10.0,2.22,20,1,10.0,2.22
Le Traqueur,The Stalker,1,9,0.11,11%,18.0,2.0,18,3,6.0,0.67
Mental d'Acier,Steel Aura,1,9,0.11,11%,18.0,2.0,18,2,9.0,1.0
Économe Sagesse du Trésorier,Treasurer's Wisdom,1,9,0.11,11%,17.0,1.89,17,2,8.5,0.94
Danse Macabre,Dance of Death,2,9,0.22,22%,8.0,1.78,16,1,8.0,1.78
Bâton Élémentaire,Earthly Staff,1,9,0.11,11%,15.0,1.67,15,0,Gratuit,Gratuit
Elan de Fureur,Rampage Momentum,1,9,0.11,11%,15.0,1.67,15,2,7.5,0.83
Le Croque-mort,The Undertaker,1,9,0.11,11%,14.0,1.56,14,1,14.0,1.56
Armure d'Immortel,Immortal Breastplate,1,9,0.11,11%,14.0,1.56,14,1,14.0,1.56
Sabre Versatile,Versatil Saber,1,9,0.11,11%,11.0,1.22,11,1,11.0,1.22
Amulette Omnisciente,Omnipresent Amulet,1,9,0.11,11%,11.0,1.22,11,0,Gratuit,Gratuit
Force Divine,Divine Impetu,1,9,0.11,11%,11.0,1.22,11,0,Gratuit,Gratuit
Épé Sainte,Holy Sword,1,9,0.11,11%,10.0,1.11,10,0,Gratuit,Gratuit
