,Nom Anglais,nb games valide,total games,ratio,%,pts moy,pts moy total,total point,cout,pts par cout moy,pts par cout total
Aveuglement,Incapacitor,11,11,1.0,100%,26.18,26.18,288,3,8.73,8.73
Griffes Sauvages,Wild Claw,11,11,1.0,100%,19.45,19.45,214,3,6.48,6.48
Bâton de Conquête,Conquering Staff,8,11,0.73,73%,24.0,17.45,192,2,12.0,8.72
Assistance Divine,Sacred Help,9,11,0.82,82%,20.0,16.36,180,2,10.0,8.18
Chasseur de Bêtes,Beast Hunter,8,11,0.73,73%,18.0,13.09,144,2,9.0,6.54
Faux,Scythe,11,11,1.0,100%,10.0,10.0,110,3,3.33,3.33
Mental d'Acier,Steel Aura,6,11,0.55,55%,18.0,9.82,108,2,9.0,4.91
Être de Lumière,Being of Light,5,11,0.45,45%,18.0,8.18,90,1,18.0,8.18
Esprit Sauvage,Wild Spirit,8,11,0.73,73%,10.0,7.27,80,0,Gratuit,Gratuit
Esprit de l'Écuyer,Spirit of the Squire,10,11,0.91,91%,6.9,6.27,69,3,2.3,2.09
Pillard Féroce,Savage Looter,3,11,0.27,27%,20.0,5.45,60,1,20.0,5.45
Esprit omniprésent,Omnipresent Spirit,3,11,0.27,27%,18.0,4.91,54,2,9.0,2.46
Lame Affutée,Sharp Blade,9,11,0.82,82%,6.0,4.91,54,3,2.0,1.64
Tombeau Rocheux,Rock Tomb,5,11,0.45,45%,10.0,4.55,50,1,10.0,4.55
Instinct Sanguinaire,Bloody Instinct,3,11,0.27,27%,15.0,4.09,45,2,7.5,2.04
Bâton du Conquérant,Staff of Conquered Worlds,4,11,0.36,36%,11.0,4.0,44,0,Gratuit,Gratuit
Totem du Gardien,Guardian Totem,11,11,1.0,100%,3.91,3.91,43,3,1.3,1.3
Aura Légendaire,Legend Aura,1,11,0.09,9%,40.0,3.64,40,3,13.33,1.21
Œil de Lynx,Hawk's Eye,5,11,0.45,45%,8.0,3.64,40,0,Gratuit,Gratuit
Armure d'Obsidienne,Obsidian Battle Plate,2,11,0.18,18%,20.0,3.64,40,2,10.0,1.82
Décharge Élémentaire,Elemental Discharge,2,11,0.18,18%,18.0,3.27,36,1,18.0,3.27
Économe Sagesse du Trésorier,Treasurer's Wisdom,2,11,0.18,18%,17.0,3.09,34,2,8.5,1.54
Soif de Sang,Thirsty Dagger,2,11,0.18,18%,15.0,2.73,30,0,Gratuit,Gratuit
Esquive Salvatrice,Evasive Protection,2,11,0.18,18%,15.0,2.73,30,0,Gratuit,Gratuit
Hache Frénétique,Berseker Ax,2,11,0.18,18%,14.0,2.55,28,2,7.0,1.27
Armure d'Immortel,Immortal Breastplate,2,11,0.18,18%,14.0,2.55,28,1,14.0,2.55
Sabre Versatile,Versatil Saber,2,11,0.18,18%,11.0,2.0,22,1,11.0,2.0
Désintégrateur Magnétique,Magnetic Disintegrator,2,11,0.18,18%,11.0,2.0,22,0,Gratuit,Gratuit
Destruction Royale,Royal Destroyer,2,11,0.18,18%,11.0,2.0,22,0,Gratuit,Gratuit
Enchaînement Éclair,Unstoppable Lightning,1,11,0.09,9%,18.0,1.64,18,1,18.0,1.64
Chasseur d'Âmes,Soul Hunter,1,11,0.09,9%,15.0,1.36,15,1,15.0,1.36
Elan de Fureur,Rampage Momentum,1,11,0.09,9%,15.0,1.36,15,2,7.5,0.68
Bâton Élémentaire,Earthly Staff,1,11,0.09,9%,15.0,1.36,15,0,Gratuit,Gratuit
Le Croque-mort,The Undertaker,1,11,0.09,9%,14.0,1.27,14,1,14.0,1.27
Explosion Arcanique,Arcane Explosive,1,11,0.09,9%,12.0,1.09,12,1,12.0,1.09
Force Divine,Divine Impetu,1,11,0.09,9%,11.0,1.0,11,0,Gratuit,Gratuit
Coup de Mort,Death Helper,1,11,0.09,9%,10.0,0.91,10,1,10.0,0.91
Épé Sainte,Holy Sword,1,11,0.09,9%,10.0,0.91,10,0,Gratuit,Gratuit
Danse Macabre,Dance of Death,1,11,0.09,9%,8.0,0.73,8,1,8.0,0.73
