,Nom Anglais,nb games valide,total games,ratio,%,pts moy,pts moy total,total point,cout,pts par cout moy,pts par cout total,pts par cout moy+1,pts par cout total+1
Totem Équivalent,Equivalent Totem,6,6,1.0,100%,13.33,13.33,80,2,6.67,6.67,4.44,4.44
Griffes Sauvages,Wild Claw,6,6,1.0,100%,13.17,13.17,79,3,4.39,4.39,3.29,3.29
Aveuglement,Incapacitor,6,6,1.0,100%,11.5,11.5,69,3,3.83,3.83,2.88,2.88
Armure d'Obsidienne,Obsidian Battle Plate,3,6,0.5,50%,20.0,10.0,60,2,10.0,5.0,6.67,3.33
Décharge Élémentaire,Elemental Discharge,3,6,0.5,50%,18.0,9.0,54,1,18.0,9.0,9.0,4.5
Tombeau Rocheux,Rock Tomb,5,6,0.83,83%,10.0,8.33,50,1,10.0,8.33,5.0,4.17
Faux,Scythe,6,6,1.0,100%,7.67,7.67,46,3,2.56,2.56,1.92,1.92
Bâton du Conquérant,Staff of Conquered Worlds,4,6,0.67,67%,11.0,7.33,44,0,Gratuit,Gratuit,11.0,7.33
Pillard Féroce,Savage Looter,2,6,0.33,33%,20.0,6.67,40,1,20.0,6.67,10.0,3.33
Esprit omniprésent,Omnipresent Spirit,2,6,0.33,33%,18.0,6.0,36,2,9.0,3.0,6.0,2.0
Marteau Collecteur,Collecting Hammer,3,6,0.5,50%,12.0,6.0,36,2,6.0,3.0,4.0,2.0
Esprit de l'Écuyer,Spirit of the Squire,5,6,0.83,83%,6.6,5.5,33,3,2.2,1.83,1.65,1.38
Lame Affutée,Sharp Blade,5,6,0.83,83%,6.6,5.5,33,3,2.2,1.83,1.65,1.38
Totem du Gardien,Guardian Totem,6,6,1.0,100%,4.67,4.67,28,3,1.56,1.56,1.17,1.17
Œil de Lynx,Hawk's Eye,3,6,0.5,50%,8.0,4.0,24,0,Gratuit,Gratuit,8.0,4.0
Bâton de Conquête,Conquering Staff,1,6,0.17,17%,24.0,4.0,24,2,12.0,2.0,8.0,1.33
Sabre Versatile,Versatil Saber,2,6,0.33,33%,11.0,3.67,22,1,11.0,3.67,5.5,1.83
Vision Céleste,Heavenly Vision,1,6,0.17,17%,22.0,3.67,22,2,11.0,1.83,7.33,1.22
Le Marionnettiste,The Puppeteer,1,6,0.17,17%,20.0,3.33,20,2,10.0,1.67,6.67,1.11
Enchaînement Éclair,Unstoppable Lightning,1,6,0.17,17%,18.0,3.0,18,1,18.0,3.0,9.0,1.5
Chasseur de Bêtes,Beast Hunter,1,6,0.17,17%,18.0,3.0,18,2,9.0,1.5,6.0,1.0
Économe Sagesse du Trésorier,Treasurer's Wisdom,1,6,0.17,17%,17.0,2.83,17,2,8.5,1.42,5.67,0.94
Épée Obscure,Swords of Darkness,1,6,0.17,17%,17.0,2.83,17,1,17.0,2.83,8.5,1.42
Le Traqueur,The Stalker,1,6,0.17,17%,16.0,2.67,16,3,5.33,0.89,4.0,0.67
Chasseur d'Âmes,Soul Hunter,1,6,0.17,17%,15.0,2.5,15,1,15.0,2.5,7.5,1.25
Elan de Fureur,Rampage Momentum,1,6,0.17,17%,15.0,2.5,15,2,7.5,1.25,5.0,0.83
Soif de Sang,Thirsty Dagger,1,6,0.17,17%,15.0,2.5,15,0,Gratuit,Gratuit,15.0,2.5
Armure d'Immortel,Immortal Breastplate,1,6,0.17,17%,14.0,2.33,14,1,14.0,2.33,7.0,1.17
Hache Frénétique,Berseker Ax,1,6,0.17,17%,14.0,2.33,14,2,7.0,1.17,4.67,0.78
Force Divine,Divine Impetu,1,6,0.17,17%,11.0,1.83,11,0,Gratuit,Gratuit,11.0,1.83
Désintégrateur Magnétique,Magnetic Disintegrator,1,6,0.17,17%,11.0,1.83,11,0,Gratuit,Gratuit,11.0,1.83
Coup de Mort,Death Helper,1,6,0.17,17%,10.0,1.67,10,1,10.0,1.67,5.0,0.83
Épé Sainte,Holy Sword,1,6,0.17,17%,10.0,1.67,10,0,Gratuit,Gratuit,10.0,1.67
Esprit Sauvage,Wild Spirit,1,6,0.17,17%,10.0,1.67,10,0,Gratuit,Gratuit,10.0,1.67
Danse Macabre,Dance of Death,1,6,0.17,17%,8.0,1.33,8,1,8.0,1.33,4.0,0.67
