,Nom Anglais,nb games valide,total games,ratio,%,pts moy,pts moy total,total point,cout,pts par cout moy,pts par cout total,pts par cout moy+1,pts par cout total+1
Griffes Sauvages,Wild Claw,8,8,1.0,100%,13.25,13.25,106,3,4.42,4.42,3.31,3.31
Totem Équivalent,Equivalent Totem,8,8,1.0,100%,13.25,13.25,106,2,6.62,6.62,4.42,4.42
Aveuglement,Incapacitor,8,8,1.0,100%,9.75,9.75,78,3,3.25,3.25,2.44,2.44
Faux,Scythe,8,8,1.0,100%,7.75,7.75,62,3,2.58,2.58,1.94,1.94
Pillard Féroce,Savage Looter,3,8,0.38,38%,20.0,7.5,60,1,20.0,7.5,10.0,3.75
Armure d'Obsidienne,Obsidian Battle Plate,3,8,0.38,38%,20.0,7.5,60,2,10.0,3.75,6.67,2.5
Esprit omniprésent,Omnipresent Spirit,3,8,0.38,38%,18.0,6.75,54,2,9.0,3.38,6.0,2.25
Décharge Élémentaire,Elemental Discharge,3,8,0.38,38%,18.0,6.75,54,1,18.0,6.75,9.0,3.38
Tombeau Rocheux,Rock Tomb,5,8,0.62,62%,10.0,6.25,50,1,10.0,6.25,5.0,3.12
Esprit de l'Écuyer,Spirit of the Squire,7,8,0.88,88%,6.86,6.0,48,3,2.29,2.0,1.72,1.5
Lame Affutée,Sharp Blade,7,8,0.88,88%,6.86,6.0,48,3,2.29,2.0,1.72,1.5
Bâton du Conquérant,Staff of Conquered Worlds,4,8,0.5,50%,11.0,5.5,44,0,Gratuit,Gratuit,11.0,5.5
Hache Frénétique,Berseker Ax,3,8,0.38,38%,14.0,5.25,42,2,7.0,2.62,4.67,1.75
Le Marionnettiste,The Puppeteer,2,8,0.25,25%,20.0,5.0,40,2,10.0,2.5,6.67,1.67
Chasseur de Bêtes,Beast Hunter,2,8,0.25,25%,18.0,4.5,36,2,9.0,2.25,6.0,1.5
Marteau Collecteur,Collecting Hammer,3,8,0.38,38%,12.0,4.5,36,2,6.0,2.25,4.0,1.5
Totem du Gardien,Guardian Totem,8,8,1.0,100%,4.25,4.25,34,3,1.42,1.42,1.06,1.06
Épée Obscure,Swords of Darkness,2,8,0.25,25%,17.0,4.25,34,1,17.0,4.25,8.5,2.12
Chasseur d'Âmes,Soul Hunter,2,8,0.25,25%,15.0,3.75,30,1,15.0,3.75,7.5,1.88
Œil de Lynx,Hawk's Eye,3,8,0.38,38%,8.0,3.0,24,0,Gratuit,Gratuit,8.0,3.0
Bâton de Conquête,Conquering Staff,1,8,0.12,12%,24.0,3.0,24,2,12.0,1.5,8.0,1.0
Sabre Versatile,Versatil Saber,2,8,0.25,25%,11.0,2.75,22,1,11.0,2.75,5.5,1.38
Vision Céleste,Heavenly Vision,1,8,0.12,12%,22.0,2.75,22,2,11.0,1.38,7.33,0.92
Enchaînement Éclair,Unstoppable Lightning,1,8,0.12,12%,18.0,2.25,18,1,18.0,2.25,9.0,1.12
Mental d'Acier,Steel Aura,1,8,0.12,12%,18.0,2.25,18,2,9.0,1.12,6.0,0.75
Économe Sagesse du Trésorier,Treasurer's Wisdom,1,8,0.12,12%,17.0,2.12,17,2,8.5,1.06,5.67,0.71
Le Traqueur,The Stalker,1,8,0.12,12%,16.0,2.0,16,3,5.33,0.67,4.0,0.5
Danse Macabre,Dance of Death,2,8,0.25,25%,8.0,2.0,16,1,8.0,2.0,4.0,1.0
Adrénaline Arcanique,Arcane Adrenaline,1,8,0.12,12%,16.0,2.0,16,1,16.0,2.0,8.0,1.0
Elan de Fureur,Rampage Momentum,1,8,0.12,12%,15.0,1.88,15,2,7.5,0.94,5.0,0.63
Soif de Sang,Thirsty Dagger,1,8,0.12,12%,15.0,1.88,15,0,Gratuit,Gratuit,15.0,1.88
Armure d'Immortel,Immortal Breastplate,1,8,0.12,12%,14.0,1.75,14,1,14.0,1.75,7.0,0.88
Force Divine,Divine Impetu,1,8,0.12,12%,11.0,1.38,11,0,Gratuit,Gratuit,11.0,1.38
Désintégrateur Magnétique,Magnetic Disintegrator,1,8,0.12,12%,11.0,1.38,11,0,Gratuit,Gratuit,11.0,1.38
Coup de Mort,Death Helper,1,8,0.12,12%,10.0,1.25,10,1,10.0,1.25,5.0,0.62
Épé Sainte,Holy Sword,1,8,0.12,12%,10.0,1.25,10,0,Gratuit,Gratuit,10.0,1.25
Esprit Sauvage,Wild Spirit,1,8,0.12,12%,10.0,1.25,10,0,Gratuit,Gratuit,10.0,1.25
