,Nom Anglais,nb games valide,total games,ratio,%,pts moy,pts moy total,total point,cout,pts par cout moy,pts par cout total,pts par cout moy+1,pts par cout total+1
Griffes Sauvages,Wild Claw,16,16,1.0,100%,14.25,14.25,228,3,4.75,4.75,3.56,3.56
Totem Équivalent,Equivalent Totem,16,16,1.0,100%,14.12,14.12,226,2,7.06,7.06,4.71,4.71
Pillard Féroce,Savage Looter,9,16,0.56,56%,20.0,11.25,180,1,20.0,11.25,10.0,5.62
Armure d'Obsidienne,Obsidian Battle Plate,9,16,0.56,56%,20.0,11.25,180,2,10.0,5.62,6.67,3.75
Aveuglement,Incapacitor,16,16,1.0,100%,10.5,10.5,168,3,3.5,3.5,2.62,2.62
Assistance Divine,Sacred Help,7,16,0.44,44%,20.0,8.75,140,2,10.0,4.38,6.67,2.92
Esprit de l'Écuyer,Spirit of the Squire,15,16,0.94,94%,9.0,8.44,135,3,3.0,2.81,2.25,2.11
Faux,Scythe,16,16,1.0,100%,8.38,8.38,134,3,2.79,2.79,2.1,2.1
Tombeau Rocheux,Rock Tomb,13,16,0.81,81%,10.0,8.12,130,1,10.0,8.12,5.0,4.06
Lame Affutée,Sharp Blade,15,16,0.94,94%,8.4,7.88,126,3,2.8,2.63,2.1,1.97
Décharge Élémentaire,Elemental Discharge,7,16,0.44,44%,18.0,7.88,126,1,18.0,7.88,9.0,3.94
Chasseur de Bêtes,Beast Hunter,6,16,0.38,38%,18.0,6.75,108,2,9.0,3.38,6.0,2.25
Épée Obscure,Swords of Darkness,6,16,0.38,38%,17.0,6.38,102,1,17.0,6.38,8.5,3.19
Marteau Collecteur,Collecting Hammer,7,16,0.44,44%,14.14,6.19,99,2,7.07,3.1,4.71,2.06
Œil de Lynx,Hawk's Eye,8,16,0.5,50%,9.25,4.62,74,0,Gratuit,Gratuit,9.25,4.62
Bâton de Conquête,Conquering Staff,3,16,0.19,19%,24.0,4.5,72,2,12.0,2.25,8.0,1.5
Sabre Versatile,Versatil Saber,6,16,0.38,38%,11.0,4.12,66,1,11.0,4.12,5.5,2.06
Coup de Mort,Death Helper,5,16,0.31,31%,12.4,3.88,62,1,12.4,3.88,6.2,1.94
Esprit Sauvage,Wild Spirit,6,16,0.38,38%,10.0,3.75,60,0,Gratuit,Gratuit,10.0,3.75
Hache Frénétique,Berseker Ax,4,16,0.25,25%,14.0,3.5,56,2,7.0,1.75,4.67,1.17
Esprit omniprésent,Omnipresent Spirit,3,16,0.19,19%,18.0,3.38,54,2,9.0,1.69,6.0,1.13
Économe Sagesse du Trésorier,Treasurer's Wisdom,3,16,0.19,19%,17.0,3.19,51,2,8.5,1.59,5.67,1.06
Chasseur d'Âmes,Soul Hunter,3,16,0.19,19%,16.67,3.12,50,1,16.67,3.12,8.34,1.56
Danse Macabre,Dance of Death,6,16,0.38,38%,8.0,3.0,48,1,8.0,3.0,4.0,1.5
Elan de Fureur,Rampage Momentum,3,16,0.19,19%,15.0,2.81,45,2,7.5,1.41,5.0,0.94
Bâton du Conquérant,Staff of Conquered Worlds,4,16,0.25,25%,11.0,2.75,44,0,Gratuit,Gratuit,11.0,2.75
Totem du Gardien,Guardian Totem,11,16,0.69,69%,3.91,2.69,43,3,1.3,0.9,0.98,0.67
Force Divine,Divine Impetu,3,16,0.19,19%,13.67,2.56,41,0,Gratuit,Gratuit,13.67,2.56
Le Marionnettiste,The Puppeteer,2,16,0.12,12%,20.0,2.5,40,2,10.0,1.25,6.67,0.83
Mental d'Acier,Steel Aura,2,16,0.12,12%,18.0,2.25,36,2,9.0,1.12,6.0,0.75
Être de Lumière,Being of Light,2,16,0.12,12%,18.0,2.25,36,1,18.0,2.25,9.0,1.12
Enchaînement Éclair,Unstoppable Lightning,2,16,0.12,12%,18.0,2.25,36,1,18.0,2.25,9.0,1.12
Soif de Sang,Thirsty Dagger,2,16,0.12,12%,15.0,1.88,30,0,Gratuit,Gratuit,15.0,1.88
Armure d'Immortel,Immortal Breastplate,2,16,0.12,12%,15.0,1.88,30,1,15.0,1.88,7.5,0.94
Épé Sainte,Holy Sword,3,16,0.19,19%,10.0,1.88,30,0,Gratuit,Gratuit,10.0,1.88
Ascension Divine,Divine Ascent,1,16,0.06,6%,25.0,1.56,25,3,8.33,0.52,6.25,0.39
Vision Céleste,Heavenly Vision,1,16,0.06,6%,22.0,1.38,22,2,11.0,0.69,7.33,0.46
Marteleur précis,Precise Hammer,1,16,0.06,6%,18.0,1.12,18,1,18.0,1.12,9.0,0.56
Adrénaline Arcanique,Arcane Adrenaline,1,16,0.06,6%,16.0,1.0,16,1,16.0,1.0,8.0,0.5
Le Traqueur,The Stalker,1,16,0.06,6%,16.0,1.0,16,3,5.33,0.33,4.0,0.25
Masse de Siège,Siege Mace,1,16,0.06,6%,16.0,1.0,16,0,Gratuit,Gratuit,16.0,1.0
Désintégrateur Magnétique,Magnetic Disintegrator,1,16,0.06,6%,11.0,0.69,11,0,Gratuit,Gratuit,11.0,0.69
