,Nom Anglais,nb games valide,total games,ratio,%,pts moy,pts moy total,total point,cout,pts par cout moy,pts par cout total,pts par cout moy+1,pts par cout total+1
Totem Équivalent,Equivalent Totem,5,5,1.0,100%,12.8,12.8,64,2,6.4,6.4,4.27,4.27
Griffes Sauvages,Wild Claw,5,5,1.0,100%,12.6,12.6,63,3,4.2,4.2,3.15,3.15
Aveuglement,Incapacitor,5,5,1.0,100%,9.0,9.0,45,3,3.0,3.0,2.25,2.25
Armure d'Obsidienne,Obsidian Battle Plate,2,5,0.4,40%,20.0,8.0,40,2,10.0,4.0,6.67,2.67
Tombeau Rocheux,Rock Tomb,4,5,0.8,80%,10.0,8.0,40,1,10.0,8.0,5.0,4.0
Décharge Élémentaire,Elemental Discharge,2,5,0.4,40%,18.0,7.2,36,1,18.0,7.2,9.0,3.6
Faux,Scythe,5,5,1.0,100%,7.0,7.0,35,3,2.33,2.33,1.75,1.75
Bâton du Conquérant,Staff of Conquered Worlds,3,5,0.6,60%,11.0,6.6,33,0,Gratuit,Gratuit,11.0,6.6
Esprit de l'Écuyer,Spirit of the Squire,4,5,0.8,80%,7.5,6.0,30,3,2.5,2.0,1.88,1.5
Marteau Collecteur,Collecting Hammer,2,5,0.4,40%,12.0,4.8,24,2,6.0,2.4,4.0,1.6
Pillard Féroce,Savage Looter,1,5,0.2,20%,20.0,4.0,20,1,20.0,4.0,10.0,2.0
Le Marionnettiste,The Puppeteer,1,5,0.2,20%,20.0,4.0,20,2,10.0,2.0,6.67,1.33
Esprit omniprésent,Omnipresent Spirit,1,5,0.2,20%,18.0,3.6,18,2,9.0,1.8,6.0,1.2
Totem du Gardien,Guardian Totem,5,5,1.0,100%,3.2,3.2,16,3,1.07,1.07,0.8,0.8
Œil de Lynx,Hawk's Eye,2,5,0.4,40%,8.0,3.2,16,0,Gratuit,Gratuit,8.0,3.2
Lame Affutée,Sharp Blade,4,5,0.8,80%,3.75,3.0,15,3,1.25,1.0,0.94,0.75
Soif de Sang,Thirsty Dagger,1,5,0.2,20%,15.0,3.0,15,0,Gratuit,Gratuit,15.0,3.0
Sabre Versatile,Versatil Saber,1,5,0.2,20%,11.0,2.2,11,1,11.0,2.2,5.5,1.1
Coup de Mort,Death Helper,1,5,0.2,20%,10.0,2.0,10,1,10.0,2.0,5.0,1.0
