,Nom Anglais,nb games valide,total games,ratio,%,pts moy,pts moy total,total point,cout,pts par cout moy,pts par cout total
Griffes Sauvages,Wild Claw,2,2,1.0,100%,15.5,15.5,31,3,5.17,5.17
Totem Équivalent,Equivalent Totem,2,2,1.0,100%,14.0,14.0,28,1,14.0,14.0
Armure d'Obsidienne,Obsidian Battle Plate,1,2,0.5,50%,20.0,10.0,20,2,10.0,5.0
Le Marionnettiste,The Puppeteer,1,2,0.5,50%,20.0,10.0,20,2,10.0,5.0
Pillard Féroce,Savage Looter,1,2,0.5,50%,20.0,10.0,20,1,20.0,10.0
Chasseur de Bêtes,Beast Hunter,1,2,0.5,50%,18.0,9.0,18,2,9.0,4.5
Faux,Scythe,2,2,1.0,100%,8.5,8.5,17,3,2.83,2.83
Adrénaline Arcanique,Arcane Adrenaline,1,2,0.5,50%,16.0,8.0,16,1,16.0,8.0
Aveuglement,Incapacitor,2,2,1.0,100%,7.5,7.5,15,3,2.5,2.5
Lame Affutée,Sharp Blade,2,2,1.0,100%,7.5,7.5,15,3,2.5,2.5
Armure d'Immortel,Immortal Breastplate,1,2,0.5,50%,14.0,7.0,14,1,14.0,7.0
Hache Frénétique,Berseker Ax,1,2,0.5,50%,14.0,7.0,14,2,7.0,3.5
Esprit de l'Écuyer,Spirit of the Squire,1,2,0.5,50%,12.0,6.0,12,3,4.0,2.0
Sabre Versatile,Versatil Saber,1,2,0.5,50%,11.0,5.5,11,1,11.0,5.5
Coup de Mort,Death Helper,1,2,0.5,50%,10.0,5.0,10,1,10.0,5.0
Tombeau Rocheux,Rock Tomb,1,2,0.5,50%,10.0,5.0,10,1,10.0,5.0
Esprit Sauvage,Wild Spirit,1,2,0.5,50%,10.0,5.0,10,0,Gratuit,Gratuit
Totem du Gardien,Guardian Totem,2,2,1.0,100%,2.0,2.0,4,3,0.67,0.67
