,Nom Anglais,nb games valide,total games,ratio,%,pts moy,pts moy total,total point,cout,pts par cout moy,pts par cout total,pts par cout moy+1,pts par cout total+1
Griffes Sauvages,Wild Claw,11,11,1.0,100%,15.36,15.36,169,3,5.12,5.12,3.84,3.84
Totem Équivalent,Equivalent Totem,11,11,1.0,100%,14.27,14.27,157,2,7.13,7.13,4.76,4.76
Aveuglement,Incapacitor,11,11,1.0,100%,11.18,11.18,123,3,3.73,3.73,2.79,2.79
Esprit de l'Écuyer,Spirit of the Squire,9,11,0.82,82%,11.67,9.55,105,3,3.89,3.18,2.92,2.39
Faux,Scythe,11,11,1.0,100%,9.09,9.09,100,3,3.03,3.03,2.27,2.27
Lame Affutée,Sharp Blade,10,11,0.91,91%,9.3,8.45,93,3,3.1,2.82,2.33,2.11
Assistance Divine,Sacred Help,4,11,0.36,36%,20.0,7.27,80,2,10.0,3.63,6.67,2.42
Armure d'Obsidienne,Obsidian Battle Plate,4,11,0.36,36%,20.0,7.27,80,2,10.0,3.63,6.67,2.42
Chasseur de Bêtes,Beast Hunter,4,11,0.36,36%,18.0,6.55,72,2,9.0,3.27,6.0,2.18
Bâton de Conquête,Conquering Staff,3,11,0.27,27%,24.0,6.55,72,2,12.0,3.27,8.0,2.18
Décharge Élémentaire,Elemental Discharge,4,11,0.36,36%,18.0,6.55,72,1,18.0,6.55,9.0,3.27
Marteau Collecteur,Collecting Hammer,5,11,0.45,45%,14.2,6.45,71,2,7.1,3.23,4.73,2.15
Tombeau Rocheux,Rock Tomb,7,11,0.64,64%,10.0,6.36,70,1,10.0,6.36,5.0,3.18
Pillard Féroce,Savage Looter,3,11,0.27,27%,20.0,5.45,60,1,20.0,5.45,10.0,2.73
Esprit Sauvage,Wild Spirit,6,11,0.55,55%,10.0,5.45,60,0,Gratuit,Gratuit,10.0,5.45
Marteleur précis,Precise Hammer,3,11,0.27,27%,18.0,4.91,54,1,18.0,4.91,9.0,2.46
Œil de Lynx,Hawk's Eye,6,11,0.55,55%,8.67,4.73,52,0,Gratuit,Gratuit,8.67,4.73
Coup de Mort,Death Helper,4,11,0.36,36%,10.0,3.64,40,1,10.0,3.64,5.0,1.82
Danse Macabre,Dance of Death,5,11,0.45,45%,8.0,3.64,40,1,8.0,3.64,4.0,1.82
Le Marionnettiste,The Puppeteer,2,11,0.18,18%,20.0,3.64,40,2,10.0,1.82,6.67,1.21
Esprit omniprésent,Omnipresent Spirit,2,11,0.18,18%,18.0,3.27,36,2,9.0,1.64,6.0,1.09
Mental d'Acier,Steel Aura,2,11,0.18,18%,18.0,3.27,36,2,9.0,1.64,6.0,1.09
Chasseur d'Âmes,Soul Hunter,2,11,0.18,18%,17.5,3.18,35,1,17.5,3.18,8.75,1.59
Totem du Gardien,Guardian Totem,9,11,0.82,82%,3.78,3.09,34,3,1.26,1.03,0.94,0.77
Économe Sagesse du Trésorier,Treasurer's Wisdom,2,11,0.18,18%,17.0,3.09,34,2,8.5,1.54,5.67,1.03
Sabre Versatile,Versatil Saber,3,11,0.27,27%,11.0,3.0,33,1,11.0,3.0,5.5,1.5
Masse de Siège,Siege Mace,2,11,0.18,18%,16.0,2.91,32,0,Gratuit,Gratuit,16.0,2.91
Hache Frénétique,Berseker Ax,2,11,0.18,18%,14.0,2.55,28,2,7.0,1.27,4.67,0.85
Ascension Divine,Divine Ascent,1,11,0.09,9%,25.0,2.27,25,3,8.33,0.76,6.25,0.57
Désintégrateur Magnétique,Magnetic Disintegrator,2,11,0.18,18%,11.0,2.0,22,0,Gratuit,Gratuit,11.0,2.0
Le Traqueur,The Stalker,1,11,0.09,9%,20.0,1.82,20,3,6.67,0.61,5.0,0.46
Être de Lumière,Being of Light,1,11,0.09,9%,18.0,1.64,18,1,18.0,1.64,9.0,0.82
Adrénaline Arcanique,Arcane Adrenaline,1,11,0.09,9%,16.0,1.45,16,1,16.0,1.45,8.0,0.72
Armure d'Immortel,Immortal Breastplate,1,11,0.09,9%,14.0,1.27,14,1,14.0,1.27,7.0,0.64
Amulette Omnisciente,Omnipresent Amulet,1,11,0.09,9%,11.0,1.0,11,0,Gratuit,Gratuit,11.0,1.0
Bâton du Conquérant,Staff of Conquered Worlds,1,11,0.09,9%,11.0,1.0,11,0,Gratuit,Gratuit,11.0,1.0
Force Divine,Divine Impetu,1,11,0.09,9%,11.0,1.0,11,0,Gratuit,Gratuit,11.0,1.0
