,Nom Anglais,nb games valide,total games,ratio,%,pts moy,pts moy total,total point,cout,pts par cout moy,pts par cout total,pts par cout moy+1,pts par cout total+1
Griffes Sauvages,Wild Claw,6,6,1.0,100%,16.5,16.5,99,3,5.5,5.5,4.12,4.12
Totem Équivalent,Equivalent Totem,6,6,1.0,100%,14.67,14.67,88,2,7.33,7.33,4.89,4.89
Aveuglement,Incapacitor,6,6,1.0,100%,11.0,11.0,66,3,3.67,3.67,2.75,2.75
Pillard Féroce,Savage Looter,3,6,0.5,50%,20.0,10.0,60,1,20.0,10.0,10.0,5.0
Armure d'Obsidienne,Obsidian Battle Plate,3,6,0.5,50%,20.0,10.0,60,2,10.0,5.0,6.67,3.33
Faux,Scythe,6,6,1.0,100%,9.67,9.67,58,3,3.22,3.22,2.42,2.42
Esprit de l'Écuyer,Spirit of the Squire,5,6,0.83,83%,10.8,9.0,54,3,3.6,3.0,2.7,2.25
Chasseur de Bêtes,Beast Hunter,3,6,0.5,50%,18.0,9.0,54,2,9.0,4.5,6.0,3.0
Lame Affutée,Sharp Blade,6,6,1.0,100%,8.0,8.0,48,3,2.67,2.67,2.0,2.0
Esprit Sauvage,Wild Spirit,4,6,0.67,67%,10.0,6.67,40,0,Gratuit,Gratuit,10.0,6.67
Assistance Divine,Sacred Help,2,6,0.33,33%,20.0,6.67,40,2,10.0,3.33,6.67,2.22
Le Marionnettiste,The Puppeteer,2,6,0.33,33%,20.0,6.67,40,2,10.0,3.33,6.67,2.22
Tombeau Rocheux,Rock Tomb,4,6,0.67,67%,10.0,6.67,40,1,10.0,6.67,5.0,3.33
Décharge Élémentaire,Elemental Discharge,2,6,0.33,33%,18.0,6.0,36,1,18.0,6.0,9.0,3.0
Esprit omniprésent,Omnipresent Spirit,2,6,0.33,33%,18.0,6.0,36,2,9.0,3.0,6.0,2.0
Marteau Collecteur,Collecting Hammer,3,6,0.5,50%,12.0,6.0,36,2,6.0,3.0,4.0,2.0
Hache Frénétique,Berseker Ax,2,6,0.33,33%,14.0,4.67,28,2,7.0,2.33,4.67,1.56
Ascension Divine,Divine Ascent,1,6,0.17,17%,25.0,4.17,25,3,8.33,1.39,6.25,1.04
Bâton de Conquête,Conquering Staff,1,6,0.17,17%,24.0,4.0,24,2,12.0,2.0,8.0,1.33
Œil de Lynx,Hawk's Eye,3,6,0.5,50%,8.0,4.0,24,0,Gratuit,Gratuit,8.0,4.0
Sabre Versatile,Versatil Saber,2,6,0.33,33%,11.0,3.67,22,1,11.0,3.67,5.5,1.83
Coup de Mort,Death Helper,2,6,0.33,33%,10.0,3.33,20,1,10.0,3.33,5.0,1.67
Être de Lumière,Being of Light,1,6,0.17,17%,18.0,3.0,18,1,18.0,3.0,9.0,1.5
Marteleur précis,Precise Hammer,1,6,0.17,17%,18.0,3.0,18,1,18.0,3.0,9.0,1.5
Mental d'Acier,Steel Aura,1,6,0.17,17%,18.0,3.0,18,2,9.0,1.5,6.0,1.0
Économe Sagesse du Trésorier,Treasurer's Wisdom,1,6,0.17,17%,17.0,2.83,17,2,8.5,1.42,5.67,0.94
Adrénaline Arcanique,Arcane Adrenaline,1,6,0.17,17%,16.0,2.67,16,1,16.0,2.67,8.0,1.33
Danse Macabre,Dance of Death,2,6,0.33,33%,8.0,2.67,16,1,8.0,2.67,4.0,1.33
Chasseur d'Âmes,Soul Hunter,1,6,0.17,17%,15.0,2.5,15,1,15.0,2.5,7.5,1.25
Armure d'Immortel,Immortal Breastplate,1,6,0.17,17%,14.0,2.33,14,1,14.0,2.33,7.0,1.17
Totem du Gardien,Guardian Totem,6,6,1.0,100%,2.33,2.33,14,3,0.78,0.78,0.58,0.58
Bâton du Conquérant,Staff of Conquered Worlds,1,6,0.17,17%,11.0,1.83,11,0,Gratuit,Gratuit,11.0,1.83
Amulette Omnisciente,Omnipresent Amulet,1,6,0.17,17%,11.0,1.83,11,0,Gratuit,Gratuit,11.0,1.83
Désintégrateur Magnétique,Magnetic Disintegrator,1,6,0.17,17%,11.0,1.83,11,0,Gratuit,Gratuit,11.0,1.83
