,Nom Anglais,nb games valide,total games,ratio,%,pts moy,pts moy total,total point,cout,pts par cout moy,pts par cout total,pts par cout moy+1,pts par cout total+1
Griffes Sauvages,Wild Claw,8,8,1.0,100%,16.0,16.0,128,3,5.33,5.33,4.0,4.0
Totem Équivalent,Equivalent Totem,8,8,1.0,100%,15.5,15.5,124,2,7.75,7.75,5.17,5.17
Armure d'Obsidienne,Obsidian Battle Plate,5,8,0.62,62%,20.0,12.5,100,2,10.0,6.25,6.67,4.17
Esprit de l'Écuyer,Spirit of the Squire,8,8,1.0,100%,11.25,11.25,90,3,3.75,3.75,2.81,2.81
Aveuglement,Incapacitor,8,8,1.0,100%,10.88,10.88,87,3,3.63,3.63,2.72,2.72
Tombeau Rocheux,Rock Tomb,8,8,1.0,100%,10.0,10.0,80,1,10.0,10.0,5.0,5.0
Faux,Scythe,8,8,1.0,100%,8.88,8.88,71,3,2.96,2.96,2.22,2.22
Esprit Sauvage,Wild Spirit,7,8,0.88,88%,10.0,8.75,70,0,Gratuit,Gratuit,10.0,8.75
Chasseur de Bêtes,Beast Hunter,3,8,0.38,38%,18.0,6.75,54,2,9.0,3.38,6.0,2.25
Décharge Élémentaire,Elemental Discharge,3,8,0.38,38%,18.0,6.75,54,1,18.0,6.75,9.0,3.38
Œil de Lynx,Hawk's Eye,6,8,0.75,75%,8.0,6.0,48,0,Gratuit,Gratuit,8.0,6.0
Hache Frénétique,Berseker Ax,3,8,0.38,38%,14.0,5.25,42,2,7.0,2.62,4.67,1.75
Coup de Mort,Death Helper,4,8,0.5,50%,10.0,5.0,40,1,10.0,5.0,5.0,2.5
Le Marionnettiste,The Puppeteer,2,8,0.25,25%,20.0,5.0,40,2,10.0,2.5,6.67,1.67
Lame Affutée,Sharp Blade,7,8,0.88,88%,5.14,4.5,36,3,1.71,1.5,1.28,1.12
Sabre Versatile,Versatil Saber,3,8,0.38,38%,11.0,4.12,33,1,11.0,4.12,5.5,2.06
Totem du Gardien,Guardian Totem,8,8,1.0,100%,4.0,4.0,32,3,1.33,1.33,1.0,1.0
Armure d'Immortel,Immortal Breastplate,2,8,0.25,25%,14.0,3.5,28,1,14.0,3.5,7.0,1.75
Bâton de Conquête,Conquering Staff,1,8,0.12,12%,24.0,3.0,24,2,12.0,1.5,8.0,1.0
Amulette Omnisciente,Omnipresent Amulet,2,8,0.25,25%,11.0,2.75,22,0,Gratuit,Gratuit,11.0,2.75
Assistance Divine,Sacred Help,1,8,0.12,12%,20.0,2.5,20,2,10.0,1.25,6.67,0.83
Pillard Féroce,Savage Looter,1,8,0.12,12%,20.0,2.5,20,1,20.0,2.5,10.0,1.25
Mental d'Acier,Steel Aura,1,8,0.12,12%,18.0,2.25,18,2,9.0,1.12,6.0,0.75
Être de Lumière,Being of Light,1,8,0.12,12%,18.0,2.25,18,1,18.0,2.25,9.0,1.12
Chasseur d'Âmes,Soul Hunter,1,8,0.12,12%,15.0,1.88,15,1,15.0,1.88,7.5,0.94
Soif de Sang,Thirsty Dagger,1,8,0.12,12%,15.0,1.88,15,0,Gratuit,Gratuit,15.0,1.88
Bâton du Conquérant,Staff of Conquered Worlds,1,8,0.12,12%,11.0,1.38,11,0,Gratuit,Gratuit,11.0,1.38
Désintégrateur Magnétique,Magnetic Disintegrator,1,8,0.12,12%,11.0,1.38,11,0,Gratuit,Gratuit,11.0,1.38
Épé Sainte,Holy Sword,1,8,0.12,12%,10.0,1.25,10,0,Gratuit,Gratuit,10.0,1.25
