,Nom Anglais,nb games valide,total games,ratio,%,pts moy,pts moy total,total point,cout,pts par cout moy,pts par cout total,pts par cout moy+1,pts par cout total+1
Totem Équivalent,Equivalent Totem,12,12,1.0,100%,15.08,15.08,181,2,7.54,7.54,5.03,5.03
Griffes Sauvages,Wild Claw,12,12,1.0,100%,15.08,15.08,181,3,5.03,5.03,3.77,3.77
Esprit de l'Écuyer,Spirit of the Squire,12,12,1.0,100%,11.5,11.5,138,3,3.83,3.83,2.88,2.88
Aveuglement,Incapacitor,12,12,1.0,100%,10.0,10.0,120,3,3.33,3.33,2.5,2.5
Armure d'Obsidienne,Obsidian Battle Plate,6,12,0.5,50%,20.0,10.0,120,2,10.0,5.0,6.67,3.33
Tombeau Rocheux,Rock Tomb,11,12,0.92,92%,10.0,9.17,110,1,10.0,9.17,5.0,4.58
Faux,Scythe,12,12,1.0,100%,8.58,8.58,103,3,2.86,2.86,2.15,2.15
Esprit Sauvage,Wild Spirit,8,12,0.67,67%,10.0,6.67,80,0,Gratuit,Gratuit,10.0,6.67
Assistance Divine,Sacred Help,4,12,0.33,33%,20.0,6.67,80,2,10.0,3.33,6.67,2.22
Le Marionnettiste,The Puppeteer,4,12,0.33,33%,20.0,6.67,80,2,10.0,3.33,6.67,2.22
Coup de Mort,Death Helper,7,12,0.58,58%,11.29,6.58,79,1,11.29,6.58,5.64,3.29
Chasseur de Bêtes,Beast Hunter,4,12,0.33,33%,18.0,6.0,72,2,9.0,3.0,6.0,2.0
Décharge Élémentaire,Elemental Discharge,4,12,0.33,33%,18.0,6.0,72,1,18.0,6.0,9.0,3.0
Œil de Lynx,Hawk's Eye,7,12,0.58,58%,8.29,4.83,58,0,Gratuit,Gratuit,8.29,4.83
Être de Lumière,Being of Light,3,12,0.25,25%,18.0,4.5,54,1,18.0,4.5,9.0,2.25
Lame Affutée,Sharp Blade,9,12,0.75,75%,5.0,3.75,45,3,1.67,1.25,1.25,0.94
Hache Frénétique,Berseker Ax,3,12,0.25,25%,14.0,3.5,42,2,7.0,1.75,4.67,1.17
Amulette Omnisciente,Omnipresent Amulet,3,12,0.25,25%,12.33,3.08,37,0,Gratuit,Gratuit,12.33,3.08
Mental d'Acier,Steel Aura,2,12,0.17,17%,18.0,3.0,36,2,9.0,1.5,6.0,1.0
Totem du Gardien,Guardian Totem,9,12,0.75,75%,4.0,3.0,36,3,1.33,1.0,1.0,0.75
Sabre Versatile,Versatil Saber,3,12,0.25,25%,11.0,2.75,33,1,11.0,2.75,5.5,1.38
Armure d'Immortel,Immortal Breastplate,2,12,0.17,17%,14.0,2.33,28,1,14.0,2.33,7.0,1.17
Bâton de Conquête,Conquering Staff,1,12,0.08,8%,24.0,2.0,24,2,12.0,1.0,8.0,0.67
Bâton du Conquérant,Staff of Conquered Worlds,2,12,0.17,17%,11.0,1.83,22,0,Gratuit,Gratuit,11.0,1.83
Désintégrateur Magnétique,Magnetic Disintegrator,2,12,0.17,17%,11.0,1.83,22,0,Gratuit,Gratuit,11.0,1.83
Pillard Féroce,Savage Looter,1,12,0.08,8%,20.0,1.67,20,1,20.0,1.67,10.0,0.83
Esprit omniprésent,Omnipresent Spirit,1,12,0.08,8%,18.0,1.5,18,2,9.0,0.75,6.0,0.5
Soif de Sang,Thirsty Dagger,1,12,0.08,8%,15.0,1.25,15,0,Gratuit,Gratuit,15.0,1.25
Chasseur d'Âmes,Soul Hunter,1,12,0.08,8%,15.0,1.25,15,1,15.0,1.25,7.5,0.62
Épé Sainte,Holy Sword,1,12,0.08,8%,10.0,0.83,10,0,Gratuit,Gratuit,10.0,0.83
