,Nom Anglais,nb games valide,total games,ratio,%,pts moy,pts moy total,total point,cout,pts par cout moy,pts par cout total
Assistance Divine,Sacred Help,9,10,0.9,90%,20.0,18.0,180,2,10.0,9.0
Griffes Sauvages,Wild Claw,10,10,1.0,100%,17.3,17.3,173,3,5.77,5.77
Aveuglement,Incapacitor,10,10,1.0,100%,15.6,15.6,156,3,5.2,5.2
Mental d'Acier,Steel Aura,7,10,0.7,70%,18.0,12.6,126,2,9.0,6.3
Être de Lumière,Being of Light,6,10,0.6,60%,18.0,10.8,108,1,18.0,10.8
Faux,Scythe,10,10,1.0,100%,8.6,8.6,86,3,2.87,2.87
Esprit de l'Écuyer,Spirit of the Squire,7,10,0.7,70%,11.14,7.8,78,3,3.71,2.6
Lame Affutée,Sharp Blade,10,10,1.0,100%,6.6,6.6,66,3,2.2,2.2
Tombeau Rocheux,Rock Tomb,6,10,0.6,60%,10.0,6.0,60,1,10.0,6.0
Décharge Élémentaire,Elemental Discharge,3,10,0.3,30%,18.0,5.4,54,1,18.0,5.4
Esprit omniprésent,Omnipresent Spirit,3,10,0.3,30%,18.0,5.4,54,2,9.0,2.7
Chasseur de Bêtes,Beast Hunter,3,10,0.3,30%,18.0,5.4,54,2,9.0,2.7
Bâton de Conquête,Conquering Staff,2,10,0.2,20%,24.0,4.8,48,2,12.0,2.4
Esprit Sauvage,Wild Spirit,4,10,0.4,40%,10.0,4.0,40,0,Gratuit,Gratuit
Pillard Féroce,Savage Looter,2,10,0.2,20%,20.0,4.0,40,1,20.0,4.0
Totem du Gardien,Guardian Totem,10,10,1.0,100%,3.4,3.4,34,3,1.13,1.13
Œil de Lynx,Hawk's Eye,4,10,0.4,40%,8.0,3.2,32,0,Gratuit,Gratuit
Coup de Mort,Death Helper,3,10,0.3,30%,10.0,3.0,30,1,10.0,3.0
Instinct Sanguinaire,Bloody Instinct,2,10,0.2,20%,15.0,3.0,30,2,7.5,1.5
Soif de Sang,Thirsty Dagger,2,10,0.2,20%,15.0,3.0,30,0,Gratuit,Gratuit
Ascension Divine,Divine Ascent,1,10,0.1,10%,25.0,2.5,25,3,8.33,0.83
Armure d'Obsidienne,Obsidian Battle Plate,1,10,0.1,10%,20.0,2.0,20,2,10.0,1.0
Économe Sagesse du Trésorier,Treasurer's Wisdom,1,10,0.1,10%,17.0,1.7,17,2,8.5,0.85
Danse Macabre,Dance of Death,2,10,0.2,20%,8.0,1.6,16,1,8.0,1.6
Elan de Fureur,Rampage Momentum,1,10,0.1,10%,15.0,1.5,15,2,7.5,0.75
Épée Obscure,Swords of Darkness,1,10,0.1,10%,15.0,1.5,15,1,15.0,1.5
Armure d'Immortel,Immortal Breastplate,1,10,0.1,10%,14.0,1.4,14,1,14.0,1.4
Hache Frénétique,Berseker Ax,1,10,0.1,10%,14.0,1.4,14,2,7.0,0.7
Force Divine,Divine Impetu,1,10,0.1,10%,11.0,1.1,11,0,Gratuit,Gratuit
Sabre Versatile,Versatil Saber,1,10,0.1,10%,11.0,1.1,11,1,11.0,1.1
Amulette Omnisciente,Omnipresent Amulet,1,10,0.1,10%,11.0,1.1,11,0,Gratuit,Gratuit
Bâton du Conquérant,Staff of Conquered Worlds,1,10,0.1,10%,11.0,1.1,11,0,Gratuit,Gratuit
Épées Jumelles,Twin Swords,1,10,0.1,10%,10.0,1.0,10,1,10.0,1.0
