,Nom Anglais,nb games valide,total games,ratio,%,pts moy,pts moy total,total point,cout,pts par cout moy,pts par cout total
Griffes Sauvages,Wild Claw,15,15,1.0,100%,17.47,17.47,262,3,5.82,5.82
Aveuglement,Incapacitor,15,15,1.0,100%,15.8,15.8,237,3,5.27,5.27
Assistance Divine,Sacred Help,11,15,0.73,73%,20.0,14.67,220,2,10.0,7.33
Faux,Scythe,15,15,1.0,100%,8.6,8.6,129,3,2.87,2.87
Mental d'Acier,Steel Aura,7,15,0.47,47%,18.0,8.4,126,2,9.0,4.2
Être de Lumière,Being of Light,7,15,0.47,47%,18.0,8.4,126,1,18.0,8.4
Esprit de l'Écuyer,Spirit of the Squire,11,15,0.73,73%,11.45,8.4,126,3,3.82,2.8
Tombeau Rocheux,Rock Tomb,11,15,0.73,73%,10.0,7.33,110,1,10.0,7.33
Bâton de Conquête,Conquering Staff,4,15,0.27,27%,24.0,6.4,96,2,12.0,3.2
Lame Affutée,Sharp Blade,14,15,0.93,93%,6.43,6.0,90,3,2.14,2.0
Décharge Élémentaire,Elemental Discharge,5,15,0.33,33%,18.0,6.0,90,1,18.0,6.0
Pillard Féroce,Savage Looter,4,15,0.27,27%,20.0,5.33,80,1,20.0,5.33
Chasseur de Bêtes,Beast Hunter,4,15,0.27,27%,18.0,4.8,72,2,9.0,2.4
Esprit Sauvage,Wild Spirit,6,15,0.4,40%,10.0,4.0,60,0,Gratuit,Gratuit
Armure d'Obsidienne,Obsidian Battle Plate,3,15,0.2,20%,20.0,4.0,60,2,10.0,2.0
Totem du Gardien,Guardian Totem,15,15,1.0,100%,3.87,3.87,58,3,1.29,1.29
Esprit omniprésent,Omnipresent Spirit,3,15,0.2,20%,18.0,3.6,54,2,9.0,1.8
Coup de Mort,Death Helper,5,15,0.33,33%,10.0,3.33,50,1,10.0,3.33
Œil de Lynx,Hawk's Eye,6,15,0.4,40%,8.0,3.2,48,0,Gratuit,Gratuit
Soif de Sang,Thirsty Dagger,3,15,0.2,20%,15.0,3.0,45,0,Gratuit,Gratuit
Le Marionnettiste,The Puppeteer,2,15,0.13,13%,20.0,2.67,40,2,10.0,1.33
Marteleur précis,Precise Hammer,2,15,0.13,13%,18.0,2.4,36,1,18.0,2.4
Sabre Versatile,Versatil Saber,3,15,0.2,20%,11.0,2.2,33,1,11.0,2.2
Instinct Sanguinaire,Bloody Instinct,2,15,0.13,13%,15.0,2.0,30,2,7.5,1.0
Ascension Divine,Divine Ascent,1,15,0.07,7%,25.0,1.67,25,3,8.33,0.56
Bâton du Conquérant,Staff of Conquered Worlds,2,15,0.13,13%,11.0,1.47,22,0,Gratuit,Gratuit
Amulette Omnisciente,Omnipresent Amulet,2,15,0.13,13%,11.0,1.47,22,0,Gratuit,Gratuit
Économe Sagesse du Trésorier,Treasurer's Wisdom,1,15,0.07,7%,17.0,1.13,17,2,8.5,0.56
Danse Macabre,Dance of Death,2,15,0.13,13%,8.0,1.07,16,1,8.0,1.07
Bâton Élémentaire,Earthly Staff,1,15,0.07,7%,15.0,1.0,15,0,Gratuit,Gratuit
Elan de Fureur,Rampage Momentum,1,15,0.07,7%,15.0,1.0,15,2,7.5,0.5
Épée Obscure,Swords of Darkness,1,15,0.07,7%,15.0,1.0,15,1,15.0,1.0
Armure d'Immortel,Immortal Breastplate,1,15,0.07,7%,14.0,0.93,14,1,14.0,0.93
Hache Frénétique,Berseker Ax,1,15,0.07,7%,14.0,0.93,14,2,7.0,0.47
Force Divine,Divine Impetu,1,15,0.07,7%,11.0,0.73,11,0,Gratuit,Gratuit
Destruction Royale,Royal Destroyer,1,15,0.07,7%,11.0,0.73,11,0,Gratuit,Gratuit
Désintégrateur Magnétique,Magnetic Disintegrator,1,15,0.07,7%,11.0,0.73,11,0,Gratuit,Gratuit
Épées Jumelles,Twin Swords,1,15,0.07,7%,10.0,0.67,10,1,10.0,0.67
