,Nom Anglais,nb games valide,total games,ratio,%,pts moy,pts moy total,total point,cout,pts par cout moy,pts par cout total,pts par cout moy+1,pts par cout total+1
Totem Équivalent,Equivalent Totem,8,8,1.0,100%,17.38,17.38,139,2,8.69,8.69,5.79,5.79
Faux,Scythe,8,8,1.0,100%,17.0,17.0,136,3,5.67,5.67,4.25,4.25
Ascension Divine,Divine Ascent,5,8,0.62,62%,25.0,15.62,125,3,8.33,5.21,6.25,3.9
Économe Sagesse du Trésorier,Treasurer's Wisdom,6,8,0.75,75%,17.0,12.75,102,2,8.5,6.38,5.67,4.25
Armure d'Obsidienne,Obsidian Battle Plate,5,8,0.62,62%,20.0,12.5,100,2,10.0,6.25,6.67,4.17
Faux Parfaite,Perfect Scythe,6,8,0.75,75%,15.0,11.25,90,0,Gratuit,Gratuit,15.0,11.25
Lame Insatiable,Fast Furious Blade,5,8,0.62,62%,16.0,10.0,80,2,8.0,5.0,5.33,3.33
Faux Assoiffées,Thirsty Scythes,3,8,0.38,38%,25.0,9.38,75,3,8.33,3.13,6.25,2.35
Lame Affutée,Sharp Blade,8,8,1.0,100%,8.25,8.25,66,3,2.75,2.75,2.06,2.06
Adrénaline Arcanique,Arcane Adrenaline,4,8,0.5,50%,16.0,8.0,64,1,16.0,8.0,8.0,4.0
Gantelet Impérieux,Imperious Gauntlet,2,8,0.25,25%,30.0,7.5,60,1,30.0,7.5,15.0,3.75
Hache Frénétique,Berseker Ax,4,8,0.5,50%,14.0,7.0,56,2,7.0,3.5,4.67,2.33
Explosion Arcanique,Arcane Explosive,4,8,0.5,50%,12.0,6.0,48,1,12.0,6.0,6.0,3.0
Totem du Gardien,Guardian Totem,8,8,1.0,100%,5.25,5.25,42,3,1.75,1.75,1.31,1.31
Esprit de l'Écuyer,Spirit of the Squire,8,8,1.0,100%,4.88,4.88,39,3,1.63,1.63,1.22,1.22
Chasseresse d'Âmes,Huntress of Souls,2,8,0.25,25%,19.0,4.75,38,1,19.0,4.75,9.5,2.38
Aveuglement,Incapacitor,6,8,0.75,75%,6.0,4.5,36,3,2.0,1.5,1.5,1.12
Griffes Démoniaques,Demon Claws,2,8,0.25,25%,17.0,4.25,34,1,17.0,4.25,8.5,2.12
Sabre Versatile,Versatil Saber,3,8,0.38,38%,11.0,4.12,33,1,11.0,4.12,5.5,2.06
Elan de Fureur,Rampage Momentum,2,8,0.25,25%,15.0,3.75,30,2,7.5,1.88,5.0,1.25
Désintégrateur Magnétique,Magnetic Disintegrator,2,8,0.25,25%,11.0,2.75,22,0,Gratuit,Gratuit,11.0,2.75
Assistance Divine,Sacred Help,1,8,0.12,12%,20.0,2.5,20,2,10.0,1.25,6.67,0.83
Tombeau Rocheux,Rock Tomb,2,8,0.25,25%,10.0,2.5,20,1,10.0,2.5,5.0,1.25
Le Marionnettiste,The Puppeteer,1,8,0.12,12%,20.0,2.5,20,2,10.0,1.25,6.67,0.83
Pillard Féroce,Savage Looter,1,8,0.12,12%,20.0,2.5,20,1,20.0,2.5,10.0,1.25
Enchaînement Éclair,Unstoppable Lightning,1,8,0.12,12%,18.0,2.25,18,1,18.0,2.25,9.0,1.12
Épée Obscure,Swords of Darkness,1,8,0.12,12%,17.0,2.12,17,1,17.0,2.12,8.5,1.06
Danse Macabre,Dance of Death,2,8,0.25,25%,8.0,2.0,16,1,8.0,2.0,4.0,1.0
Chasseur d'Âmes,Soul Hunter,1,8,0.12,12%,15.0,1.88,15,1,15.0,1.88,7.5,0.94
Soif de Sang,Thirsty Dagger,1,8,0.12,12%,15.0,1.88,15,0,Gratuit,Gratuit,15.0,1.88
Armure d'Immortel,Immortal Breastplate,1,8,0.12,12%,14.0,1.75,14,1,14.0,1.75,7.0,0.88
Masse Colossale,Colossal Mace,1,8,0.12,12%,11.0,1.38,11,0,Gratuit,Gratuit,11.0,1.38
Amulette Omnisciente,Omnipresent Amulet,1,8,0.12,12%,11.0,1.38,11,0,Gratuit,Gratuit,11.0,1.38
Force Divine,Divine Impetu,1,8,0.12,12%,11.0,1.38,11,0,Gratuit,Gratuit,11.0,1.38
Coup de Mort,Death Helper,1,8,0.12,12%,10.0,1.25,10,1,10.0,1.25,5.0,0.62
Épé Sainte,Holy Sword,1,8,0.12,12%,10.0,1.25,10,0,Gratuit,Gratuit,10.0,1.25
Œil de Lynx,Hawk's Eye,1,8,0.12,12%,8.0,1.0,8,0,Gratuit,Gratuit,8.0,1.0
Griffes Sauvages,Wild Claw,5,8,0.62,62%,1.4,0.88,7,3,0.47,0.29,0.35,0.22
