,Nom Anglais,nb games valide,total games,ratio,%,pts moy,pts moy total,total point,cout,pts par cout moy,pts par cout total,pts par cout moy+1,pts par cout total+1
Totem Équivalent,Equivalent Totem,6,6,1.0,100%,17.5,17.5,105,2,8.75,8.75,5.83,5.83
Ascension Divine,Divine Ascent,4,6,0.67,67%,25.0,16.67,100,3,8.33,5.56,6.25,4.17
Faux,Scythe,6,6,1.0,100%,16.33,16.33,98,3,5.44,5.44,4.08,4.08
Économe Sagesse du Trésorier,Treasurer's Wisdom,5,6,0.83,83%,17.0,14.17,85,2,8.5,7.08,5.67,4.72
Faux Parfaite,Perfect Scythe,4,6,0.67,67%,15.0,10.0,60,0,Gratuit,Gratuit,15.0,10.0
Armure d'Obsidienne,Obsidian Battle Plate,3,6,0.5,50%,20.0,10.0,60,2,10.0,5.0,6.67,3.33
Faux Assoiffées,Thirsty Scythes,2,6,0.33,33%,25.0,8.33,50,3,8.33,2.78,6.25,2.08
Lame Insatiable,Fast Furious Blade,3,6,0.5,50%,16.0,8.0,48,2,8.0,4.0,5.33,2.67
Lame Affutée,Sharp Blade,6,6,1.0,100%,7.5,7.5,45,3,2.5,2.5,1.88,1.88
Hache Frénétique,Berseker Ax,3,6,0.5,50%,14.0,7.0,42,2,7.0,3.5,4.67,2.33
Chasseresse d'Âmes,Huntress of Souls,2,6,0.33,33%,19.0,6.33,38,1,19.0,6.33,9.5,3.17
Explosion Arcanique,Arcane Explosive,3,6,0.5,50%,12.0,6.0,36,1,12.0,6.0,6.0,3.0
Griffes Démoniaques,Demon Claws,2,6,0.33,33%,17.0,5.67,34,1,17.0,5.67,8.5,2.83
Adrénaline Arcanique,Arcane Adrenaline,2,6,0.33,33%,16.0,5.33,32,1,16.0,5.33,8.0,2.67
Esprit de l'Écuyer,Spirit of the Squire,6,6,1.0,100%,5.0,5.0,30,3,1.67,1.67,1.25,1.25
Aveuglement,Incapacitor,5,6,0.83,83%,6.0,5.0,30,3,2.0,1.67,1.5,1.25
Totem du Gardien,Guardian Totem,6,6,1.0,100%,5.0,5.0,30,3,1.67,1.67,1.25,1.25
Gantelet Impérieux,Imperious Gauntlet,1,6,0.17,17%,30.0,5.0,30,1,30.0,5.0,15.0,2.5
Désintégrateur Magnétique,Magnetic Disintegrator,2,6,0.33,33%,11.0,3.67,22,0,Gratuit,Gratuit,11.0,3.67
Sabre Versatile,Versatil Saber,2,6,0.33,33%,11.0,3.67,22,1,11.0,3.67,5.5,1.83
Pillard Féroce,Savage Looter,1,6,0.17,17%,20.0,3.33,20,1,20.0,3.33,10.0,1.67
Assistance Divine,Sacred Help,1,6,0.17,17%,20.0,3.33,20,2,10.0,1.67,6.67,1.11
Épée Obscure,Swords of Darkness,1,6,0.17,17%,17.0,2.83,17,1,17.0,2.83,8.5,1.42
Elan de Fureur,Rampage Momentum,1,6,0.17,17%,15.0,2.5,15,2,7.5,1.25,5.0,0.83
Chasseur d'Âmes,Soul Hunter,1,6,0.17,17%,15.0,2.5,15,1,15.0,2.5,7.5,1.25
Soif de Sang,Thirsty Dagger,1,6,0.17,17%,15.0,2.5,15,0,Gratuit,Gratuit,15.0,2.5
Armure d'Immortel,Immortal Breastplate,1,6,0.17,17%,14.0,2.33,14,1,14.0,2.33,7.0,1.17
Amulette Omnisciente,Omnipresent Amulet,1,6,0.17,17%,11.0,1.83,11,0,Gratuit,Gratuit,11.0,1.83
Force Divine,Divine Impetu,1,6,0.17,17%,11.0,1.83,11,0,Gratuit,Gratuit,11.0,1.83
Tombeau Rocheux,Rock Tomb,1,6,0.17,17%,10.0,1.67,10,1,10.0,1.67,5.0,0.83
Coup de Mort,Death Helper,1,6,0.17,17%,10.0,1.67,10,1,10.0,1.67,5.0,0.83
Danse Macabre,Dance of Death,1,6,0.17,17%,8.0,1.33,8,1,8.0,1.33,4.0,0.67
Griffes Sauvages,Wild Claw,3,6,0.5,50%,1.67,0.83,5,3,0.56,0.28,0.42,0.21
