,Nom Anglais,nb games valide,total games,ratio,%,pts moy,pts moy total,total point,cout,pts par cout moy,pts par cout total,pts par cout moy+1,pts par cout total+1
Faux,Scythe,11,11,1.0,100%,17.55,17.55,193,3,5.85,5.85,4.39,4.39
Totem Équivalent,Equivalent Totem,11,11,1.0,100%,17.18,17.18,189,2,8.59,8.59,5.73,5.73
Ascension Divine,Divine Ascent,6,11,0.55,55%,25.0,13.64,150,3,8.33,4.55,6.25,3.41
Faux Parfaite,Perfect Scythe,9,11,0.82,82%,15.0,12.27,135,0,Gratuit,Gratuit,15.0,12.27
Lame Insatiable,Fast Furious Blade,8,11,0.73,73%,16.0,11.64,128,2,8.0,5.82,5.33,3.88
Armure d'Obsidienne,Obsidian Battle Plate,6,11,0.55,55%,20.0,10.91,120,2,10.0,5.46,6.67,3.64
Gantelet Impérieux,Imperious Gauntlet,4,11,0.36,36%,30.0,10.91,120,1,30.0,10.91,15.0,5.46
Économe Sagesse du Trésorier,Treasurer's Wisdom,7,11,0.64,64%,17.0,10.82,119,2,8.5,5.41,5.67,3.61
Faux Assoiffées,Thirsty Scythes,4,11,0.36,36%,25.0,9.09,100,3,8.33,3.03,6.25,2.27
Hache Frénétique,Berseker Ax,5,11,0.45,45%,14.0,6.36,70,2,7.0,3.18,4.67,2.12
Lame Affutée,Sharp Blade,9,11,0.82,82%,7.67,6.27,69,3,2.56,2.09,1.92,1.57
Adrénaline Arcanique,Arcane Adrenaline,4,11,0.36,36%,16.0,5.82,64,1,16.0,5.82,8.0,2.91
Totem du Gardien,Guardian Totem,11,11,1.0,100%,5.27,5.27,58,3,1.76,1.76,1.32,1.32
Aveuglement,Incapacitor,9,11,0.82,82%,6.33,5.18,57,3,2.11,1.73,1.58,1.29
Explosion Arcanique,Arcane Explosive,4,11,0.36,36%,12.0,4.36,48,1,12.0,4.36,6.0,2.18
Esprit de l'Écuyer,Spirit of the Squire,10,11,0.91,91%,4.5,4.09,45,3,1.5,1.36,1.12,1.02
Chasseresse d'Âmes,Huntress of Souls,2,11,0.18,18%,19.0,3.45,38,1,19.0,3.45,9.5,1.73
Griffes Démoniaques,Demon Claws,2,11,0.18,18%,17.0,3.09,34,1,17.0,3.09,8.5,1.54
Sabre Versatile,Versatil Saber,3,11,0.27,27%,11.0,3.0,33,1,11.0,3.0,5.5,1.5
Armure d'Immortel,Immortal Breastplate,2,11,0.18,18%,15.0,2.73,30,1,15.0,2.73,7.5,1.36
Tombeau Rocheux,Rock Tomb,3,11,0.27,27%,10.0,2.73,30,1,10.0,2.73,5.0,1.36
Elan de Fureur,Rampage Momentum,2,11,0.18,18%,15.0,2.73,30,2,7.5,1.36,5.0,0.91
Désintégrateur Magnétique,Magnetic Disintegrator,2,11,0.18,18%,11.0,2.0,22,0,Gratuit,Gratuit,11.0,2.0
Assistance Divine,Sacred Help,1,11,0.09,9%,20.0,1.82,20,2,10.0,0.91,6.67,0.61
Le Marionnettiste,The Puppeteer,1,11,0.09,9%,20.0,1.82,20,2,10.0,0.91,6.67,0.61
Pillard Féroce,Savage Looter,1,11,0.09,9%,20.0,1.82,20,1,20.0,1.82,10.0,0.91
Enchaînement Éclair,Unstoppable Lightning,1,11,0.09,9%,18.0,1.64,18,1,18.0,1.64,9.0,0.82
Œil de Lynx,Hawk's Eye,2,11,0.18,18%,9.0,1.64,18,0,Gratuit,Gratuit,9.0,1.64
Esprit omniprésent,Omnipresent Spirit,1,11,0.09,9%,18.0,1.64,18,2,9.0,0.82,6.0,0.55
Épée Obscure,Swords of Darkness,1,11,0.09,9%,17.0,1.55,17,1,17.0,1.55,8.5,0.78
Danse Macabre,Dance of Death,2,11,0.18,18%,8.0,1.45,16,1,8.0,1.45,4.0,0.72
Chasseur d'Âmes,Soul Hunter,1,11,0.09,9%,15.0,1.36,15,1,15.0,1.36,7.5,0.68
Soif de Sang,Thirsty Dagger,1,11,0.09,9%,15.0,1.36,15,0,Gratuit,Gratuit,15.0,1.36
Marteau Collecteur,Collecting Hammer,2,11,0.18,18%,7.0,1.27,14,2,3.5,0.64,2.33,0.42
Griffes Sauvages,Wild Claw,7,11,0.64,64%,1.57,1.0,11,3,0.52,0.33,0.39,0.25
Force Divine,Divine Impetu,1,11,0.09,9%,11.0,1.0,11,0,Gratuit,Gratuit,11.0,1.0
Amulette Omnisciente,Omnipresent Amulet,1,11,0.09,9%,11.0,1.0,11,0,Gratuit,Gratuit,11.0,1.0
Masse Colossale,Colossal Mace,1,11,0.09,9%,11.0,1.0,11,0,Gratuit,Gratuit,11.0,1.0
Épé Sainte,Holy Sword,1,11,0.09,9%,10.0,0.91,10,0,Gratuit,Gratuit,10.0,0.91
Coup de Mort,Death Helper,1,11,0.09,9%,10.0,0.91,10,1,10.0,0.91,5.0,0.46
