,Nom Anglais,nb games valide,total games,ratio,%,pts moy,pts moy total,total point,cout,pts par cout moy,pts par cout total,pts par cout moy+1,pts par cout total+1
Totem Équivalent,Equivalent Totem,15,15,1.0,100%,17.07,17.07,256,2,8.54,8.54,5.69,5.69
Faux,Scythe,15,15,1.0,100%,16.87,16.87,253,3,5.62,5.62,4.22,4.22
Ascension Divine,Divine Ascent,8,15,0.53,53%,25.0,13.33,200,3,8.33,4.44,6.25,3.33
Faux Parfaite,Perfect Scythe,11,15,0.73,73%,15.0,11.0,165,0,Gratuit,Gratuit,15.0,11.0
Économe Sagesse du Trésorier,Treasurer's Wisdom,9,15,0.6,60%,17.0,10.2,153,2,8.5,5.1,5.67,3.4
Gantelet Impérieux,Imperious Gauntlet,5,15,0.33,33%,30.0,10.0,150,1,30.0,10.0,15.0,5.0
Lame Insatiable,Fast Furious Blade,9,15,0.6,60%,16.0,9.6,144,2,8.0,4.8,5.33,3.2
Armure d'Obsidienne,Obsidian Battle Plate,7,15,0.47,47%,20.0,9.33,140,2,10.0,4.67,6.67,3.11
Faux Assoiffées,Thirsty Scythes,5,15,0.33,33%,25.0,8.33,125,3,8.33,2.78,6.25,2.08
Hache Frénétique,Berseker Ax,8,15,0.53,53%,14.0,7.47,112,2,7.0,3.73,4.67,2.49
Lame Affutée,Sharp Blade,12,15,0.8,80%,8.5,6.8,102,3,2.83,2.27,2.12,1.7
Esprit de l'Écuyer,Spirit of the Squire,14,15,0.93,93%,5.79,5.4,81,3,1.93,1.8,1.45,1.35
Aveuglement,Incapacitor,12,15,0.8,80%,6.5,5.2,78,3,2.17,1.73,1.62,1.3
Explosion Arcanique,Arcane Explosive,6,15,0.4,40%,12.0,4.8,72,1,12.0,4.8,6.0,2.4
Adrénaline Arcanique,Arcane Adrenaline,4,15,0.27,27%,16.0,4.27,64,1,16.0,4.27,8.0,2.13
Totem du Gardien,Guardian Totem,11,15,0.73,73%,5.27,3.87,58,3,1.76,1.29,1.32,0.97
Marteau Collecteur,Collecting Hammer,4,15,0.27,27%,12.25,3.27,49,2,6.12,1.64,4.08,1.09
Armure d'Immortel,Immortal Breastplate,3,15,0.2,20%,15.33,3.07,46,1,15.33,3.07,7.67,1.53
Elan de Fureur,Rampage Momentum,3,15,0.2,20%,15.0,3.0,45,2,7.5,1.5,5.0,1.0
Sabre Versatile,Versatil Saber,4,15,0.27,27%,11.0,2.93,44,1,11.0,2.93,5.5,1.47
Tombeau Rocheux,Rock Tomb,4,15,0.27,27%,10.0,2.67,40,1,10.0,2.67,5.0,1.33
Chasseresse d'Âmes,Huntress of Souls,2,15,0.13,13%,19.0,2.53,38,1,19.0,2.53,9.5,1.26
Coup de Mort,Death Helper,3,15,0.2,20%,12.0,2.4,36,1,12.0,2.4,6.0,1.2
Griffes Démoniaques,Demon Claws,2,15,0.13,13%,17.0,2.27,34,1,17.0,2.27,8.5,1.14
Désintégrateur Magnétique,Magnetic Disintegrator,3,15,0.2,20%,11.0,2.2,33,0,Gratuit,Gratuit,11.0,2.2
Masse de Siège,Siege Mace,2,15,0.13,13%,16.0,2.13,32,0,Gratuit,Gratuit,16.0,2.13
Danse Macabre,Dance of Death,4,15,0.27,27%,8.0,2.13,32,1,8.0,2.13,4.0,1.06
Force Divine,Divine Impetu,2,15,0.13,13%,13.0,1.73,26,0,Gratuit,Gratuit,13.0,1.73
Pillard Féroce,Savage Looter,1,15,0.07,7%,20.0,1.33,20,1,20.0,1.33,10.0,0.67
Assistance Divine,Sacred Help,1,15,0.07,7%,20.0,1.33,20,2,10.0,0.67,6.67,0.44
Le Marionnettiste,The Puppeteer,1,15,0.07,7%,20.0,1.33,20,2,10.0,0.67,6.67,0.44
Esprit omniprésent,Omnipresent Spirit,1,15,0.07,7%,18.0,1.2,18,2,9.0,0.6,6.0,0.4
Œil de Lynx,Hawk's Eye,2,15,0.13,13%,9.0,1.2,18,0,Gratuit,Gratuit,9.0,1.2
Enchaînement Éclair,Unstoppable Lightning,1,15,0.07,7%,18.0,1.2,18,1,18.0,1.2,9.0,0.6
Épée Obscure,Swords of Darkness,1,15,0.07,7%,17.0,1.13,17,1,17.0,1.13,8.5,0.56
Soif de Sang,Thirsty Dagger,1,15,0.07,7%,15.0,1.0,15,0,Gratuit,Gratuit,15.0,1.0
Chasseur d'Âmes,Soul Hunter,1,15,0.07,7%,15.0,1.0,15,1,15.0,1.0,7.5,0.5
Griffes Sauvages,Wild Claw,8,15,0.53,53%,1.62,0.87,13,3,0.54,0.29,0.41,0.22
Amulette Omnisciente,Omnipresent Amulet,1,15,0.07,7%,11.0,0.73,11,0,Gratuit,Gratuit,11.0,0.73
Masse Colossale,Colossal Mace,1,15,0.07,7%,11.0,0.73,11,0,Gratuit,Gratuit,11.0,0.73
Épé Sainte,Holy Sword,1,15,0.07,7%,10.0,0.67,10,0,Gratuit,Gratuit,10.0,0.67
