,Nom Anglais,nb games valide,total games,ratio,%,pts moy,pts moy total,total point,cout,pts par cout moy,pts par cout total,pts par cout moy+1,pts par cout total+1
Totem Équivalent,Equivalent Totem,17,17,1.0,100%,17.0,17.0,289,2,8.5,8.5,5.67,5.67
Faux,Scythe,17,17,1.0,100%,16.65,16.65,283,3,5.55,5.55,4.16,4.16
Armure d'Obsidienne,Obsidian Battle Plate,13,17,0.76,76%,20.0,15.29,260,2,10.0,7.64,6.67,5.1
Faux Parfaite,Perfect Scythe,12,17,0.71,71%,15.0,10.59,180,0,Gratuit,Gratuit,15.0,10.59
Gantelet Impérieux,Imperious Gauntlet,6,17,0.35,35%,30.0,10.59,180,1,30.0,10.59,15.0,5.29
Économe Sagesse du Trésorier,Treasurer's Wisdom,10,17,0.59,59%,17.0,10.0,170,2,8.5,5.0,5.67,3.33
Lame Affutée,Sharp Blade,17,17,1.0,100%,9.53,9.53,162,3,3.18,3.18,2.38,2.38
Lame Insatiable,Fast Furious Blade,10,17,0.59,59%,16.0,9.41,160,2,8.0,4.71,5.33,3.14
Hache Frénétique,Berseker Ax,10,17,0.59,59%,14.0,8.24,140,2,7.0,4.12,4.67,2.75
Ascension Divine,Divine Ascent,5,17,0.29,29%,25.0,7.35,125,3,8.33,2.45,6.25,1.84
Épée Obscure,Swords of Darkness,7,17,0.41,41%,17.0,7.0,119,1,17.0,7.0,8.5,3.5
Chasseresse d'Âmes,Huntress of Souls,6,17,0.35,35%,19.0,6.71,114,1,19.0,6.71,9.5,3.35
Griffes Démoniaques,Demon Claws,6,17,0.35,35%,17.0,6.0,102,1,17.0,6.0,8.5,3.0
Faux Assoiffées,Thirsty Scythes,4,17,0.24,24%,25.0,5.88,100,3,8.33,1.96,6.25,1.47
Esprit de l'Écuyer,Spirit of the Squire,14,17,0.82,82%,7.07,5.82,99,3,2.36,1.94,1.77,1.46
Adrénaline Arcanique,Arcane Adrenaline,6,17,0.35,35%,16.0,5.65,96,1,16.0,5.65,8.0,2.83
Aveuglement,Incapacitor,15,17,0.88,88%,6.4,5.65,96,3,2.13,1.88,1.6,1.41
Assistance Divine,Sacred Help,4,17,0.24,24%,20.0,4.71,80,2,10.0,2.35,6.67,1.57
Sabre Versatile,Versatil Saber,7,17,0.41,41%,11.0,4.53,77,1,11.0,4.53,5.5,2.27
Elan de Fureur,Rampage Momentum,5,17,0.29,29%,15.0,4.41,75,2,7.5,2.21,5.0,1.47
Armure d'Immortel,Immortal Breastplate,5,17,0.29,29%,14.8,4.35,74,1,14.8,4.35,7.4,2.17
Parchemin Secret,Secret Scroll,4,17,0.24,24%,18.0,4.24,72,2,9.0,2.12,6.0,1.41
Explosion Arcanique,Arcane Explosive,6,17,0.35,35%,12.0,4.24,72,1,12.0,4.24,6.0,2.12
Chasseur d'Âmes,Soul Hunter,4,17,0.24,24%,17.5,4.12,70,1,17.5,4.12,8.75,2.06
Soif de Sang,Thirsty Dagger,4,17,0.24,24%,15.0,3.53,60,0,Gratuit,Gratuit,15.0,3.53
Enchaînement Éclair,Unstoppable Lightning,3,17,0.18,18%,18.0,3.18,54,1,18.0,3.18,9.0,1.59
Totem du Gardien,Guardian Totem,12,17,0.71,71%,4.17,2.94,50,3,1.39,0.98,1.04,0.73
Danse Macabre,Dance of Death,6,17,0.35,35%,8.0,2.82,48,1,8.0,2.82,4.0,1.41
Force Divine,Divine Impetu,3,17,0.18,18%,13.67,2.41,41,0,Gratuit,Gratuit,13.67,2.41
Couronne du Roi Nain,Crown of the Dwarf King,3,17,0.18,18%,13.0,2.29,39,0,Gratuit,Gratuit,13.0,2.29
Être de Lumière,Being of Light,2,17,0.12,12%,18.0,2.12,36,1,18.0,2.12,9.0,1.06
Coup de Mort,Death Helper,3,17,0.18,18%,12.0,2.12,36,1,12.0,2.12,6.0,1.06
Esprit omniprésent,Omnipresent Spirit,2,17,0.12,12%,18.0,2.12,36,2,9.0,1.06,6.0,0.71
Marteau Collecteur,Collecting Hammer,5,17,0.29,29%,6.8,2.0,34,2,3.4,1.0,2.27,0.67
Triple Météore,Trimeteor,1,17,0.06,6%,30.0,1.76,30,0,Gratuit,Gratuit,30.0,1.76
Bâton de Conquête,Conquering Staff,1,17,0.06,6%,24.0,1.41,24,2,12.0,0.7,8.0,0.47
Épé Sainte,Holy Sword,2,17,0.12,12%,10.0,1.18,20,0,Gratuit,Gratuit,10.0,1.18
Pillard Féroce,Savage Looter,1,17,0.06,6%,20.0,1.18,20,1,20.0,1.18,10.0,0.59
Tombeau Rocheux,Rock Tomb,2,17,0.12,12%,10.0,1.18,20,1,10.0,1.18,5.0,0.59
Mental d'Acier,Steel Aura,1,17,0.06,6%,18.0,1.06,18,2,9.0,0.53,6.0,0.35
Marteleur précis,Precise Hammer,1,17,0.06,6%,18.0,1.06,18,1,18.0,1.06,9.0,0.53
Œil de Lynx,Hawk's Eye,2,17,0.12,12%,8.0,0.94,16,0,Gratuit,Gratuit,8.0,0.94
Masse Colossale,Colossal Mace,1,17,0.06,6%,15.0,0.88,15,0,Gratuit,Gratuit,15.0,0.88
Amulette Omnisciente,Omnipresent Amulet,1,17,0.06,6%,15.0,0.88,15,0,Gratuit,Gratuit,15.0,0.88
Désintégrateur Magnétique,Magnetic Disintegrator,1,17,0.06,6%,11.0,0.65,11,0,Gratuit,Gratuit,11.0,0.65
Griffes Sauvages,Wild Claw,6,17,0.35,35%,1.33,0.47,8,3,0.44,0.16,0.33,0.12
