,Nom Anglais,nb games valide,total games,ratio,%,pts moy,pts moy total,total point,cout,pts par cout moy,pts par cout total,pts par cout moy+1,pts par cout total+1
Faux,Scythe,7,7,1.0,100%,18.0,18.0,126,3,6.0,6.0,4.5,4.5
Totem Équivalent,Equivalent Totem,7,7,1.0,100%,17.43,17.43,122,2,8.71,8.71,5.81,5.81
Armure d'Obsidienne,Obsidian Battle Plate,5,7,0.71,71%,20.0,14.29,100,2,10.0,7.14,6.67,4.76
Faux Parfaite,Perfect Scythe,6,7,0.86,86%,15.0,12.86,90,0,Gratuit,Gratuit,15.0,12.86
Économe Sagesse du Trésorier,Treasurer's Wisdom,5,7,0.71,71%,17.0,12.14,85,2,8.5,6.07,5.67,4.05
Lame Insatiable,Fast Furious Blade,5,7,0.71,71%,16.0,11.43,80,2,8.0,5.71,5.33,3.81
Faux Assoiffées,Thirsty Scythes,3,7,0.43,43%,25.0,10.71,75,3,8.33,3.57,6.25,2.68
Ascension Divine,Divine Ascent,3,7,0.43,43%,25.0,10.71,75,3,8.33,3.57,6.25,2.68
Lame Affutée,Sharp Blade,7,7,1.0,100%,10.29,10.29,72,3,3.43,3.43,2.57,2.57
Hache Frénétique,Berseker Ax,5,7,0.71,71%,14.0,10.0,70,2,7.0,5.0,4.67,3.33
Épée Obscure,Swords of Darkness,4,7,0.57,57%,17.0,9.71,68,1,17.0,9.71,8.5,4.86
Gantelet Impérieux,Imperious Gauntlet,2,7,0.29,29%,30.0,8.57,60,1,30.0,8.57,15.0,4.29
Chasseresse d'Âmes,Huntress of Souls,3,7,0.43,43%,19.0,8.14,57,1,19.0,8.14,9.5,4.07
Parchemin Secret,Secret Scroll,3,7,0.43,43%,18.0,7.71,54,2,9.0,3.85,6.0,2.57
Griffes Démoniaques,Demon Claws,3,7,0.43,43%,17.0,7.29,51,1,17.0,7.29,8.5,3.65
Aveuglement,Incapacitor,7,7,1.0,100%,6.86,6.86,48,3,2.29,2.29,1.72,1.72
Assistance Divine,Sacred Help,2,7,0.29,29%,20.0,5.71,40,2,10.0,2.85,6.67,1.9
Esprit de l'Écuyer,Spirit of the Squire,6,7,0.86,86%,6.0,5.14,36,3,2.0,1.71,1.5,1.28
Enchaînement Éclair,Unstoppable Lightning,2,7,0.29,29%,18.0,5.14,36,1,18.0,5.14,9.0,2.57
Adrénaline Arcanique,Arcane Adrenaline,2,7,0.29,29%,16.0,4.57,32,1,16.0,4.57,8.0,2.29
Totem du Gardien,Guardian Totem,7,7,1.0,100%,4.43,4.43,31,3,1.48,1.48,1.11,1.11
Elan de Fureur,Rampage Momentum,2,7,0.29,29%,15.0,4.29,30,2,7.5,2.15,5.0,1.43
Chasseur d'Âmes,Soul Hunter,2,7,0.29,29%,15.0,4.29,30,1,15.0,4.29,7.5,2.15
Soif de Sang,Thirsty Dagger,2,7,0.29,29%,15.0,4.29,30,0,Gratuit,Gratuit,15.0,4.29
Armure d'Immortel,Immortal Breastplate,2,7,0.29,29%,14.0,4.0,28,1,14.0,4.0,7.0,2.0
Bâton de Conquête,Conquering Staff,1,7,0.14,14%,24.0,3.43,24,2,12.0,1.72,8.0,1.14
Explosion Arcanique,Arcane Explosive,2,7,0.29,29%,12.0,3.43,24,1,12.0,3.43,6.0,1.72
Danse Macabre,Dance of Death,3,7,0.43,43%,8.0,3.43,24,1,8.0,3.43,4.0,1.72
Sabre Versatile,Versatil Saber,2,7,0.29,29%,11.0,3.14,22,1,11.0,3.14,5.5,1.57
Pillard Féroce,Savage Looter,1,7,0.14,14%,20.0,2.86,20,1,20.0,2.86,10.0,1.43
Être de Lumière,Being of Light,1,7,0.14,14%,18.0,2.57,18,1,18.0,2.57,9.0,1.28
Œil de Lynx,Hawk's Eye,2,7,0.29,29%,8.0,2.29,16,0,Gratuit,Gratuit,8.0,2.29
Couronne du Roi Nain,Crown of the Dwarf King,1,7,0.14,14%,13.0,1.86,13,0,Gratuit,Gratuit,13.0,1.86
Force Divine,Divine Impetu,1,7,0.14,14%,11.0,1.57,11,0,Gratuit,Gratuit,11.0,1.57
Tombeau Rocheux,Rock Tomb,1,7,0.14,14%,10.0,1.43,10,1,10.0,1.43,5.0,0.71
Coup de Mort,Death Helper,1,7,0.14,14%,10.0,1.43,10,1,10.0,1.43,5.0,0.71
Épé Sainte,Holy Sword,1,7,0.14,14%,10.0,1.43,10,0,Gratuit,Gratuit,10.0,1.43
Marteau Collecteur,Collecting Hammer,1,7,0.14,14%,6.0,0.86,6,2,3.0,0.43,2.0,0.29
Griffes Sauvages,Wild Claw,3,7,0.43,43%,1.67,0.71,5,3,0.56,0.24,0.42,0.18
