,Nom Anglais,nb games valide,total games,ratio,%,pts moy,pts moy total,total point,cout,pts par cout moy,pts par cout total
Faux,Scythe,5,5,1.0,100%,18.0,18.0,90,3,6.0,6.0
Totem Équivalent,Equivalent Totem,5,5,1.0,100%,17.4,17.4,87,2,8.7,8.7
Armure d'Obsidienne,Obsidian Battle Plate,4,5,0.8,80%,20.0,16.0,80,2,10.0,8.0
Faux Parfaite,Perfect Scythe,5,5,1.0,100%,15.0,15.0,75,0,Gratuit,Gratuit
Lame Insatiable,Fast Furious Blade,4,5,0.8,80%,16.0,12.8,64,2,8.0,6.4
Gantelet Impérieux,Imperious Gauntlet,2,5,0.4,40%,30.0,12.0,60,1,30.0,12.0
Chasseresse d'Âmes,Huntress of Souls,3,5,0.6,60%,19.0,11.4,57,1,19.0,11.4
Économe Sagesse du Trésorier,Treasurer's Wisdom,3,5,0.6,60%,17.0,10.2,51,2,8.5,5.1
Griffes Démoniaques,Demon Claws,3,5,0.6,60%,17.0,10.2,51,1,17.0,10.2
Ascension Divine,Divine Ascent,2,5,0.4,40%,25.0,10.0,50,3,8.33,3.33
Faux Assoiffées,Thirsty Scythes,2,5,0.4,40%,25.0,10.0,50,3,8.33,3.33
Lame Affutée,Sharp Blade,5,5,1.0,100%,9.0,9.0,45,3,3.0,3.0
Hache Frénétique,Berseker Ax,3,5,0.6,60%,14.0,8.4,42,2,7.0,4.2
Parchemin Secret,Secret Scroll,2,5,0.4,40%,18.0,7.2,36,2,9.0,3.6
Aveuglement,Incapacitor,5,5,1.0,100%,7.2,7.2,36,3,2.4,2.4
Épée Obscure,Swords of Darkness,2,5,0.4,40%,17.0,6.8,34,1,17.0,6.8
Adrénaline Arcanique,Arcane Adrenaline,2,5,0.4,40%,16.0,6.4,32,1,16.0,6.4
Bâton de Conquête,Conquering Staff,1,5,0.2,20%,24.0,4.8,24,2,12.0,2.4
Esprit de l'Écuyer,Spirit of the Squire,4,5,0.8,80%,6.0,4.8,24,3,2.0,1.6
Totem du Gardien,Guardian Totem,5,5,1.0,100%,4.6,4.6,23,3,1.53,1.53
Pillard Féroce,Savage Looter,1,5,0.2,20%,20.0,4.0,20,1,20.0,4.0
Enchaînement Éclair,Unstoppable Lightning,1,5,0.2,20%,18.0,3.6,18,1,18.0,3.6
Danse Macabre,Dance of Death,2,5,0.4,40%,8.0,3.2,16,1,8.0,3.2
Chasseur d'Âmes,Soul Hunter,1,5,0.2,20%,15.0,3.0,15,1,15.0,3.0
Elan de Fureur,Rampage Momentum,1,5,0.2,20%,15.0,3.0,15,2,7.5,1.5
Soif de Sang,Thirsty Dagger,1,5,0.2,20%,15.0,3.0,15,0,Gratuit,Gratuit
Armure d'Immortel,Immortal Breastplate,1,5,0.2,20%,14.0,2.8,14,1,14.0,2.8
Couronne du Roi Nain,Crown of the Dwarf King,1,5,0.2,20%,13.0,2.6,13,0,Gratuit,Gratuit
Explosion Arcanique,Arcane Explosive,1,5,0.2,20%,12.0,2.4,12,1,12.0,2.4
Sabre Versatile,Versatil Saber,1,5,0.2,20%,11.0,2.2,11,1,11.0,2.2
Tombeau Rocheux,Rock Tomb,1,5,0.2,20%,10.0,2.0,10,1,10.0,2.0
Coup de Mort,Death Helper,1,5,0.2,20%,10.0,2.0,10,1,10.0,2.0
Œil de Lynx,Hawk's Eye,1,5,0.2,20%,8.0,1.6,8,0,Gratuit,Gratuit
Griffes Sauvages,Wild Claw,3,5,0.6,60%,1.67,1.0,5,3,0.56,0.33
