,Nom Anglais,nb games valide,total games,ratio,%,pts moy,pts moy total,total point,cout,pts par cout moy,pts par cout total,pts par cout moy+1,pts par cout total+1
Faux,Scythe,6,6,1.0,100%,17.33,17.33,104,3,5.78,5.78,4.33,4.33
Totem Équivalent,Equivalent Totem,6,6,1.0,100%,17.33,17.33,104,2,8.66,8.66,5.78,5.78
Armure d'Obsidienne,Obsidian Battle Plate,5,6,0.83,83%,20.0,16.67,100,2,10.0,8.34,6.67,5.56
Faux Parfaite,Perfect Scythe,6,6,1.0,100%,15.0,15.0,90,0,Gratuit,Gratuit,15.0,15.0
Économe Sagesse du Trésorier,Treasurer's Wisdom,4,6,0.67,67%,17.0,11.33,68,2,8.5,5.67,5.67,3.78
Lame Insatiable,Fast Furious Blade,4,6,0.67,67%,16.0,10.67,64,2,8.0,5.33,5.33,3.56
Lame Affutée,Sharp Blade,6,6,1.0,100%,10.5,10.5,63,3,3.5,3.5,2.62,2.62
Gantelet Impérieux,Imperious Gauntlet,2,6,0.33,33%,30.0,10.0,60,1,30.0,10.0,15.0,5.0
Chasseresse d'Âmes,Huntress of Souls,3,6,0.5,50%,19.0,9.5,57,1,19.0,9.5,9.5,4.75
Hache Frénétique,Berseker Ax,4,6,0.67,67%,14.0,9.33,56,2,7.0,4.67,4.67,3.11
Parchemin Secret,Secret Scroll,3,6,0.5,50%,18.0,9.0,54,2,9.0,4.5,6.0,3.0
Griffes Démoniaques,Demon Claws,3,6,0.5,50%,17.0,8.5,51,1,17.0,8.5,8.5,4.25
Épée Obscure,Swords of Darkness,3,6,0.5,50%,17.0,8.5,51,1,17.0,8.5,8.5,4.25
Ascension Divine,Divine Ascent,2,6,0.33,33%,25.0,8.33,50,3,8.33,2.78,6.25,2.08
Faux Assoiffées,Thirsty Scythes,2,6,0.33,33%,25.0,8.33,50,3,8.33,2.78,6.25,2.08
Aveuglement,Incapacitor,6,6,1.0,100%,6.5,6.5,39,3,2.17,2.17,1.62,1.62
Enchaînement Éclair,Unstoppable Lightning,2,6,0.33,33%,18.0,6.0,36,1,18.0,6.0,9.0,3.0
Adrénaline Arcanique,Arcane Adrenaline,2,6,0.33,33%,16.0,5.33,32,1,16.0,5.33,8.0,2.67
Chasseur d'Âmes,Soul Hunter,2,6,0.33,33%,15.0,5.0,30,1,15.0,5.0,7.5,2.5
Soif de Sang,Thirsty Dagger,2,6,0.33,33%,15.0,5.0,30,0,Gratuit,Gratuit,15.0,5.0
Elan de Fureur,Rampage Momentum,2,6,0.33,33%,15.0,5.0,30,2,7.5,2.5,5.0,1.67
Esprit de l'Écuyer,Spirit of the Squire,5,6,0.83,83%,6.0,5.0,30,3,2.0,1.67,1.5,1.25
Armure d'Immortel,Immortal Breastplate,2,6,0.33,33%,14.0,4.67,28,1,14.0,4.67,7.0,2.33
Totem du Gardien,Guardian Totem,6,6,1.0,100%,4.33,4.33,26,3,1.44,1.44,1.08,1.08
Bâton de Conquête,Conquering Staff,1,6,0.17,17%,24.0,4.0,24,2,12.0,2.0,8.0,1.33
Danse Macabre,Dance of Death,3,6,0.5,50%,8.0,4.0,24,1,8.0,4.0,4.0,2.0
Explosion Arcanique,Arcane Explosive,2,6,0.33,33%,12.0,4.0,24,1,12.0,4.0,6.0,2.0
Sabre Versatile,Versatil Saber,2,6,0.33,33%,11.0,3.67,22,1,11.0,3.67,5.5,1.83
Pillard Féroce,Savage Looter,1,6,0.17,17%,20.0,3.33,20,1,20.0,3.33,10.0,1.67
Assistance Divine,Sacred Help,1,6,0.17,17%,20.0,3.33,20,2,10.0,1.67,6.67,1.11
Être de Lumière,Being of Light,1,6,0.17,17%,18.0,3.0,18,1,18.0,3.0,9.0,1.5
Couronne du Roi Nain,Crown of the Dwarf King,1,6,0.17,17%,13.0,2.17,13,0,Gratuit,Gratuit,13.0,2.17
Force Divine,Divine Impetu,1,6,0.17,17%,11.0,1.83,11,0,Gratuit,Gratuit,11.0,1.83
Épé Sainte,Holy Sword,1,6,0.17,17%,10.0,1.67,10,0,Gratuit,Gratuit,10.0,1.67
Tombeau Rocheux,Rock Tomb,1,6,0.17,17%,10.0,1.67,10,1,10.0,1.67,5.0,0.83
Coup de Mort,Death Helper,1,6,0.17,17%,10.0,1.67,10,1,10.0,1.67,5.0,0.83
Œil de Lynx,Hawk's Eye,1,6,0.17,17%,8.0,1.33,8,0,Gratuit,Gratuit,8.0,1.33
Marteau Collecteur,Collecting Hammer,1,6,0.17,17%,6.0,1.0,6,2,3.0,0.5,2.0,0.33
Griffes Sauvages,Wild Claw,3,6,0.5,50%,1.67,0.83,5,3,0.56,0.28,0.42,0.21
