,Nom Anglais,nb games valide,total games,ratio,%,pts moy,pts moy total,total point,cout,pts par cout moy,pts par cout total,pts par cout moy+1,pts par cout total+1
Totem Équivalent,Equivalent Totem,16,16,1.0,100%,17.0,17.0,272,2,8.5,8.5,5.67,5.67
Faux,Scythe,16,16,1.0,100%,16.62,16.62,266,3,5.54,5.54,4.16,4.16
Armure d'Obsidienne,Obsidian Battle Plate,12,16,0.75,75%,20.0,15.0,240,2,10.0,7.5,6.67,5.0
Gantelet Impérieux,Imperious Gauntlet,6,16,0.38,38%,30.0,11.25,180,1,30.0,11.25,15.0,5.62
Faux Parfaite,Perfect Scythe,12,16,0.75,75%,15.0,11.25,180,0,Gratuit,Gratuit,15.0,11.25
Économe Sagesse du Trésorier,Treasurer's Wisdom,10,16,0.62,62%,17.0,10.62,170,2,8.5,5.31,5.67,3.54
Lame Affutée,Sharp Blade,16,16,1.0,100%,9.94,9.94,159,3,3.31,3.31,2.48,2.48
Lame Insatiable,Fast Furious Blade,9,16,0.56,56%,16.0,9.0,144,2,8.0,4.5,5.33,3.0
Hache Frénétique,Berseker Ax,9,16,0.56,56%,14.0,7.88,126,2,7.0,3.94,4.67,2.63
Ascension Divine,Divine Ascent,5,16,0.31,31%,25.0,7.81,125,3,8.33,2.6,6.25,1.95
Épée Obscure,Swords of Darkness,7,16,0.44,44%,17.0,7.44,119,1,17.0,7.44,8.5,3.72
Esprit de l'Écuyer,Spirit of the Squire,14,16,0.88,88%,7.07,6.19,99,3,2.36,2.06,1.77,1.55
Chasseresse d'Âmes,Huntress of Souls,5,16,0.31,31%,19.0,5.94,95,1,19.0,5.94,9.5,2.97
Aveuglement,Incapacitor,14,16,0.88,88%,6.64,5.81,93,3,2.21,1.94,1.66,1.45
Griffes Démoniaques,Demon Claws,5,16,0.31,31%,17.0,5.31,85,1,17.0,5.31,8.5,2.65
Assistance Divine,Sacred Help,4,16,0.25,25%,20.0,5.0,80,2,10.0,2.5,6.67,1.67
Adrénaline Arcanique,Arcane Adrenaline,5,16,0.31,31%,16.0,5.0,80,1,16.0,5.0,8.0,2.5
Sabre Versatile,Versatil Saber,7,16,0.44,44%,11.0,4.81,77,1,11.0,4.81,5.5,2.4
Elan de Fureur,Rampage Momentum,5,16,0.31,31%,15.0,4.69,75,2,7.5,2.35,5.0,1.56
Faux Assoiffées,Thirsty Scythes,3,16,0.19,19%,25.0,4.69,75,3,8.33,1.56,6.25,1.17
Armure d'Immortel,Immortal Breastplate,5,16,0.31,31%,14.8,4.62,74,1,14.8,4.62,7.4,2.31
Parchemin Secret,Secret Scroll,4,16,0.25,25%,18.0,4.5,72,2,9.0,2.25,6.0,1.5
Explosion Arcanique,Arcane Explosive,6,16,0.38,38%,12.0,4.5,72,1,12.0,4.5,6.0,2.25
Chasseur d'Âmes,Soul Hunter,4,16,0.25,25%,17.5,4.38,70,1,17.5,4.38,8.75,2.19
Soif de Sang,Thirsty Dagger,4,16,0.25,25%,15.0,3.75,60,0,Gratuit,Gratuit,15.0,3.75
Enchaînement Éclair,Unstoppable Lightning,3,16,0.19,19%,18.0,3.38,54,1,18.0,3.38,9.0,1.69
Danse Macabre,Dance of Death,6,16,0.38,38%,8.0,3.0,48,1,8.0,3.0,4.0,1.5
Totem du Gardien,Guardian Totem,11,16,0.69,69%,4.09,2.81,45,3,1.36,0.94,1.02,0.7
Force Divine,Divine Impetu,3,16,0.19,19%,13.67,2.56,41,0,Gratuit,Gratuit,13.67,2.56
Couronne du Roi Nain,Crown of the Dwarf King,3,16,0.19,19%,13.0,2.44,39,0,Gratuit,Gratuit,13.0,2.44
Être de Lumière,Being of Light,2,16,0.12,12%,18.0,2.25,36,1,18.0,2.25,9.0,1.12
Coup de Mort,Death Helper,3,16,0.19,19%,12.0,2.25,36,1,12.0,2.25,6.0,1.12
Marteau Collecteur,Collecting Hammer,5,16,0.31,31%,6.8,2.12,34,2,3.4,1.06,2.27,0.71
Triple Météore,Trimeteor,1,16,0.06,6%,30.0,1.88,30,0,Gratuit,Gratuit,30.0,1.88
Bâton de Conquête,Conquering Staff,1,16,0.06,6%,24.0,1.5,24,2,12.0,0.75,8.0,0.5
Tombeau Rocheux,Rock Tomb,2,16,0.12,12%,10.0,1.25,20,1,10.0,1.25,5.0,0.62
Pillard Féroce,Savage Looter,1,16,0.06,6%,20.0,1.25,20,1,20.0,1.25,10.0,0.62
Épé Sainte,Holy Sword,2,16,0.12,12%,10.0,1.25,20,0,Gratuit,Gratuit,10.0,1.25
Esprit omniprésent,Omnipresent Spirit,1,16,0.06,6%,18.0,1.12,18,2,9.0,0.56,6.0,0.37
Marteleur précis,Precise Hammer,1,16,0.06,6%,18.0,1.12,18,1,18.0,1.12,9.0,0.56
Mental d'Acier,Steel Aura,1,16,0.06,6%,18.0,1.12,18,2,9.0,0.56,6.0,0.37
Œil de Lynx,Hawk's Eye,2,16,0.12,12%,8.0,1.0,16,0,Gratuit,Gratuit,8.0,1.0
Masse Colossale,Colossal Mace,1,16,0.06,6%,15.0,0.94,15,0,Gratuit,Gratuit,15.0,0.94
Amulette Omnisciente,Omnipresent Amulet,1,16,0.06,6%,15.0,0.94,15,0,Gratuit,Gratuit,15.0,0.94
Désintégrateur Magnétique,Magnetic Disintegrator,1,16,0.06,6%,11.0,0.69,11,0,Gratuit,Gratuit,11.0,0.69
Griffes Sauvages,Wild Claw,5,16,0.31,31%,1.4,0.44,7,3,0.47,0.15,0.35,0.11
