,Nom Anglais,nb games valide,total games,ratio,%,pts moy,pts moy total,total point,cout,pts par cout moy,pts par cout total,pts par cout moy+1,pts par cout total+1
Totem Équivalent,Equivalent Totem,13,13,1.0,100%,17.08,17.08,222,2,8.54,8.54,5.69,5.69
Faux,Scythe,13,13,1.0,100%,16.85,16.85,219,3,5.62,5.62,4.21,4.21
Armure d'Obsidienne,Obsidian Battle Plate,9,13,0.69,69%,20.0,13.85,180,2,10.0,6.92,6.67,4.62
Faux Parfaite,Perfect Scythe,10,13,0.77,77%,15.0,11.54,150,0,Gratuit,Gratuit,15.0,11.54
Gantelet Impérieux,Imperious Gauntlet,5,13,0.38,38%,30.0,11.54,150,1,30.0,11.54,15.0,5.77
Économe Sagesse du Trésorier,Treasurer's Wisdom,8,13,0.62,62%,17.0,10.46,136,2,8.5,5.23,5.67,3.49
Lame Affutée,Sharp Blade,13,13,1.0,100%,10.38,10.38,135,3,3.46,3.46,2.6,2.6
Lame Insatiable,Fast Furious Blade,8,13,0.62,62%,16.0,9.85,128,2,8.0,4.92,5.33,3.28
Hache Frénétique,Berseker Ax,8,13,0.62,62%,14.0,8.62,112,2,7.0,4.31,4.67,2.87
Épée Obscure,Swords of Darkness,6,13,0.46,46%,17.0,7.85,102,1,17.0,7.85,8.5,3.92
Ascension Divine,Divine Ascent,4,13,0.31,31%,25.0,7.69,100,3,8.33,2.56,6.25,1.92
Chasseresse d'Âmes,Huntress of Souls,5,13,0.38,38%,19.0,7.31,95,1,19.0,7.31,9.5,3.65
Griffes Démoniaques,Demon Claws,5,13,0.38,38%,17.0,6.54,85,1,17.0,6.54,8.5,3.27
Adrénaline Arcanique,Arcane Adrenaline,5,13,0.38,38%,16.0,6.15,80,1,16.0,6.15,8.0,3.08
Aveuglement,Incapacitor,12,13,0.92,92%,6.5,6.0,78,3,2.17,2.0,1.62,1.5
Faux Assoiffées,Thirsty Scythes,3,13,0.23,23%,25.0,5.77,75,3,8.33,1.92,6.25,1.44
Armure d'Immortel,Immortal Breastplate,5,13,0.38,38%,14.8,5.69,74,1,14.8,5.69,7.4,2.85
Parchemin Secret,Secret Scroll,4,13,0.31,31%,18.0,5.54,72,2,9.0,2.77,6.0,1.85
Esprit de l'Écuyer,Spirit of the Squire,11,13,0.85,85%,6.0,5.08,66,3,2.0,1.69,1.5,1.27
Elan de Fureur,Rampage Momentum,4,13,0.31,31%,15.0,4.62,60,2,7.5,2.31,5.0,1.54
Sabre Versatile,Versatil Saber,5,13,0.38,38%,11.0,4.23,55,1,11.0,4.23,5.5,2.12
Enchaînement Éclair,Unstoppable Lightning,3,13,0.23,23%,18.0,4.15,54,1,18.0,4.15,9.0,2.08
Chasseur d'Âmes,Soul Hunter,3,13,0.23,23%,16.67,3.85,50,1,16.67,3.85,8.34,1.93
Explosion Arcanique,Arcane Explosive,4,13,0.31,31%,12.0,3.69,48,1,12.0,3.69,6.0,1.84
Totem du Gardien,Guardian Totem,11,13,0.85,85%,4.09,3.46,45,3,1.36,1.15,1.02,0.86
Assistance Divine,Sacred Help,2,13,0.15,15%,20.0,3.08,40,2,10.0,1.54,6.67,1.03
Danse Macabre,Dance of Death,5,13,0.38,38%,8.0,3.08,40,1,8.0,3.08,4.0,1.54
Couronne du Roi Nain,Crown of the Dwarf King,3,13,0.23,23%,13.0,3.0,39,0,Gratuit,Gratuit,13.0,3.0
Soif de Sang,Thirsty Dagger,2,13,0.15,15%,15.0,2.31,30,0,Gratuit,Gratuit,15.0,2.31
Triple Météore,Trimeteor,1,13,0.08,8%,30.0,2.31,30,0,Gratuit,Gratuit,30.0,2.31
Marteau Collecteur,Collecting Hammer,4,13,0.31,31%,6.75,2.08,27,2,3.38,1.04,2.25,0.69
Force Divine,Divine Impetu,2,13,0.15,15%,13.0,2.0,26,0,Gratuit,Gratuit,13.0,2.0
Bâton de Conquête,Conquering Staff,1,13,0.08,8%,24.0,1.85,24,2,12.0,0.93,8.0,0.62
Épé Sainte,Holy Sword,2,13,0.15,15%,10.0,1.54,20,0,Gratuit,Gratuit,10.0,1.54
Pillard Féroce,Savage Looter,1,13,0.08,8%,20.0,1.54,20,1,20.0,1.54,10.0,0.77
Tombeau Rocheux,Rock Tomb,2,13,0.15,15%,10.0,1.54,20,1,10.0,1.54,5.0,0.77
Être de Lumière,Being of Light,1,13,0.08,8%,18.0,1.38,18,1,18.0,1.38,9.0,0.69
Marteleur précis,Precise Hammer,1,13,0.08,8%,18.0,1.38,18,1,18.0,1.38,9.0,0.69
Esprit omniprésent,Omnipresent Spirit,1,13,0.08,8%,18.0,1.38,18,2,9.0,0.69,6.0,0.46
Œil de Lynx,Hawk's Eye,2,13,0.15,15%,8.0,1.23,16,0,Gratuit,Gratuit,8.0,1.23
Masse Colossale,Colossal Mace,1,13,0.08,8%,15.0,1.15,15,0,Gratuit,Gratuit,15.0,1.15
Désintégrateur Magnétique,Magnetic Disintegrator,1,13,0.08,8%,11.0,0.85,11,0,Gratuit,Gratuit,11.0,0.85
Coup de Mort,Death Helper,1,13,0.08,8%,10.0,0.77,10,1,10.0,0.77,5.0,0.39
Griffes Sauvages,Wild Claw,5,13,0.38,38%,1.4,0.54,7,3,0.47,0.18,0.35,0.14
