,Nom Anglais,nb games valide,total games,ratio,%,pts moy,pts moy total,total point,cout,pts par cout moy,pts par cout total,pts par cout moy+1,pts par cout total+1
Gantelet Impérieux,Imperious Gauntlet,5,6,0.83,83%,30.0,25.0,150,1,30.0,25.0,15.0,12.5
Totem Équivalent,Equivalent Totem,6,6,1.0,100%,17.33,17.33,104,2,8.66,8.66,5.78,5.78
Faux,Scythe,6,6,1.0,100%,17.17,17.17,103,3,5.72,5.72,4.29,4.29
Armure d'Obsidienne,Obsidian Battle Plate,5,6,0.83,83%,20.0,16.67,100,2,10.0,8.34,6.67,5.56
Ascension Divine,Divine Ascent,4,6,0.67,67%,25.0,16.67,100,3,8.33,5.56,6.25,4.17
Lame Affutée,Sharp Blade,6,6,1.0,100%,14.0,14.0,84,3,4.67,4.67,3.5,3.5
Lame Insatiable,Fast Furious Blade,5,6,0.83,83%,16.0,13.33,80,2,8.0,6.67,5.33,4.44
Faux Parfaite,Perfect Scythe,5,6,0.83,83%,15.0,12.5,75,0,Gratuit,Gratuit,15.0,12.5
Économe Sagesse du Trésorier,Treasurer's Wisdom,4,6,0.67,67%,17.0,11.33,68,2,8.5,5.67,5.67,3.78
Elan de Fureur,Rampage Momentum,4,6,0.67,67%,15.0,10.0,60,2,7.5,5.0,5.0,3.33
Chasseresse d'Âmes,Huntress of Souls,3,6,0.5,50%,19.0,9.5,57,1,19.0,9.5,9.5,4.75
Enchaînement Éclair,Unstoppable Lightning,3,6,0.5,50%,18.0,9.0,54,1,18.0,9.0,9.0,4.5
Parchemin Secret,Secret Scroll,3,6,0.5,50%,18.0,9.0,54,2,9.0,4.5,6.0,3.0
Épée Obscure,Swords of Darkness,3,6,0.5,50%,17.0,8.5,51,1,17.0,8.5,8.5,4.25
Griffes Démoniaques,Demon Claws,3,6,0.5,50%,17.0,8.5,51,1,17.0,8.5,8.5,4.25
Faux Assoiffées,Thirsty Scythes,2,6,0.33,33%,25.0,8.33,50,3,8.33,2.78,6.25,2.08
Armure d'Immortel,Immortal Breastplate,3,6,0.5,50%,14.0,7.0,42,1,14.0,7.0,7.0,3.5
Aura Légendaire,Legend Aura,1,6,0.17,17%,40.0,6.67,40,3,13.33,2.22,10.0,1.67
Esprit de l'Écuyer,Spirit of the Squire,6,6,1.0,100%,6.0,6.0,36,3,2.0,2.0,1.5,1.5
Marteau Collecteur,Collecting Hammer,3,6,0.5,50%,12.0,6.0,36,2,6.0,3.0,4.0,2.0
Sabre Versatile,Versatil Saber,3,6,0.5,50%,11.0,5.5,33,1,11.0,5.5,5.5,2.75
Danse Macabre,Dance of Death,4,6,0.67,67%,8.0,5.33,32,1,8.0,5.33,4.0,2.67
Aveuglement,Incapacitor,6,6,1.0,100%,5.0,5.0,30,3,1.67,1.67,1.25,1.25
Triple Météore,Trimeteor,1,6,0.17,17%,30.0,5.0,30,0,Gratuit,Gratuit,30.0,5.0
Hache Frénétique,Berseker Ax,2,6,0.33,33%,14.0,4.67,28,2,7.0,2.33,4.67,1.56
Totem du Gardien,Guardian Totem,6,6,1.0,100%,4.33,4.33,26,3,1.44,1.44,1.08,1.08
Couronne du Roi Nain,Crown of the Dwarf King,2,6,0.33,33%,13.0,4.33,26,0,Gratuit,Gratuit,13.0,4.33
Explosion Arcanique,Arcane Explosive,2,6,0.33,33%,12.0,4.0,24,1,12.0,4.0,6.0,2.0
Désintégrateur Magnétique,Magnetic Disintegrator,2,6,0.33,33%,11.0,3.67,22,0,Gratuit,Gratuit,11.0,3.67
Pillard Féroce,Savage Looter,1,6,0.17,17%,20.0,3.33,20,1,20.0,3.33,10.0,1.67
Tombeau Rocheux,Rock Tomb,2,6,0.33,33%,10.0,3.33,20,1,10.0,3.33,5.0,1.67
Assistance Divine,Sacred Help,1,6,0.17,17%,20.0,3.33,20,2,10.0,1.67,6.67,1.11
Mental d'Acier,Steel Aura,1,6,0.17,17%,18.0,3.0,18,2,9.0,1.5,6.0,1.0
Marteleur précis,Precise Hammer,1,6,0.17,17%,18.0,3.0,18,1,18.0,3.0,9.0,1.5
Adrénaline Arcanique,Arcane Adrenaline,1,6,0.17,17%,16.0,2.67,16,1,16.0,2.67,8.0,1.33
Chasseur d'Âmes,Soul Hunter,1,6,0.17,17%,15.0,2.5,15,1,15.0,2.5,7.5,1.25
Masse Colossale,Colossal Mace,1,6,0.17,17%,11.0,1.83,11,0,Gratuit,Gratuit,11.0,1.83
Force Divine,Divine Impetu,1,6,0.17,17%,11.0,1.83,11,0,Gratuit,Gratuit,11.0,1.83
Griffes Sauvages,Wild Claw,4,6,0.67,67%,2.5,1.67,10,3,0.83,0.56,0.62,0.42
Épé Sainte,Holy Sword,1,6,0.17,17%,10.0,1.67,10,0,Gratuit,Gratuit,10.0,1.67
Œil de Lynx,Hawk's Eye,1,6,0.17,17%,8.0,1.33,8,0,Gratuit,Gratuit,8.0,1.33
