,Nom Anglais,nb games valide,total games,ratio,%,pts moy,pts moy total,total point,cout,pts par cout moy,pts par cout total,pts par cout moy+1,pts par cout total+1
Armure d'Obsidienne,Obsidian Battle Plate,10,11,0.91,91%,20.0,18.18,200,2,10.0,9.09,6.67,6.06
Faux,Scythe,11,11,1.0,100%,17.73,17.73,195,3,5.91,5.91,4.43,4.43
Totem Équivalent,Equivalent Totem,11,11,1.0,100%,17.18,17.18,189,2,8.59,8.59,5.73,5.73
Gantelet Impérieux,Imperious Gauntlet,6,11,0.55,55%,30.0,16.36,180,1,30.0,16.36,15.0,8.18
Ascension Divine,Divine Ascent,7,11,0.64,64%,25.0,15.91,175,3,8.33,5.3,6.25,3.98
Lame Affutée,Sharp Blade,11,11,1.0,100%,13.36,13.36,147,3,4.45,4.45,3.34,3.34
Lame Insatiable,Fast Furious Blade,8,11,0.73,73%,16.0,11.64,128,2,8.0,5.82,5.33,3.88
Faux Assoiffées,Thirsty Scythes,5,11,0.45,45%,25.0,11.36,125,3,8.33,3.79,6.25,2.84
Faux Parfaite,Perfect Scythe,8,11,0.73,73%,15.0,10.91,120,0,Gratuit,Gratuit,15.0,10.91
Économe Sagesse du Trésorier,Treasurer's Wisdom,7,11,0.64,64%,17.0,10.82,119,2,8.5,5.41,5.67,3.61
Elan de Fureur,Rampage Momentum,6,11,0.55,55%,15.0,8.18,90,2,7.5,4.09,5.0,2.73
Armure d'Immortel,Immortal Breastplate,6,11,0.55,55%,14.67,8.0,88,1,14.67,8.0,7.33,4.0
Chasseresse d'Âmes,Huntress of Souls,4,11,0.36,36%,19.0,6.91,76,1,19.0,6.91,9.5,3.46
Marteau Collecteur,Collecting Hammer,6,11,0.55,55%,12.17,6.64,73,2,6.08,3.32,4.06,2.21
Enchaînement Éclair,Unstoppable Lightning,4,11,0.36,36%,18.0,6.55,72,1,18.0,6.55,9.0,3.27
Parchemin Secret,Secret Scroll,4,11,0.36,36%,18.0,6.55,72,2,9.0,3.27,6.0,2.18
Hache Frénétique,Berseker Ax,5,11,0.45,45%,14.0,6.36,70,2,7.0,3.18,4.67,2.12
Esprit de l'Écuyer,Spirit of the Squire,10,11,0.91,91%,6.9,6.27,69,3,2.3,2.09,1.73,1.57
Griffes Démoniaques,Demon Claws,4,11,0.36,36%,17.0,6.18,68,1,17.0,6.18,8.5,3.09
Épée Obscure,Swords of Darkness,4,11,0.36,36%,17.0,6.18,68,1,17.0,6.18,8.5,3.09
Sabre Versatile,Versatil Saber,6,11,0.55,55%,11.0,6.0,66,1,11.0,6.0,5.5,3.0
Aveuglement,Incapacitor,10,11,0.91,91%,5.7,5.18,57,3,1.9,1.73,1.43,1.29
Danse Macabre,Dance of Death,7,11,0.64,64%,8.0,5.09,56,1,8.0,5.09,4.0,2.54
Totem du Gardien,Guardian Totem,11,11,1.0,100%,4.64,4.64,51,3,1.55,1.55,1.16,1.16
Chasseur d'Âmes,Soul Hunter,3,11,0.27,27%,16.67,4.55,50,1,16.67,4.55,8.34,2.27
Soif de Sang,Thirsty Dagger,3,11,0.27,27%,15.0,4.09,45,0,Gratuit,Gratuit,15.0,4.09
Désintégrateur Magnétique,Magnetic Disintegrator,4,11,0.36,36%,11.0,4.0,44,0,Gratuit,Gratuit,11.0,4.0
Aura Légendaire,Legend Aura,1,11,0.09,9%,40.0,3.64,40,3,13.33,1.21,10.0,0.91
Tombeau Rocheux,Rock Tomb,4,11,0.36,36%,10.0,3.64,40,1,10.0,3.64,5.0,1.82
Marteleur précis,Precise Hammer,2,11,0.18,18%,18.0,3.27,36,1,18.0,3.27,9.0,1.64
Adrénaline Arcanique,Arcane Adrenaline,2,11,0.18,18%,16.0,2.91,32,1,16.0,2.91,8.0,1.46
Triple Météore,Trimeteor,1,11,0.09,9%,30.0,2.73,30,0,Gratuit,Gratuit,30.0,2.73
Couronne du Roi Nain,Crown of the Dwarf King,2,11,0.18,18%,13.0,2.36,26,0,Gratuit,Gratuit,13.0,2.36
Explosion Arcanique,Arcane Explosive,2,11,0.18,18%,12.0,2.18,24,1,12.0,2.18,6.0,1.09
Épé Sainte,Holy Sword,2,11,0.18,18%,10.0,1.82,20,0,Gratuit,Gratuit,10.0,1.82
Pillard Féroce,Savage Looter,1,11,0.09,9%,20.0,1.82,20,1,20.0,1.82,10.0,0.91
Assistance Divine,Sacred Help,1,11,0.09,9%,20.0,1.82,20,2,10.0,0.91,6.67,0.61
Griffes Sauvages,Wild Claw,7,11,0.64,64%,2.57,1.64,18,3,0.86,0.55,0.64,0.41
Mental d'Acier,Steel Aura,1,11,0.09,9%,18.0,1.64,18,2,9.0,0.82,6.0,0.55
Œil de Lynx,Hawk's Eye,2,11,0.18,18%,8.0,1.45,16,0,Gratuit,Gratuit,8.0,1.45
Force Divine,Divine Impetu,1,11,0.09,9%,11.0,1.0,11,0,Gratuit,Gratuit,11.0,1.0
Masse Colossale,Colossal Mace,1,11,0.09,9%,11.0,1.0,11,0,Gratuit,Gratuit,11.0,1.0
Coup de Mort,Death Helper,1,11,0.09,9%,10.0,0.91,10,1,10.0,0.91,5.0,0.46
