,Nom Anglais,nb games valide,total games,ratio,%,pts moy,pts moy total,total point,cout,pts par cout moy,pts par cout total
Ascension Divine,Divine Ascent,2,2,1.0,100%,25.0,25.0,50,3,8.33,8.33
Faux,Scythe,2,2,1.0,100%,20.0,20.0,40,3,6.67,6.67
Totem Équivalent,Equivalent Totem,2,2,1.0,100%,18.0,18.0,36,1,18.0,18.0
Économe Sagesse du Trésorier,Treasurer's Wisdom,2,2,1.0,100%,17.0,17.0,34,2,8.5,8.5
Gantelet Impérieux,Imperious Gauntlet,1,2,0.5,50%,30.0,15.0,30,1,30.0,15.0
Lame Affutée,Sharp Blade,2,2,1.0,100%,13.5,13.5,27,3,4.5,4.5
Faux Assoiffées,Thirsty Scythes,1,2,0.5,50%,25.0,12.5,25,3,8.33,4.17
Armure d'Obsidienne,Obsidian Battle Plate,1,2,0.5,50%,20.0,10.0,20,2,10.0,5.0
Assistance Divine,Sacred Help,1,2,0.5,50%,20.0,10.0,20,2,10.0,5.0
Chasseresse d'Âmes,Huntress of Souls,1,2,0.5,50%,19.0,9.5,19,1,19.0,9.5
Marteau Collecteur,Collecting Hammer,1,2,0.5,50%,18.0,9.0,18,2,9.0,4.5
Parchemin Secret,Secret Scroll,1,2,0.5,50%,18.0,9.0,18,2,9.0,4.5
Enchaînement Éclair,Unstoppable Lightning,1,2,0.5,50%,18.0,9.0,18,1,18.0,9.0
Marteleur précis,Precise Hammer,1,2,0.5,50%,18.0,9.0,18,1,18.0,9.0
Griffes Démoniaques,Demon Claws,1,2,0.5,50%,17.0,8.5,17,1,17.0,8.5
Épée Obscure,Swords of Darkness,1,2,0.5,50%,17.0,8.5,17,1,17.0,8.5
Lame Insatiable,Fast Furious Blade,1,2,0.5,50%,16.0,8.0,16,2,8.0,4.0
Elan de Fureur,Rampage Momentum,1,2,0.5,50%,15.0,7.5,15,2,7.5,3.75
Chasseur d'Âmes,Soul Hunter,1,2,0.5,50%,15.0,7.5,15,1,15.0,7.5
Faux Parfaite,Perfect Scythe,1,2,0.5,50%,15.0,7.5,15,0,Gratuit,Gratuit
Hache Frénétique,Berseker Ax,1,2,0.5,50%,14.0,7.0,14,2,7.0,3.5
Armure d'Immortel,Immortal Breastplate,1,2,0.5,50%,14.0,7.0,14,1,14.0,7.0
Couronne du Roi Nain,Crown of the Dwarf King,1,2,0.5,50%,13.0,6.5,13,0,Gratuit,Gratuit
Explosion Arcanique,Arcane Explosive,1,2,0.5,50%,12.0,6.0,12,1,12.0,6.0
Esprit de l'Écuyer,Spirit of the Squire,2,2,1.0,100%,6.0,6.0,12,3,2.0,2.0
Aveuglement,Incapacitor,2,2,1.0,100%,6.0,6.0,12,3,2.0,2.0
Sabre Versatile,Versatil Saber,1,2,0.5,50%,11.0,5.5,11,1,11.0,5.5
Totem du Gardien,Guardian Totem,2,2,1.0,100%,5.5,5.5,11,3,1.83,1.83
Force Divine,Divine Impetu,1,2,0.5,50%,11.0,5.5,11,0,Gratuit,Gratuit
Désintégrateur Magnétique,Magnetic Disintegrator,1,2,0.5,50%,11.0,5.5,11,0,Gratuit,Gratuit
Masse Colossale,Colossal Mace,1,2,0.5,50%,11.0,5.5,11,0,Gratuit,Gratuit
Tombeau Rocheux,Rock Tomb,1,2,0.5,50%,10.0,5.0,10,1,10.0,5.0
Œil de Lynx,Hawk's Eye,1,2,0.5,50%,8.0,4.0,8,0,Gratuit,Gratuit
Danse Macabre,Dance of Death,1,2,0.5,50%,8.0,4.0,8,1,8.0,4.0
Griffes Sauvages,Wild Claw,1,2,0.5,50%,5.0,2.5,5,3,1.67,0.83
