,Nom Anglais,nb games valide,total games,ratio,%,pts moy,pts moy total,total point,cout,pts par cout moy,pts par cout total
Gantelet Impérieux,Imperious Gauntlet,3,4,0.75,75%,30.0,22.5,90,1,30.0,22.5
Ascension Divine,Divine Ascent,3,4,0.75,75%,25.0,18.75,75,3,8.33,6.25
Faux,Scythe,4,4,1.0,100%,18.5,18.5,74,3,6.17,6.17
Totem Équivalent,Equivalent Totem,4,4,1.0,100%,17.5,17.5,70,1,17.5,17.5
Armure d'Obsidienne,Obsidian Battle Plate,3,4,0.75,75%,20.0,15.0,60,2,10.0,7.5
Économe Sagesse du Trésorier,Treasurer's Wisdom,3,4,0.75,75%,17.0,12.75,51,2,8.5,6.38
Faux Assoiffées,Thirsty Scythes,2,4,0.5,50%,25.0,12.5,50,3,8.33,4.17
Lame Insatiable,Fast Furious Blade,3,4,0.75,75%,16.0,12.0,48,2,8.0,6.0
Lame Affutée,Sharp Blade,4,4,1.0,100%,12.0,12.0,48,3,4.0,4.0
Faux Parfaite,Perfect Scythe,3,4,0.75,75%,15.0,11.25,45,0,Gratuit,Gratuit
Chasseresse d'Âmes,Huntress of Souls,2,4,0.5,50%,19.0,9.5,38,1,19.0,9.5
Enchaînement Éclair,Unstoppable Lightning,2,4,0.5,50%,18.0,9.0,36,1,18.0,9.0
Parchemin Secret,Secret Scroll,2,4,0.5,50%,18.0,9.0,36,2,9.0,4.5
Griffes Démoniaques,Demon Claws,2,4,0.5,50%,17.0,8.5,34,1,17.0,8.5
Elan de Fureur,Rampage Momentum,2,4,0.5,50%,15.0,7.5,30,2,7.5,3.75
Hache Frénétique,Berseker Ax,2,4,0.5,50%,14.0,7.0,28,2,7.0,3.5
Armure d'Immortel,Immortal Breastplate,2,4,0.5,50%,14.0,7.0,28,1,14.0,7.0
Explosion Arcanique,Arcane Explosive,2,4,0.5,50%,12.0,6.0,24,1,12.0,6.0
Aveuglement,Incapacitor,4,4,1.0,100%,6.0,6.0,24,3,2.0,2.0
Esprit de l'Écuyer,Spirit of the Squire,4,4,1.0,100%,6.0,6.0,24,3,2.0,2.0
Sabre Versatile,Versatil Saber,2,4,0.5,50%,11.0,5.5,22,1,11.0,5.5
Assistance Divine,Sacred Help,1,4,0.25,25%,20.0,5.0,20,2,10.0,2.5
Pillard Féroce,Savage Looter,1,4,0.25,25%,20.0,5.0,20,1,20.0,5.0
Totem du Gardien,Guardian Totem,4,4,1.0,100%,4.75,4.75,19,3,1.58,1.58
Marteleur précis,Precise Hammer,1,4,0.25,25%,18.0,4.5,18,1,18.0,4.5
Marteau Collecteur,Collecting Hammer,1,4,0.25,25%,18.0,4.5,18,2,9.0,2.25
Épée Obscure,Swords of Darkness,1,4,0.25,25%,17.0,4.25,17,1,17.0,4.25
Adrénaline Arcanique,Arcane Adrenaline,1,4,0.25,25%,16.0,4.0,16,1,16.0,4.0
Danse Macabre,Dance of Death,2,4,0.5,50%,8.0,4.0,16,1,8.0,4.0
Chasseur d'Âmes,Soul Hunter,1,4,0.25,25%,15.0,3.75,15,1,15.0,3.75
Couronne du Roi Nain,Crown of the Dwarf King,1,4,0.25,25%,13.0,3.25,13,0,Gratuit,Gratuit
Force Divine,Divine Impetu,1,4,0.25,25%,11.0,2.75,11,0,Gratuit,Gratuit
Désintégrateur Magnétique,Magnetic Disintegrator,1,4,0.25,25%,11.0,2.75,11,0,Gratuit,Gratuit
Masse Colossale,Colossal Mace,1,4,0.25,25%,11.0,2.75,11,0,Gratuit,Gratuit
Tombeau Rocheux,Rock Tomb,1,4,0.25,25%,10.0,2.5,10,1,10.0,2.5
Griffes Sauvages,Wild Claw,3,4,0.75,75%,3.0,2.25,9,3,1.0,0.75
Œil de Lynx,Hawk's Eye,1,4,0.25,25%,8.0,2.0,8,0,Gratuit,Gratuit
