,Nom Anglais,nb games valide,total games,ratio,%,pts moy,pts moy total,total point,cout,pts par cout moy,pts par cout total,pts par cout moy+1,pts par cout total+1
Marteau Collecteur,Collecting Hammer,3,3,1.0,100%,18.67,18.67,56,2,9.34,9.34,6.22,6.22
Totem Équivalent,Equivalent Totem,3,3,1.0,100%,15.33,15.33,46,3,5.11,5.11,3.83,3.83
Armure d'Obsidienne,Obsidian Battle Plate,2,3,0.67,67%,20.0,13.33,40,2,10.0,6.67,6.67,4.44
Sabre Versatile,Versatil Saber,2,3,0.67,67%,18.0,12.0,36,1,18.0,12.0,9.0,6.0
Faux,Scythe,3,3,1.0,100%,12.0,12.0,36,3,4.0,4.0,3.0,3.0
Lame Affutée,Sharp Blade,3,3,1.0,100%,11.0,11.0,33,3,3.67,3.67,2.75,2.75
Danse Macabre,Dance of Death,3,3,1.0,100%,10.0,10.0,30,1,10.0,10.0,5.0,5.0
Gantelet Impérieux,Imperious Gauntlet,1,3,0.33,33%,22.0,7.33,22,1,22.0,7.33,11.0,3.67
Esprit de l'Écuyer,Spirit of the Squire,3,3,1.0,100%,7.0,7.0,21,3,2.33,2.33,1.75,1.75
Armure d'Immortel,Immortal Breastplate,1,3,0.33,33%,20.0,6.67,20,1,20.0,6.67,10.0,3.33
Chasseur d'Âmes,Soul Hunter,1,3,0.33,33%,20.0,6.67,20,1,20.0,6.67,10.0,3.33
Hache Frénétique,Berseker Ax,1,3,0.33,33%,16.0,5.33,16,2,8.0,2.67,5.33,1.78
Adrénaline Arcanique,Arcane Adrenaline,1,3,0.33,33%,16.0,5.33,16,1,16.0,5.33,8.0,2.67
Elan de Fureur,Rampage Momentum,1,3,0.33,33%,15.0,5.0,15,1,15.0,5.0,7.5,2.5
Faux Parfaite,Perfect Scythe,1,3,0.33,33%,15.0,5.0,15,0,Gratuit,Gratuit,15.0,5.0
Explosion Arcanique,Arcane Explosive,1,3,0.33,33%,12.0,4.0,12,1,12.0,4.0,6.0,2.0
Aveuglement,Incapacitor,3,3,1.0,100%,4.0,4.0,12,3,1.33,1.33,1.0,1.0
Totem du Gardien,Guardian Totem,3,3,1.0,100%,3.67,3.67,11,3,1.22,1.22,0.92,0.92
Griffes Sauvages,Wild Claw,1,3,0.33,33%,1.0,0.33,1,3,0.33,0.11,0.25,0.08
