,Nom Anglais,nb games valide,total games,ratio,%,pts moy,pts moy total,total point,cout,pts par cout moy,pts par cout total,pts par cout moy+1,pts par cout total+1
Gantelet Impérieux,Imperious Gauntlet,6,8,0.75,75%,30.0,22.5,180,1,30.0,22.5,15.0,11.25
Ascension Divine,Divine Ascent,6,8,0.75,75%,25.0,18.75,150,3,8.33,6.25,6.25,4.69
Faux,Scythe,8,8,1.0,100%,18.12,18.12,145,3,6.04,6.04,4.53,4.53
Armure d'Obsidienne,Obsidian Battle Plate,7,8,0.88,88%,20.0,17.5,140,2,10.0,8.75,6.67,5.83
Totem Équivalent,Equivalent Totem,8,8,1.0,100%,17.5,17.5,140,2,8.75,8.75,5.83,5.83
Lame Affutée,Sharp Blade,8,8,1.0,100%,13.5,13.5,108,3,4.5,4.5,3.38,3.38
Faux Parfaite,Perfect Scythe,7,8,0.88,88%,15.0,13.12,105,0,Gratuit,Gratuit,15.0,13.12
Économe Sagesse du Trésorier,Treasurer's Wisdom,6,8,0.75,75%,17.0,12.75,102,2,8.5,6.38,5.67,4.25
Faux Assoiffées,Thirsty Scythes,4,8,0.5,50%,25.0,12.5,100,3,8.33,4.17,6.25,3.12
Lame Insatiable,Fast Furious Blade,6,8,0.75,75%,16.0,12.0,96,2,8.0,6.0,5.33,4.0
Chasseresse d'Âmes,Huntress of Souls,4,8,0.5,50%,19.0,9.5,76,1,19.0,9.5,9.5,4.75
Parchemin Secret,Secret Scroll,4,8,0.5,50%,18.0,9.0,72,2,9.0,4.5,6.0,3.0
Épée Obscure,Swords of Darkness,4,8,0.5,50%,17.0,8.5,68,1,17.0,8.5,8.5,4.25
Griffes Démoniaques,Demon Claws,4,8,0.5,50%,17.0,8.5,68,1,17.0,8.5,8.5,4.25
Marteau Collecteur,Collecting Hammer,5,8,0.62,62%,13.2,8.25,66,2,6.6,4.12,4.4,2.75
Elan de Fureur,Rampage Momentum,4,8,0.5,50%,15.0,7.5,60,2,7.5,3.75,5.0,2.5
Esprit de l'Écuyer,Spirit of the Squire,8,8,1.0,100%,7.5,7.5,60,3,2.5,2.5,1.88,1.88
Armure d'Immortel,Immortal Breastplate,4,8,0.5,50%,14.0,7.0,56,1,14.0,7.0,7.0,3.5
Hache Frénétique,Berseker Ax,4,8,0.5,50%,14.0,7.0,56,2,7.0,3.5,4.67,2.33
Enchaînement Éclair,Unstoppable Lightning,3,8,0.38,38%,18.0,6.75,54,1,18.0,6.75,9.0,3.38
Aveuglement,Incapacitor,8,8,1.0,100%,5.62,5.62,45,3,1.87,1.87,1.41,1.41
Sabre Versatile,Versatil Saber,4,8,0.5,50%,11.0,5.5,44,1,11.0,5.5,5.5,2.75
Aura Légendaire,Legend Aura,1,8,0.12,12%,40.0,5.0,40,3,13.33,1.67,10.0,1.25
Tombeau Rocheux,Rock Tomb,4,8,0.5,50%,10.0,5.0,40,1,10.0,5.0,5.0,2.5
Danse Macabre,Dance of Death,5,8,0.62,62%,8.0,5.0,40,1,8.0,5.0,4.0,2.5
Totem du Gardien,Guardian Totem,8,8,1.0,100%,4.62,4.62,37,3,1.54,1.54,1.16,1.16
Marteleur précis,Precise Hammer,2,8,0.25,25%,18.0,4.5,36,1,18.0,4.5,9.0,2.25
Désintégrateur Magnétique,Magnetic Disintegrator,3,8,0.38,38%,11.0,4.12,33,0,Gratuit,Gratuit,11.0,4.12
Adrénaline Arcanique,Arcane Adrenaline,2,8,0.25,25%,16.0,4.0,32,1,16.0,4.0,8.0,2.0
Chasseur d'Âmes,Soul Hunter,2,8,0.25,25%,15.0,3.75,30,1,15.0,3.75,7.5,1.88
Triple Météore,Trimeteor,1,8,0.12,12%,30.0,3.75,30,0,Gratuit,Gratuit,30.0,3.75
Couronne du Roi Nain,Crown of the Dwarf King,2,8,0.25,25%,13.0,3.25,26,0,Gratuit,Gratuit,13.0,3.25
Explosion Arcanique,Arcane Explosive,2,8,0.25,25%,12.0,3.0,24,1,12.0,3.0,6.0,1.5
Pillard Féroce,Savage Looter,1,8,0.12,12%,20.0,2.5,20,1,20.0,2.5,10.0,1.25
Assistance Divine,Sacred Help,1,8,0.12,12%,20.0,2.5,20,2,10.0,1.25,6.67,0.83
Mental d'Acier,Steel Aura,1,8,0.12,12%,18.0,2.25,18,2,9.0,1.12,6.0,0.75
Griffes Sauvages,Wild Claw,6,8,0.75,75%,2.83,2.12,17,3,0.94,0.71,0.71,0.53
Œil de Lynx,Hawk's Eye,2,8,0.25,25%,8.0,2.0,16,0,Gratuit,Gratuit,8.0,2.0
Soif de Sang,Thirsty Dagger,1,8,0.12,12%,15.0,1.88,15,0,Gratuit,Gratuit,15.0,1.88
Masse Colossale,Colossal Mace,1,8,0.12,12%,11.0,1.38,11,0,Gratuit,Gratuit,11.0,1.38
Force Divine,Divine Impetu,1,8,0.12,12%,11.0,1.38,11,0,Gratuit,Gratuit,11.0,1.38
Coup de Mort,Death Helper,1,8,0.12,12%,10.0,1.25,10,1,10.0,1.25,5.0,0.62
Épé Sainte,Holy Sword,1,8,0.12,12%,10.0,1.25,10,0,Gratuit,Gratuit,10.0,1.25
