,Nom Anglais,nb games valide,total games,ratio,%,pts moy,pts moy total,total point,cout,pts par cout moy,pts par cout total,pts par cout moy+1,pts par cout total+1
Gantelet Impérieux,Imperious Gauntlet,6,9,0.67,67%,30.0,20.0,180,1,30.0,20.0,15.0,10.0
Ascension Divine,Divine Ascent,7,9,0.78,78%,25.0,19.44,175,3,8.33,6.48,6.25,4.86
Faux,Scythe,9,9,1.0,100%,18.89,18.89,170,3,6.3,6.3,4.72,4.72
Armure d'Obsidienne,Obsidian Battle Plate,8,9,0.89,89%,20.0,17.78,160,2,10.0,8.89,6.67,5.93
Totem Équivalent,Equivalent Totem,9,9,1.0,100%,17.56,17.56,158,2,8.78,8.78,5.85,5.85
Faux Assoiffées,Thirsty Scythes,5,9,0.56,56%,25.0,13.89,125,3,8.33,4.63,6.25,3.47
Faux Parfaite,Perfect Scythe,8,9,0.89,89%,15.0,13.33,120,0,Gratuit,Gratuit,15.0,13.33
Économe Sagesse du Trésorier,Treasurer's Wisdom,7,9,0.78,78%,17.0,13.22,119,2,8.5,6.61,5.67,4.41
Lame Affutée,Sharp Blade,9,9,1.0,100%,13.0,13.0,117,3,4.33,4.33,3.25,3.25
Lame Insatiable,Fast Furious Blade,7,9,0.78,78%,16.0,12.44,112,2,8.0,6.22,5.33,4.15
Chasseresse d'Âmes,Huntress of Souls,4,9,0.44,44%,19.0,8.44,76,1,19.0,8.44,9.5,4.22
Parchemin Secret,Secret Scroll,4,9,0.44,44%,18.0,8.0,72,2,9.0,4.0,6.0,2.67
Armure d'Immortel,Immortal Breastplate,5,9,0.56,56%,14.0,7.78,70,1,14.0,7.78,7.0,3.89
Hache Frénétique,Berseker Ax,5,9,0.56,56%,14.0,7.78,70,2,7.0,3.89,4.67,2.59
Griffes Démoniaques,Demon Claws,4,9,0.44,44%,17.0,7.56,68,1,17.0,7.56,8.5,3.78
Épée Obscure,Swords of Darkness,4,9,0.44,44%,17.0,7.56,68,1,17.0,7.56,8.5,3.78
Marteau Collecteur,Collecting Hammer,5,9,0.56,56%,13.2,7.33,66,2,6.6,3.67,4.4,2.44
Esprit de l'Écuyer,Spirit of the Squire,9,9,1.0,100%,7.33,7.33,66,3,2.44,2.44,1.83,1.83
Elan de Fureur,Rampage Momentum,4,9,0.44,44%,15.0,6.67,60,2,7.5,3.33,5.0,2.22
Sabre Versatile,Versatil Saber,5,9,0.56,56%,11.0,6.11,55,1,11.0,6.11,5.5,3.06
Enchaînement Éclair,Unstoppable Lightning,3,9,0.33,33%,18.0,6.0,54,1,18.0,6.0,9.0,3.0
Aveuglement,Incapacitor,9,9,1.0,100%,6.0,6.0,54,3,2.0,2.0,1.5,1.5
Totem du Gardien,Guardian Totem,9,9,1.0,100%,5.0,5.0,45,3,1.67,1.67,1.25,1.25
Danse Macabre,Dance of Death,5,9,0.56,56%,8.0,4.44,40,1,8.0,4.44,4.0,2.22
Aura Légendaire,Legend Aura,1,9,0.11,11%,40.0,4.44,40,3,13.33,1.48,10.0,1.11
Tombeau Rocheux,Rock Tomb,4,9,0.44,44%,10.0,4.44,40,1,10.0,4.44,5.0,2.22
Marteleur précis,Precise Hammer,2,9,0.22,22%,18.0,4.0,36,1,18.0,4.0,9.0,2.0
Désintégrateur Magnétique,Magnetic Disintegrator,3,9,0.33,33%,11.0,3.67,33,0,Gratuit,Gratuit,11.0,3.67
Adrénaline Arcanique,Arcane Adrenaline,2,9,0.22,22%,16.0,3.56,32,1,16.0,3.56,8.0,1.78
Triple Météore,Trimeteor,1,9,0.11,11%,30.0,3.33,30,0,Gratuit,Gratuit,30.0,3.33
Chasseur d'Âmes,Soul Hunter,2,9,0.22,22%,15.0,3.33,30,1,15.0,3.33,7.5,1.67
Couronne du Roi Nain,Crown of the Dwarf King,2,9,0.22,22%,13.0,2.89,26,0,Gratuit,Gratuit,13.0,2.89
Explosion Arcanique,Arcane Explosive,2,9,0.22,22%,12.0,2.67,24,1,12.0,2.67,6.0,1.33
Pillard Féroce,Savage Looter,1,9,0.11,11%,20.0,2.22,20,1,20.0,2.22,10.0,1.11
Assistance Divine,Sacred Help,1,9,0.11,11%,20.0,2.22,20,2,10.0,1.11,6.67,0.74
Mental d'Acier,Steel Aura,1,9,0.11,11%,18.0,2.0,18,2,9.0,1.0,6.0,0.67
Griffes Sauvages,Wild Claw,6,9,0.67,67%,2.83,1.89,17,3,0.94,0.63,0.71,0.47
Œil de Lynx,Hawk's Eye,2,9,0.22,22%,8.0,1.78,16,0,Gratuit,Gratuit,8.0,1.78
Soif de Sang,Thirsty Dagger,1,9,0.11,11%,15.0,1.67,15,0,Gratuit,Gratuit,15.0,1.67
Force Divine,Divine Impetu,1,9,0.11,11%,11.0,1.22,11,0,Gratuit,Gratuit,11.0,1.22
Masse Colossale,Colossal Mace,1,9,0.11,11%,11.0,1.22,11,0,Gratuit,Gratuit,11.0,1.22
Coup de Mort,Death Helper,1,9,0.11,11%,10.0,1.11,10,1,10.0,1.11,5.0,0.56
Épé Sainte,Holy Sword,1,9,0.11,11%,10.0,1.11,10,0,Gratuit,Gratuit,10.0,1.11
