,Nom Anglais,nb games valide,total games,ratio,%,pts moy,pts moy total,total point,cout,pts par cout moy,pts par cout total,pts par cout moy+1,pts par cout total+1
Totem Équivalent,Equivalent Totem,18,18,1.0,100%,16.44,16.44,296,2,8.22,8.22,5.48,5.48
Faux,Scythe,18,18,1.0,100%,15.5,15.5,279,3,5.17,5.17,3.88,3.88
Hache Frénétique,Berseker Ax,14,18,0.78,78%,14.0,10.89,196,2,7.0,5.45,4.67,3.63
Faux Parfaite,Perfect Scythe,11,18,0.61,61%,15.0,9.17,165,0,Gratuit,Gratuit,15.0,9.17
Lame Affutée,Sharp Blade,16,18,0.89,89%,10.31,9.17,165,3,3.44,3.06,2.58,2.29
Économe Sagesse du Trésorier,Treasurer's Wisdom,9,18,0.5,50%,17.0,8.5,153,2,8.5,4.25,5.67,2.83
Gantelet Impérieux,Imperious Gauntlet,5,18,0.28,28%,30.0,8.33,150,1,30.0,8.33,15.0,4.17
Faux Assoiffées,Thirsty Scythes,6,18,0.33,33%,25.0,8.33,150,3,8.33,2.78,6.25,2.08
Armure d'Obsidienne,Obsidian Battle Plate,7,18,0.39,39%,20.0,7.78,140,2,10.0,3.89,6.67,2.59
Lame Insatiable,Fast Furious Blade,8,18,0.44,44%,16.0,7.11,128,2,8.0,3.56,5.33,2.37
Ascension Divine,Divine Ascent,5,18,0.28,28%,25.0,6.94,125,3,8.33,2.31,6.25,1.74
Adrénaline Arcanique,Arcane Adrenaline,7,18,0.39,39%,16.0,6.22,112,1,16.0,6.22,8.0,3.11
Esprit de l'Écuyer,Spirit of the Squire,15,18,0.83,83%,7.0,5.83,105,3,2.33,1.94,1.75,1.46
Aveuglement,Incapacitor,16,18,0.89,89%,6.38,5.67,102,3,2.13,1.89,1.59,1.42
Marteau Collecteur,Collecting Hammer,7,18,0.39,39%,12.43,4.83,87,2,6.21,2.42,4.14,1.61
Tombeau Rocheux,Rock Tomb,8,18,0.44,44%,10.0,4.44,80,1,10.0,4.44,5.0,2.22
Elan de Fureur,Rampage Momentum,5,18,0.28,28%,15.0,4.17,75,2,7.5,2.08,5.0,1.39
Explosion Arcanique,Arcane Explosive,6,18,0.33,33%,12.0,4.0,72,1,12.0,4.0,6.0,2.0
Esprit Guerrier,Spirit of the Warrior,4,18,0.22,22%,16.0,3.56,64,1,16.0,3.56,8.0,1.78
Soif de Sang,Thirsty Dagger,4,18,0.22,22%,15.0,3.33,60,0,Gratuit,Gratuit,15.0,3.33
Danse Macabre,Dance of Death,7,18,0.39,39%,8.0,3.11,56,1,8.0,3.11,4.0,1.55
Esprit omniprésent,Omnipresent Spirit,3,18,0.17,17%,18.0,3.0,54,2,9.0,1.5,6.0,1.0
Parchemin Secret,Secret Scroll,3,18,0.17,17%,18.0,3.0,54,2,9.0,1.5,6.0,1.0
Enchaînement Éclair,Unstoppable Lightning,3,18,0.17,17%,18.0,3.0,54,1,18.0,3.0,9.0,1.5
Totem du Gardien,Guardian Totem,13,18,0.72,72%,4.0,2.89,52,3,1.33,0.96,1.0,0.72
Épée Obscure,Swords of Darkness,3,18,0.17,17%,17.0,2.83,51,1,17.0,2.83,8.5,1.42
Griffes Sauvages,Wild Claw,16,18,0.89,89%,2.81,2.5,45,3,0.94,0.83,0.7,0.62
Chasseur d'Âmes,Soul Hunter,2,18,0.11,11%,20.0,2.22,40,1,20.0,2.22,10.0,1.11
Pillard Féroce,Savage Looter,2,18,0.11,11%,20.0,2.22,40,1,20.0,2.22,10.0,1.11
Couronne du Roi Nain,Crown of the Dwarf King,3,18,0.17,17%,13.0,2.17,39,0,Gratuit,Gratuit,13.0,2.17
Chasseresse d'Âmes,Huntress of Souls,2,18,0.11,11%,19.0,2.11,38,1,19.0,2.11,9.5,1.05
Marteleur précis,Precise Hammer,2,18,0.11,11%,18.0,2.0,36,1,18.0,2.0,9.0,1.0
Griffes Démoniaques,Demon Claws,2,18,0.11,11%,17.0,1.89,34,1,17.0,1.89,8.5,0.94
Désintégrateur Magnétique,Magnetic Disintegrator,3,18,0.17,17%,11.0,1.83,33,0,Gratuit,Gratuit,11.0,1.83
Armure d'Immortel,Immortal Breastplate,2,18,0.11,11%,16.0,1.78,32,1,16.0,1.78,8.0,0.89
Épé Sainte,Holy Sword,3,18,0.17,17%,10.0,1.67,30,0,Gratuit,Gratuit,10.0,1.67
Triple Météore,Trimeteor,1,18,0.06,6%,30.0,1.67,30,0,Gratuit,Gratuit,30.0,1.67
Masse Colossale,Colossal Mace,2,18,0.11,11%,13.0,1.44,26,0,Gratuit,Gratuit,13.0,1.44
Coup de Mort,Death Helper,2,18,0.11,11%,11.5,1.28,23,1,11.5,1.28,5.75,0.64
Sabre Versatile,Versatil Saber,2,18,0.11,11%,11.0,1.22,22,1,11.0,1.22,5.5,0.61
Assistance Divine,Sacred Help,1,18,0.06,6%,20.0,1.11,20,2,10.0,0.56,6.67,0.37
Œil de Lynx,Hawk's Eye,2,18,0.11,11%,10.0,1.11,20,0,Gratuit,Gratuit,10.0,1.11
Force Divine,Divine Impetu,1,18,0.06,6%,15.0,0.83,15,0,Gratuit,Gratuit,15.0,0.83
Bâton du Conquérant,Staff of Conquered Worlds,1,18,0.06,6%,11.0,0.61,11,0,Gratuit,Gratuit,11.0,0.61
Amulette Omnisciente,Omnipresent Amulet,1,18,0.06,6%,11.0,0.61,11,0,Gratuit,Gratuit,11.0,0.61
