,Nom Anglais,nb games valide,total games,ratio,%,pts moy,pts moy total,total point,cout,pts par cout moy,pts par cout total,pts par cout moy+1,pts par cout total+1
Totem Équivalent,Equivalent Totem,7,7,1.0,100%,16.29,16.29,114,2,8.14,8.14,5.43,5.43
Faux,Scythe,7,7,1.0,100%,15.43,15.43,108,3,5.14,5.14,3.86,3.86
Faux Parfaite,Perfect Scythe,6,7,0.86,86%,15.0,12.86,90,0,Gratuit,Gratuit,15.0,12.86
Hache Frénétique,Berseker Ax,6,7,0.86,86%,14.0,12.0,84,2,7.0,6.0,4.67,4.0
Armure d'Obsidienne,Obsidian Battle Plate,4,7,0.57,57%,20.0,11.43,80,2,10.0,5.71,6.67,3.81
Adrénaline Arcanique,Arcane Adrenaline,5,7,0.71,71%,16.0,11.43,80,1,16.0,11.43,8.0,5.71
Lame Insatiable,Fast Furious Blade,4,7,0.57,57%,16.0,9.14,64,2,8.0,4.57,5.33,3.05
Lame Affutée,Sharp Blade,6,7,0.86,86%,10.0,8.57,60,3,3.33,2.86,2.5,2.14
Gantelet Impérieux,Imperious Gauntlet,2,7,0.29,29%,30.0,8.57,60,1,30.0,8.57,15.0,4.29
Économe Sagesse du Trésorier,Treasurer's Wisdom,3,7,0.43,43%,17.0,7.29,51,2,8.5,3.65,5.67,2.43
Faux Assoiffées,Thirsty Scythes,2,7,0.29,29%,25.0,7.14,50,3,8.33,2.38,6.25,1.78
Ascension Divine,Divine Ascent,2,7,0.29,29%,25.0,7.14,50,3,8.33,2.38,6.25,1.78
Esprit de l'Écuyer,Spirit of the Squire,6,7,0.86,86%,8.0,6.86,48,3,2.67,2.29,2.0,1.72
Aveuglement,Incapacitor,7,7,1.0,100%,5.57,5.57,39,3,1.86,1.86,1.39,1.39
Parchemin Secret,Secret Scroll,2,7,0.29,29%,18.0,5.14,36,2,9.0,2.57,6.0,1.71
Esprit omniprésent,Omnipresent Spirit,2,7,0.29,29%,18.0,5.14,36,2,9.0,2.57,6.0,1.71
Soif de Sang,Thirsty Dagger,2,7,0.29,29%,15.0,4.29,30,0,Gratuit,Gratuit,15.0,4.29
Tombeau Rocheux,Rock Tomb,3,7,0.43,43%,10.0,4.29,30,1,10.0,4.29,5.0,2.15
Totem du Gardien,Guardian Totem,7,7,1.0,100%,3.86,3.86,27,3,1.29,1.29,0.96,0.96
Marteau Collecteur,Collecting Hammer,3,7,0.43,43%,8.0,3.43,24,2,4.0,1.72,2.67,1.14
Explosion Arcanique,Arcane Explosive,2,7,0.29,29%,12.0,3.43,24,1,12.0,3.43,6.0,1.72
Pillard Féroce,Savage Looter,1,7,0.14,14%,20.0,2.86,20,1,20.0,2.86,10.0,1.43
Chasseresse d'Âmes,Huntress of Souls,1,7,0.14,14%,19.0,2.71,19,1,19.0,2.71,9.5,1.35
Enchaînement Éclair,Unstoppable Lightning,1,7,0.14,14%,18.0,2.57,18,1,18.0,2.57,9.0,1.28
Marteleur précis,Precise Hammer,1,7,0.14,14%,18.0,2.57,18,1,18.0,2.57,9.0,1.28
Griffes Sauvages,Wild Claw,6,7,0.86,86%,2.83,2.43,17,3,0.94,0.81,0.71,0.61
Griffes Démoniaques,Demon Claws,1,7,0.14,14%,17.0,2.43,17,1,17.0,2.43,8.5,1.22
Épée Obscure,Swords of Darkness,1,7,0.14,14%,17.0,2.43,17,1,17.0,2.43,8.5,1.22
Danse Macabre,Dance of Death,2,7,0.29,29%,8.0,2.29,16,1,8.0,2.29,4.0,1.15
Elan de Fureur,Rampage Momentum,1,7,0.14,14%,15.0,2.14,15,2,7.5,1.07,5.0,0.71
Couronne du Roi Nain,Crown of the Dwarf King,1,7,0.14,14%,13.0,1.86,13,0,Gratuit,Gratuit,13.0,1.86
Masse Colossale,Colossal Mace,1,7,0.14,14%,11.0,1.57,11,0,Gratuit,Gratuit,11.0,1.57
Amulette Omnisciente,Omnipresent Amulet,1,7,0.14,14%,11.0,1.57,11,0,Gratuit,Gratuit,11.0,1.57
Sabre Versatile,Versatil Saber,1,7,0.14,14%,11.0,1.57,11,1,11.0,1.57,5.5,0.79
Désintégrateur Magnétique,Magnetic Disintegrator,1,7,0.14,14%,11.0,1.57,11,0,Gratuit,Gratuit,11.0,1.57
Épé Sainte,Holy Sword,1,7,0.14,14%,10.0,1.43,10,0,Gratuit,Gratuit,10.0,1.43
Coup de Mort,Death Helper,1,7,0.14,14%,10.0,1.43,10,1,10.0,1.43,5.0,0.71
