,Nom Anglais,nb games valide,total games,ratio,%,pts moy,pts moy total,total point,cout,pts par cout moy,pts par cout total,pts par cout moy+1,pts par cout total+1
Totem Équivalent,Equivalent Totem,8,8,1.0,100%,16.38,16.38,131,2,8.19,8.19,5.46,5.46
Faux,Scythe,8,8,1.0,100%,15.5,15.5,124,3,5.17,5.17,3.88,3.88
Faux Parfaite,Perfect Scythe,7,8,0.88,88%,15.0,13.12,105,0,Gratuit,Gratuit,15.0,13.12
Hache Frénétique,Berseker Ax,7,8,0.88,88%,14.0,12.25,98,2,7.0,6.12,4.67,4.08
Adrénaline Arcanique,Arcane Adrenaline,6,8,0.75,75%,16.0,12.0,96,1,16.0,12.0,8.0,6.0
Gantelet Impérieux,Imperious Gauntlet,3,8,0.38,38%,30.0,11.25,90,1,30.0,11.25,15.0,5.62
Armure d'Obsidienne,Obsidian Battle Plate,4,8,0.5,50%,20.0,10.0,80,2,10.0,5.0,6.67,3.33
Lame Affutée,Sharp Blade,7,8,0.88,88%,9.43,8.25,66,3,3.14,2.75,2.36,2.06
Lame Insatiable,Fast Furious Blade,4,8,0.5,50%,16.0,8.0,64,2,8.0,4.0,5.33,2.67
Esprit de l'Écuyer,Spirit of the Squire,7,8,0.88,88%,8.14,7.12,57,3,2.71,2.37,2.04,1.78
Économe Sagesse du Trésorier,Treasurer's Wisdom,3,8,0.38,38%,17.0,6.38,51,2,8.5,3.19,5.67,2.13
Ascension Divine,Divine Ascent,2,8,0.25,25%,25.0,6.25,50,3,8.33,2.08,6.25,1.56
Faux Assoiffées,Thirsty Scythes,2,8,0.25,25%,25.0,6.25,50,3,8.33,2.08,6.25,1.56
Aveuglement,Incapacitor,7,8,0.88,88%,5.57,4.88,39,3,1.86,1.63,1.39,1.22
Esprit omniprésent,Omnipresent Spirit,2,8,0.25,25%,18.0,4.5,36,2,9.0,2.25,6.0,1.5
Parchemin Secret,Secret Scroll,2,8,0.25,25%,18.0,4.5,36,2,9.0,2.25,6.0,1.5
Totem du Gardien,Guardian Totem,8,8,1.0,100%,3.88,3.88,31,3,1.29,1.29,0.97,0.97
Tombeau Rocheux,Rock Tomb,3,8,0.38,38%,10.0,3.75,30,1,10.0,3.75,5.0,1.88
Soif de Sang,Thirsty Dagger,2,8,0.25,25%,15.0,3.75,30,0,Gratuit,Gratuit,15.0,3.75
Marteau Collecteur,Collecting Hammer,3,8,0.38,38%,8.0,3.0,24,2,4.0,1.5,2.67,1.0
Explosion Arcanique,Arcane Explosive,2,8,0.25,25%,12.0,3.0,24,1,12.0,3.0,6.0,1.5
Pillard Féroce,Savage Looter,1,8,0.12,12%,20.0,2.5,20,1,20.0,2.5,10.0,1.25
Griffes Sauvages,Wild Claw,7,8,0.88,88%,2.86,2.5,20,3,0.95,0.83,0.71,0.62
Chasseresse d'Âmes,Huntress of Souls,1,8,0.12,12%,19.0,2.38,19,1,19.0,2.38,9.5,1.19
Enchaînement Éclair,Unstoppable Lightning,1,8,0.12,12%,18.0,2.25,18,1,18.0,2.25,9.0,1.12
Marteleur précis,Precise Hammer,1,8,0.12,12%,18.0,2.25,18,1,18.0,2.25,9.0,1.12
Griffes Démoniaques,Demon Claws,1,8,0.12,12%,17.0,2.12,17,1,17.0,2.12,8.5,1.06
Épée Obscure,Swords of Darkness,1,8,0.12,12%,17.0,2.12,17,1,17.0,2.12,8.5,1.06
Danse Macabre,Dance of Death,2,8,0.25,25%,8.0,2.0,16,1,8.0,2.0,4.0,1.0
Elan de Fureur,Rampage Momentum,1,8,0.12,12%,15.0,1.88,15,2,7.5,0.94,5.0,0.63
Couronne du Roi Nain,Crown of the Dwarf King,1,8,0.12,12%,13.0,1.62,13,0,Gratuit,Gratuit,13.0,1.62
Masse Colossale,Colossal Mace,1,8,0.12,12%,11.0,1.38,11,0,Gratuit,Gratuit,11.0,1.38
Amulette Omnisciente,Omnipresent Amulet,1,8,0.12,12%,11.0,1.38,11,0,Gratuit,Gratuit,11.0,1.38
Sabre Versatile,Versatil Saber,1,8,0.12,12%,11.0,1.38,11,1,11.0,1.38,5.5,0.69
Désintégrateur Magnétique,Magnetic Disintegrator,1,8,0.12,12%,11.0,1.38,11,0,Gratuit,Gratuit,11.0,1.38
Épé Sainte,Holy Sword,1,8,0.12,12%,10.0,1.25,10,0,Gratuit,Gratuit,10.0,1.25
Coup de Mort,Death Helper,1,8,0.12,12%,10.0,1.25,10,1,10.0,1.25,5.0,0.62
