,Nom Anglais,nb games valide,total games,ratio,%,pts moy,pts moy total,total point,cout,pts par cout moy,pts par cout total,pts par cout moy+1,pts par cout total+1
Totem Équivalent,Equivalent Totem,17,17,1.0,100%,16.41,16.41,279,2,8.21,8.21,5.47,5.47
Faux,Scythe,17,17,1.0,100%,15.41,15.41,262,3,5.14,5.14,3.85,3.85
Hache Frénétique,Berseker Ax,13,17,0.76,76%,14.0,10.71,182,2,7.0,5.36,4.67,3.57
Lame Affutée,Sharp Blade,15,17,0.88,88%,10.2,9.0,153,3,3.4,3.0,2.55,2.25
Faux Parfaite,Perfect Scythe,10,17,0.59,59%,15.0,8.82,150,0,Gratuit,Gratuit,15.0,8.82
Armure d'Obsidienne,Obsidian Battle Plate,7,17,0.41,41%,20.0,8.24,140,2,10.0,4.12,6.67,2.75
Économe Sagesse du Trésorier,Treasurer's Wisdom,8,17,0.47,47%,17.0,8.0,136,2,8.5,4.0,5.67,2.67
Ascension Divine,Divine Ascent,5,17,0.29,29%,25.0,7.35,125,3,8.33,2.45,6.25,1.84
Faux Assoiffées,Thirsty Scythes,5,17,0.29,29%,25.0,7.35,125,3,8.33,2.45,6.25,1.84
Gantelet Impérieux,Imperious Gauntlet,4,17,0.24,24%,30.0,7.06,120,1,30.0,7.06,15.0,3.53
Lame Insatiable,Fast Furious Blade,7,17,0.41,41%,16.0,6.59,112,2,8.0,3.29,5.33,2.2
Adrénaline Arcanique,Arcane Adrenaline,7,17,0.41,41%,16.0,6.59,112,1,16.0,6.59,8.0,3.29
Esprit de l'Écuyer,Spirit of the Squire,14,17,0.82,82%,7.29,6.0,102,3,2.43,2.0,1.82,1.5
Aveuglement,Incapacitor,15,17,0.88,88%,6.2,5.47,93,3,2.07,1.82,1.55,1.37
Tombeau Rocheux,Rock Tomb,7,17,0.41,41%,10.0,4.12,70,1,10.0,4.12,5.0,2.06
Esprit Guerrier,Spirit of the Warrior,4,17,0.24,24%,16.0,3.76,64,1,16.0,3.76,8.0,1.88
Elan de Fureur,Rampage Momentum,4,17,0.24,24%,15.0,3.53,60,2,7.5,1.76,5.0,1.18
Soif de Sang,Thirsty Dagger,4,17,0.24,24%,15.0,3.53,60,0,Gratuit,Gratuit,15.0,3.53
Explosion Arcanique,Arcane Explosive,5,17,0.29,29%,12.0,3.53,60,1,12.0,3.53,6.0,1.76
Marteau Collecteur,Collecting Hammer,6,17,0.35,35%,9.83,3.47,59,2,4.92,1.74,3.28,1.16
Enchaînement Éclair,Unstoppable Lightning,3,17,0.18,18%,18.0,3.18,54,1,18.0,3.18,9.0,1.59
Esprit omniprésent,Omnipresent Spirit,3,17,0.18,18%,18.0,3.18,54,2,9.0,1.59,6.0,1.06
Parchemin Secret,Secret Scroll,3,17,0.18,18%,18.0,3.18,54,2,9.0,1.59,6.0,1.06
Épée Obscure,Swords of Darkness,3,17,0.18,18%,17.0,3.0,51,1,17.0,3.0,8.5,1.5
Danse Macabre,Dance of Death,6,17,0.35,35%,8.0,2.82,48,1,8.0,2.82,4.0,1.41
Totem du Gardien,Guardian Totem,12,17,0.71,71%,3.83,2.71,46,3,1.28,0.9,0.96,0.68
Griffes Sauvages,Wild Claw,15,17,0.88,88%,2.87,2.53,43,3,0.96,0.84,0.72,0.63
Pillard Féroce,Savage Looter,2,17,0.12,12%,20.0,2.35,40,1,20.0,2.35,10.0,1.18
Couronne du Roi Nain,Crown of the Dwarf King,3,17,0.18,18%,13.0,2.29,39,0,Gratuit,Gratuit,13.0,2.29
Chasseresse d'Âmes,Huntress of Souls,2,17,0.12,12%,19.0,2.24,38,1,19.0,2.24,9.5,1.12
Griffes Démoniaques,Demon Claws,2,17,0.12,12%,17.0,2.0,34,1,17.0,2.0,8.5,1.0
Désintégrateur Magnétique,Magnetic Disintegrator,3,17,0.18,18%,11.0,1.94,33,0,Gratuit,Gratuit,11.0,1.94
Armure d'Immortel,Immortal Breastplate,2,17,0.12,12%,16.0,1.88,32,1,16.0,1.88,8.0,0.94
Épé Sainte,Holy Sword,3,17,0.18,18%,10.0,1.76,30,0,Gratuit,Gratuit,10.0,1.76
Triple Météore,Trimeteor,1,17,0.06,6%,30.0,1.76,30,0,Gratuit,Gratuit,30.0,1.76
Masse Colossale,Colossal Mace,2,17,0.12,12%,13.0,1.53,26,0,Gratuit,Gratuit,13.0,1.53
Coup de Mort,Death Helper,2,17,0.12,12%,11.5,1.35,23,1,11.5,1.35,5.75,0.68
Sabre Versatile,Versatil Saber,2,17,0.12,12%,11.0,1.29,22,1,11.0,1.29,5.5,0.65
Chasseur d'Âmes,Soul Hunter,1,17,0.06,6%,20.0,1.18,20,1,20.0,1.18,10.0,0.59
Assistance Divine,Sacred Help,1,17,0.06,6%,20.0,1.18,20,2,10.0,0.59,6.67,0.39
Marteleur précis,Precise Hammer,1,17,0.06,6%,18.0,1.06,18,1,18.0,1.06,9.0,0.53
Force Divine,Divine Impetu,1,17,0.06,6%,15.0,0.88,15,0,Gratuit,Gratuit,15.0,0.88
Bâton du Conquérant,Staff of Conquered Worlds,1,17,0.06,6%,11.0,0.65,11,0,Gratuit,Gratuit,11.0,0.65
Amulette Omnisciente,Omnipresent Amulet,1,17,0.06,6%,11.0,0.65,11,0,Gratuit,Gratuit,11.0,0.65
Œil de Lynx,Hawk's Eye,1,17,0.06,6%,10.0,0.59,10,0,Gratuit,Gratuit,10.0,0.59
