,Nom Anglais,nb games valide,total games,ratio,%,pts moy,pts moy total,total point,cout,pts par cout moy,pts par cout total,pts par cout moy+1,pts par cout total+1
Totem Équivalent,Equivalent Totem,16,16,1.0,100%,16.31,16.31,261,2,8.15,8.15,5.44,5.44
Faux,Scythe,16,16,1.0,100%,15.31,15.31,245,3,5.1,5.1,3.83,3.83
Hache Frénétique,Berseker Ax,12,16,0.75,75%,14.0,10.5,168,2,7.0,5.25,4.67,3.5
Faux Parfaite,Perfect Scythe,10,16,0.62,62%,15.0,9.38,150,0,Gratuit,Gratuit,15.0,9.38
Armure d'Obsidienne,Obsidian Battle Plate,7,16,0.44,44%,20.0,8.75,140,2,10.0,4.38,6.67,2.92
Lame Affutée,Sharp Blade,14,16,0.88,88%,9.86,8.62,138,3,3.29,2.87,2.46,2.15
Faux Assoiffées,Thirsty Scythes,5,16,0.31,31%,25.0,7.81,125,3,8.33,2.6,6.25,1.95
Gantelet Impérieux,Imperious Gauntlet,4,16,0.25,25%,30.0,7.5,120,1,30.0,7.5,15.0,3.75
Économe Sagesse du Trésorier,Treasurer's Wisdom,7,16,0.44,44%,17.0,7.44,119,2,8.5,3.72,5.67,2.48
Lame Insatiable,Fast Furious Blade,7,16,0.44,44%,16.0,7.0,112,2,8.0,3.5,5.33,2.33
Adrénaline Arcanique,Arcane Adrenaline,7,16,0.44,44%,16.0,7.0,112,1,16.0,7.0,8.0,3.5
Ascension Divine,Divine Ascent,4,16,0.25,25%,25.0,6.25,100,3,8.33,2.08,6.25,1.56
Esprit de l'Écuyer,Spirit of the Squire,13,16,0.81,81%,7.38,6.0,96,3,2.46,2.0,1.84,1.5
Aveuglement,Incapacitor,14,16,0.88,88%,6.21,5.44,87,3,2.07,1.81,1.55,1.36
Tombeau Rocheux,Rock Tomb,7,16,0.44,44%,10.0,4.38,70,1,10.0,4.38,5.0,2.19
Esprit Guerrier,Spirit of the Warrior,4,16,0.25,25%,16.0,4.0,64,1,16.0,4.0,8.0,2.0
Soif de Sang,Thirsty Dagger,4,16,0.25,25%,15.0,3.75,60,0,Gratuit,Gratuit,15.0,3.75
Explosion Arcanique,Arcane Explosive,5,16,0.31,31%,12.0,3.75,60,1,12.0,3.75,6.0,1.88
Marteau Collecteur,Collecting Hammer,6,16,0.38,38%,9.83,3.69,59,2,4.92,1.84,3.28,1.23
Parchemin Secret,Secret Scroll,3,16,0.19,19%,18.0,3.38,54,2,9.0,1.69,6.0,1.13
Esprit omniprésent,Omnipresent Spirit,3,16,0.19,19%,18.0,3.38,54,2,9.0,1.69,6.0,1.13
Enchaînement Éclair,Unstoppable Lightning,3,16,0.19,19%,18.0,3.38,54,1,18.0,3.38,9.0,1.69
Elan de Fureur,Rampage Momentum,3,16,0.19,19%,15.0,2.81,45,2,7.5,1.41,5.0,0.94
Totem du Gardien,Guardian Totem,11,16,0.69,69%,3.82,2.62,42,3,1.27,0.87,0.95,0.66
Danse Macabre,Dance of Death,5,16,0.31,31%,8.0,2.5,40,1,8.0,2.5,4.0,1.25
Pillard Féroce,Savage Looter,2,16,0.12,12%,20.0,2.5,40,1,20.0,2.5,10.0,1.25
Griffes Sauvages,Wild Claw,14,16,0.88,88%,2.79,2.44,39,3,0.93,0.81,0.7,0.61
Couronne du Roi Nain,Crown of the Dwarf King,3,16,0.19,19%,13.0,2.44,39,0,Gratuit,Gratuit,13.0,2.44
Chasseresse d'Âmes,Huntress of Souls,2,16,0.12,12%,19.0,2.38,38,1,19.0,2.38,9.5,1.19
Griffes Démoniaques,Demon Claws,2,16,0.12,12%,17.0,2.12,34,1,17.0,2.12,8.5,1.06
Épée Obscure,Swords of Darkness,2,16,0.12,12%,17.0,2.12,34,1,17.0,2.12,8.5,1.06
Désintégrateur Magnétique,Magnetic Disintegrator,3,16,0.19,19%,11.0,2.06,33,0,Gratuit,Gratuit,11.0,2.06
Armure d'Immortel,Immortal Breastplate,2,16,0.12,12%,16.0,2.0,32,1,16.0,2.0,8.0,1.0
Épé Sainte,Holy Sword,3,16,0.19,19%,10.0,1.88,30,0,Gratuit,Gratuit,10.0,1.88
Masse Colossale,Colossal Mace,2,16,0.12,12%,13.0,1.62,26,0,Gratuit,Gratuit,13.0,1.62
Coup de Mort,Death Helper,2,16,0.12,12%,11.5,1.44,23,1,11.5,1.44,5.75,0.72
Sabre Versatile,Versatil Saber,2,16,0.12,12%,11.0,1.38,22,1,11.0,1.38,5.5,0.69
Assistance Divine,Sacred Help,1,16,0.06,6%,20.0,1.25,20,2,10.0,0.62,6.67,0.42
Chasseur d'Âmes,Soul Hunter,1,16,0.06,6%,20.0,1.25,20,1,20.0,1.25,10.0,0.62
Marteleur précis,Precise Hammer,1,16,0.06,6%,18.0,1.12,18,1,18.0,1.12,9.0,0.56
Force Divine,Divine Impetu,1,16,0.06,6%,15.0,0.94,15,0,Gratuit,Gratuit,15.0,0.94
Bâton du Conquérant,Staff of Conquered Worlds,1,16,0.06,6%,11.0,0.69,11,0,Gratuit,Gratuit,11.0,0.69
Amulette Omnisciente,Omnipresent Amulet,1,16,0.06,6%,11.0,0.69,11,0,Gratuit,Gratuit,11.0,0.69
Œil de Lynx,Hawk's Eye,1,16,0.06,6%,10.0,0.62,10,0,Gratuit,Gratuit,10.0,0.62
