,Nom Anglais,nb games valide,total games,ratio,%,pts moy,pts moy total,total point,cout,pts par cout moy,pts par cout total
Totem Équivalent,Equivalent Totem,5,5,1.0,100%,16.0,16.0,80,2,8.0,8.0
Faux,Scythe,5,5,1.0,100%,14.6,14.6,73,3,4.87,4.87
Faux Parfaite,Perfect Scythe,4,5,0.8,80%,15.0,12.0,60,0,Gratuit,Gratuit
Hache Frénétique,Berseker Ax,4,5,0.8,80%,14.0,11.2,56,2,7.0,5.6
Lame Affutée,Sharp Blade,4,5,0.8,80%,12.75,10.2,51,3,4.25,3.4
Adrénaline Arcanique,Arcane Adrenaline,3,5,0.6,60%,16.0,9.6,48,1,16.0,9.6
Armure d'Obsidienne,Obsidian Battle Plate,2,5,0.4,40%,20.0,8.0,40,2,10.0,4.0
Esprit de l'Écuyer,Spirit of the Squire,5,5,1.0,100%,7.8,7.8,39,3,2.6,2.6
Parchemin Secret,Secret Scroll,2,5,0.4,40%,18.0,7.2,36,2,9.0,3.6
Économe Sagesse du Trésorier,Treasurer's Wisdom,2,5,0.4,40%,17.0,6.8,34,2,8.5,3.4
Lame Insatiable,Fast Furious Blade,2,5,0.4,40%,16.0,6.4,32,2,8.0,3.2
Soif de Sang,Thirsty Dagger,2,5,0.4,40%,15.0,6.0,30,0,Gratuit,Gratuit
Gantelet Impérieux,Imperious Gauntlet,1,5,0.2,20%,30.0,6.0,30,1,30.0,6.0
Aveuglement,Incapacitor,5,5,1.0,100%,5.4,5.4,27,3,1.8,1.8
Ascension Divine,Divine Ascent,1,5,0.2,20%,25.0,5.0,25,3,8.33,1.67
Faux Assoiffées,Thirsty Scythes,1,5,0.2,20%,25.0,5.0,25,3,8.33,1.67
Explosion Arcanique,Arcane Explosive,2,5,0.4,40%,12.0,4.8,24,1,12.0,4.8
Tombeau Rocheux,Rock Tomb,2,5,0.4,40%,10.0,4.0,20,1,10.0,4.0
Pillard Féroce,Savage Looter,1,5,0.2,20%,20.0,4.0,20,1,20.0,4.0
Totem du Gardien,Guardian Totem,5,5,1.0,100%,3.8,3.8,19,3,1.27,1.27
Esprit omniprésent,Omnipresent Spirit,1,5,0.2,20%,18.0,3.6,18,2,9.0,1.8
Enchaînement Éclair,Unstoppable Lightning,1,5,0.2,20%,18.0,3.6,18,1,18.0,3.6
Marteau Collecteur,Collecting Hammer,2,5,0.4,40%,9.0,3.6,18,2,4.5,1.8
Marteleur précis,Precise Hammer,1,5,0.2,20%,18.0,3.6,18,1,18.0,3.6
Épée Obscure,Swords of Darkness,1,5,0.2,20%,17.0,3.4,17,1,17.0,3.4
Danse Macabre,Dance of Death,2,5,0.4,40%,8.0,3.2,16,1,8.0,3.2
Elan de Fureur,Rampage Momentum,1,5,0.2,20%,15.0,3.0,15,2,7.5,1.5
Couronne du Roi Nain,Crown of the Dwarf King,1,5,0.2,20%,13.0,2.6,13,0,Gratuit,Gratuit
Sabre Versatile,Versatil Saber,1,5,0.2,20%,11.0,2.2,11,1,11.0,2.2
Griffes Sauvages,Wild Claw,4,5,0.8,80%,2.75,2.2,11,3,0.92,0.73
Masse Colossale,Colossal Mace,1,5,0.2,20%,11.0,2.2,11,0,Gratuit,Gratuit
Amulette Omnisciente,Omnipresent Amulet,1,5,0.2,20%,11.0,2.2,11,0,Gratuit,Gratuit
Désintégrateur Magnétique,Magnetic Disintegrator,1,5,0.2,20%,11.0,2.2,11,0,Gratuit,Gratuit
Épé Sainte,Holy Sword,1,5,0.2,20%,10.0,2.0,10,0,Gratuit,Gratuit
Coup de Mort,Death Helper,1,5,0.2,20%,10.0,2.0,10,1,10.0,2.0
