,Nom Anglais,nb games valide,total games,ratio,%,pts moy,pts moy total,total point,cout,pts par cout moy,pts par cout total,pts par cout moy+1,pts par cout total+1
Totem Équivalent,Equivalent Totem,13,13,1.0,100%,16.46,16.46,214,2,8.23,8.23,5.49,5.49
Faux,Scythe,13,13,1.0,100%,14.69,14.69,191,3,4.9,4.9,3.67,3.67
Gantelet Impérieux,Imperious Gauntlet,5,13,0.38,38%,30.0,11.54,150,1,30.0,11.54,15.0,5.77
Faux Parfaite,Perfect Scythe,10,13,0.77,77%,15.0,11.54,150,0,Gratuit,Gratuit,15.0,11.54
Ascension Divine,Divine Ascent,5,13,0.38,38%,25.0,9.62,125,3,8.33,3.21,6.25,2.4
Économe Sagesse du Trésorier,Treasurer's Wisdom,7,13,0.54,54%,17.0,9.15,119,2,8.5,4.58,5.67,3.05
Faux Assoiffées,Thirsty Scythes,3,13,0.23,23%,25.0,5.77,75,3,8.33,1.92,6.25,1.44
Lame Affutée,Sharp Blade,11,13,0.85,85%,6.82,5.77,75,3,2.27,1.92,1.71,1.44
Hache Frénétique,Berseker Ax,5,13,0.38,38%,14.0,5.38,70,2,7.0,2.69,4.67,1.79
Esprit de l'Écuyer,Spirit of the Squire,10,13,0.77,77%,6.9,5.31,69,3,2.3,1.77,1.73,1.33
Aveuglement,Incapacitor,11,13,0.85,85%,5.73,4.85,63,3,1.91,1.62,1.43,1.21
Armure d'Obsidienne,Obsidian Battle Plate,3,13,0.23,23%,20.0,4.62,60,2,10.0,2.31,6.67,1.54
Totem du Gardien,Guardian Totem,11,13,0.85,85%,4.82,4.08,53,3,1.61,1.36,1.21,1.02
Lame Insatiable,Fast Furious Blade,3,13,0.23,23%,16.0,3.69,48,2,8.0,1.84,5.33,1.23
Esprit omniprésent,Omnipresent Spirit,2,13,0.15,15%,18.0,2.77,36,2,9.0,1.39,6.0,0.92
Épée Obscure,Swords of Darkness,2,13,0.15,15%,17.0,2.62,34,1,17.0,2.62,8.5,1.31
Soif de Sang,Thirsty Dagger,2,13,0.15,15%,15.0,2.31,30,0,Gratuit,Gratuit,15.0,2.31
Explosion Arcanique,Arcane Explosive,2,13,0.15,15%,12.0,1.85,24,1,12.0,1.85,6.0,0.93
Bâton de Conquête,Conquering Staff,1,13,0.08,8%,24.0,1.85,24,2,12.0,0.93,8.0,0.62
Désintégrateur Magnétique,Magnetic Disintegrator,2,13,0.15,15%,11.0,1.69,22,0,Gratuit,Gratuit,11.0,1.69
Adrénaline Arcanique,Arcane Adrenaline,1,13,0.08,8%,16.0,1.23,16,1,16.0,1.23,8.0,0.61
Chasseur d'Âmes,Soul Hunter,1,13,0.08,8%,15.0,1.15,15,1,15.0,1.15,7.5,0.57
Tombeau Rocheux,Rock Tomb,1,13,0.08,8%,10.0,0.77,10,1,10.0,0.77,5.0,0.39
Coup de Mort,Death Helper,1,13,0.08,8%,10.0,0.77,10,1,10.0,0.77,5.0,0.39
Œil de Lynx,Hawk's Eye,1,13,0.08,8%,8.0,0.62,8,0,Gratuit,Gratuit,8.0,0.62
Danse Macabre,Dance of Death,1,13,0.08,8%,8.0,0.62,8,1,8.0,0.62,4.0,0.31
Marteau Collecteur,Collecting Hammer,1,13,0.08,8%,7.0,0.54,7,2,3.5,0.27,2.33,0.18
Griffes Sauvages,Wild Claw,3,13,0.23,23%,1.33,0.31,4,3,0.44,0.1,0.33,0.08
