,Nom Anglais,nb games valide,total games,ratio,%,pts moy,pts moy total,total point,cout,pts par cout moy,pts par cout total,pts par cout moy+1,pts par cout total+1
Gantelet Impérieux,Imperious Gauntlet,5,6,0.83,83%,30.0,25.0,150,1,30.0,25.0,15.0,12.5
Totem Équivalent,Equivalent Totem,6,6,1.0,100%,16.83,16.83,101,2,8.41,8.41,5.61,5.61
Faux,Scythe,6,6,1.0,100%,15.33,15.33,92,3,5.11,5.11,3.83,3.83
Faux Parfaite,Perfect Scythe,5,6,0.83,83%,15.0,12.5,75,0,Gratuit,Gratuit,15.0,12.5
Économe Sagesse du Trésorier,Treasurer's Wisdom,4,6,0.67,67%,17.0,11.33,68,2,8.5,5.67,5.67,3.78
Faux Assoiffées,Thirsty Scythes,2,6,0.33,33%,25.0,8.33,50,3,8.33,2.78,6.25,2.08
Ascension Divine,Divine Ascent,2,6,0.33,33%,25.0,8.33,50,3,8.33,2.78,6.25,2.08
Esprit de l'Écuyer,Spirit of the Squire,4,6,0.67,67%,9.0,6.0,36,3,3.0,2.0,2.25,1.5
Aveuglement,Incapacitor,4,6,0.67,67%,8.25,5.5,33,3,2.75,1.83,2.06,1.38
Totem du Gardien,Guardian Totem,6,6,1.0,100%,5.5,5.5,33,3,1.83,1.83,1.38,1.38
Hache Frénétique,Berseker Ax,2,6,0.33,33%,14.0,4.67,28,2,7.0,2.33,4.67,1.56
Bâton de Conquête,Conquering Staff,1,6,0.17,17%,24.0,4.0,24,2,12.0,2.0,8.0,1.33
Armure d'Obsidienne,Obsidian Battle Plate,1,6,0.17,17%,20.0,3.33,20,2,10.0,1.67,6.67,1.11
Lame Affutée,Sharp Blade,5,6,0.83,83%,3.6,3.0,18,3,1.2,1.0,0.9,0.75
Lame Insatiable,Fast Furious Blade,1,6,0.17,17%,16.0,2.67,16,2,8.0,1.33,5.33,0.89
Soif de Sang,Thirsty Dagger,1,6,0.17,17%,15.0,2.5,15,0,Gratuit,Gratuit,15.0,2.5
Désintégrateur Magnétique,Magnetic Disintegrator,1,6,0.17,17%,11.0,1.83,11,0,Gratuit,Gratuit,11.0,1.83
Coup de Mort,Death Helper,1,6,0.17,17%,10.0,1.67,10,1,10.0,1.67,5.0,0.83
Œil de Lynx,Hawk's Eye,1,6,0.17,17%,8.0,1.33,8,0,Gratuit,Gratuit,8.0,1.33
Griffes Sauvages,Wild Claw,1,6,0.17,17%,1.0,0.17,1,3,0.33,0.06,0.25,0.04
