,Nom Anglais,nb games valide,total games,ratio,%,pts moy,pts moy total,total point,cout,pts par cout moy,pts par cout total,pts par cout moy+1,pts par cout total+1
Gantelet Impérieux,Imperious Gauntlet,5,9,0.56,56%,30.0,16.67,150,1,30.0,16.67,15.0,8.34
Totem Équivalent,Equivalent Totem,9,9,1.0,100%,16.56,16.56,149,2,8.28,8.28,5.52,5.52
Faux,Scythe,9,9,1.0,100%,14.89,14.89,134,3,4.96,4.96,3.72,3.72
Faux Parfaite,Perfect Scythe,8,9,0.89,89%,15.0,13.33,120,0,Gratuit,Gratuit,15.0,13.33
Économe Sagesse du Trésorier,Treasurer's Wisdom,5,9,0.56,56%,17.0,9.44,85,2,8.5,4.72,5.67,3.15
Ascension Divine,Divine Ascent,3,9,0.33,33%,25.0,8.33,75,3,8.33,2.78,6.25,2.08
Faux Assoiffées,Thirsty Scythes,2,9,0.22,22%,25.0,5.56,50,3,8.33,1.85,6.25,1.39
Lame Affutée,Sharp Blade,8,9,0.89,89%,6.0,5.33,48,3,2.0,1.78,1.5,1.33
Esprit de l'Écuyer,Spirit of the Squire,6,9,0.67,67%,8.0,5.33,48,3,2.67,1.78,2.0,1.33
Aveuglement,Incapacitor,7,9,0.78,78%,6.43,5.0,45,3,2.14,1.67,1.61,1.25
Hache Frénétique,Berseker Ax,3,9,0.33,33%,14.0,4.67,42,2,7.0,2.33,4.67,1.56
Totem du Gardien,Guardian Totem,9,9,1.0,100%,4.67,4.67,42,3,1.56,1.56,1.17,1.17
Esprit omniprésent,Omnipresent Spirit,2,9,0.22,22%,18.0,4.0,36,2,9.0,2.0,6.0,1.33
Épée Obscure,Swords of Darkness,2,9,0.22,22%,17.0,3.78,34,1,17.0,3.78,8.5,1.89
Lame Insatiable,Fast Furious Blade,2,9,0.22,22%,16.0,3.56,32,2,8.0,1.78,5.33,1.19
Bâton de Conquête,Conquering Staff,1,9,0.11,11%,24.0,2.67,24,2,12.0,1.33,8.0,0.89
Armure d'Obsidienne,Obsidian Battle Plate,1,9,0.11,11%,20.0,2.22,20,2,10.0,1.11,6.67,0.74
Soif de Sang,Thirsty Dagger,1,9,0.11,11%,15.0,1.67,15,0,Gratuit,Gratuit,15.0,1.67
Chasseur d'Âmes,Soul Hunter,1,9,0.11,11%,15.0,1.67,15,1,15.0,1.67,7.5,0.83
Désintégrateur Magnétique,Magnetic Disintegrator,1,9,0.11,11%,11.0,1.22,11,0,Gratuit,Gratuit,11.0,1.22
Coup de Mort,Death Helper,1,9,0.11,11%,10.0,1.11,10,1,10.0,1.11,5.0,0.56
Œil de Lynx,Hawk's Eye,1,9,0.11,11%,8.0,0.89,8,0,Gratuit,Gratuit,8.0,0.89
Danse Macabre,Dance of Death,1,9,0.11,11%,8.0,0.89,8,1,8.0,0.89,4.0,0.45
Griffes Sauvages,Wild Claw,2,9,0.22,22%,1.5,0.33,3,3,0.5,0.11,0.38,0.08
