,Nom Anglais,nb games valide,total games,ratio,%,pts moy,pts moy total,total point,cout,pts par cout moy,pts par cout total,pts par cout moy+1,pts par cout total+1
Totem Équivalent,Equivalent Totem,16,16,1.0,100%,16.69,16.69,267,2,8.35,8.35,5.56,5.56
Faux,Scythe,16,16,1.0,100%,14.88,14.88,238,3,4.96,4.96,3.72,3.72
Ascension Divine,Divine Ascent,7,16,0.44,44%,25.0,10.94,175,3,8.33,3.65,6.25,2.73
Faux Parfaite,Perfect Scythe,11,16,0.69,69%,15.0,10.31,165,0,Gratuit,Gratuit,15.0,10.31
Économe Sagesse du Trésorier,Treasurer's Wisdom,9,16,0.56,56%,17.0,9.56,153,2,8.5,4.78,5.67,3.19
Gantelet Impérieux,Imperious Gauntlet,5,16,0.31,31%,30.0,9.38,150,1,30.0,9.38,15.0,4.69
Lame Affutée,Sharp Blade,14,16,0.88,88%,8.79,7.69,123,3,2.93,2.56,2.2,1.92
Hache Frénétique,Berseker Ax,8,16,0.5,50%,14.0,7.0,112,2,7.0,3.5,4.67,2.33
Armure d'Obsidienne,Obsidian Battle Plate,5,16,0.31,31%,20.0,6.25,100,2,10.0,3.12,6.67,2.08
Faux Assoiffées,Thirsty Scythes,4,16,0.25,25%,25.0,6.25,100,3,8.33,2.08,6.25,1.56
Esprit de l'Écuyer,Spirit of the Squire,13,16,0.81,81%,7.62,6.19,99,3,2.54,2.06,1.91,1.55
Aveuglement,Incapacitor,14,16,0.88,88%,5.36,4.69,75,3,1.79,1.56,1.34,1.17
Épée Obscure,Swords of Darkness,4,16,0.25,25%,17.0,4.25,68,1,17.0,4.25,8.5,2.12
Explosion Arcanique,Arcane Explosive,5,16,0.31,31%,12.0,3.75,60,1,12.0,3.75,6.0,1.88
Triple Météore,Trimeteor,2,16,0.12,12%,30.0,3.75,60,0,Gratuit,Gratuit,30.0,3.75
Chasseur d'Âmes,Soul Hunter,3,16,0.19,19%,18.33,3.44,55,1,18.33,3.44,9.16,1.72
Totem du Gardien,Guardian Totem,11,16,0.69,69%,4.82,3.31,53,3,1.61,1.1,1.21,0.83
Lame Insatiable,Fast Furious Blade,3,16,0.19,19%,16.0,3.0,48,2,8.0,1.5,5.33,1.0
Tombeau Rocheux,Rock Tomb,4,16,0.25,25%,10.0,2.5,40,1,10.0,2.5,5.0,1.25
Parchemin Secret,Secret Scroll,2,16,0.12,12%,18.0,2.25,36,2,9.0,1.12,6.0,0.75
Esprit omniprésent,Omnipresent Spirit,2,16,0.12,12%,18.0,2.25,36,2,9.0,1.12,6.0,0.75
Coup de Mort,Death Helper,3,16,0.19,19%,12.0,2.25,36,1,12.0,2.25,6.0,1.12
Soif de Sang,Thirsty Dagger,2,16,0.12,12%,15.0,1.88,30,0,Gratuit,Gratuit,15.0,1.88
Elan de Fureur,Rampage Momentum,2,16,0.12,12%,15.0,1.88,30,2,7.5,0.94,5.0,0.63
Masse Colossale,Colossal Mace,2,16,0.12,12%,15.0,1.88,30,0,Gratuit,Gratuit,15.0,1.88
Bâton de Conquête,Conquering Staff,1,16,0.06,6%,24.0,1.5,24,2,12.0,0.75,8.0,0.5
Danse Macabre,Dance of Death,3,16,0.19,19%,8.0,1.5,24,1,8.0,1.5,4.0,0.75
Sabre Versatile,Versatil Saber,2,16,0.12,12%,11.0,1.38,22,1,11.0,1.38,5.5,0.69
Désintégrateur Magnétique,Magnetic Disintegrator,2,16,0.12,12%,11.0,1.38,22,0,Gratuit,Gratuit,11.0,1.38
Marteau Collecteur,Collecting Hammer,2,16,0.12,12%,10.5,1.31,21,2,5.25,0.66,3.5,0.44
Décharge Élémentaire,Elemental Discharge,1,16,0.06,6%,18.0,1.12,18,1,18.0,1.12,9.0,0.56
Enchaînement Éclair,Unstoppable Lightning,1,16,0.06,6%,18.0,1.12,18,1,18.0,1.12,9.0,0.56
Adrénaline Arcanique,Arcane Adrenaline,1,16,0.06,6%,16.0,1.0,16,1,16.0,1.0,8.0,0.5
Esprit Guerrier,Spirit of the Warrior,1,16,0.06,6%,16.0,1.0,16,1,16.0,1.0,8.0,0.5
Armure d'Immortel,Immortal Breastplate,1,16,0.06,6%,16.0,1.0,16,1,16.0,1.0,8.0,0.5
Force Divine,Divine Impetu,1,16,0.06,6%,15.0,0.94,15,0,Gratuit,Gratuit,15.0,0.94
Œil de Lynx,Hawk's Eye,1,16,0.06,6%,8.0,0.5,8,0,Gratuit,Gratuit,8.0,0.5
Griffes Sauvages,Wild Claw,5,16,0.31,31%,1.2,0.38,6,3,0.4,0.13,0.3,0.1
