,Nom Anglais,nb games valide,total games,ratio,%,pts moy,pts moy total,total point,cout,pts par cout moy,pts par cout total,pts par cout moy+1,pts par cout total+1
Gantelet Impérieux,Imperious Gauntlet,4,5,0.8,80%,30.0,24.0,120,1,30.0,24.0,15.0,12.0
Totem Équivalent,Equivalent Totem,5,5,1.0,100%,17.0,17.0,85,2,8.5,8.5,5.67,5.67
Faux,Scythe,5,5,1.0,100%,15.8,15.8,79,3,5.27,5.27,3.95,3.95
Faux Parfaite,Perfect Scythe,5,5,1.0,100%,15.0,15.0,75,0,Gratuit,Gratuit,15.0,15.0
Économe Sagesse du Trésorier,Treasurer's Wisdom,4,5,0.8,80%,17.0,13.6,68,2,8.5,6.8,5.67,4.53
Faux Assoiffées,Thirsty Scythes,2,5,0.4,40%,25.0,10.0,50,3,8.33,3.33,6.25,2.5
Ascension Divine,Divine Ascent,2,5,0.4,40%,25.0,10.0,50,3,8.33,3.33,6.25,2.5
Esprit de l'Écuyer,Spirit of the Squire,4,5,0.8,80%,9.0,7.2,36,3,3.0,2.4,2.25,1.8
Aveuglement,Incapacitor,4,5,0.8,80%,8.25,6.6,33,3,2.75,2.2,2.06,1.65
Totem du Gardien,Guardian Totem,5,5,1.0,100%,6.2,6.2,31,3,2.07,2.07,1.55,1.55
Hache Frénétique,Berseker Ax,2,5,0.4,40%,14.0,5.6,28,2,7.0,2.8,4.67,1.87
Bâton de Conquête,Conquering Staff,1,5,0.2,20%,24.0,4.8,24,2,12.0,2.4,8.0,1.6
Armure d'Obsidienne,Obsidian Battle Plate,1,5,0.2,20%,20.0,4.0,20,2,10.0,2.0,6.67,1.33
Lame Insatiable,Fast Furious Blade,1,5,0.2,20%,16.0,3.2,16,2,8.0,1.6,5.33,1.07
Lame Affutée,Sharp Blade,4,5,0.8,80%,3.75,3.0,15,3,1.25,1.0,0.94,0.75
Soif de Sang,Thirsty Dagger,1,5,0.2,20%,15.0,3.0,15,0,Gratuit,Gratuit,15.0,3.0
Désintégrateur Magnétique,Magnetic Disintegrator,1,5,0.2,20%,11.0,2.2,11,0,Gratuit,Gratuit,11.0,2.2
Coup de Mort,Death Helper,1,5,0.2,20%,10.0,2.0,10,1,10.0,2.0,5.0,1.0
Œil de Lynx,Hawk's Eye,1,5,0.2,20%,8.0,1.6,8,0,Gratuit,Gratuit,8.0,1.6
Griffes Sauvages,Wild Claw,1,5,0.2,20%,1.0,0.2,1,3,0.33,0.07,0.25,0.05
