,Nom Anglais,nb games valide,total games,ratio,%,pts moy,pts moy total,total point,cout,pts par cout moy,pts par cout total,pts par cout moy+1,pts par cout total+1
Totem Équivalent,Equivalent Totem,11,11,1.0,100%,16.45,16.45,181,2,8.22,8.22,5.48,5.48
Faux,Scythe,11,11,1.0,100%,14.73,14.73,162,3,4.91,4.91,3.68,3.68
Gantelet Impérieux,Imperious Gauntlet,5,11,0.45,45%,30.0,13.64,150,1,30.0,13.64,15.0,6.82
Faux Parfaite,Perfect Scythe,9,11,0.82,82%,15.0,12.27,135,0,Gratuit,Gratuit,15.0,12.27
Économe Sagesse du Trésorier,Treasurer's Wisdom,6,11,0.55,55%,17.0,9.27,102,2,8.5,4.63,5.67,3.09
Ascension Divine,Divine Ascent,4,11,0.36,36%,25.0,9.09,100,3,8.33,3.03,6.25,2.27
Lame Affutée,Sharp Blade,9,11,0.82,82%,6.33,5.18,57,3,2.11,1.73,1.58,1.29
Esprit de l'Écuyer,Spirit of the Squire,8,11,0.73,73%,7.12,5.18,57,3,2.37,1.73,1.78,1.29
Aveuglement,Incapacitor,9,11,0.82,82%,6.0,4.91,54,3,2.0,1.64,1.5,1.23
Totem du Gardien,Guardian Totem,11,11,1.0,100%,4.82,4.82,53,3,1.61,1.61,1.21,1.21
Faux Assoiffées,Thirsty Scythes,2,11,0.18,18%,25.0,4.55,50,3,8.33,1.52,6.25,1.14
Hache Frénétique,Berseker Ax,3,11,0.27,27%,14.0,3.82,42,2,7.0,1.91,4.67,1.27
Armure d'Obsidienne,Obsidian Battle Plate,2,11,0.18,18%,20.0,3.64,40,2,10.0,1.82,6.67,1.21
Esprit omniprésent,Omnipresent Spirit,2,11,0.18,18%,18.0,3.27,36,2,9.0,1.64,6.0,1.09
Épée Obscure,Swords of Darkness,2,11,0.18,18%,17.0,3.09,34,1,17.0,3.09,8.5,1.54
Lame Insatiable,Fast Furious Blade,2,11,0.18,18%,16.0,2.91,32,2,8.0,1.46,5.33,0.97
Bâton de Conquête,Conquering Staff,1,11,0.09,9%,24.0,2.18,24,2,12.0,1.09,8.0,0.73
Adrénaline Arcanique,Arcane Adrenaline,1,11,0.09,9%,16.0,1.45,16,1,16.0,1.45,8.0,0.72
Soif de Sang,Thirsty Dagger,1,11,0.09,9%,15.0,1.36,15,0,Gratuit,Gratuit,15.0,1.36
Chasseur d'Âmes,Soul Hunter,1,11,0.09,9%,15.0,1.36,15,1,15.0,1.36,7.5,0.68
Explosion Arcanique,Arcane Explosive,1,11,0.09,9%,12.0,1.09,12,1,12.0,1.09,6.0,0.55
Désintégrateur Magnétique,Magnetic Disintegrator,1,11,0.09,9%,11.0,1.0,11,0,Gratuit,Gratuit,11.0,1.0
Coup de Mort,Death Helper,1,11,0.09,9%,10.0,0.91,10,1,10.0,0.91,5.0,0.46
Œil de Lynx,Hawk's Eye,1,11,0.09,9%,8.0,0.73,8,0,Gratuit,Gratuit,8.0,0.73
Danse Macabre,Dance of Death,1,11,0.09,9%,8.0,0.73,8,1,8.0,0.73,4.0,0.36
Griffes Sauvages,Wild Claw,2,11,0.18,18%,1.5,0.27,3,3,0.5,0.09,0.38,0.07
