,Nom Anglais,nb games valide,total games,ratio,%,pts moy,pts moy total,total point,cout,pts par cout moy,pts par cout total,pts par cout moy+1,pts par cout total+1
Totem Équivalent,Equivalent Totem,8,8,1.0,100%,16.38,16.38,131,2,8.19,8.19,5.46,5.46
Faux,Scythe,8,8,1.0,100%,15.12,15.12,121,3,5.04,5.04,3.78,3.78
Armure d'Obsidienne,Obsidian Battle Plate,6,8,0.75,75%,20.0,15.0,120,2,10.0,7.5,6.67,5.0
Faux Parfaite,Perfect Scythe,8,8,1.0,100%,15.0,15.0,120,0,Gratuit,Gratuit,15.0,15.0
Gantelet Impérieux,Imperious Gauntlet,3,8,0.38,38%,30.0,11.25,90,1,30.0,11.25,15.0,5.62
Hache Frénétique,Berseker Ax,5,8,0.62,62%,14.0,8.75,70,2,7.0,4.38,4.67,2.92
Adrénaline Arcanique,Arcane Adrenaline,4,8,0.5,50%,16.0,8.0,64,1,16.0,8.0,8.0,4.0
Lame Affutée,Sharp Blade,6,8,0.75,75%,10.5,7.88,63,3,3.5,2.63,2.62,1.97
Épée Obscure,Swords of Darkness,3,8,0.38,38%,17.0,6.38,51,1,17.0,6.38,8.5,3.19
Économe Sagesse du Trésorier,Treasurer's Wisdom,3,8,0.38,38%,17.0,6.38,51,2,8.5,3.19,5.67,2.13
Faux Assoiffées,Thirsty Scythes,2,8,0.25,25%,25.0,6.25,50,3,8.33,2.08,6.25,1.56
Totem du Gardien,Guardian Totem,8,8,1.0,100%,4.75,4.75,38,3,1.58,1.58,1.19,1.19
Aveuglement,Incapacitor,7,8,0.88,88%,4.71,4.12,33,3,1.57,1.37,1.18,1.03
Lame Insatiable,Fast Furious Blade,2,8,0.25,25%,16.0,4.0,32,2,8.0,2.0,5.33,1.33
Esprit de l'Écuyer,Spirit of the Squire,5,8,0.62,62%,6.0,3.75,30,3,2.0,1.25,1.5,0.94
Triple Météore,Trimeteor,1,8,0.12,12%,30.0,3.75,30,0,Gratuit,Gratuit,30.0,3.75
Armure d'Immortel,Immortal Breastplate,2,8,0.25,25%,14.0,3.5,28,1,14.0,3.5,7.0,1.75
Ascension Divine,Divine Ascent,1,8,0.12,12%,25.0,3.12,25,3,8.33,1.04,6.25,0.78
Danse Macabre,Dance of Death,3,8,0.38,38%,8.0,3.0,24,1,8.0,3.0,4.0,1.5
Marteau Collecteur,Collecting Hammer,3,8,0.38,38%,8.0,3.0,24,2,4.0,1.5,2.67,1.0
Désintégrateur Magnétique,Magnetic Disintegrator,2,8,0.25,25%,11.0,2.75,22,0,Gratuit,Gratuit,11.0,2.75
Sabre Versatile,Versatil Saber,2,8,0.25,25%,11.0,2.75,22,1,11.0,2.75,5.5,1.38
Le Marionnettiste,The Puppeteer,1,8,0.12,12%,20.0,2.5,20,2,10.0,1.25,6.67,0.83
Enchaînement Éclair,Unstoppable Lightning,1,8,0.12,12%,18.0,2.25,18,1,18.0,2.25,9.0,1.12
Marteleur précis,Precise Hammer,1,8,0.12,12%,18.0,2.25,18,1,18.0,2.25,9.0,1.12
Elan de Fureur,Rampage Momentum,1,8,0.12,12%,15.0,1.88,15,2,7.5,0.94,5.0,0.63
Force Divine,Divine Impetu,1,8,0.12,12%,11.0,1.38,11,0,Gratuit,Gratuit,11.0,1.38
Épé Sainte,Holy Sword,1,8,0.12,12%,10.0,1.25,10,0,Gratuit,Gratuit,10.0,1.25
Œil de Lynx,Hawk's Eye,1,8,0.12,12%,8.0,1.0,8,0,Gratuit,Gratuit,8.0,1.0
