,Nom Anglais,nb games valide,total games,ratio,%,pts moy,pts moy total,total point,cout,pts par cout moy,pts par cout total,pts par cout moy+1,pts par cout total+1
Totem Équivalent,Equivalent Totem,18,18,1.0,100%,16.83,16.83,303,2,8.41,8.41,5.61,5.61
Faux,Scythe,18,18,1.0,100%,14.67,14.67,264,3,4.89,4.89,3.67,3.67
Gantelet Impérieux,Imperious Gauntlet,8,18,0.44,44%,30.0,13.33,240,1,30.0,13.33,15.0,6.67
Lame Affutée,Sharp Blade,16,18,0.89,89%,13.88,12.33,222,3,4.63,4.11,3.47,3.08
Armure d'Obsidienne,Obsidian Battle Plate,11,18,0.61,61%,20.0,12.22,220,2,10.0,6.11,6.67,4.07
Hache Frénétique,Berseker Ax,14,18,0.78,78%,14.0,10.89,196,2,7.0,5.45,4.67,3.63
Économe Sagesse du Trésorier,Treasurer's Wisdom,11,18,0.61,61%,17.0,10.39,187,2,8.5,5.2,5.67,3.46
Faux Parfaite,Perfect Scythe,12,18,0.67,67%,15.0,10.0,180,0,Gratuit,Gratuit,15.0,10.0
Esprit de l'Écuyer,Spirit of the Squire,14,18,0.78,78%,11.36,8.83,159,3,3.79,2.94,2.84,2.21
Ascension Divine,Divine Ascent,6,18,0.33,33%,25.0,8.33,150,3,8.33,2.78,6.25,2.08
Pluie de Météorites,Meteorites,2,18,0.11,11%,70.0,7.78,140,0,Gratuit,Gratuit,70.0,7.78
Aura Légendaire,Legend Aura,3,18,0.17,17%,40.0,6.67,120,3,13.33,2.22,10.0,1.67
Épée Obscure,Swords of Darkness,7,18,0.39,39%,17.0,6.61,119,1,17.0,6.61,8.5,3.31
Adrénaline Arcanique,Arcane Adrenaline,7,18,0.39,39%,16.0,6.22,112,1,16.0,6.22,8.0,3.11
Coup de Mort,Death Helper,7,18,0.39,39%,13.0,5.06,91,1,13.0,5.06,6.5,2.53
Triple Météore,Trimeteor,3,18,0.17,17%,30.0,5.0,90,0,Gratuit,Gratuit,30.0,5.0
Enchaînement Éclair,Unstoppable Lightning,5,18,0.28,28%,18.0,5.0,90,1,18.0,5.0,9.0,2.5
Aveuglement,Incapacitor,17,18,0.94,94%,5.29,5.0,90,3,1.76,1.67,1.32,1.25
Sabre Versatile,Versatil Saber,7,18,0.39,39%,11.0,4.28,77,1,11.0,4.28,5.5,2.14
Armure d'Immortel,Immortal Breastplate,5,18,0.28,28%,15.2,4.22,76,1,15.2,4.22,7.6,2.11
Faux Assoiffées,Thirsty Scythes,3,18,0.17,17%,25.0,4.17,75,3,8.33,1.39,6.25,1.04
Elan de Fureur,Rampage Momentum,5,18,0.28,28%,15.0,4.17,75,2,7.5,2.08,5.0,1.39
Marteau Collecteur,Collecting Hammer,6,18,0.33,33%,12.17,4.06,73,2,6.08,2.03,4.06,1.35
Danse Macabre,Dance of Death,9,18,0.5,50%,8.0,4.0,72,1,8.0,4.0,4.0,2.0
Totem du Gardien,Guardian Totem,13,18,0.72,72%,5.0,3.61,65,3,1.67,1.2,1.25,0.9
Lame Insatiable,Fast Furious Blade,4,18,0.22,22%,16.0,3.56,64,2,8.0,1.78,5.33,1.19
Explosion Arcanique,Arcane Explosive,5,18,0.28,28%,12.0,3.33,60,1,12.0,3.33,6.0,1.67
Force Divine,Divine Impetu,4,18,0.22,22%,14.0,3.11,56,0,Gratuit,Gratuit,14.0,3.11
Marteleur précis,Precise Hammer,3,18,0.17,17%,18.0,3.0,54,1,18.0,3.0,9.0,1.5
Parchemin Secret,Secret Scroll,3,18,0.17,17%,18.0,3.0,54,2,9.0,1.5,6.0,1.0
Œil de Lynx,Hawk's Eye,5,18,0.28,28%,9.6,2.67,48,0,Gratuit,Gratuit,9.6,2.67
Désintégrateur Magnétique,Magnetic Disintegrator,4,18,0.22,22%,11.0,2.44,44,0,Gratuit,Gratuit,11.0,2.44
Épé Sainte,Holy Sword,4,18,0.22,22%,10.0,2.22,40,0,Gratuit,Gratuit,10.0,2.22
Tombeau Rocheux,Rock Tomb,4,18,0.22,22%,10.0,2.22,40,1,10.0,2.22,5.0,1.11
Esprit Guerrier,Spirit of the Warrior,2,18,0.11,11%,16.0,1.78,32,1,16.0,1.78,8.0,0.89
Le Marionnettiste,The Puppeteer,1,18,0.06,6%,20.0,1.11,20,2,10.0,0.56,6.67,0.37
Chasseresse d'Âmes,Huntress of Souls,1,18,0.06,6%,19.0,1.06,19,1,19.0,1.06,9.5,0.53
Esprit omniprésent,Omnipresent Spirit,1,18,0.06,6%,18.0,1.0,18,2,9.0,0.5,6.0,0.33
Griffes Démoniaques,Demon Claws,1,18,0.06,6%,17.0,0.94,17,1,17.0,0.94,8.5,0.47
Masse de Siège,Siege Mace,1,18,0.06,6%,16.0,0.89,16,0,Gratuit,Gratuit,16.0,0.89
Amulette Omnisciente,Omnipresent Amulet,1,18,0.06,6%,15.0,0.83,15,0,Gratuit,Gratuit,15.0,0.83
Masse Colossale,Colossal Mace,1,18,0.06,6%,15.0,0.83,15,0,Gratuit,Gratuit,15.0,0.83
Couronne du Roi Nain,Crown of the Dwarf King,1,18,0.06,6%,13.0,0.72,13,0,Gratuit,Gratuit,13.0,0.72
