,Nom Anglais,nb games valide,total games,ratio,%,pts moy,pts moy total,total point,cout,pts par cout moy,pts par cout total,pts par cout moy+1,pts par cout total+1
Totem Équivalent,Equivalent Totem,11,11,1.0,100%,16.36,16.36,180,2,8.18,8.18,5.45,5.45
Faux,Scythe,11,11,1.0,100%,14.82,14.82,163,3,4.94,4.94,3.71,3.71
Armure d'Obsidienne,Obsidian Battle Plate,8,11,0.73,73%,20.0,14.55,160,2,10.0,7.28,6.67,4.85
Faux Parfaite,Perfect Scythe,10,11,0.91,91%,15.0,13.64,150,0,Gratuit,Gratuit,15.0,13.64
Gantelet Impérieux,Imperious Gauntlet,5,11,0.45,45%,30.0,13.64,150,1,30.0,13.64,15.0,6.82
Lame Affutée,Sharp Blade,9,11,0.82,82%,13.33,10.91,120,3,4.44,3.64,3.33,2.73
Hache Frénétique,Berseker Ax,7,11,0.64,64%,14.0,8.91,98,2,7.0,4.46,4.67,2.97
Économe Sagesse du Trésorier,Treasurer's Wisdom,5,11,0.45,45%,17.0,7.73,85,2,8.5,3.87,5.67,2.58
Épée Obscure,Swords of Darkness,5,11,0.45,45%,17.0,7.73,85,1,17.0,7.73,8.5,3.87
Aura Légendaire,Legend Aura,2,11,0.18,18%,40.0,7.27,80,3,13.33,2.42,10.0,1.82
Adrénaline Arcanique,Arcane Adrenaline,5,11,0.45,45%,16.0,7.27,80,1,16.0,7.27,8.0,3.63
Pluie de Météorites,Meteorites,1,11,0.09,9%,70.0,6.36,70,0,Gratuit,Gratuit,70.0,6.36
Armure d'Immortel,Immortal Breastplate,4,11,0.36,36%,15.0,5.45,60,1,15.0,5.45,7.5,2.73
Triple Météore,Trimeteor,2,11,0.18,18%,30.0,5.45,60,0,Gratuit,Gratuit,30.0,5.45
Enchaînement Éclair,Unstoppable Lightning,3,11,0.27,27%,18.0,4.91,54,1,18.0,4.91,9.0,2.46
Totem du Gardien,Guardian Totem,11,11,1.0,100%,4.64,4.64,51,3,1.55,1.55,1.16,1.16
Faux Assoiffées,Thirsty Scythes,2,11,0.18,18%,25.0,4.55,50,3,8.33,1.52,6.25,1.14
Aveuglement,Incapacitor,10,11,0.91,91%,4.8,4.36,48,3,1.6,1.45,1.2,1.09
Lame Insatiable,Fast Furious Blade,3,11,0.27,27%,16.0,4.36,48,2,8.0,2.18,5.33,1.45
Elan de Fureur,Rampage Momentum,3,11,0.27,27%,15.0,4.09,45,2,7.5,2.04,5.0,1.36
Sabre Versatile,Versatil Saber,4,11,0.36,36%,11.0,4.0,44,1,11.0,4.0,5.5,2.0
Esprit de l'Écuyer,Spirit of the Squire,7,11,0.64,64%,6.0,3.82,42,3,2.0,1.27,1.5,0.95
Force Divine,Divine Impetu,3,11,0.27,27%,13.67,3.73,41,0,Gratuit,Gratuit,13.67,3.73
Danse Macabre,Dance of Death,5,11,0.45,45%,8.0,3.64,40,1,8.0,3.64,4.0,1.82
Marteau Collecteur,Collecting Hammer,4,11,0.36,36%,9.5,3.45,38,2,4.75,1.73,3.17,1.15
Épé Sainte,Holy Sword,3,11,0.27,27%,10.0,2.73,30,0,Gratuit,Gratuit,10.0,2.73
Ascension Divine,Divine Ascent,1,11,0.09,9%,25.0,2.27,25,3,8.33,0.76,6.25,0.57
Désintégrateur Magnétique,Magnetic Disintegrator,2,11,0.18,18%,11.0,2.0,22,0,Gratuit,Gratuit,11.0,2.0
Le Marionnettiste,The Puppeteer,1,11,0.09,9%,20.0,1.82,20,2,10.0,0.91,6.67,0.61
Marteleur précis,Precise Hammer,1,11,0.09,9%,18.0,1.64,18,1,18.0,1.64,9.0,0.82
Parchemin Secret,Secret Scroll,1,11,0.09,9%,18.0,1.64,18,2,9.0,0.82,6.0,0.55
Esprit Guerrier,Spirit of the Warrior,1,11,0.09,9%,16.0,1.45,16,1,16.0,1.45,8.0,0.72
Explosion Arcanique,Arcane Explosive,1,11,0.09,9%,12.0,1.09,12,1,12.0,1.09,6.0,0.55
Tombeau Rocheux,Rock Tomb,1,11,0.09,9%,10.0,0.91,10,1,10.0,0.91,5.0,0.46
Œil de Lynx,Hawk's Eye,1,11,0.09,9%,8.0,0.73,8,0,Gratuit,Gratuit,8.0,0.73
