,Nom Anglais,nb games valide,total games,ratio,%,pts moy,pts moy total,total point,cout,pts par cout moy,pts par cout total,pts par cout moy+1,pts par cout total+1
Totem Équivalent,Equivalent Totem,9,9,1.0,100%,16.22,16.22,146,2,8.11,8.11,5.41,5.41
Faux,Scythe,9,9,1.0,100%,14.78,14.78,133,3,4.93,4.93,3.69,3.69
Faux Parfaite,Perfect Scythe,8,9,0.89,89%,15.0,13.33,120,0,Gratuit,Gratuit,15.0,13.33
Armure d'Obsidienne,Obsidian Battle Plate,6,9,0.67,67%,20.0,13.33,120,2,10.0,6.67,6.67,4.44
Gantelet Impérieux,Imperious Gauntlet,3,9,0.33,33%,30.0,10.0,90,1,30.0,10.0,15.0,5.0
Hache Frénétique,Berseker Ax,5,9,0.56,56%,14.0,7.78,70,2,7.0,3.89,4.67,2.59
Lame Affutée,Sharp Blade,7,9,0.78,78%,9.86,7.67,69,3,3.29,2.56,2.46,1.92
Adrénaline Arcanique,Arcane Adrenaline,4,9,0.44,44%,16.0,7.11,64,1,16.0,7.11,8.0,3.56
Épée Obscure,Swords of Darkness,3,9,0.33,33%,17.0,5.67,51,1,17.0,5.67,8.5,2.83
Économe Sagesse du Trésorier,Treasurer's Wisdom,3,9,0.33,33%,17.0,5.67,51,2,8.5,2.83,5.67,1.89
Faux Assoiffées,Thirsty Scythes,2,9,0.22,22%,25.0,5.56,50,3,8.33,1.85,6.25,1.39
Totem du Gardien,Guardian Totem,9,9,1.0,100%,4.56,4.56,41,3,1.52,1.52,1.14,1.14
Aveuglement,Incapacitor,8,9,0.89,89%,4.5,4.0,36,3,1.5,1.33,1.12,1.0
Lame Insatiable,Fast Furious Blade,2,9,0.22,22%,16.0,3.56,32,2,8.0,1.78,5.33,1.19
Triple Météore,Trimeteor,1,9,0.11,11%,30.0,3.33,30,0,Gratuit,Gratuit,30.0,3.33
Esprit de l'Écuyer,Spirit of the Squire,5,9,0.56,56%,6.0,3.33,30,3,2.0,1.11,1.5,0.83
Armure d'Immortel,Immortal Breastplate,2,9,0.22,22%,14.0,3.11,28,1,14.0,3.11,7.0,1.55
Ascension Divine,Divine Ascent,1,9,0.11,11%,25.0,2.78,25,3,8.33,0.93,6.25,0.69
Danse Macabre,Dance of Death,3,9,0.33,33%,8.0,2.67,24,1,8.0,2.67,4.0,1.33
Marteau Collecteur,Collecting Hammer,3,9,0.33,33%,8.0,2.67,24,2,4.0,1.33,2.67,0.89
Désintégrateur Magnétique,Magnetic Disintegrator,2,9,0.22,22%,11.0,2.44,22,0,Gratuit,Gratuit,11.0,2.44
Sabre Versatile,Versatil Saber,2,9,0.22,22%,11.0,2.44,22,1,11.0,2.44,5.5,1.22
Le Marionnettiste,The Puppeteer,1,9,0.11,11%,20.0,2.22,20,2,10.0,1.11,6.67,0.74
Enchaînement Éclair,Unstoppable Lightning,1,9,0.11,11%,18.0,2.0,18,1,18.0,2.0,9.0,1.0
Marteleur précis,Precise Hammer,1,9,0.11,11%,18.0,2.0,18,1,18.0,2.0,9.0,1.0
Elan de Fureur,Rampage Momentum,1,9,0.11,11%,15.0,1.67,15,2,7.5,0.83,5.0,0.56
Force Divine,Divine Impetu,1,9,0.11,11%,11.0,1.22,11,0,Gratuit,Gratuit,11.0,1.22
Épé Sainte,Holy Sword,1,9,0.11,11%,10.0,1.11,10,0,Gratuit,Gratuit,10.0,1.11
Œil de Lynx,Hawk's Eye,1,9,0.11,11%,8.0,0.89,8,0,Gratuit,Gratuit,8.0,0.89
