,Nom Anglais,nb games valide,total games,ratio,%,pts moy,pts moy total,total point,cout,pts par cout moy,pts par cout total,pts par cout moy+1,pts par cout total+1
Totem Équivalent,Equivalent Totem,17,17,1.0,100%,16.65,16.65,283,2,8.32,8.32,5.55,5.55
Faux,Scythe,17,17,1.0,100%,15.41,15.41,262,3,5.14,5.14,3.85,3.85
Lame Affutée,Sharp Blade,15,17,0.88,88%,15.8,13.94,237,3,5.27,4.65,3.95,3.48
Ascension Divine,Divine Ascent,9,17,0.53,53%,25.0,13.24,225,3,8.33,4.41,6.25,3.31
Hache Frénétique,Berseker Ax,13,17,0.76,76%,14.0,10.71,182,2,7.0,5.36,4.67,3.57
Faux Parfaite,Perfect Scythe,12,17,0.71,71%,15.0,10.59,180,0,Gratuit,Gratuit,15.0,10.59
Économe Sagesse du Trésorier,Treasurer's Wisdom,10,17,0.59,59%,17.0,10.0,170,2,8.5,5.0,5.67,3.33
Esprit de l'Écuyer,Spirit of the Squire,17,17,1.0,100%,8.47,8.47,144,3,2.82,2.82,2.12,2.12
Épée Obscure,Swords of Darkness,8,17,0.47,47%,17.0,8.0,136,1,17.0,8.0,8.5,4.0
Adrénaline Arcanique,Arcane Adrenaline,8,17,0.47,47%,16.0,7.53,128,1,16.0,7.53,8.0,3.77
Parchemin Secret,Secret Scroll,7,17,0.41,41%,18.0,7.41,126,2,9.0,3.71,6.0,2.47
Faux Assoiffées,Thirsty Scythes,5,17,0.29,29%,25.0,7.35,125,3,8.33,2.45,6.25,1.84
Assistance Divine,Sacred Help,6,17,0.35,35%,20.0,7.06,120,2,10.0,3.53,6.67,2.35
Gantelet Impérieux,Imperious Gauntlet,3,17,0.18,18%,30.0,5.29,90,1,30.0,5.29,15.0,2.65
Marteau Collecteur,Collecting Hammer,8,17,0.47,47%,10.88,5.12,87,2,5.44,2.56,3.63,1.71
Aura Légendaire,Legend Aura,2,17,0.12,12%,40.0,4.71,80,3,13.33,1.57,10.0,1.18
Armure d'Obsidienne,Obsidian Battle Plate,4,17,0.24,24%,20.0,4.71,80,2,10.0,2.35,6.67,1.57
Elan de Fureur,Rampage Momentum,5,17,0.29,29%,15.0,4.41,75,2,7.5,2.21,5.0,1.47
Aveuglement,Incapacitor,15,17,0.88,88%,5.0,4.41,75,3,1.67,1.47,1.25,1.1
Tombeau Rocheux,Rock Tomb,7,17,0.41,41%,10.0,4.12,70,1,10.0,4.12,5.0,2.06
Danse Macabre,Dance of Death,8,17,0.47,47%,8.0,3.76,64,1,8.0,3.76,4.0,1.88
Explosion Arcanique,Arcane Explosive,5,17,0.29,29%,12.0,3.53,60,1,12.0,3.53,6.0,1.76
Enchaînement Éclair,Unstoppable Lightning,3,17,0.18,18%,18.0,3.18,54,1,18.0,3.18,9.0,1.59
Mental d'Acier,Steel Aura,3,17,0.18,18%,18.0,3.18,54,2,9.0,1.59,6.0,1.06
Totem du Gardien,Guardian Totem,12,17,0.71,71%,4.42,3.12,53,3,1.47,1.04,1.1,0.78
Couronne du Roi Nain,Crown of the Dwarf King,4,17,0.24,24%,13.0,3.06,52,0,Gratuit,Gratuit,13.0,3.06
Épé Sainte,Holy Sword,5,17,0.29,29%,10.0,2.94,50,0,Gratuit,Gratuit,10.0,2.94
Coup de Mort,Death Helper,4,17,0.24,24%,12.25,2.88,49,1,12.25,2.88,6.12,1.44
Lame Insatiable,Fast Furious Blade,3,17,0.18,18%,16.0,2.82,48,2,8.0,1.41,5.33,0.94
Soif de Sang,Thirsty Dagger,3,17,0.18,18%,15.0,2.65,45,0,Gratuit,Gratuit,15.0,2.65
Désintégrateur Magnétique,Magnetic Disintegrator,4,17,0.24,24%,11.0,2.59,44,0,Gratuit,Gratuit,11.0,2.59
Sabre Versatile,Versatil Saber,4,17,0.24,24%,11.0,2.59,44,1,11.0,2.59,5.5,1.29
Œil de Lynx,Hawk's Eye,4,17,0.24,24%,9.0,2.12,36,0,Gratuit,Gratuit,9.0,2.12
Marteleur précis,Precise Hammer,2,17,0.12,12%,18.0,2.12,36,1,18.0,2.12,9.0,1.06
Armure d'Immortel,Immortal Breastplate,2,17,0.12,12%,15.0,1.76,30,1,15.0,1.76,7.5,0.88
Triple Météore,Trimeteor,1,17,0.06,6%,30.0,1.76,30,0,Gratuit,Gratuit,30.0,1.76
Griffes Sauvages,Wild Claw,10,17,0.59,59%,2.6,1.53,26,3,0.87,0.51,0.65,0.38
Force Divine,Divine Impetu,2,17,0.12,12%,13.0,1.53,26,0,Gratuit,Gratuit,13.0,1.53
Chasseur d'Âmes,Soul Hunter,1,17,0.06,6%,20.0,1.18,20,1,20.0,1.18,10.0,0.59
Le Marionnettiste,The Puppeteer,1,17,0.06,6%,20.0,1.18,20,2,10.0,0.59,6.67,0.39
Chasseresse d'Âmes,Huntress of Souls,1,17,0.06,6%,19.0,1.12,19,1,19.0,1.12,9.5,0.56
Esprit omniprésent,Omnipresent Spirit,1,17,0.06,6%,18.0,1.06,18,2,9.0,0.53,6.0,0.35
Être de Lumière,Being of Light,1,17,0.06,6%,18.0,1.06,18,1,18.0,1.06,9.0,0.53
Griffes Démoniaques,Demon Claws,1,17,0.06,6%,17.0,1.0,17,1,17.0,1.0,8.5,0.5
Esprit Guerrier,Spirit of the Warrior,1,17,0.06,6%,16.0,0.94,16,1,16.0,0.94,8.0,0.47
