,Nom Anglais,nb games valide,total games,ratio,%,pts moy,pts moy total,total point,cout,pts par cout moy,pts par cout total,pts par cout moy+1,pts par cout total+1
Ascension Divine,Divine Ascent,7,9,0.78,78%,25.0,19.44,175,3,8.33,6.48,6.25,4.86
Lame Affutée,Sharp Blade,8,9,0.89,89%,20.25,18.0,162,3,6.75,6.0,5.06,4.5
Totem Équivalent,Equivalent Totem,9,9,1.0,100%,17.0,17.0,153,2,8.5,8.5,5.67,5.67
Faux,Scythe,9,9,1.0,100%,16.22,16.22,146,3,5.41,5.41,4.05,4.05
Économe Sagesse du Trésorier,Treasurer's Wisdom,7,9,0.78,78%,17.0,13.22,119,2,8.5,6.61,5.67,4.41
Faux Parfaite,Perfect Scythe,7,9,0.78,78%,15.0,11.67,105,0,Gratuit,Gratuit,15.0,11.67
Épée Obscure,Swords of Darkness,6,9,0.67,67%,17.0,11.33,102,1,17.0,11.33,8.5,5.67
Faux Assoiffées,Thirsty Scythes,4,9,0.44,44%,25.0,11.11,100,3,8.33,3.7,6.25,2.78
Hache Frénétique,Berseker Ax,7,9,0.78,78%,14.0,10.89,98,2,7.0,5.45,4.67,3.63
Parchemin Secret,Secret Scroll,5,9,0.56,56%,18.0,10.0,90,2,9.0,5.0,6.0,3.33
Aura Légendaire,Legend Aura,2,9,0.22,22%,40.0,8.89,80,3,13.33,2.96,10.0,2.22
Adrénaline Arcanique,Arcane Adrenaline,5,9,0.56,56%,16.0,8.89,80,1,16.0,8.89,8.0,4.45
Esprit de l'Écuyer,Spirit of the Squire,9,9,1.0,100%,8.33,8.33,75,3,2.78,2.78,2.08,2.08
Elan de Fureur,Rampage Momentum,4,9,0.44,44%,15.0,6.67,60,2,7.5,3.33,5.0,2.22
Gantelet Impérieux,Imperious Gauntlet,2,9,0.22,22%,30.0,6.67,60,1,30.0,6.67,15.0,3.33
Armure d'Obsidienne,Obsidian Battle Plate,3,9,0.33,33%,20.0,6.67,60,2,10.0,3.33,6.67,2.22
Enchaînement Éclair,Unstoppable Lightning,3,9,0.33,33%,18.0,6.0,54,1,18.0,6.0,9.0,3.0
Tombeau Rocheux,Rock Tomb,5,9,0.56,56%,10.0,5.56,50,1,10.0,5.56,5.0,2.78
Danse Macabre,Dance of Death,6,9,0.67,67%,8.0,5.33,48,1,8.0,5.33,4.0,2.67
Explosion Arcanique,Arcane Explosive,4,9,0.44,44%,12.0,5.33,48,1,12.0,5.33,6.0,2.67
Aveuglement,Incapacitor,8,9,0.89,89%,5.62,5.0,45,3,1.87,1.67,1.41,1.25
Marteau Collecteur,Collecting Hammer,4,9,0.44,44%,10.5,4.67,42,2,5.25,2.33,3.5,1.56
Totem du Gardien,Guardian Totem,9,9,1.0,100%,4.44,4.44,40,3,1.48,1.48,1.11,1.11
Épé Sainte,Holy Sword,4,9,0.44,44%,10.0,4.44,40,0,Gratuit,Gratuit,10.0,4.44
Assistance Divine,Sacred Help,2,9,0.22,22%,20.0,4.44,40,2,10.0,2.22,6.67,1.48
Couronne du Roi Nain,Crown of the Dwarf King,3,9,0.33,33%,13.0,4.33,39,0,Gratuit,Gratuit,13.0,4.33
Marteleur précis,Precise Hammer,2,9,0.22,22%,18.0,4.0,36,1,18.0,4.0,9.0,2.0
Sabre Versatile,Versatil Saber,3,9,0.33,33%,11.0,3.67,33,1,11.0,3.67,5.5,1.83
Désintégrateur Magnétique,Magnetic Disintegrator,3,9,0.33,33%,11.0,3.67,33,0,Gratuit,Gratuit,11.0,3.67
Lame Insatiable,Fast Furious Blade,2,9,0.22,22%,16.0,3.56,32,2,8.0,1.78,5.33,1.19
Soif de Sang,Thirsty Dagger,2,9,0.22,22%,15.0,3.33,30,0,Gratuit,Gratuit,15.0,3.33
Armure d'Immortel,Immortal Breastplate,2,9,0.22,22%,14.0,3.11,28,1,14.0,3.11,7.0,1.55
Force Divine,Divine Impetu,2,9,0.22,22%,11.0,2.44,22,0,Gratuit,Gratuit,11.0,2.44
Coup de Mort,Death Helper,2,9,0.22,22%,10.0,2.22,20,1,10.0,2.22,5.0,1.11
Mental d'Acier,Steel Aura,1,9,0.11,11%,18.0,2.0,18,2,9.0,1.0,6.0,0.67
Griffes Sauvages,Wild Claw,6,9,0.67,67%,3.0,2.0,18,3,1.0,0.67,0.75,0.5
Être de Lumière,Being of Light,1,9,0.11,11%,18.0,2.0,18,1,18.0,2.0,9.0,1.0
Œil de Lynx,Hawk's Eye,2,9,0.22,22%,8.0,1.78,16,0,Gratuit,Gratuit,8.0,1.78
Esprit Guerrier,Spirit of the Warrior,1,9,0.11,11%,16.0,1.78,16,1,16.0,1.78,8.0,0.89
