,Nom Anglais,nb games valide,total games,ratio,%,pts moy,pts moy total,total point,cout,pts par cout moy,pts par cout total,pts par cout moy+1,pts par cout total+1
Ascension Divine,Divine Ascent,6,8,0.75,75%,25.0,18.75,150,3,8.33,6.25,6.25,4.69
Totem Équivalent,Equivalent Totem,8,8,1.0,100%,16.88,16.88,135,2,8.44,8.44,5.63,5.63
Faux,Scythe,8,8,1.0,100%,16.5,16.5,132,3,5.5,5.5,4.12,4.12
Lame Affutée,Sharp Blade,7,8,0.88,88%,18.43,16.12,129,3,6.14,5.37,4.61,4.03
Économe Sagesse du Trésorier,Treasurer's Wisdom,6,8,0.75,75%,17.0,12.75,102,2,8.5,6.38,5.67,4.25
Faux Assoiffées,Thirsty Scythes,4,8,0.5,50%,25.0,12.5,100,3,8.33,4.17,6.25,3.12
Faux Parfaite,Perfect Scythe,6,8,0.75,75%,15.0,11.25,90,0,Gratuit,Gratuit,15.0,11.25
Épée Obscure,Swords of Darkness,5,8,0.62,62%,17.0,10.62,85,1,17.0,10.62,8.5,5.31
Hache Frénétique,Berseker Ax,6,8,0.75,75%,14.0,10.5,84,2,7.0,5.25,4.67,3.5
Adrénaline Arcanique,Arcane Adrenaline,5,8,0.62,62%,16.0,10.0,80,1,16.0,10.0,8.0,5.0
Parchemin Secret,Secret Scroll,4,8,0.5,50%,18.0,9.0,72,2,9.0,4.5,6.0,3.0
Esprit de l'Écuyer,Spirit of the Squire,8,8,1.0,100%,7.88,7.88,63,3,2.63,2.63,1.97,1.97
Gantelet Impérieux,Imperious Gauntlet,2,8,0.25,25%,30.0,7.5,60,1,30.0,7.5,15.0,3.75
Tombeau Rocheux,Rock Tomb,5,8,0.62,62%,10.0,6.25,50,1,10.0,6.25,5.0,3.12
Elan de Fureur,Rampage Momentum,3,8,0.38,38%,15.0,5.62,45,2,7.5,2.81,5.0,1.87
Aveuglement,Incapacitor,7,8,0.88,88%,6.0,5.25,42,3,2.0,1.75,1.5,1.31
Aura Légendaire,Legend Aura,1,8,0.12,12%,40.0,5.0,40,3,13.33,1.67,10.0,1.25
Armure d'Obsidienne,Obsidian Battle Plate,2,8,0.25,25%,20.0,5.0,40,2,10.0,2.5,6.67,1.67
Danse Macabre,Dance of Death,5,8,0.62,62%,8.0,5.0,40,1,8.0,5.0,4.0,2.5
Totem du Gardien,Guardian Totem,8,8,1.0,100%,4.62,4.62,37,3,1.54,1.54,1.16,1.16
Enchaînement Éclair,Unstoppable Lightning,2,8,0.25,25%,18.0,4.5,36,1,18.0,4.5,9.0,2.25
Explosion Arcanique,Arcane Explosive,3,8,0.38,38%,12.0,4.5,36,1,12.0,4.5,6.0,2.25
Lame Insatiable,Fast Furious Blade,2,8,0.25,25%,16.0,4.0,32,2,8.0,2.0,5.33,1.33
Épé Sainte,Holy Sword,3,8,0.38,38%,10.0,3.75,30,0,Gratuit,Gratuit,10.0,3.75
Couronne du Roi Nain,Crown of the Dwarf King,2,8,0.25,25%,13.0,3.25,26,0,Gratuit,Gratuit,13.0,3.25
Marteau Collecteur,Collecting Hammer,3,8,0.38,38%,8.0,3.0,24,2,4.0,1.5,2.67,1.0
Désintégrateur Magnétique,Magnetic Disintegrator,2,8,0.25,25%,11.0,2.75,22,0,Gratuit,Gratuit,11.0,2.75
Sabre Versatile,Versatil Saber,2,8,0.25,25%,11.0,2.75,22,1,11.0,2.75,5.5,1.38
Assistance Divine,Sacred Help,1,8,0.12,12%,20.0,2.5,20,2,10.0,1.25,6.67,0.83
Mental d'Acier,Steel Aura,1,8,0.12,12%,18.0,2.25,18,2,9.0,1.12,6.0,0.75
Griffes Sauvages,Wild Claw,6,8,0.75,75%,3.0,2.25,18,3,1.0,0.75,0.75,0.56
Marteleur précis,Precise Hammer,1,8,0.12,12%,18.0,2.25,18,1,18.0,2.25,9.0,1.12
Œil de Lynx,Hawk's Eye,2,8,0.25,25%,8.0,2.0,16,0,Gratuit,Gratuit,8.0,2.0
Esprit Guerrier,Spirit of the Warrior,1,8,0.12,12%,16.0,2.0,16,1,16.0,2.0,8.0,1.0
Soif de Sang,Thirsty Dagger,1,8,0.12,12%,15.0,1.88,15,0,Gratuit,Gratuit,15.0,1.88
Armure d'Immortel,Immortal Breastplate,1,8,0.12,12%,14.0,1.75,14,1,14.0,1.75,7.0,0.88
Force Divine,Divine Impetu,1,8,0.12,12%,11.0,1.38,11,0,Gratuit,Gratuit,11.0,1.38
Coup de Mort,Death Helper,1,8,0.12,12%,10.0,1.25,10,1,10.0,1.25,5.0,0.62
