,Nom Anglais,nb games valide,total games,ratio,%,pts moy,pts moy total,total point,cout,pts par cout moy,pts par cout total,pts par cout moy+1,pts par cout total+1
Gantelet Impérieux,Imperious Gauntlet,3,3,1.0,100%,22.0,22.0,66,1,22.0,22.0,11.0,11.0
Totem Équivalent,Equivalent Totem,3,3,1.0,100%,17.0,17.0,51,3,5.67,5.67,4.25,4.25
Faux,Scythe,3,3,1.0,100%,16.0,16.0,48,3,5.33,5.33,4.0,4.0
Faux Parfaite,Perfect Scythe,3,3,1.0,100%,15.0,15.0,45,0,Gratuit,Gratuit,15.0,15.0
Armure d'Obsidienne,Obsidian Battle Plate,2,3,0.67,67%,20.0,13.33,40,2,10.0,6.67,6.67,4.44
Chasseur d'Âmes,Soul Hunter,2,3,0.67,67%,20.0,13.33,40,1,20.0,13.33,10.0,6.67
Sabre Versatile,Versatil Saber,2,3,0.67,67%,18.0,12.0,36,1,18.0,12.0,9.0,6.0
Parchemin Secret,Secret Scroll,2,3,0.67,67%,18.0,12.0,36,2,9.0,6.0,6.0,4.0
Lame Insatiable,Fast Furious Blade,2,3,0.67,67%,18.0,12.0,36,2,9.0,6.0,6.0,4.0
Lame Affutée,Sharp Blade,3,3,1.0,100%,11.0,11.0,33,3,3.67,3.67,2.75,2.75
Hache Frénétique,Berseker Ax,2,3,0.67,67%,16.0,10.67,32,2,8.0,5.33,5.33,3.56
Force Divine,Divine Impetu,2,3,0.67,67%,15.0,10.0,30,0,Gratuit,Gratuit,15.0,10.0
Faux Assoiffées,Thirsty Scythes,1,3,0.33,33%,25.0,8.33,25,3,8.33,2.78,6.25,2.08
Ascension Divine,Divine Ascent,1,3,0.33,33%,25.0,8.33,25,3,8.33,2.78,6.25,2.08
Bâton de Conquête,Conquering Staff,1,3,0.33,33%,24.0,8.0,24,2,12.0,4.0,8.0,2.67
Enchaînement Éclair,Unstoppable Lightning,1,3,0.33,33%,22.0,7.33,22,2,11.0,3.67,7.33,2.44
Danse Macabre,Dance of Death,2,3,0.67,67%,10.0,6.67,20,1,10.0,6.67,5.0,3.33
Armure d'Immortel,Immortal Breastplate,1,3,0.33,33%,20.0,6.67,20,1,20.0,6.67,10.0,3.33
Chasseresse d'Âmes,Huntress of Souls,1,3,0.33,33%,20.0,6.67,20,1,20.0,6.67,10.0,3.33
Aveuglement,Incapacitor,2,3,0.67,67%,9.0,6.0,18,3,3.0,2.0,2.25,1.5
Griffes Démoniaques,Demon Claws,1,3,0.33,33%,17.0,5.67,17,1,17.0,5.67,8.5,2.83
Esprit Guerrier,Spirit of the Warrior,1,3,0.33,33%,16.0,5.33,16,1,16.0,5.33,8.0,2.67
Elan de Fureur,Rampage Momentum,1,3,0.33,33%,15.0,5.0,15,1,15.0,5.0,7.5,2.5
Épé Sainte,Holy Sword,1,3,0.33,33%,15.0,5.0,15,0,Gratuit,Gratuit,15.0,5.0
Totem du Gardien,Guardian Totem,3,3,1.0,100%,4.67,4.67,14,3,1.56,1.56,1.17,1.17
Couronne du Roi Nain,Crown of the Dwarf King,1,3,0.33,33%,13.0,4.33,13,0,Gratuit,Gratuit,13.0,4.33
Esprit de l'Écuyer,Spirit of the Squire,2,3,0.67,67%,6.0,4.0,12,3,2.0,1.33,1.5,1.0
Explosion Arcanique,Arcane Explosive,1,3,0.33,33%,12.0,4.0,12,1,12.0,4.0,6.0,2.0
Œil de Lynx,Hawk's Eye,1,3,0.33,33%,8.0,2.67,8,0,Gratuit,Gratuit,8.0,2.67
Griffes Sauvages,Wild Claw,2,3,0.67,67%,1.5,1.0,3,3,0.5,0.33,0.38,0.25
