,Nom Anglais,nb games valide,total games,ratio,%,pts moy,pts moy total,total point,cout,pts par cout moy,pts par cout total,pts par cout moy+1,pts par cout total+1
Ascension Divine,Divine Ascent,5,7,0.71,71%,25.0,17.86,125,3,8.33,5.95,6.25,4.46
Totem Équivalent,Equivalent Totem,7,7,1.0,100%,16.71,16.71,117,2,8.36,8.36,5.57,5.57
Faux,Scythe,7,7,1.0,100%,16.43,16.43,115,3,5.48,5.48,4.11,4.11
Lame Affutée,Sharp Blade,6,7,0.86,86%,17.5,15.0,105,3,5.83,5.0,4.38,3.75
Faux Assoiffées,Thirsty Scythes,4,7,0.57,57%,25.0,14.29,100,3,8.33,4.76,6.25,3.57
Faux Parfaite,Perfect Scythe,6,7,0.86,86%,15.0,12.86,90,0,Gratuit,Gratuit,15.0,12.86
Économe Sagesse du Trésorier,Treasurer's Wisdom,5,7,0.71,71%,17.0,12.14,85,2,8.5,6.07,5.67,4.05
Adrénaline Arcanique,Arcane Adrenaline,5,7,0.71,71%,16.0,11.43,80,1,16.0,11.43,8.0,5.71
Hache Frénétique,Berseker Ax,5,7,0.71,71%,14.0,10.0,70,2,7.0,5.0,4.67,3.33
Épée Obscure,Swords of Darkness,4,7,0.57,57%,17.0,9.71,68,1,17.0,9.71,8.5,4.86
Gantelet Impérieux,Imperious Gauntlet,2,7,0.29,29%,30.0,8.57,60,1,30.0,8.57,15.0,4.29
Esprit de l'Écuyer,Spirit of the Squire,7,7,1.0,100%,7.71,7.71,54,3,2.57,2.57,1.93,1.93
Parchemin Secret,Secret Scroll,3,7,0.43,43%,18.0,7.71,54,2,9.0,3.85,6.0,2.57
Tombeau Rocheux,Rock Tomb,4,7,0.57,57%,10.0,5.71,40,1,10.0,5.71,5.0,2.85
Aura Légendaire,Legend Aura,1,7,0.14,14%,40.0,5.71,40,3,13.33,1.9,10.0,1.43
Armure d'Obsidienne,Obsidian Battle Plate,2,7,0.29,29%,20.0,5.71,40,2,10.0,2.85,6.67,1.9
Enchaînement Éclair,Unstoppable Lightning,2,7,0.29,29%,18.0,5.14,36,1,18.0,5.14,9.0,2.57
Aveuglement,Incapacitor,6,7,0.86,86%,5.5,4.71,33,3,1.83,1.57,1.38,1.18
Lame Insatiable,Fast Furious Blade,2,7,0.29,29%,16.0,4.57,32,2,8.0,2.29,5.33,1.52
Danse Macabre,Dance of Death,4,7,0.57,57%,8.0,4.57,32,1,8.0,4.57,4.0,2.29
Totem du Gardien,Guardian Totem,7,7,1.0,100%,4.43,4.43,31,3,1.48,1.48,1.11,1.11
Elan de Fureur,Rampage Momentum,2,7,0.29,29%,15.0,4.29,30,2,7.5,2.15,5.0,1.43
Explosion Arcanique,Arcane Explosive,2,7,0.29,29%,12.0,3.43,24,1,12.0,3.43,6.0,1.72
Désintégrateur Magnétique,Magnetic Disintegrator,2,7,0.29,29%,11.0,3.14,22,0,Gratuit,Gratuit,11.0,3.14
Sabre Versatile,Versatil Saber,2,7,0.29,29%,11.0,3.14,22,1,11.0,3.14,5.5,1.57
Épé Sainte,Holy Sword,2,7,0.29,29%,10.0,2.86,20,0,Gratuit,Gratuit,10.0,2.86
Assistance Divine,Sacred Help,1,7,0.14,14%,20.0,2.86,20,2,10.0,1.43,6.67,0.95
Mental d'Acier,Steel Aura,1,7,0.14,14%,18.0,2.57,18,2,9.0,1.28,6.0,0.86
Marteleur précis,Precise Hammer,1,7,0.14,14%,18.0,2.57,18,1,18.0,2.57,9.0,1.28
Armure d'Immortel,Immortal Breastplate,1,7,0.14,14%,14.0,2.0,14,1,14.0,2.0,7.0,1.0
Griffes Sauvages,Wild Claw,5,7,0.71,71%,2.8,2.0,14,3,0.93,0.67,0.7,0.5
Couronne du Roi Nain,Crown of the Dwarf King,1,7,0.14,14%,13.0,1.86,13,0,Gratuit,Gratuit,13.0,1.86
Marteau Collecteur,Collecting Hammer,2,7,0.29,29%,6.0,1.71,12,2,3.0,0.85,2.0,0.57
Force Divine,Divine Impetu,1,7,0.14,14%,11.0,1.57,11,0,Gratuit,Gratuit,11.0,1.57
Coup de Mort,Death Helper,1,7,0.14,14%,10.0,1.43,10,1,10.0,1.43,5.0,0.71
Œil de Lynx,Hawk's Eye,1,7,0.14,14%,8.0,1.14,8,0,Gratuit,Gratuit,8.0,1.14
