,Nom Anglais,nb games valide,total games,ratio,%,pts moy,pts moy total,total point,cout,pts par cout moy,pts par cout total,pts par cout moy+1,pts par cout total+1
Totem Équivalent,Equivalent Totem,16,16,1.0,100%,16.56,16.56,265,2,8.28,8.28,5.52,5.52
Faux,Scythe,16,16,1.0,100%,15.31,15.31,245,3,5.1,5.1,3.83,3.83
Lame Affutée,Sharp Blade,14,16,0.88,88%,14.79,12.94,207,3,4.93,4.31,3.7,3.23
Ascension Divine,Divine Ascent,8,16,0.5,50%,25.0,12.5,200,3,8.33,4.17,6.25,3.12
Hache Frénétique,Berseker Ax,12,16,0.75,75%,14.0,10.5,168,2,7.0,5.25,4.67,3.5
Faux Parfaite,Perfect Scythe,11,16,0.69,69%,15.0,10.31,165,0,Gratuit,Gratuit,15.0,10.31
Économe Sagesse du Trésorier,Treasurer's Wisdom,9,16,0.56,56%,17.0,9.56,153,2,8.5,4.78,5.67,3.19
Esprit de l'Écuyer,Spirit of the Squire,16,16,1.0,100%,8.06,8.06,129,3,2.69,2.69,2.02,2.02
Faux Assoiffées,Thirsty Scythes,5,16,0.31,31%,25.0,7.81,125,3,8.33,2.6,6.25,1.95
Assistance Divine,Sacred Help,6,16,0.38,38%,20.0,7.5,120,2,10.0,3.75,6.67,2.5
Épée Obscure,Swords of Darkness,7,16,0.44,44%,17.0,7.44,119,1,17.0,7.44,8.5,3.72
Adrénaline Arcanique,Arcane Adrenaline,7,16,0.44,44%,16.0,7.0,112,1,16.0,7.0,8.0,3.5
Parchemin Secret,Secret Scroll,6,16,0.38,38%,18.0,6.75,108,2,9.0,3.38,6.0,2.25
Aura Légendaire,Legend Aura,2,16,0.12,12%,40.0,5.0,80,3,13.33,1.67,10.0,1.25
Marteau Collecteur,Collecting Hammer,7,16,0.44,44%,10.43,4.56,73,2,5.21,2.28,3.48,1.52
Aveuglement,Incapacitor,14,16,0.88,88%,4.71,4.12,66,3,1.57,1.37,1.18,1.03
Gantelet Impérieux,Imperious Gauntlet,2,16,0.12,12%,30.0,3.75,60,1,30.0,3.75,15.0,1.88
Armure d'Obsidienne,Obsidian Battle Plate,3,16,0.19,19%,20.0,3.75,60,2,10.0,1.88,6.67,1.25
Tombeau Rocheux,Rock Tomb,6,16,0.38,38%,10.0,3.75,60,1,10.0,3.75,5.0,1.88
Elan de Fureur,Rampage Momentum,4,16,0.25,25%,15.0,3.75,60,2,7.5,1.88,5.0,1.25
Danse Macabre,Dance of Death,7,16,0.44,44%,8.0,3.5,56,1,8.0,3.5,4.0,1.75
Enchaînement Éclair,Unstoppable Lightning,3,16,0.19,19%,18.0,3.38,54,1,18.0,3.38,9.0,1.69
Mental d'Acier,Steel Aura,3,16,0.19,19%,18.0,3.38,54,2,9.0,1.69,6.0,1.13
Lame Insatiable,Fast Furious Blade,3,16,0.19,19%,16.0,3.0,48,2,8.0,1.5,5.33,1.0
Explosion Arcanique,Arcane Explosive,4,16,0.25,25%,12.0,3.0,48,1,12.0,3.0,6.0,1.5
Totem du Gardien,Guardian Totem,11,16,0.69,69%,4.27,2.94,47,3,1.42,0.98,1.07,0.73
Soif de Sang,Thirsty Dagger,3,16,0.19,19%,15.0,2.81,45,0,Gratuit,Gratuit,15.0,2.81
Épé Sainte,Holy Sword,4,16,0.25,25%,10.0,2.5,40,0,Gratuit,Gratuit,10.0,2.5
Couronne du Roi Nain,Crown of the Dwarf King,3,16,0.19,19%,13.0,2.44,39,0,Gratuit,Gratuit,13.0,2.44
Coup de Mort,Death Helper,3,16,0.19,19%,12.0,2.25,36,1,12.0,2.25,6.0,1.12
Marteleur précis,Precise Hammer,2,16,0.12,12%,18.0,2.25,36,1,18.0,2.25,9.0,1.12
Désintégrateur Magnétique,Magnetic Disintegrator,3,16,0.19,19%,11.0,2.06,33,0,Gratuit,Gratuit,11.0,2.06
Sabre Versatile,Versatil Saber,3,16,0.19,19%,11.0,2.06,33,1,11.0,2.06,5.5,1.03
Armure d'Immortel,Immortal Breastplate,2,16,0.12,12%,15.0,1.88,30,1,15.0,1.88,7.5,0.94
Force Divine,Divine Impetu,2,16,0.12,12%,13.0,1.62,26,0,Gratuit,Gratuit,13.0,1.62
Œil de Lynx,Hawk's Eye,3,16,0.19,19%,8.67,1.62,26,0,Gratuit,Gratuit,8.67,1.62
Griffes Sauvages,Wild Claw,9,16,0.56,56%,2.67,1.5,24,3,0.89,0.5,0.67,0.38
Le Marionnettiste,The Puppeteer,1,16,0.06,6%,20.0,1.25,20,2,10.0,0.62,6.67,0.42
Chasseresse d'Âmes,Huntress of Souls,1,16,0.06,6%,19.0,1.19,19,1,19.0,1.19,9.5,0.59
Esprit omniprésent,Omnipresent Spirit,1,16,0.06,6%,18.0,1.12,18,2,9.0,0.56,6.0,0.37
Être de Lumière,Being of Light,1,16,0.06,6%,18.0,1.12,18,1,18.0,1.12,9.0,0.56
Griffes Démoniaques,Demon Claws,1,16,0.06,6%,17.0,1.06,17,1,17.0,1.06,8.5,0.53
Esprit Guerrier,Spirit of the Warrior,1,16,0.06,6%,16.0,1.0,16,1,16.0,1.0,8.0,0.5
