,Nom Anglais,nb games valide,total games,ratio,%,pts moy,pts moy total,total point,cout,pts par cout moy,pts par cout total,pts par cout moy+1,pts par cout total+1
Faux,Scythe,16,16,1.0,100%,17.12,17.12,274,3,5.71,5.71,4.28,4.28
Totem Équivalent,Equivalent Totem,16,16,1.0,100%,17.06,17.06,273,2,8.53,8.53,5.69,5.69
Ascension Divine,Divine Ascent,10,16,0.62,62%,25.0,15.62,250,3,8.33,5.21,6.25,3.9
Économe Sagesse du Trésorier,Treasurer's Wisdom,11,16,0.69,69%,17.0,11.69,187,2,8.5,5.84,5.67,3.9
Hache Frénétique,Berseker Ax,13,16,0.81,81%,14.0,11.38,182,2,7.0,5.69,4.67,3.79
Lame Affutée,Sharp Blade,15,16,0.94,94%,11.8,11.06,177,3,3.93,3.69,2.95,2.77
Faux Assoiffées,Thirsty Scythes,7,16,0.44,44%,25.0,10.94,175,3,8.33,3.65,6.25,2.73
Faux Parfaite,Perfect Scythe,10,16,0.62,62%,15.0,9.38,150,0,Gratuit,Gratuit,15.0,9.38
Adrénaline Arcanique,Arcane Adrenaline,9,16,0.56,56%,16.0,9.0,144,1,16.0,9.0,8.0,4.5
Lame Insatiable,Fast Furious Blade,8,16,0.5,50%,16.0,8.0,128,2,8.0,4.0,5.33,2.67
Gantelet Impérieux,Imperious Gauntlet,4,16,0.25,25%,30.0,7.5,120,1,30.0,7.5,15.0,3.75
Armure d'Obsidienne,Obsidian Battle Plate,6,16,0.38,38%,20.0,7.5,120,2,10.0,3.75,6.67,2.5
Épée Obscure,Swords of Darkness,7,16,0.44,44%,17.0,7.44,119,1,17.0,7.44,8.5,3.72
Aveuglement,Incapacitor,15,16,0.94,94%,7.6,7.12,114,3,2.53,2.37,1.9,1.78
Esprit de l'Écuyer,Spirit of the Squire,12,16,0.75,75%,9.0,6.75,108,3,3.0,2.25,2.25,1.69
Chasseur d'Âmes,Soul Hunter,4,16,0.25,25%,18.75,4.69,75,1,18.75,4.69,9.38,2.35
Danse Macabre,Dance of Death,8,16,0.5,50%,8.0,4.0,64,1,8.0,4.0,4.0,2.0
Elan de Fureur,Rampage Momentum,4,16,0.25,25%,15.0,3.75,60,2,7.5,1.88,5.0,1.25
Explosion Arcanique,Arcane Explosive,5,16,0.31,31%,12.0,3.75,60,1,12.0,3.75,6.0,1.88
Assistance Divine,Sacred Help,3,16,0.19,19%,20.0,3.75,60,2,10.0,1.88,6.67,1.25
Coup de Mort,Death Helper,5,16,0.31,31%,11.8,3.69,59,1,11.8,3.69,5.9,1.84
Chasseresse d'Âmes,Huntress of Souls,3,16,0.19,19%,19.0,3.56,57,1,19.0,3.56,9.5,1.78
Griffes Démoniaques,Demon Claws,3,16,0.19,19%,17.0,3.19,51,1,17.0,3.19,8.5,1.59
Bâton de Conquête,Conquering Staff,2,16,0.12,12%,24.0,3.0,48,2,12.0,1.5,8.0,1.0
Marteau Collecteur,Collecting Hammer,6,16,0.38,38%,7.67,2.88,46,2,3.83,1.44,2.56,0.96
Sabre Versatile,Versatil Saber,4,16,0.25,25%,11.0,2.75,44,1,11.0,2.75,5.5,1.38
Désintégrateur Magnétique,Magnetic Disintegrator,4,16,0.25,25%,11.0,2.75,44,0,Gratuit,Gratuit,11.0,2.75
Épé Sainte,Holy Sword,4,16,0.25,25%,10.0,2.5,40,0,Gratuit,Gratuit,10.0,2.5
Tombeau Rocheux,Rock Tomb,4,16,0.25,25%,10.0,2.5,40,1,10.0,2.5,5.0,1.25
Aura Légendaire,Legend Aura,1,16,0.06,6%,40.0,2.5,40,3,13.33,0.83,10.0,0.62
Parchemin Secret,Secret Scroll,2,16,0.12,12%,18.0,2.25,36,2,9.0,1.12,6.0,0.75
Totem du Gardien,Guardian Totem,11,16,0.69,69%,3.09,2.12,34,3,1.03,0.71,0.77,0.53
Masse de Siège,Siege Mace,2,16,0.12,12%,16.0,2.0,32,0,Gratuit,Gratuit,16.0,2.0
Triple Météore,Trimeteor,1,16,0.06,6%,30.0,1.88,30,0,Gratuit,Gratuit,30.0,1.88
Force Divine,Divine Impetu,2,16,0.12,12%,13.0,1.62,26,0,Gratuit,Gratuit,13.0,1.62
Œil de Lynx,Hawk's Eye,3,16,0.19,19%,8.0,1.5,24,0,Gratuit,Gratuit,8.0,1.5
Bâton du Conquérant,Staff of Conquered Worlds,2,16,0.12,12%,11.0,1.38,22,0,Gratuit,Gratuit,11.0,1.38
Pillard Féroce,Savage Looter,1,16,0.06,6%,20.0,1.25,20,1,20.0,1.25,10.0,0.62
Être de Lumière,Being of Light,1,16,0.06,6%,18.0,1.12,18,1,18.0,1.12,9.0,0.56
Esprit omniprésent,Omnipresent Spirit,1,16,0.06,6%,18.0,1.12,18,2,9.0,0.56,6.0,0.37
Mental d'Acier,Steel Aura,1,16,0.06,6%,18.0,1.12,18,2,9.0,0.56,6.0,0.37
Enchaînement Éclair,Unstoppable Lightning,1,16,0.06,6%,18.0,1.12,18,1,18.0,1.12,9.0,0.56
Griffes Sauvages,Wild Claw,10,16,0.62,62%,1.5,0.94,15,3,0.5,0.31,0.38,0.23
Armure d'Immortel,Immortal Breastplate,1,16,0.06,6%,14.0,0.88,14,1,14.0,0.88,7.0,0.44
Couronne du Roi Nain,Crown of the Dwarf King,1,16,0.06,6%,13.0,0.81,13,0,Gratuit,Gratuit,13.0,0.81
Amulette Omnisciente,Omnipresent Amulet,1,16,0.06,6%,11.0,0.69,11,0,Gratuit,Gratuit,11.0,0.69
