,Nom Anglais,nb games valide,total games,ratio,%,pts moy,pts moy total,total point,cout,pts par cout moy,pts par cout total,pts par cout moy+1,pts par cout total+1
Faux,Scythe,17,17,1.0,100%,17.12,17.12,291,3,5.71,5.71,4.28,4.28
Totem Équivalent,Equivalent Totem,17,17,1.0,100%,17.12,17.12,291,2,8.56,8.56,5.71,5.71
Ascension Divine,Divine Ascent,11,17,0.65,65%,25.0,16.18,275,3,8.33,5.39,6.25,4.04
Économe Sagesse du Trésorier,Treasurer's Wisdom,12,17,0.71,71%,17.0,12.0,204,2,8.5,6.0,5.67,4.0
Lame Affutée,Sharp Blade,16,17,0.94,94%,11.81,11.12,189,3,3.94,3.71,2.95,2.78
Hache Frénétique,Berseker Ax,13,17,0.76,76%,14.0,10.71,182,2,7.0,5.36,4.67,3.57
Faux Assoiffées,Thirsty Scythes,7,17,0.41,41%,25.0,10.29,175,3,8.33,3.43,6.25,2.57
Faux Parfaite,Perfect Scythe,10,17,0.59,59%,15.0,8.82,150,0,Gratuit,Gratuit,15.0,8.82
Lame Insatiable,Fast Furious Blade,9,17,0.53,53%,16.0,8.47,144,2,8.0,4.24,5.33,2.82
Adrénaline Arcanique,Arcane Adrenaline,9,17,0.53,53%,16.0,8.47,144,1,16.0,8.47,8.0,4.24
Gantelet Impérieux,Imperious Gauntlet,4,17,0.24,24%,30.0,7.06,120,1,30.0,7.06,15.0,3.53
Armure d'Obsidienne,Obsidian Battle Plate,6,17,0.35,35%,20.0,7.06,120,2,10.0,3.53,6.67,2.35
Épée Obscure,Swords of Darkness,7,17,0.41,41%,17.0,7.0,119,1,17.0,7.0,8.5,3.5
Aveuglement,Incapacitor,15,17,0.88,88%,7.6,6.71,114,3,2.53,2.24,1.9,1.68
Esprit de l'Écuyer,Spirit of the Squire,13,17,0.76,76%,8.77,6.71,114,3,2.92,2.24,2.19,1.68
Assistance Divine,Sacred Help,4,17,0.24,24%,20.0,4.71,80,2,10.0,2.35,6.67,1.57
Chasseur d'Âmes,Soul Hunter,4,17,0.24,24%,18.75,4.41,75,1,18.75,4.41,9.38,2.21
Danse Macabre,Dance of Death,9,17,0.53,53%,8.0,4.24,72,1,8.0,4.24,4.0,2.12
Elan de Fureur,Rampage Momentum,4,17,0.24,24%,15.0,3.53,60,2,7.5,1.76,5.0,1.18
Explosion Arcanique,Arcane Explosive,5,17,0.29,29%,12.0,3.53,60,1,12.0,3.53,6.0,1.76
Coup de Mort,Death Helper,5,17,0.29,29%,11.8,3.47,59,1,11.8,3.47,5.9,1.74
Chasseresse d'Âmes,Huntress of Souls,3,17,0.18,18%,19.0,3.35,57,1,19.0,3.35,9.5,1.68
Parchemin Secret,Secret Scroll,3,17,0.18,18%,18.0,3.18,54,2,9.0,1.59,6.0,1.06
Griffes Démoniaques,Demon Claws,3,17,0.18,18%,17.0,3.0,51,1,17.0,3.0,8.5,1.5
Tombeau Rocheux,Rock Tomb,5,17,0.29,29%,10.0,2.94,50,1,10.0,2.94,5.0,1.47
Bâton de Conquête,Conquering Staff,2,17,0.12,12%,24.0,2.82,48,2,12.0,1.41,8.0,0.94
Marteau Collecteur,Collecting Hammer,6,17,0.35,35%,7.67,2.71,46,2,3.83,1.35,2.56,0.9
Désintégrateur Magnétique,Magnetic Disintegrator,4,17,0.24,24%,11.0,2.59,44,0,Gratuit,Gratuit,11.0,2.59
Sabre Versatile,Versatil Saber,4,17,0.24,24%,11.0,2.59,44,1,11.0,2.59,5.5,1.29
Épé Sainte,Holy Sword,4,17,0.24,24%,10.0,2.35,40,0,Gratuit,Gratuit,10.0,2.35
Aura Légendaire,Legend Aura,1,17,0.06,6%,40.0,2.35,40,3,13.33,0.78,10.0,0.59
Totem du Gardien,Guardian Totem,12,17,0.71,71%,3.08,2.18,37,3,1.03,0.73,0.77,0.55
Masse de Siège,Siege Mace,2,17,0.12,12%,16.0,1.88,32,0,Gratuit,Gratuit,16.0,1.88
Triple Météore,Trimeteor,1,17,0.06,6%,30.0,1.76,30,0,Gratuit,Gratuit,30.0,1.76
Force Divine,Divine Impetu,2,17,0.12,12%,13.0,1.53,26,0,Gratuit,Gratuit,13.0,1.53
Œil de Lynx,Hawk's Eye,3,17,0.18,18%,8.0,1.41,24,0,Gratuit,Gratuit,8.0,1.41
Bâton du Conquérant,Staff of Conquered Worlds,2,17,0.12,12%,11.0,1.29,22,0,Gratuit,Gratuit,11.0,1.29
Pillard Féroce,Savage Looter,1,17,0.06,6%,20.0,1.18,20,1,20.0,1.18,10.0,0.59
Être de Lumière,Being of Light,1,17,0.06,6%,18.0,1.06,18,1,18.0,1.06,9.0,0.53
Esprit omniprésent,Omnipresent Spirit,1,17,0.06,6%,18.0,1.06,18,2,9.0,0.53,6.0,0.35
Mental d'Acier,Steel Aura,1,17,0.06,6%,18.0,1.06,18,2,9.0,0.53,6.0,0.35
Enchaînement Éclair,Unstoppable Lightning,1,17,0.06,6%,18.0,1.06,18,1,18.0,1.06,9.0,0.53
Griffes Sauvages,Wild Claw,11,17,0.65,65%,1.45,0.94,16,3,0.48,0.31,0.36,0.23
Armure d'Immortel,Immortal Breastplate,1,17,0.06,6%,14.0,0.82,14,1,14.0,0.82,7.0,0.41
Couronne du Roi Nain,Crown of the Dwarf King,1,17,0.06,6%,13.0,0.76,13,0,Gratuit,Gratuit,13.0,0.76
Amulette Omnisciente,Omnipresent Amulet,1,17,0.06,6%,11.0,0.65,11,0,Gratuit,Gratuit,11.0,0.65
