,Nom Anglais,nb games valide,total games,ratio,%,pts moy,pts moy total,total point,cout,pts par cout moy,pts par cout total,pts par cout moy+1,pts par cout total+1
Faux,Scythe,15,15,1.0,100%,17.33,17.33,260,3,5.78,5.78,4.33,4.33
Totem Équivalent,Equivalent Totem,15,15,1.0,100%,17.13,17.13,257,2,8.56,8.56,5.71,5.71
Ascension Divine,Divine Ascent,10,15,0.67,67%,25.0,16.67,250,3,8.33,5.56,6.25,4.17
Faux Assoiffées,Thirsty Scythes,7,15,0.47,47%,25.0,11.67,175,3,8.33,3.89,6.25,2.92
Économe Sagesse du Trésorier,Treasurer's Wisdom,10,15,0.67,67%,17.0,11.33,170,2,8.5,5.67,5.67,3.78
Lame Affutée,Sharp Blade,14,15,0.93,93%,12.0,11.2,168,3,4.0,3.73,3.0,2.8
Hache Frénétique,Berseker Ax,12,15,0.8,80%,14.0,11.2,168,2,7.0,5.6,4.67,3.73
Faux Parfaite,Perfect Scythe,10,15,0.67,67%,15.0,10.0,150,0,Gratuit,Gratuit,15.0,10.0
Adrénaline Arcanique,Arcane Adrenaline,9,15,0.6,60%,16.0,9.6,144,1,16.0,9.6,8.0,4.8
Lame Insatiable,Fast Furious Blade,8,15,0.53,53%,16.0,8.53,128,2,8.0,4.26,5.33,2.84
Armure d'Obsidienne,Obsidian Battle Plate,6,15,0.4,40%,20.0,8.0,120,2,10.0,4.0,6.67,2.67
Gantelet Impérieux,Imperious Gauntlet,4,15,0.27,27%,30.0,8.0,120,1,30.0,8.0,15.0,4.0
Aveuglement,Incapacitor,14,15,0.93,93%,7.93,7.4,111,3,2.64,2.47,1.98,1.85
Épée Obscure,Swords of Darkness,6,15,0.4,40%,17.0,6.8,102,1,17.0,6.8,8.5,3.4
Esprit de l'Écuyer,Spirit of the Squire,11,15,0.73,73%,9.0,6.6,99,3,3.0,2.2,2.25,1.65
Chasseur d'Âmes,Soul Hunter,4,15,0.27,27%,18.75,5.0,75,1,18.75,5.0,9.38,2.5
Danse Macabre,Dance of Death,8,15,0.53,53%,8.0,4.27,64,1,8.0,4.27,4.0,2.13
Assistance Divine,Sacred Help,3,15,0.2,20%,20.0,4.0,60,2,10.0,2.0,6.67,1.33
Elan de Fureur,Rampage Momentum,4,15,0.27,27%,15.0,4.0,60,2,7.5,2.0,5.0,1.33
Explosion Arcanique,Arcane Explosive,5,15,0.33,33%,12.0,4.0,60,1,12.0,4.0,6.0,2.0
Coup de Mort,Death Helper,5,15,0.33,33%,11.8,3.93,59,1,11.8,3.93,5.9,1.97
Chasseresse d'Âmes,Huntress of Souls,3,15,0.2,20%,19.0,3.8,57,1,19.0,3.8,9.5,1.9
Griffes Démoniaques,Demon Claws,3,15,0.2,20%,17.0,3.4,51,1,17.0,3.4,8.5,1.7
Bâton de Conquête,Conquering Staff,2,15,0.13,13%,24.0,3.2,48,2,12.0,1.6,8.0,1.07
Marteau Collecteur,Collecting Hammer,6,15,0.4,40%,7.67,3.07,46,2,3.83,1.53,2.56,1.02
Désintégrateur Magnétique,Magnetic Disintegrator,4,15,0.27,27%,11.0,2.93,44,0,Gratuit,Gratuit,11.0,2.93
Sabre Versatile,Versatil Saber,4,15,0.27,27%,11.0,2.93,44,1,11.0,2.93,5.5,1.47
Épé Sainte,Holy Sword,4,15,0.27,27%,10.0,2.67,40,0,Gratuit,Gratuit,10.0,2.67
Tombeau Rocheux,Rock Tomb,4,15,0.27,27%,10.0,2.67,40,1,10.0,2.67,5.0,1.33
Aura Légendaire,Legend Aura,1,15,0.07,7%,40.0,2.67,40,3,13.33,0.89,10.0,0.67
Parchemin Secret,Secret Scroll,2,15,0.13,13%,18.0,2.4,36,2,9.0,1.2,6.0,0.8
Totem du Gardien,Guardian Totem,11,15,0.73,73%,3.09,2.27,34,3,1.03,0.76,0.77,0.57
Masse de Siège,Siege Mace,2,15,0.13,13%,16.0,2.13,32,0,Gratuit,Gratuit,16.0,2.13
Force Divine,Divine Impetu,2,15,0.13,13%,13.0,1.73,26,0,Gratuit,Gratuit,13.0,1.73
Œil de Lynx,Hawk's Eye,3,15,0.2,20%,8.0,1.6,24,0,Gratuit,Gratuit,8.0,1.6
Bâton du Conquérant,Staff of Conquered Worlds,2,15,0.13,13%,11.0,1.47,22,0,Gratuit,Gratuit,11.0,1.47
Pillard Féroce,Savage Looter,1,15,0.07,7%,20.0,1.33,20,1,20.0,1.33,10.0,0.67
Être de Lumière,Being of Light,1,15,0.07,7%,18.0,1.2,18,1,18.0,1.2,9.0,0.6
Esprit omniprésent,Omnipresent Spirit,1,15,0.07,7%,18.0,1.2,18,2,9.0,0.6,6.0,0.4
Mental d'Acier,Steel Aura,1,15,0.07,7%,18.0,1.2,18,2,9.0,0.6,6.0,0.4
Enchaînement Éclair,Unstoppable Lightning,1,15,0.07,7%,18.0,1.2,18,1,18.0,1.2,9.0,0.6
Griffes Sauvages,Wild Claw,10,15,0.67,67%,1.5,1.0,15,3,0.5,0.33,0.38,0.25
Armure d'Immortel,Immortal Breastplate,1,15,0.07,7%,14.0,0.93,14,1,14.0,0.93,7.0,0.47
Couronne du Roi Nain,Crown of the Dwarf King,1,15,0.07,7%,13.0,0.87,13,0,Gratuit,Gratuit,13.0,0.87
Amulette Omnisciente,Omnipresent Amulet,1,15,0.07,7%,11.0,0.73,11,0,Gratuit,Gratuit,11.0,0.73
