,Nom Anglais,nb games valide,total games,ratio,%,pts moy,pts moy total,total point,cout,pts par cout moy,pts par cout total,pts par cout moy+1,pts par cout total+1
Faux,Scythe,5,5,1.0,100%,17.6,17.6,88,3,5.87,5.87,4.4,4.4
Totem Équivalent,Equivalent Totem,5,5,1.0,100%,17.4,17.4,87,2,8.7,8.7,5.8,5.8
Économe Sagesse du Trésorier,Treasurer's Wisdom,5,5,1.0,100%,17.0,17.0,85,2,8.5,8.5,5.67,5.67
Armure d'Obsidienne,Obsidian Battle Plate,4,5,0.8,80%,20.0,16.0,80,2,10.0,8.0,6.67,5.33
Ascension Divine,Divine Ascent,3,5,0.6,60%,25.0,15.0,75,3,8.33,5.0,6.25,3.75
Faux Parfaite,Perfect Scythe,5,5,1.0,100%,15.0,15.0,75,0,Gratuit,Gratuit,15.0,15.0
Hache Frénétique,Berseker Ax,5,5,1.0,100%,14.0,14.0,70,2,7.0,7.0,4.67,4.67
Lame Insatiable,Fast Furious Blade,4,5,0.8,80%,16.0,12.8,64,2,8.0,6.4,5.33,4.27
Gantelet Impérieux,Imperious Gauntlet,2,5,0.4,40%,30.0,12.0,60,1,30.0,12.0,15.0,6.0
Lame Affutée,Sharp Blade,5,5,1.0,100%,10.2,10.2,51,3,3.4,3.4,2.55,2.55
Faux Assoiffées,Thirsty Scythes,2,5,0.4,40%,25.0,10.0,50,3,8.33,3.33,6.25,2.5
Adrénaline Arcanique,Arcane Adrenaline,3,5,0.6,60%,16.0,9.6,48,1,16.0,9.6,8.0,4.8
Le Marionnettiste,The Puppeteer,2,5,0.4,40%,20.0,8.0,40,2,10.0,4.0,6.67,2.67
Aveuglement,Incapacitor,5,5,1.0,100%,7.8,7.8,39,3,2.6,2.6,1.95,1.95
Marteau Collecteur,Collecting Hammer,4,5,0.8,80%,9.0,7.2,36,2,4.5,3.6,3.0,2.4
Marteleur précis,Precise Hammer,2,5,0.4,40%,18.0,7.2,36,1,18.0,7.2,9.0,3.6
Explosion Arcanique,Arcane Explosive,3,5,0.6,60%,12.0,7.2,36,1,12.0,7.2,6.0,3.6
Parchemin Secret,Secret Scroll,2,5,0.4,40%,18.0,7.2,36,2,9.0,3.6,6.0,2.4
Sabre Versatile,Versatil Saber,3,5,0.6,60%,11.0,6.6,33,1,11.0,6.6,5.5,3.3
Esprit de l'Écuyer,Spirit of the Squire,4,5,0.8,80%,7.5,6.0,30,3,2.5,2.0,1.88,1.5
Tombeau Rocheux,Rock Tomb,3,5,0.6,60%,10.0,6.0,30,1,10.0,6.0,5.0,3.0
Totem du Gardien,Guardian Totem,5,5,1.0,100%,5.8,5.8,29,3,1.93,1.93,1.45,1.45
Armure d'Immortel,Immortal Breastplate,2,5,0.4,40%,14.0,5.6,28,1,14.0,5.6,7.0,2.8
Bâton de Conquête,Conquering Staff,1,5,0.2,20%,24.0,4.8,24,2,12.0,2.4,8.0,1.6
Danse Macabre,Dance of Death,3,5,0.6,60%,8.0,4.8,24,1,8.0,4.8,4.0,2.4
Pillard Féroce,Savage Looter,1,5,0.2,20%,20.0,4.0,20,1,20.0,4.0,10.0,2.0
Chasseresse d'Âmes,Huntress of Souls,1,5,0.2,20%,19.0,3.8,19,1,19.0,3.8,9.5,1.9
Décharge Élémentaire,Elemental Discharge,1,5,0.2,20%,18.0,3.6,18,1,18.0,3.6,9.0,1.8
Griffes Démoniaques,Demon Claws,1,5,0.2,20%,17.0,3.4,17,1,17.0,3.4,8.5,1.7
Épée Obscure,Swords of Darkness,1,5,0.2,20%,17.0,3.4,17,1,17.0,3.4,8.5,1.7
Elan de Fureur,Rampage Momentum,1,5,0.2,20%,15.0,3.0,15,2,7.5,1.5,5.0,1.0
Couronne du Roi Nain,Crown of the Dwarf King,1,5,0.2,20%,13.0,2.6,13,0,Gratuit,Gratuit,13.0,2.6
Griffes Sauvages,Wild Claw,5,5,1.0,100%,2.6,2.6,13,3,0.87,0.87,0.65,0.65
Désintégrateur Magnétique,Magnetic Disintegrator,1,5,0.2,20%,11.0,2.2,11,0,Gratuit,Gratuit,11.0,2.2
Coup de Mort,Death Helper,1,5,0.2,20%,10.0,2.0,10,1,10.0,2.0,5.0,1.0
Œil de Lynx,Hawk's Eye,1,5,0.2,20%,8.0,1.6,8,0,Gratuit,Gratuit,8.0,1.6
