,Nom Anglais,nb games valide,total games,ratio,%,pts moy,pts moy total,total point,cout,pts par cout moy,pts par cout total,pts par cout moy+1,pts par cout total+1
Totem Équivalent,Equivalent Totem,6,6,1.0,100%,17.0,17.0,102,2,8.5,8.5,5.67,5.67
Faux,Scythe,6,6,1.0,100%,16.67,16.67,100,3,5.56,5.56,4.17,4.17
Économe Sagesse du Trésorier,Treasurer's Wisdom,5,6,0.83,83%,17.0,14.17,85,2,8.5,7.08,5.67,4.72
Hache Frénétique,Berseker Ax,6,6,1.0,100%,14.0,14.0,84,2,7.0,7.0,4.67,4.67
Armure d'Obsidienne,Obsidian Battle Plate,4,6,0.67,67%,20.0,13.33,80,2,10.0,6.67,6.67,4.44
Ascension Divine,Divine Ascent,3,6,0.5,50%,25.0,12.5,75,3,8.33,4.17,6.25,3.12
Faux Parfaite,Perfect Scythe,5,6,0.83,83%,15.0,12.5,75,0,Gratuit,Gratuit,15.0,12.5
Lame Insatiable,Fast Furious Blade,4,6,0.67,67%,16.0,10.67,64,2,8.0,5.33,5.33,3.56
Lame Affutée,Sharp Blade,6,6,1.0,100%,10.5,10.5,63,3,3.5,3.5,2.62,2.62
Gantelet Impérieux,Imperious Gauntlet,2,6,0.33,33%,30.0,10.0,60,1,30.0,10.0,15.0,5.0
Faux Assoiffées,Thirsty Scythes,2,6,0.33,33%,25.0,8.33,50,3,8.33,2.78,6.25,2.08
Adrénaline Arcanique,Arcane Adrenaline,3,6,0.5,50%,16.0,8.0,48,1,16.0,8.0,8.0,4.0
Le Marionnettiste,The Puppeteer,2,6,0.33,33%,20.0,6.67,40,2,10.0,3.33,6.67,2.22
Aveuglement,Incapacitor,5,6,0.83,83%,7.8,6.5,39,3,2.6,2.17,1.95,1.62
Marteleur précis,Precise Hammer,2,6,0.33,33%,18.0,6.0,36,1,18.0,6.0,9.0,3.0
Esprit de l'Écuyer,Spirit of the Squire,5,6,0.83,83%,7.2,6.0,36,3,2.4,2.0,1.8,1.5
Marteau Collecteur,Collecting Hammer,4,6,0.67,67%,9.0,6.0,36,2,4.5,3.0,3.0,2.0
Explosion Arcanique,Arcane Explosive,3,6,0.5,50%,12.0,6.0,36,1,12.0,6.0,6.0,3.0
Parchemin Secret,Secret Scroll,2,6,0.33,33%,18.0,6.0,36,2,9.0,3.0,6.0,2.0
Totem du Gardien,Guardian Totem,6,6,1.0,100%,5.67,5.67,34,3,1.89,1.89,1.42,1.42
Sabre Versatile,Versatil Saber,3,6,0.5,50%,11.0,5.5,33,1,11.0,5.5,5.5,2.75
Danse Macabre,Dance of Death,4,6,0.67,67%,8.0,5.33,32,1,8.0,5.33,4.0,2.67
Tombeau Rocheux,Rock Tomb,3,6,0.5,50%,10.0,5.0,30,1,10.0,5.0,5.0,2.5
Armure d'Immortel,Immortal Breastplate,2,6,0.33,33%,14.0,4.67,28,1,14.0,4.67,7.0,2.33
Bâton de Conquête,Conquering Staff,1,6,0.17,17%,24.0,4.0,24,2,12.0,2.0,8.0,1.33
Pillard Féroce,Savage Looter,1,6,0.17,17%,20.0,3.33,20,1,20.0,3.33,10.0,1.67
Chasseresse d'Âmes,Huntress of Souls,1,6,0.17,17%,19.0,3.17,19,1,19.0,3.17,9.5,1.58
Décharge Élémentaire,Elemental Discharge,1,6,0.17,17%,18.0,3.0,18,1,18.0,3.0,9.0,1.5
Griffes Démoniaques,Demon Claws,1,6,0.17,17%,17.0,2.83,17,1,17.0,2.83,8.5,1.42
Épée Obscure,Swords of Darkness,1,6,0.17,17%,17.0,2.83,17,1,17.0,2.83,8.5,1.42
Elan de Fureur,Rampage Momentum,1,6,0.17,17%,15.0,2.5,15,2,7.5,1.25,5.0,0.83
Soif de Sang,Thirsty Dagger,1,6,0.17,17%,15.0,2.5,15,0,Gratuit,Gratuit,15.0,2.5
Couronne du Roi Nain,Crown of the Dwarf King,1,6,0.17,17%,13.0,2.17,13,0,Gratuit,Gratuit,13.0,2.17
Griffes Sauvages,Wild Claw,5,6,0.83,83%,2.6,2.17,13,3,0.87,0.72,0.65,0.54
Désintégrateur Magnétique,Magnetic Disintegrator,1,6,0.17,17%,11.0,1.83,11,0,Gratuit,Gratuit,11.0,1.83
Coup de Mort,Death Helper,1,6,0.17,17%,10.0,1.67,10,1,10.0,1.67,5.0,0.83
Œil de Lynx,Hawk's Eye,1,6,0.17,17%,8.0,1.33,8,0,Gratuit,Gratuit,8.0,1.33
