,Nom Anglais,nb games valide,total games,ratio,%,pts moy,pts moy total,total point,cout,pts par cout moy,pts par cout total,pts par cout moy+1,pts par cout total+1
Totem Équivalent,Equivalent Totem,8,8,1.0,100%,17.12,17.12,137,2,8.56,8.56,5.71,5.71
Faux,Scythe,8,8,1.0,100%,16.38,16.38,131,3,5.46,5.46,4.09,4.09
Économe Sagesse du Trésorier,Treasurer's Wisdom,7,8,0.88,88%,17.0,14.88,119,2,8.5,7.44,5.67,4.96
Ascension Divine,Divine Ascent,4,8,0.5,50%,25.0,12.5,100,3,8.33,4.17,6.25,3.12
Hache Frénétique,Berseker Ax,7,8,0.88,88%,14.0,12.25,98,2,7.0,6.12,4.67,4.08
Faux Parfaite,Perfect Scythe,6,8,0.75,75%,15.0,11.25,90,0,Gratuit,Gratuit,15.0,11.25
Lame Affutée,Sharp Blade,8,8,1.0,100%,10.5,10.5,84,3,3.5,3.5,2.62,2.62
Lame Insatiable,Fast Furious Blade,5,8,0.62,62%,16.0,10.0,80,2,8.0,5.0,5.33,3.33
Armure d'Obsidienne,Obsidian Battle Plate,4,8,0.5,50%,20.0,10.0,80,2,10.0,5.0,6.67,3.33
Faux Assoiffées,Thirsty Scythes,3,8,0.38,38%,25.0,9.38,75,3,8.33,3.13,6.25,2.35
Esprit de l'Écuyer,Spirit of the Squire,7,8,0.88,88%,9.43,8.25,66,3,3.14,2.75,2.36,2.06
Gantelet Impérieux,Imperious Gauntlet,2,8,0.25,25%,30.0,7.5,60,1,30.0,7.5,15.0,3.75
Aveuglement,Incapacitor,7,8,0.88,88%,7.71,6.75,54,3,2.57,2.25,1.93,1.69
Adrénaline Arcanique,Arcane Adrenaline,3,8,0.38,38%,16.0,6.0,48,1,16.0,6.0,8.0,3.0
Explosion Arcanique,Arcane Explosive,4,8,0.5,50%,12.0,6.0,48,1,12.0,6.0,6.0,3.0
Totem du Gardien,Guardian Totem,8,8,1.0,100%,5.75,5.75,46,3,1.92,1.92,1.44,1.44
Pillard Féroce,Savage Looter,2,8,0.25,25%,20.0,5.0,40,1,20.0,5.0,10.0,2.5
Le Marionnettiste,The Puppeteer,2,8,0.25,25%,20.0,5.0,40,2,10.0,2.5,6.67,1.67
Tombeau Rocheux,Rock Tomb,4,8,0.5,50%,10.0,5.0,40,1,10.0,5.0,5.0,2.5
Danse Macabre,Dance of Death,5,8,0.62,62%,8.0,5.0,40,1,8.0,5.0,4.0,2.5
Marteau Collecteur,Collecting Hammer,4,8,0.5,50%,9.0,4.5,36,2,4.5,2.25,3.0,1.5
Marteleur précis,Precise Hammer,2,8,0.25,25%,18.0,4.5,36,1,18.0,4.5,9.0,2.25
Parchemin Secret,Secret Scroll,2,8,0.25,25%,18.0,4.5,36,2,9.0,2.25,6.0,1.5
Épée Obscure,Swords of Darkness,2,8,0.25,25%,17.0,4.25,34,1,17.0,4.25,8.5,2.12
Sabre Versatile,Versatil Saber,3,8,0.38,38%,11.0,4.12,33,1,11.0,4.12,5.5,2.06
Coup de Mort,Death Helper,3,8,0.38,38%,10.0,3.75,30,1,10.0,3.75,5.0,1.88
Armure d'Immortel,Immortal Breastplate,2,8,0.25,25%,14.0,3.5,28,1,14.0,3.5,7.0,1.75
Bâton de Conquête,Conquering Staff,1,8,0.12,12%,24.0,3.0,24,2,12.0,1.5,8.0,1.0
Désintégrateur Magnétique,Magnetic Disintegrator,2,8,0.25,25%,11.0,2.75,22,0,Gratuit,Gratuit,11.0,2.75
Griffes Sauvages,Wild Claw,7,8,0.88,88%,2.86,2.5,20,3,0.95,0.83,0.71,0.62
Assistance Divine,Sacred Help,1,8,0.12,12%,20.0,2.5,20,2,10.0,1.25,6.67,0.83
Chasseresse d'Âmes,Huntress of Souls,1,8,0.12,12%,19.0,2.38,19,1,19.0,2.38,9.5,1.19
Être de Lumière,Being of Light,1,8,0.12,12%,18.0,2.25,18,1,18.0,2.25,9.0,1.12
Décharge Élémentaire,Elemental Discharge,1,8,0.12,12%,18.0,2.25,18,1,18.0,2.25,9.0,1.12
Griffes Démoniaques,Demon Claws,1,8,0.12,12%,17.0,2.12,17,1,17.0,2.12,8.5,1.06
Œil de Lynx,Hawk's Eye,2,8,0.25,25%,8.0,2.0,16,0,Gratuit,Gratuit,8.0,2.0
Soif de Sang,Thirsty Dagger,1,8,0.12,12%,15.0,1.88,15,0,Gratuit,Gratuit,15.0,1.88
Elan de Fureur,Rampage Momentum,1,8,0.12,12%,15.0,1.88,15,2,7.5,0.94,5.0,0.63
Couronne du Roi Nain,Crown of the Dwarf King,1,8,0.12,12%,13.0,1.62,13,0,Gratuit,Gratuit,13.0,1.62
