,Nom Anglais,nb games valide,total games,ratio,%,pts moy,pts moy total,total point,cout,pts par cout moy,pts par cout total,pts par cout moy+1,pts par cout total+1
Totem Équivalent,Equivalent Totem,9,9,1.0,100%,17.11,17.11,154,2,8.55,8.55,5.7,5.7
Faux,Scythe,9,9,1.0,100%,16.44,16.44,148,3,5.48,5.48,4.11,4.11
Économe Sagesse du Trésorier,Treasurer's Wisdom,8,9,0.89,89%,17.0,15.11,136,2,8.5,7.55,5.67,5.04
Faux Parfaite,Perfect Scythe,7,9,0.78,78%,15.0,11.67,105,0,Gratuit,Gratuit,15.0,11.67
Ascension Divine,Divine Ascent,4,9,0.44,44%,25.0,11.11,100,3,8.33,3.7,6.25,2.78
Lame Affutée,Sharp Blade,9,9,1.0,100%,11.0,11.0,99,3,3.67,3.67,2.75,2.75
Hache Frénétique,Berseker Ax,7,9,0.78,78%,14.0,10.89,98,2,7.0,5.45,4.67,3.63
Lame Insatiable,Fast Furious Blade,6,9,0.67,67%,16.0,10.67,96,2,8.0,5.33,5.33,3.56
Armure d'Obsidienne,Obsidian Battle Plate,4,9,0.44,44%,20.0,8.89,80,2,10.0,4.45,6.67,2.96
Faux Assoiffées,Thirsty Scythes,3,9,0.33,33%,25.0,8.33,75,3,8.33,2.78,6.25,2.08
Esprit de l'Écuyer,Spirit of the Squire,8,9,0.89,89%,9.0,8.0,72,3,3.0,2.67,2.25,2.0
Explosion Arcanique,Arcane Explosive,5,9,0.56,56%,12.0,6.67,60,1,12.0,6.67,6.0,3.33
Gantelet Impérieux,Imperious Gauntlet,2,9,0.22,22%,30.0,6.67,60,1,30.0,6.67,15.0,3.33
Aveuglement,Incapacitor,8,9,0.89,89%,7.5,6.67,60,3,2.5,2.22,1.88,1.67
Parchemin Secret,Secret Scroll,3,9,0.33,33%,18.0,6.0,54,2,9.0,3.0,6.0,2.0
Totem du Gardien,Guardian Totem,9,9,1.0,100%,5.67,5.67,51,3,1.89,1.89,1.42,1.42
Épée Obscure,Swords of Darkness,3,9,0.33,33%,17.0,5.67,51,1,17.0,5.67,8.5,2.83
Tombeau Rocheux,Rock Tomb,5,9,0.56,56%,10.0,5.56,50,1,10.0,5.56,5.0,2.78
Danse Macabre,Dance of Death,6,9,0.67,67%,8.0,5.33,48,1,8.0,5.33,4.0,2.67
Adrénaline Arcanique,Arcane Adrenaline,3,9,0.33,33%,16.0,5.33,48,1,16.0,5.33,8.0,2.67
Le Marionnettiste,The Puppeteer,2,9,0.22,22%,20.0,4.44,40,2,10.0,2.22,6.67,1.48
Pillard Féroce,Savage Looter,2,9,0.22,22%,20.0,4.44,40,1,20.0,4.44,10.0,2.22
Chasseresse d'Âmes,Huntress of Souls,2,9,0.22,22%,19.0,4.22,38,1,19.0,4.22,9.5,2.11
Marteau Collecteur,Collecting Hammer,4,9,0.44,44%,9.0,4.0,36,2,4.5,2.0,3.0,1.33
Marteleur précis,Precise Hammer,2,9,0.22,22%,18.0,4.0,36,1,18.0,4.0,9.0,2.0
Griffes Démoniaques,Demon Claws,2,9,0.22,22%,17.0,3.78,34,1,17.0,3.78,8.5,1.89
Sabre Versatile,Versatil Saber,3,9,0.33,33%,11.0,3.67,33,1,11.0,3.67,5.5,1.83
Coup de Mort,Death Helper,3,9,0.33,33%,10.0,3.33,30,1,10.0,3.33,5.0,1.67
Elan de Fureur,Rampage Momentum,2,9,0.22,22%,15.0,3.33,30,2,7.5,1.67,5.0,1.11
Armure d'Immortel,Immortal Breastplate,2,9,0.22,22%,14.0,3.11,28,1,14.0,3.11,7.0,1.55
Couronne du Roi Nain,Crown of the Dwarf King,2,9,0.22,22%,13.0,2.89,26,0,Gratuit,Gratuit,13.0,2.89
Bâton de Conquête,Conquering Staff,1,9,0.11,11%,24.0,2.67,24,2,12.0,1.33,8.0,0.89
Désintégrateur Magnétique,Magnetic Disintegrator,2,9,0.22,22%,11.0,2.44,22,0,Gratuit,Gratuit,11.0,2.44
Griffes Sauvages,Wild Claw,8,9,0.89,89%,2.75,2.44,22,3,0.92,0.81,0.69,0.61
Assistance Divine,Sacred Help,1,9,0.11,11%,20.0,2.22,20,2,10.0,1.11,6.67,0.74
Être de Lumière,Being of Light,1,9,0.11,11%,18.0,2.0,18,1,18.0,2.0,9.0,1.0
Enchaînement Éclair,Unstoppable Lightning,1,9,0.11,11%,18.0,2.0,18,1,18.0,2.0,9.0,1.0
Décharge Élémentaire,Elemental Discharge,1,9,0.11,11%,18.0,2.0,18,1,18.0,2.0,9.0,1.0
Œil de Lynx,Hawk's Eye,2,9,0.22,22%,8.0,1.78,16,0,Gratuit,Gratuit,8.0,1.78
Soif de Sang,Thirsty Dagger,1,9,0.11,11%,15.0,1.67,15,0,Gratuit,Gratuit,15.0,1.67
Épé Sainte,Holy Sword,1,9,0.11,11%,10.0,1.11,10,0,Gratuit,Gratuit,10.0,1.11
