,Nom Anglais,nb games valide,total games,ratio,%,pts moy,pts moy total,total point,cout,pts par cout moy,pts par cout total,pts par cout moy+1,pts par cout total+1
Totem Équivalent,Equivalent Totem,3,3,1.0,100%,16.33,16.33,49,3,5.44,5.44,4.08,4.08
Faux,Scythe,3,3,1.0,100%,13.67,13.67,41,3,4.56,4.56,3.42,3.42
Épée Obscure,Swords of Darkness,2,3,0.67,67%,20.0,13.33,40,1,20.0,13.33,10.0,6.67
Adrénaline Arcanique,Arcane Adrenaline,2,3,0.67,67%,16.0,10.67,32,1,16.0,10.67,8.0,5.33
Hache Frénétique,Berseker Ax,2,3,0.67,67%,16.0,10.67,32,2,8.0,5.33,5.33,3.56
Faux Parfaite,Perfect Scythe,2,3,0.67,67%,15.0,10.0,30,0,Gratuit,Gratuit,15.0,10.0
Lame Affutée,Sharp Blade,3,3,1.0,100%,9.0,9.0,27,3,3.0,3.0,2.25,2.25
Faux Assoiffées,Thirsty Scythes,1,3,0.33,33%,25.0,8.33,25,3,8.33,2.78,6.25,2.08
Ascension Divine,Divine Ascent,1,3,0.33,33%,25.0,8.33,25,3,8.33,2.78,6.25,2.08
Esprit de l'Écuyer,Spirit of the Squire,3,3,1.0,100%,8.0,8.0,24,3,2.67,2.67,2.0,2.0
Le Marionnettiste,The Puppeteer,1,3,0.33,33%,20.0,6.67,20,2,10.0,3.33,6.67,2.22
Danse Macabre,Dance of Death,2,3,0.67,67%,10.0,6.67,20,1,10.0,6.67,5.0,3.33
Armure d'Obsidienne,Obsidian Battle Plate,1,3,0.33,33%,20.0,6.67,20,2,10.0,3.33,6.67,2.22
Sabre Versatile,Versatil Saber,1,3,0.33,33%,18.0,6.0,18,1,18.0,6.0,9.0,3.0
Lame Insatiable,Fast Furious Blade,1,3,0.33,33%,18.0,6.0,18,2,9.0,3.0,6.0,2.0
Elan de Fureur,Rampage Momentum,1,3,0.33,33%,15.0,5.0,15,1,15.0,5.0,7.5,2.5
Aveuglement,Incapacitor,2,3,0.67,67%,7.5,5.0,15,3,2.5,1.67,1.88,1.25
Marteau Collecteur,Collecting Hammer,1,3,0.33,33%,14.0,4.67,14,2,7.0,2.33,4.67,1.56
Coup de Mort,Death Helper,1,3,0.33,33%,13.0,4.33,13,1,13.0,4.33,6.5,2.17
Totem du Gardien,Guardian Totem,3,3,1.0,100%,4.33,4.33,13,3,1.44,1.44,1.08,1.08
Explosion Arcanique,Arcane Explosive,1,3,0.33,33%,12.0,4.0,12,1,12.0,4.0,6.0,2.0
Œil de Lynx,Hawk's Eye,1,3,0.33,33%,8.0,2.67,8,0,Gratuit,Gratuit,8.0,2.67
Griffes Sauvages,Wild Claw,2,3,0.67,67%,1.5,1.0,3,3,0.5,0.33,0.38,0.25
