,Nom Anglais,nb games valide,total games,ratio,%,pts moy,pts moy total,total point,cout,pts par cout moy,pts par cout total,pts par cout moy+1,pts par cout total+1
Totem Équivalent,Equivalent Totem,17,17,1.0,100%,16.53,16.53,281,2,8.27,8.27,5.51,5.51
Faux,Scythe,17,17,1.0,100%,15.47,15.47,263,3,5.16,5.16,3.87,3.87
Économe Sagesse du Trésorier,Treasurer's Wisdom,12,17,0.71,71%,17.0,12.0,204,2,8.5,6.0,5.67,4.0
Lame Affutée,Sharp Blade,17,17,1.0,100%,11.47,11.47,195,3,3.82,3.82,2.87,2.87
Hache Frénétique,Berseker Ax,13,17,0.76,76%,14.0,10.71,182,2,7.0,5.36,4.67,3.57
Esprit de l'Écuyer,Spirit of the Squire,15,17,0.88,88%,11.6,10.24,174,3,3.87,3.41,2.9,2.56
Faux Parfaite,Perfect Scythe,10,17,0.59,59%,15.0,8.82,150,0,Gratuit,Gratuit,15.0,8.82
Ascension Divine,Divine Ascent,6,17,0.35,35%,25.0,8.82,150,3,8.33,2.94,6.25,2.21
Lame Insatiable,Fast Furious Blade,9,17,0.53,53%,16.0,8.47,144,2,8.0,4.24,5.33,2.82
Adrénaline Arcanique,Arcane Adrenaline,9,17,0.53,53%,16.0,8.47,144,1,16.0,8.47,8.0,4.24
Faux Assoiffées,Thirsty Scythes,5,17,0.29,29%,25.0,7.35,125,3,8.33,2.45,6.25,1.84
Gantelet Impérieux,Imperious Gauntlet,4,17,0.24,24%,30.0,7.06,120,1,30.0,7.06,15.0,3.53
Armure d'Obsidienne,Obsidian Battle Plate,6,17,0.35,35%,20.0,7.06,120,2,10.0,3.53,6.67,2.35
Coup de Mort,Death Helper,9,17,0.53,53%,12.0,6.35,108,1,12.0,6.35,6.0,3.17
Épée Obscure,Swords of Darkness,6,17,0.35,35%,17.0,6.0,102,1,17.0,6.0,8.5,3.0
Aveuglement,Incapacitor,14,17,0.82,82%,7.29,6.0,102,3,2.43,2.0,1.82,1.5
Esprit omniprésent,Omnipresent Spirit,5,17,0.29,29%,18.0,5.29,90,2,9.0,2.65,6.0,1.76
Le Marionnettiste,The Puppeteer,4,17,0.24,24%,20.0,4.71,80,2,10.0,2.35,6.67,1.57
Danse Macabre,Dance of Death,10,17,0.59,59%,8.0,4.71,80,1,8.0,4.71,4.0,2.35
Pillard Féroce,Savage Looter,4,17,0.24,24%,20.0,4.71,80,1,20.0,4.71,10.0,2.35
Chasseresse d'Âmes,Huntress of Souls,4,17,0.24,24%,19.0,4.47,76,1,19.0,4.47,9.5,2.23
Parchemin Secret,Secret Scroll,4,17,0.24,24%,18.0,4.24,72,2,9.0,2.12,6.0,1.41
Explosion Arcanique,Arcane Explosive,6,17,0.35,35%,12.0,4.24,72,1,12.0,4.24,6.0,2.12
Griffes Démoniaques,Demon Claws,4,17,0.24,24%,17.0,4.0,68,1,17.0,4.0,8.5,2.0
Marteau Collecteur,Collecting Hammer,7,17,0.41,41%,9.14,3.76,64,2,4.57,1.88,3.05,1.25
Totem du Gardien,Guardian Totem,12,17,0.71,71%,5.25,3.71,63,3,1.75,1.24,1.31,0.93
Tombeau Rocheux,Rock Tomb,6,17,0.35,35%,10.0,3.53,60,1,10.0,3.53,5.0,1.76
Elan de Fureur,Rampage Momentum,4,17,0.24,24%,15.0,3.53,60,2,7.5,1.76,5.0,1.18
Sabre Versatile,Versatil Saber,5,17,0.29,29%,11.0,3.24,55,1,11.0,3.24,5.5,1.62
Marteleur précis,Precise Hammer,3,17,0.18,18%,18.0,3.18,54,1,18.0,3.18,9.0,1.59
Enchaînement Éclair,Unstoppable Lightning,3,17,0.18,18%,18.0,3.18,54,1,18.0,3.18,9.0,1.59
Armure d'Immortel,Immortal Breastplate,3,17,0.18,18%,14.67,2.59,44,1,14.67,2.59,7.33,1.29
Assistance Divine,Sacred Help,2,17,0.12,12%,20.0,2.35,40,2,10.0,1.18,6.67,0.78
Griffes Sauvages,Wild Claw,15,17,0.88,88%,2.4,2.12,36,3,0.8,0.71,0.6,0.53
Désintégrateur Magnétique,Magnetic Disintegrator,3,17,0.18,18%,11.0,1.94,33,0,Gratuit,Gratuit,11.0,1.94
Soif de Sang,Thirsty Dagger,2,17,0.12,12%,15.0,1.76,30,0,Gratuit,Gratuit,15.0,1.76
Triple Météore,Trimeteor,1,17,0.06,6%,30.0,1.76,30,0,Gratuit,Gratuit,30.0,1.76
Force Divine,Divine Impetu,2,17,0.12,12%,15.0,1.76,30,0,Gratuit,Gratuit,15.0,1.76
Œil de Lynx,Hawk's Eye,3,17,0.18,18%,8.67,1.53,26,0,Gratuit,Gratuit,8.67,1.53
Couronne du Roi Nain,Crown of the Dwarf King,2,17,0.12,12%,13.0,1.53,26,0,Gratuit,Gratuit,13.0,1.53
Bâton de Conquête,Conquering Staff,1,17,0.06,6%,24.0,1.41,24,2,12.0,0.7,8.0,0.47
Épé Sainte,Holy Sword,2,17,0.12,12%,10.0,1.18,20,0,Gratuit,Gratuit,10.0,1.18
Décharge Élémentaire,Elemental Discharge,1,17,0.06,6%,18.0,1.06,18,1,18.0,1.06,9.0,0.53
Être de Lumière,Being of Light,1,17,0.06,6%,18.0,1.06,18,1,18.0,1.06,9.0,0.53
Masse de Siège,Siege Mace,1,17,0.06,6%,16.0,0.94,16,0,Gratuit,Gratuit,16.0,0.94
