,Nom Anglais,nb games valide,total games,ratio,%,pts moy,pts moy total,total point,cout,pts par cout moy,pts par cout total
Totem Équivalent,Equivalent Totem,2,2,1.0,100%,17.5,17.5,35,1,17.5,17.5
Économe Sagesse du Trésorier,Treasurer's Wisdom,2,2,1.0,100%,17.0,17.0,34,2,8.5,8.5
Faux,Scythe,2,2,1.0,100%,17.0,17.0,34,3,5.67,5.67
Lame Insatiable,Fast Furious Blade,2,2,1.0,100%,16.0,16.0,32,2,8.0,8.0
Gantelet Impérieux,Imperious Gauntlet,1,2,0.5,50%,30.0,15.0,30,1,30.0,15.0
Faux Assoiffées,Thirsty Scythes,1,2,0.5,50%,25.0,12.5,25,3,8.33,4.17
Ascension Divine,Divine Ascent,1,2,0.5,50%,25.0,12.5,25,3,8.33,4.17
Aveuglement,Incapacitor,2,2,1.0,100%,10.5,10.5,21,3,3.5,3.5
Armure d'Obsidienne,Obsidian Battle Plate,1,2,0.5,50%,20.0,10.0,20,2,10.0,5.0
Marteleur précis,Precise Hammer,1,2,0.5,50%,18.0,9.0,18,1,18.0,9.0
Adrénaline Arcanique,Arcane Adrenaline,1,2,0.5,50%,16.0,8.0,16,1,16.0,8.0
Faux Parfaite,Perfect Scythe,1,2,0.5,50%,15.0,7.5,15,0,Gratuit,Gratuit
Soif de Sang,Thirsty Dagger,1,2,0.5,50%,15.0,7.5,15,0,Gratuit,Gratuit
Esprit de l'Écuyer,Spirit of the Squire,2,2,1.0,100%,7.5,7.5,15,3,2.5,2.5
Hache Frénétique,Berseker Ax,1,2,0.5,50%,14.0,7.0,14,2,7.0,3.5
Marteau Collecteur,Collecting Hammer,1,2,0.5,50%,12.0,6.0,12,2,6.0,3.0
Tombeau Rocheux,Rock Tomb,1,2,0.5,50%,10.0,5.0,10,1,10.0,5.0
Coup de Mort,Death Helper,1,2,0.5,50%,10.0,5.0,10,1,10.0,5.0
Totem du Gardien,Guardian Totem,2,2,1.0,100%,4.5,4.5,9,3,1.5,1.5
Œil de Lynx,Hawk's Eye,1,2,0.5,50%,8.0,4.0,8,0,Gratuit,Gratuit
Lame Affutée,Sharp Blade,1,2,0.5,50%,6.0,3.0,6,3,2.0,1.0
Griffes Sauvages,Wild Claw,1,2,0.5,50%,2.0,1.0,2,3,0.67,0.33
