,Nom Anglais,nb games valide,total games,ratio,%,pts moy,pts moy total,total point,cout,pts par cout moy,pts par cout total,pts par cout moy+1,pts par cout total+1
Totem Équivalent,Equivalent Totem,5,5,1.0,100%,17.4,17.4,87,2,8.7,8.7,5.8,5.8
Faux,Scythe,5,5,1.0,100%,16.6,16.6,83,3,5.53,5.53,4.15,4.15
Ascension Divine,Divine Ascent,3,5,0.6,60%,25.0,15.0,75,3,8.33,5.0,6.25,3.75
Économe Sagesse du Trésorier,Treasurer's Wisdom,4,5,0.8,80%,17.0,13.6,68,2,8.5,6.8,5.67,4.53
Lame Insatiable,Fast Furious Blade,4,5,0.8,80%,16.0,12.8,64,2,8.0,6.4,5.33,4.27
Gantelet Impérieux,Imperious Gauntlet,2,5,0.4,40%,30.0,12.0,60,1,30.0,12.0,15.0,6.0
Marteleur précis,Precise Hammer,3,5,0.6,60%,18.0,10.8,54,1,18.0,10.8,9.0,5.4
Marteau Collecteur,Collecting Hammer,3,5,0.6,60%,18.0,10.8,54,2,9.0,5.4,6.0,3.6
Lame Affutée,Sharp Blade,4,5,0.8,80%,12.75,10.2,51,3,4.25,3.4,3.19,2.55
Faux Assoiffées,Thirsty Scythes,2,5,0.4,40%,25.0,10.0,50,3,8.33,3.33,6.25,2.5
Faux Parfaite,Perfect Scythe,3,5,0.6,60%,15.0,9.0,45,0,Gratuit,Gratuit,15.0,9.0
Aveuglement,Incapacitor,5,5,1.0,100%,8.4,8.4,42,3,2.8,2.8,2.1,2.1
Armure d'Obsidienne,Obsidian Battle Plate,2,5,0.4,40%,20.0,8.0,40,2,10.0,4.0,6.67,2.67
Explosion Arcanique,Arcane Explosive,3,5,0.6,60%,12.0,7.2,36,1,12.0,7.2,6.0,3.6
Esprit de l'Écuyer,Spirit of the Squire,5,5,1.0,100%,7.2,7.2,36,3,2.4,2.4,1.8,1.8
Épée Obscure,Swords of Darkness,2,5,0.4,40%,17.0,6.8,34,1,17.0,6.8,8.5,3.4
Adrénaline Arcanique,Arcane Adrenaline,2,5,0.4,40%,16.0,6.4,32,1,16.0,6.4,8.0,3.2
Hache Frénétique,Berseker Ax,2,5,0.4,40%,14.0,5.6,28,2,7.0,2.8,4.67,1.87
Totem du Gardien,Guardian Totem,5,5,1.0,100%,4.8,4.8,24,3,1.6,1.6,1.2,1.2
Tombeau Rocheux,Rock Tomb,2,5,0.4,40%,10.0,4.0,20,1,10.0,4.0,5.0,2.0
Chasseresse d'Âmes,Huntress of Souls,1,5,0.2,20%,19.0,3.8,19,1,19.0,3.8,9.5,1.9
Parchemin Secret,Secret Scroll,1,5,0.2,20%,18.0,3.6,18,2,9.0,1.8,6.0,1.2
Griffes Démoniaques,Demon Claws,1,5,0.2,20%,17.0,3.4,17,1,17.0,3.4,8.5,1.7
Danse Macabre,Dance of Death,2,5,0.4,40%,8.0,3.2,16,1,8.0,3.2,4.0,1.6
Œil de Lynx,Hawk's Eye,2,5,0.4,40%,8.0,3.2,16,0,Gratuit,Gratuit,8.0,3.2
Elan de Fureur,Rampage Momentum,1,5,0.2,20%,15.0,3.0,15,2,7.5,1.5,5.0,1.0
Soif de Sang,Thirsty Dagger,1,5,0.2,20%,15.0,3.0,15,0,Gratuit,Gratuit,15.0,3.0
Masse Colossale,Colossal Mace,1,5,0.2,20%,11.0,2.2,11,0,Gratuit,Gratuit,11.0,2.2
Sabre Versatile,Versatil Saber,1,5,0.2,20%,11.0,2.2,11,1,11.0,2.2,5.5,1.1
Épé Sainte,Holy Sword,1,5,0.2,20%,10.0,2.0,10,0,Gratuit,Gratuit,10.0,2.0
Coup de Mort,Death Helper,1,5,0.2,20%,10.0,2.0,10,1,10.0,2.0,5.0,1.0
Griffes Sauvages,Wild Claw,3,5,0.6,60%,1.33,0.8,4,3,0.44,0.27,0.33,0.2
