,Nom Anglais,nb games valide,total games,ratio,%,pts moy,pts moy total,total point,cout,pts par cout moy,pts par cout total,pts par cout moy+1,pts par cout total+1
Totem Équivalent,Equivalent Totem,9,9,1.0,100%,17.22,17.22,155,2,8.61,8.61,5.74,5.74
Faux,Scythe,9,9,1.0,100%,16.89,16.89,152,3,5.63,5.63,4.22,4.22
Économe Sagesse du Trésorier,Treasurer's Wisdom,8,9,0.89,89%,17.0,15.11,136,2,8.5,7.55,5.67,5.04
Lame Affutée,Sharp Blade,8,9,0.89,89%,15.75,14.0,126,3,5.25,4.67,3.94,3.5
Ascension Divine,Divine Ascent,5,9,0.56,56%,25.0,13.89,125,3,8.33,4.63,6.25,3.47
Armure d'Obsidienne,Obsidian Battle Plate,6,9,0.67,67%,20.0,13.33,120,2,10.0,6.67,6.67,4.44
Lame Insatiable,Fast Furious Blade,7,9,0.78,78%,16.0,12.44,112,2,8.0,6.22,5.33,4.15
Adrénaline Arcanique,Arcane Adrenaline,6,9,0.67,67%,16.0,10.67,96,1,16.0,10.67,8.0,5.33
Faux Parfaite,Perfect Scythe,6,9,0.67,67%,15.0,10.0,90,0,Gratuit,Gratuit,15.0,10.0
Gantelet Impérieux,Imperious Gauntlet,3,9,0.33,33%,30.0,10.0,90,1,30.0,10.0,15.0,5.0
Épée Obscure,Swords of Darkness,5,9,0.56,56%,17.0,9.44,85,1,17.0,9.44,8.5,4.72
Explosion Arcanique,Arcane Explosive,7,9,0.78,78%,12.0,9.33,84,1,12.0,9.33,6.0,4.67
Hache Frénétique,Berseker Ax,6,9,0.67,67%,14.0,9.33,84,2,7.0,4.67,4.67,3.11
Faux Assoiffées,Thirsty Scythes,3,9,0.33,33%,25.0,8.33,75,3,8.33,2.78,6.25,2.08
Marteau Collecteur,Collecting Hammer,5,9,0.56,56%,14.4,8.0,72,2,7.2,4.0,4.8,2.67
Aveuglement,Incapacitor,8,9,0.89,89%,9.0,8.0,72,3,3.0,2.67,2.25,2.0
Esprit de l'Écuyer,Spirit of the Squire,9,9,1.0,100%,8.0,8.0,72,3,2.67,2.67,2.0,2.0
Elan de Fureur,Rampage Momentum,4,9,0.44,44%,15.0,6.67,60,2,7.5,3.33,5.0,2.22
Sabre Versatile,Versatil Saber,5,9,0.56,56%,11.0,6.11,55,1,11.0,6.11,5.5,3.06
Enchaînement Éclair,Unstoppable Lightning,3,9,0.33,33%,18.0,6.0,54,1,18.0,6.0,9.0,3.0
Parchemin Secret,Secret Scroll,3,9,0.33,33%,18.0,6.0,54,2,9.0,3.0,6.0,2.0
Marteleur précis,Precise Hammer,3,9,0.33,33%,18.0,6.0,54,1,18.0,6.0,9.0,3.0
Masse Colossale,Colossal Mace,4,9,0.44,44%,11.0,4.89,44,0,Gratuit,Gratuit,11.0,4.89
Totem du Gardien,Guardian Totem,9,9,1.0,100%,4.67,4.67,42,3,1.56,1.56,1.17,1.17
Danse Macabre,Dance of Death,5,9,0.56,56%,8.0,4.44,40,1,8.0,4.44,4.0,2.22
Tombeau Rocheux,Rock Tomb,4,9,0.44,44%,10.0,4.44,40,1,10.0,4.44,5.0,2.22
Désintégrateur Magnétique,Magnetic Disintegrator,3,9,0.33,33%,11.0,3.67,33,0,Gratuit,Gratuit,11.0,3.67
Épé Sainte,Holy Sword,3,9,0.33,33%,10.0,3.33,30,0,Gratuit,Gratuit,10.0,3.33
Triple Météore,Trimeteor,1,9,0.11,11%,30.0,3.33,30,0,Gratuit,Gratuit,30.0,3.33
Coup de Mort,Death Helper,3,9,0.33,33%,10.0,3.33,30,1,10.0,3.33,5.0,1.67
Bâton de Conquête,Conquering Staff,1,9,0.11,11%,24.0,2.67,24,2,12.0,1.33,8.0,0.89
Œil de Lynx,Hawk's Eye,3,9,0.33,33%,8.0,2.67,24,0,Gratuit,Gratuit,8.0,2.67
Le Marionnettiste,The Puppeteer,1,9,0.11,11%,20.0,2.22,20,2,10.0,1.11,6.67,0.74
Pillard Féroce,Savage Looter,1,9,0.11,11%,20.0,2.22,20,1,20.0,2.22,10.0,1.11
Chasseresse d'Âmes,Huntress of Souls,1,9,0.11,11%,19.0,2.11,19,1,19.0,2.11,9.5,1.05
Décharge Élémentaire,Elemental Discharge,1,9,0.11,11%,18.0,2.0,18,1,18.0,2.0,9.0,1.0
Griffes Démoniaques,Demon Claws,1,9,0.11,11%,17.0,1.89,17,1,17.0,1.89,8.5,0.94
Masse de Siège,Siege Mace,1,9,0.11,11%,16.0,1.78,16,0,Gratuit,Gratuit,16.0,1.78
Soif de Sang,Thirsty Dagger,1,9,0.11,11%,15.0,1.67,15,0,Gratuit,Gratuit,15.0,1.67
Armure d'Immortel,Immortal Breastplate,1,9,0.11,11%,14.0,1.56,14,1,14.0,1.56,7.0,0.78
Couronne du Roi Nain,Crown of the Dwarf King,1,9,0.11,11%,13.0,1.44,13,0,Gratuit,Gratuit,13.0,1.44
Griffes Sauvages,Wild Claw,7,9,0.78,78%,1.86,1.44,13,3,0.62,0.48,0.47,0.36
