,Nom Anglais,nb games valide,total games,ratio,%,pts moy,pts moy total,total point,cout,pts par cout moy,pts par cout total,pts par cout moy+1,pts par cout total+1
Totem Équivalent,Equivalent Totem,8,8,1.0,100%,17.12,17.12,137,2,8.56,8.56,5.71,5.71
Faux,Scythe,8,8,1.0,100%,15.75,15.75,126,3,5.25,5.25,3.94,3.94
Économe Sagesse du Trésorier,Treasurer's Wisdom,7,8,0.88,88%,17.0,14.88,119,2,8.5,7.44,5.67,4.96
Lame Affutée,Sharp Blade,7,8,0.88,88%,16.71,14.62,117,3,5.57,4.87,4.18,3.65
Armure d'Obsidienne,Obsidian Battle Plate,5,8,0.62,62%,20.0,12.5,100,2,10.0,6.25,6.67,4.17
Ascension Divine,Divine Ascent,4,8,0.5,50%,25.0,12.5,100,3,8.33,4.17,6.25,3.12
Lame Insatiable,Fast Furious Blade,6,8,0.75,75%,16.0,12.0,96,2,8.0,6.0,5.33,4.0
Adrénaline Arcanique,Arcane Adrenaline,5,8,0.62,62%,16.0,10.0,80,1,16.0,10.0,8.0,5.0
Faux Parfaite,Perfect Scythe,5,8,0.62,62%,15.0,9.38,75,0,Gratuit,Gratuit,15.0,9.38
Explosion Arcanique,Arcane Explosive,6,8,0.75,75%,12.0,9.0,72,1,12.0,9.0,6.0,4.5
Marteau Collecteur,Collecting Hammer,5,8,0.62,62%,14.4,9.0,72,2,7.2,4.5,4.8,3.0
Hache Frénétique,Berseker Ax,5,8,0.62,62%,14.0,8.75,70,2,7.0,4.38,4.67,2.92
Épée Obscure,Swords of Darkness,4,8,0.5,50%,17.0,8.5,68,1,17.0,8.5,8.5,4.25
Gantelet Impérieux,Imperious Gauntlet,2,8,0.25,25%,30.0,7.5,60,1,30.0,7.5,15.0,3.75
Elan de Fureur,Rampage Momentum,4,8,0.5,50%,15.0,7.5,60,2,7.5,3.75,5.0,2.5
Aveuglement,Incapacitor,7,8,0.88,88%,8.14,7.12,57,3,2.71,2.37,2.04,1.78
Esprit de l'Écuyer,Spirit of the Squire,8,8,1.0,100%,7.12,7.12,57,3,2.37,2.37,1.78,1.78
Parchemin Secret,Secret Scroll,3,8,0.38,38%,18.0,6.75,54,2,9.0,3.38,6.0,2.25
Enchaînement Éclair,Unstoppable Lightning,3,8,0.38,38%,18.0,6.75,54,1,18.0,6.75,9.0,3.38
Marteleur précis,Precise Hammer,3,8,0.38,38%,18.0,6.75,54,1,18.0,6.75,9.0,3.38
Faux Assoiffées,Thirsty Scythes,2,8,0.25,25%,25.0,6.25,50,3,8.33,2.08,6.25,1.56
Sabre Versatile,Versatil Saber,4,8,0.5,50%,11.0,5.5,44,1,11.0,5.5,5.5,2.75
Danse Macabre,Dance of Death,5,8,0.62,62%,8.0,5.0,40,1,8.0,5.0,4.0,2.5
Totem du Gardien,Guardian Totem,8,8,1.0,100%,4.38,4.38,35,3,1.46,1.46,1.09,1.09
Masse Colossale,Colossal Mace,3,8,0.38,38%,11.0,4.12,33,0,Gratuit,Gratuit,11.0,4.12
Épé Sainte,Holy Sword,3,8,0.38,38%,10.0,3.75,30,0,Gratuit,Gratuit,10.0,3.75
Tombeau Rocheux,Rock Tomb,3,8,0.38,38%,10.0,3.75,30,1,10.0,3.75,5.0,1.88
Triple Météore,Trimeteor,1,8,0.12,12%,30.0,3.75,30,0,Gratuit,Gratuit,30.0,3.75
Désintégrateur Magnétique,Magnetic Disintegrator,2,8,0.25,25%,11.0,2.75,22,0,Gratuit,Gratuit,11.0,2.75
Le Marionnettiste,The Puppeteer,1,8,0.12,12%,20.0,2.5,20,2,10.0,1.25,6.67,0.83
Pillard Féroce,Savage Looter,1,8,0.12,12%,20.0,2.5,20,1,20.0,2.5,10.0,1.25
Coup de Mort,Death Helper,2,8,0.25,25%,10.0,2.5,20,1,10.0,2.5,5.0,1.25
Chasseresse d'Âmes,Huntress of Souls,1,8,0.12,12%,19.0,2.38,19,1,19.0,2.38,9.5,1.19
Griffes Démoniaques,Demon Claws,1,8,0.12,12%,17.0,2.12,17,1,17.0,2.12,8.5,1.06
Œil de Lynx,Hawk's Eye,2,8,0.25,25%,8.0,2.0,16,0,Gratuit,Gratuit,8.0,2.0
Masse de Siège,Siege Mace,1,8,0.12,12%,16.0,2.0,16,0,Gratuit,Gratuit,16.0,2.0
Soif de Sang,Thirsty Dagger,1,8,0.12,12%,15.0,1.88,15,0,Gratuit,Gratuit,15.0,1.88
Armure d'Immortel,Immortal Breastplate,1,8,0.12,12%,14.0,1.75,14,1,14.0,1.75,7.0,0.88
Couronne du Roi Nain,Crown of the Dwarf King,1,8,0.12,12%,13.0,1.62,13,0,Gratuit,Gratuit,13.0,1.62
Griffes Sauvages,Wild Claw,6,8,0.75,75%,1.5,1.12,9,3,0.5,0.37,0.38,0.28
