,Nom Anglais,nb games valide,total games,ratio,%,pts moy,pts moy total,total point,cout,pts par cout moy,pts par cout total
Faux Assoiffées,Thirsty Scythes,8,10,0.8,80%,25.0,20.0,200,3,8.33,6.67
Faux,Scythe,10,10,1.0,100%,18.8,18.8,188,3,6.27,6.27
Totem Équivalent,Equivalent Totem,10,10,1.0,100%,16.6,16.6,166,1,16.6,16.6
Armure d'Obsidienne,Obsidian Battle Plate,7,10,0.7,70%,20.0,14.0,140,2,10.0,7.0
Économe Sagesse du Trésorier,Treasurer's Wisdom,8,10,0.8,80%,17.0,13.6,136,2,8.5,6.8
Lame Insatiable,Fast Furious Blade,8,10,0.8,80%,16.0,12.8,128,2,8.0,6.4
Aveuglement,Incapacitor,9,10,0.9,90%,13.33,12.0,120,3,4.44,4.0
Lame Affutée,Sharp Blade,10,10,1.0,100%,12.0,12.0,120,3,4.0,4.0
Hache Frénétique,Berseker Ax,8,10,0.8,80%,14.0,11.2,112,2,7.0,5.6
Triple Météore,Trimeteor,3,10,0.3,30%,30.0,9.0,90,0,Gratuit,Gratuit
Esprit de l'Écuyer,Spirit of the Squire,10,10,1.0,100%,8.4,8.4,84,3,2.8,2.8
Ascension Divine,Divine Ascent,3,10,0.3,30%,25.0,7.5,75,3,8.33,2.5
Elan de Fureur,Rampage Momentum,5,10,0.5,50%,15.0,7.5,75,2,7.5,3.75
Faux Parfaite,Perfect Scythe,5,10,0.5,50%,15.0,7.5,75,0,Gratuit,Gratuit
Explosion Arcanique,Arcane Explosive,6,10,0.6,60%,12.0,7.2,72,1,12.0,7.2
Marteau Collecteur,Collecting Hammer,7,10,0.7,70%,10.29,7.2,72,2,5.14,3.6
Bâton de Conquête,Conquering Staff,3,10,0.3,30%,24.0,7.2,72,2,12.0,3.6
Épée Obscure,Swords of Darkness,4,10,0.4,40%,17.0,6.8,68,1,17.0,6.8
Tombeau Rocheux,Rock Tomb,6,10,0.6,60%,10.0,6.0,60,1,10.0,6.0
Danse Macabre,Dance of Death,7,10,0.7,70%,8.0,5.6,56,1,8.0,5.6
Sabre Versatile,Versatil Saber,5,10,0.5,50%,11.0,5.5,55,1,11.0,5.5
Parchemin Secret,Secret Scroll,3,10,0.3,30%,18.0,5.4,54,2,9.0,2.7
Marteleur précis,Precise Hammer,3,10,0.3,30%,18.0,5.4,54,1,18.0,5.4
Totem du Gardien,Guardian Totem,10,10,1.0,100%,5.1,5.1,51,3,1.7,1.7
Œil de Lynx,Hawk's Eye,6,10,0.6,60%,8.0,4.8,48,0,Gratuit,Gratuit
Esprit Guerrier,Spirit of the Warrior,3,10,0.3,30%,16.0,4.8,48,1,16.0,4.8
Soif de Sang,Thirsty Dagger,3,10,0.3,30%,15.0,4.5,45,0,Gratuit,Gratuit
Désintégrateur Magnétique,Magnetic Disintegrator,4,10,0.4,40%,11.0,4.4,44,0,Gratuit,Gratuit
Armure d'Immortel,Immortal Breastplate,3,10,0.3,30%,14.0,4.2,42,1,14.0,4.2
Le Marionnettiste,The Puppeteer,2,10,0.2,20%,20.0,4.0,40,2,10.0,2.0
Couronne du Roi Nain,Crown of the Dwarf King,3,10,0.3,30%,13.0,3.9,39,0,Gratuit,Gratuit
Chasseresse d'Âmes,Huntress of Souls,2,10,0.2,20%,19.0,3.8,38,1,19.0,3.8
Décharge Élémentaire,Elemental Discharge,2,10,0.2,20%,18.0,3.6,36,1,18.0,3.6
Griffes Démoniaques,Demon Claws,2,10,0.2,20%,17.0,3.4,34,1,17.0,3.4
Masse Colossale,Colossal Mace,3,10,0.3,30%,11.0,3.3,33,0,Gratuit,Gratuit
Gantelet Impérieux,Imperious Gauntlet,1,10,0.1,10%,30.0,3.0,30,1,30.0,3.0
Griffes Sauvages,Wild Claw,8,10,0.8,80%,2.88,2.3,23,3,0.96,0.77
Bâton du Conquérant,Staff of Conquered Worlds,2,10,0.2,20%,11.0,2.2,22,0,Gratuit,Gratuit
Force Divine,Divine Impetu,2,10,0.2,20%,11.0,2.2,22,0,Gratuit,Gratuit
Épé Sainte,Holy Sword,2,10,0.2,20%,10.0,2.0,20,0,Gratuit,Gratuit
Coup de Mort,Death Helper,2,10,0.2,20%,10.0,2.0,20,1,10.0,2.0
Enchaînement Éclair,Unstoppable Lightning,1,10,0.1,10%,18.0,1.8,18,1,18.0,1.8
Être de Lumière,Being of Light,1,10,0.1,10%,18.0,1.8,18,1,18.0,1.8
Masse de Siège,Siege Mace,1,10,0.1,10%,16.0,1.6,16,0,Gratuit,Gratuit
