,Nom Anglais,nb games valide,total games,ratio,%,pts moy,pts moy total,total point,cout,pts par cout moy,pts par cout total,pts par cout moy+1,pts par cout total+1
Faux,Scythe,6,6,1.0,100%,18.5,18.5,111,3,6.17,6.17,4.62,4.62
Faux Assoiffées,Thirsty Scythes,4,6,0.67,67%,25.0,16.67,100,3,8.33,5.56,6.25,4.17
Lame Insatiable,Fast Furious Blade,6,6,1.0,100%,16.0,16.0,96,2,8.0,8.0,5.33,5.33
Totem Équivalent,Equivalent Totem,6,6,1.0,100%,15.83,15.83,95,2,7.92,7.92,5.28,5.28
Armure d'Obsidienne,Obsidian Battle Plate,4,6,0.67,67%,20.0,13.33,80,2,10.0,6.67,6.67,4.44
Hache Frénétique,Berseker Ax,5,6,0.83,83%,14.0,11.67,70,2,7.0,5.83,4.67,3.89
Épée Obscure,Swords of Darkness,4,6,0.67,67%,17.0,11.33,68,1,17.0,11.33,8.5,5.67
Économe Sagesse du Trésorier,Treasurer's Wisdom,4,6,0.67,67%,17.0,11.33,68,2,8.5,5.67,5.67,3.78
Esprit Guerrier,Spirit of the Warrior,4,6,0.67,67%,16.0,10.67,64,1,16.0,10.67,8.0,5.33
Chasseresse d'Âmes,Huntress of Souls,3,6,0.5,50%,19.0,9.5,57,1,19.0,9.5,9.5,4.75
Aveuglement,Incapacitor,6,6,1.0,100%,9.0,9.0,54,3,3.0,3.0,2.25,2.25
Lame Affutée,Sharp Blade,5,6,0.83,83%,10.2,8.5,51,3,3.4,2.83,2.55,2.12
Griffes Démoniaques,Demon Claws,3,6,0.5,50%,17.0,8.5,51,1,17.0,8.5,8.5,4.25
Ascension Divine,Divine Ascent,2,6,0.33,33%,25.0,8.33,50,3,8.33,2.78,6.25,2.08
Faux Parfaite,Perfect Scythe,3,6,0.5,50%,15.0,7.5,45,0,Gratuit,Gratuit,15.0,7.5
Parchemin Secret,Secret Scroll,2,6,0.33,33%,18.0,6.0,36,2,9.0,3.0,6.0,2.0
Explosion Arcanique,Arcane Explosive,3,6,0.5,50%,12.0,6.0,36,1,12.0,6.0,6.0,3.0
Esprit de l'Écuyer,Spirit of the Squire,4,6,0.67,67%,9.0,6.0,36,3,3.0,2.0,2.25,1.5
Marteau Collecteur,Collecting Hammer,4,6,0.67,67%,7.5,5.0,30,2,3.75,2.5,2.5,1.67
Tombeau Rocheux,Rock Tomb,3,6,0.5,50%,10.0,5.0,30,1,10.0,5.0,5.0,2.5
Armure d'Immortel,Immortal Breastplate,2,6,0.33,33%,14.0,4.67,28,1,14.0,4.67,7.0,2.33
Couronne du Roi Nain,Crown of the Dwarf King,2,6,0.33,33%,13.0,4.33,26,0,Gratuit,Gratuit,13.0,4.33
Œil de Lynx,Hawk's Eye,3,6,0.5,50%,8.0,4.0,24,0,Gratuit,Gratuit,8.0,4.0
Bâton de Conquête,Conquering Staff,1,6,0.17,17%,24.0,4.0,24,2,12.0,2.0,8.0,1.33
Sabre Versatile,Versatil Saber,2,6,0.33,33%,11.0,3.67,22,1,11.0,3.67,5.5,1.83
Force Divine,Divine Impetu,2,6,0.33,33%,11.0,3.67,22,0,Gratuit,Gratuit,11.0,3.67
Désintégrateur Magnétique,Magnetic Disintegrator,2,6,0.33,33%,11.0,3.67,22,0,Gratuit,Gratuit,11.0,3.67
Le Marionnettiste,The Puppeteer,1,6,0.17,17%,20.0,3.33,20,2,10.0,1.67,6.67,1.11
Coup de Mort,Death Helper,2,6,0.33,33%,10.0,3.33,20,1,10.0,3.33,5.0,1.67
Totem du Gardien,Guardian Totem,6,6,1.0,100%,3.33,3.33,20,3,1.11,1.11,0.83,0.83
Marteleur précis,Precise Hammer,1,6,0.17,17%,18.0,3.0,18,1,18.0,3.0,9.0,1.5
Griffes Sauvages,Wild Claw,5,6,0.83,83%,3.4,2.83,17,3,1.13,0.94,0.85,0.71
Danse Macabre,Dance of Death,2,6,0.33,33%,8.0,2.67,16,1,8.0,2.67,4.0,1.33
Elan de Fureur,Rampage Momentum,1,6,0.17,17%,15.0,2.5,15,2,7.5,1.25,5.0,0.83
Soif de Sang,Thirsty Dagger,1,6,0.17,17%,15.0,2.5,15,0,Gratuit,Gratuit,15.0,2.5
Masse Colossale,Colossal Mace,1,6,0.17,17%,11.0,1.83,11,0,Gratuit,Gratuit,11.0,1.83
Amulette Omnisciente,Omnipresent Amulet,1,6,0.17,17%,11.0,1.83,11,0,Gratuit,Gratuit,11.0,1.83
