,Nom Anglais,nb games valide,total games,ratio,%,pts moy,pts moy total,total point,cout,pts par cout moy,pts par cout total,pts par cout moy+1,pts par cout total+1
Faux,Scythe,13,13,1.0,100%,17.62,17.62,229,3,5.87,5.87,4.41,4.41
Totem Équivalent,Equivalent Totem,13,13,1.0,100%,15.62,15.62,203,2,7.81,7.81,5.21,5.21
Lame Insatiable,Fast Furious Blade,11,13,0.85,85%,16.0,13.54,176,2,8.0,6.77,5.33,4.51
Faux Assoiffées,Thirsty Scythes,7,13,0.54,54%,25.0,13.46,175,3,8.33,4.49,6.25,3.37
Armure d'Obsidienne,Obsidian Battle Plate,8,13,0.62,62%,20.0,12.31,160,2,10.0,6.16,6.67,4.1
Économe Sagesse du Trésorier,Treasurer's Wisdom,9,13,0.69,69%,17.0,11.77,153,2,8.5,5.88,5.67,3.92
Hache Frénétique,Berseker Ax,9,13,0.69,69%,14.0,9.69,126,2,7.0,4.84,4.67,3.23
Esprit Guerrier,Spirit of the Warrior,7,13,0.54,54%,16.0,8.62,112,1,16.0,8.62,8.0,4.31
Lame Affutée,Sharp Blade,12,13,0.92,92%,8.75,8.08,105,3,2.92,2.69,2.19,2.02
Aveuglement,Incapacitor,13,13,1.0,100%,8.08,8.08,105,3,2.69,2.69,2.02,2.02
Esprit de l'Écuyer,Spirit of the Squire,10,13,0.77,77%,9.9,7.62,99,3,3.3,2.54,2.48,1.91
Marteau Collecteur,Collecting Hammer,10,13,0.77,77%,8.5,6.54,85,2,4.25,3.27,2.83,2.18
Épée Obscure,Swords of Darkness,5,13,0.38,38%,17.0,6.54,85,1,17.0,6.54,8.5,3.27
Chasseresse d'Âmes,Huntress of Souls,4,13,0.31,31%,19.0,5.85,76,1,19.0,5.85,9.5,2.92
Ascension Divine,Divine Ascent,3,13,0.23,23%,25.0,5.77,75,3,8.33,1.92,6.25,1.44
Faux Parfaite,Perfect Scythe,5,13,0.38,38%,15.0,5.77,75,0,Gratuit,Gratuit,15.0,5.77
Tombeau Rocheux,Rock Tomb,7,13,0.54,54%,10.0,5.38,70,1,10.0,5.38,5.0,2.69
Griffes Démoniaques,Demon Claws,4,13,0.31,31%,17.0,5.23,68,1,17.0,5.23,8.5,2.62
Explosion Arcanique,Arcane Explosive,5,13,0.38,38%,12.0,4.62,60,1,12.0,4.62,6.0,2.31
Marteleur précis,Precise Hammer,3,13,0.23,23%,18.0,4.15,54,1,18.0,4.15,9.0,2.08
Parchemin Secret,Secret Scroll,3,13,0.23,23%,18.0,4.15,54,2,9.0,2.08,6.0,1.38
Coup de Mort,Death Helper,4,13,0.31,31%,11.5,3.54,46,1,11.5,3.54,5.75,1.77
Elan de Fureur,Rampage Momentum,3,13,0.23,23%,15.0,3.46,45,2,7.5,1.73,5.0,1.15
Sabre Versatile,Versatil Saber,4,13,0.31,31%,11.0,3.38,44,1,11.0,3.38,5.5,1.69
Totem du Gardien,Guardian Totem,11,13,0.85,85%,3.55,3.0,39,3,1.18,1.0,0.89,0.75
Couronne du Roi Nain,Crown of the Dwarf King,3,13,0.23,23%,13.0,3.0,39,0,Gratuit,Gratuit,13.0,3.0
Esprit omniprésent,Omnipresent Spirit,2,13,0.15,15%,18.0,2.77,36,2,9.0,1.39,6.0,0.92
Œil de Lynx,Hawk's Eye,4,13,0.31,31%,8.5,2.62,34,0,Gratuit,Gratuit,8.5,2.62
Force Divine,Divine Impetu,3,13,0.23,23%,11.0,2.54,33,0,Gratuit,Gratuit,11.0,2.54
Griffes Sauvages,Wild Claw,11,13,0.85,85%,2.91,2.46,32,3,0.97,0.82,0.73,0.61
Danse Macabre,Dance of Death,4,13,0.31,31%,8.0,2.46,32,1,8.0,2.46,4.0,1.23
Soif de Sang,Thirsty Dagger,2,13,0.15,15%,15.0,2.31,30,0,Gratuit,Gratuit,15.0,2.31
Armure d'Immortel,Immortal Breastplate,2,13,0.15,15%,14.0,2.15,28,1,14.0,2.15,7.0,1.07
Masse Colossale,Colossal Mace,2,13,0.15,15%,13.0,2.0,26,0,Gratuit,Gratuit,13.0,2.0
Amulette Omnisciente,Omnipresent Amulet,2,13,0.15,15%,13.0,2.0,26,0,Gratuit,Gratuit,13.0,2.0
Bâton de Conquête,Conquering Staff,1,13,0.08,8%,24.0,1.85,24,2,12.0,0.93,8.0,0.62
Désintégrateur Magnétique,Magnetic Disintegrator,2,13,0.15,15%,11.0,1.69,22,0,Gratuit,Gratuit,11.0,1.69
Pillard Féroce,Savage Looter,1,13,0.08,8%,20.0,1.54,20,1,20.0,1.54,10.0,0.77
Le Marionnettiste,The Puppeteer,1,13,0.08,8%,20.0,1.54,20,2,10.0,0.77,6.67,0.51
Masse de Siège,Siege Mace,1,13,0.08,8%,16.0,1.23,16,0,Gratuit,Gratuit,16.0,1.23
Épé Sainte,Holy Sword,1,13,0.08,8%,10.0,0.77,10,0,Gratuit,Gratuit,10.0,0.77
