,Nom Anglais,nb games valide,total games,ratio,%,pts moy,pts moy total,total point,cout,pts par cout moy,pts par cout total,pts par cout moy+1,pts par cout total+1
Faux,Scythe,7,7,1.0,100%,19.14,19.14,134,3,6.38,6.38,4.79,4.79
Faux Assoiffées,Thirsty Scythes,5,7,0.71,71%,25.0,17.86,125,3,8.33,5.95,6.25,4.46
Totem Équivalent,Equivalent Totem,7,7,1.0,100%,16.14,16.14,113,2,8.07,8.07,5.38,5.38
Lame Insatiable,Fast Furious Blade,7,7,1.0,100%,16.0,16.0,112,2,8.0,8.0,5.33,5.33
Armure d'Obsidienne,Obsidian Battle Plate,5,7,0.71,71%,20.0,14.29,100,2,10.0,7.14,6.67,4.76
Économe Sagesse du Trésorier,Treasurer's Wisdom,5,7,0.71,71%,17.0,12.14,85,2,8.5,6.07,5.67,4.05
Hache Frénétique,Berseker Ax,6,7,0.86,86%,14.0,12.0,84,2,7.0,6.0,4.67,4.0
Esprit Guerrier,Spirit of the Warrior,5,7,0.71,71%,16.0,11.43,80,1,16.0,11.43,8.0,5.71
Chasseresse d'Âmes,Huntress of Souls,4,7,0.57,57%,19.0,10.86,76,1,19.0,10.86,9.5,5.43
Ascension Divine,Divine Ascent,3,7,0.43,43%,25.0,10.71,75,3,8.33,3.57,6.25,2.68
Griffes Démoniaques,Demon Claws,4,7,0.57,57%,17.0,9.71,68,1,17.0,9.71,8.5,4.86
Épée Obscure,Swords of Darkness,4,7,0.57,57%,17.0,9.71,68,1,17.0,9.71,8.5,4.86
Lame Affutée,Sharp Blade,6,7,0.86,86%,11.0,9.43,66,3,3.67,3.14,2.75,2.36
Aveuglement,Incapacitor,7,7,1.0,100%,9.0,9.0,63,3,3.0,3.0,2.25,2.25
Faux Parfaite,Perfect Scythe,4,7,0.57,57%,15.0,8.57,60,0,Gratuit,Gratuit,15.0,8.57
Parchemin Secret,Secret Scroll,3,7,0.43,43%,18.0,7.71,54,2,9.0,3.85,6.0,2.57
Explosion Arcanique,Arcane Explosive,4,7,0.57,57%,12.0,6.86,48,1,12.0,6.86,6.0,3.43
Esprit de l'Écuyer,Spirit of the Squire,5,7,0.71,71%,9.0,6.43,45,3,3.0,2.14,2.25,1.61
Tombeau Rocheux,Rock Tomb,4,7,0.57,57%,10.0,5.71,40,1,10.0,5.71,5.0,2.85
Couronne du Roi Nain,Crown of the Dwarf King,3,7,0.43,43%,13.0,5.57,39,0,Gratuit,Gratuit,13.0,5.57
Marteau Collecteur,Collecting Hammer,5,7,0.71,71%,7.2,5.14,36,2,3.6,2.57,2.4,1.71
Elan de Fureur,Rampage Momentum,2,7,0.29,29%,15.0,4.29,30,2,7.5,2.15,5.0,1.43
Armure d'Immortel,Immortal Breastplate,2,7,0.29,29%,14.0,4.0,28,1,14.0,4.0,7.0,2.0
Totem du Gardien,Guardian Totem,7,7,1.0,100%,3.57,3.57,25,3,1.19,1.19,0.89,0.89
Bâton de Conquête,Conquering Staff,1,7,0.14,14%,24.0,3.43,24,2,12.0,1.72,8.0,1.14
Danse Macabre,Dance of Death,3,7,0.43,43%,8.0,3.43,24,1,8.0,3.43,4.0,1.72
Œil de Lynx,Hawk's Eye,3,7,0.43,43%,8.0,3.43,24,0,Gratuit,Gratuit,8.0,3.43
Griffes Sauvages,Wild Claw,6,7,0.86,86%,3.67,3.14,22,3,1.22,1.05,0.92,0.79
Désintégrateur Magnétique,Magnetic Disintegrator,2,7,0.29,29%,11.0,3.14,22,0,Gratuit,Gratuit,11.0,3.14
Sabre Versatile,Versatil Saber,2,7,0.29,29%,11.0,3.14,22,1,11.0,3.14,5.5,1.57
Force Divine,Divine Impetu,2,7,0.29,29%,11.0,3.14,22,0,Gratuit,Gratuit,11.0,3.14
Le Marionnettiste,The Puppeteer,1,7,0.14,14%,20.0,2.86,20,2,10.0,1.43,6.67,0.95
Coup de Mort,Death Helper,2,7,0.29,29%,10.0,2.86,20,1,10.0,2.86,5.0,1.43
Esprit omniprésent,Omnipresent Spirit,1,7,0.14,14%,18.0,2.57,18,2,9.0,1.28,6.0,0.86
Marteleur précis,Precise Hammer,1,7,0.14,14%,18.0,2.57,18,1,18.0,2.57,9.0,1.28
Soif de Sang,Thirsty Dagger,1,7,0.14,14%,15.0,2.14,15,0,Gratuit,Gratuit,15.0,2.14
Masse Colossale,Colossal Mace,1,7,0.14,14%,11.0,1.57,11,0,Gratuit,Gratuit,11.0,1.57
Amulette Omnisciente,Omnipresent Amulet,1,7,0.14,14%,11.0,1.57,11,0,Gratuit,Gratuit,11.0,1.57
Épé Sainte,Holy Sword,1,7,0.14,14%,10.0,1.43,10,0,Gratuit,Gratuit,10.0,1.43
