,Nom Anglais,nb games valide,total games,ratio,%,pts moy,pts moy total,total point,cout,pts par cout moy,pts par cout total,pts par cout moy+1,pts par cout total+1
Faux,Scythe,16,16,1.0,100%,17.31,17.31,277,3,5.77,5.77,4.33,4.33
Totem Équivalent,Equivalent Totem,16,16,1.0,100%,15.62,15.62,250,2,7.81,7.81,5.21,5.21
Lame Insatiable,Fast Furious Blade,13,16,0.81,81%,16.0,13.0,208,2,8.0,6.5,5.33,4.33
Économe Sagesse du Trésorier,Treasurer's Wisdom,12,16,0.75,75%,17.0,12.75,204,2,8.5,6.38,5.67,4.25
Armure d'Obsidienne,Obsidian Battle Plate,10,16,0.62,62%,20.0,12.5,200,2,10.0,6.25,6.67,4.17
Faux Assoiffées,Thirsty Scythes,8,16,0.5,50%,25.0,12.5,200,3,8.33,4.17,6.25,3.12
Marteau Collecteur,Collecting Hammer,13,16,0.81,81%,11.92,9.69,155,2,5.96,4.84,3.97,3.23
Hache Frénétique,Berseker Ax,11,16,0.69,69%,14.0,9.62,154,2,7.0,4.81,4.67,3.21
Lame Affutée,Sharp Blade,15,16,0.94,94%,9.8,9.19,147,3,3.27,3.06,2.45,2.3
Esprit Guerrier,Spirit of the Warrior,8,16,0.5,50%,16.0,8.0,128,1,16.0,8.0,8.0,4.0
Aveuglement,Incapacitor,16,16,1.0,100%,7.88,7.88,126,3,2.63,2.63,1.97,1.97
Épée Obscure,Swords of Darkness,7,16,0.44,44%,17.0,7.44,119,1,17.0,7.44,8.5,3.72
Esprit de l'Écuyer,Spirit of the Squire,13,16,0.81,81%,8.77,7.12,114,3,2.92,2.37,2.19,1.78
Marteleur précis,Precise Hammer,6,16,0.38,38%,18.0,6.75,108,1,18.0,6.75,9.0,3.38
Parchemin Secret,Secret Scroll,6,16,0.38,38%,18.0,6.75,108,2,9.0,3.38,6.0,2.25
Chasseresse d'Âmes,Huntress of Souls,5,16,0.31,31%,19.0,5.94,95,1,19.0,5.94,9.5,2.97
Faux Parfaite,Perfect Scythe,6,16,0.38,38%,15.0,5.62,90,0,Gratuit,Gratuit,15.0,5.62
Tombeau Rocheux,Rock Tomb,9,16,0.56,56%,10.0,5.62,90,1,10.0,5.62,5.0,2.81
Griffes Démoniaques,Demon Claws,5,16,0.31,31%,17.0,5.31,85,1,17.0,5.31,8.5,2.65
Explosion Arcanique,Arcane Explosive,7,16,0.44,44%,12.0,5.25,84,1,12.0,5.25,6.0,2.62
Couronne du Roi Nain,Crown of the Dwarf King,6,16,0.38,38%,13.0,4.88,78,0,Gratuit,Gratuit,13.0,4.88
Elan de Fureur,Rampage Momentum,5,16,0.31,31%,15.0,4.69,75,2,7.5,2.35,5.0,1.56
Ascension Divine,Divine Ascent,3,16,0.19,19%,25.0,4.69,75,3,8.33,1.56,6.25,1.17
Masse Colossale,Colossal Mace,4,16,0.25,25%,14.0,3.5,56,0,Gratuit,Gratuit,14.0,3.5
Sabre Versatile,Versatil Saber,5,16,0.31,31%,11.0,3.44,55,1,11.0,3.44,5.5,1.72
Danse Macabre,Dance of Death,6,16,0.38,38%,8.0,3.0,48,1,8.0,3.0,4.0,1.5
Coup de Mort,Death Helper,4,16,0.25,25%,11.5,2.88,46,1,11.5,2.88,5.75,1.44
Désintégrateur Magnétique,Magnetic Disintegrator,4,16,0.25,25%,11.0,2.75,44,0,Gratuit,Gratuit,11.0,2.75
Œil de Lynx,Hawk's Eye,5,16,0.31,31%,8.8,2.75,44,0,Gratuit,Gratuit,8.8,2.75
Pillard Féroce,Savage Looter,2,16,0.12,12%,20.0,2.5,40,1,20.0,2.5,10.0,1.25
Totem du Gardien,Guardian Totem,11,16,0.69,69%,3.55,2.44,39,3,1.18,0.81,0.89,0.61
Griffes Sauvages,Wild Claw,14,16,0.88,88%,2.64,2.31,37,3,0.88,0.77,0.66,0.58
Esprit omniprésent,Omnipresent Spirit,2,16,0.12,12%,18.0,2.25,36,2,9.0,1.12,6.0,0.75
Force Divine,Divine Impetu,3,16,0.19,19%,11.0,2.06,33,0,Gratuit,Gratuit,11.0,2.06
Soif de Sang,Thirsty Dagger,2,16,0.12,12%,15.0,1.88,30,0,Gratuit,Gratuit,15.0,1.88
Épé Sainte,Holy Sword,3,16,0.19,19%,10.0,1.88,30,0,Gratuit,Gratuit,10.0,1.88
Triple Météore,Trimeteor,1,16,0.06,6%,30.0,1.88,30,0,Gratuit,Gratuit,30.0,1.88
Armure d'Immortel,Immortal Breastplate,2,16,0.12,12%,14.0,1.75,28,1,14.0,1.75,7.0,0.88
Amulette Omnisciente,Omnipresent Amulet,2,16,0.12,12%,13.0,1.62,26,0,Gratuit,Gratuit,13.0,1.62
Bâton de Conquête,Conquering Staff,1,16,0.06,6%,24.0,1.5,24,2,12.0,0.75,8.0,0.5
Le Marionnettiste,The Puppeteer,1,16,0.06,6%,20.0,1.25,20,2,10.0,0.62,6.67,0.42
Assistance Divine,Sacred Help,1,16,0.06,6%,20.0,1.25,20,2,10.0,0.62,6.67,0.42
Décharge Élémentaire,Elemental Discharge,1,16,0.06,6%,18.0,1.12,18,1,18.0,1.12,9.0,0.56
Masse de Siège,Siege Mace,1,16,0.06,6%,16.0,1.0,16,0,Gratuit,Gratuit,16.0,1.0
