,Nom Anglais,nb games valide,total games,ratio,%,pts moy,pts moy total,total point,cout,pts par cout moy,pts par cout total,pts par cout moy+1,pts par cout total+1
Faux,Scythe,15,15,1.0,100%,17.47,17.47,262,3,5.82,5.82,4.37,4.37
Totem Équivalent,Equivalent Totem,15,15,1.0,100%,15.53,15.53,233,2,7.76,7.76,5.18,5.18
Lame Insatiable,Fast Furious Blade,13,15,0.87,87%,16.0,13.87,208,2,8.0,6.93,5.33,4.62
Armure d'Obsidienne,Obsidian Battle Plate,10,15,0.67,67%,20.0,13.33,200,2,10.0,6.67,6.67,4.44
Faux Assoiffées,Thirsty Scythes,8,15,0.53,53%,25.0,13.33,200,3,8.33,4.44,6.25,3.33
Économe Sagesse du Trésorier,Treasurer's Wisdom,11,15,0.73,73%,17.0,12.47,187,2,8.5,6.24,5.67,4.16
Hache Frénétique,Berseker Ax,10,15,0.67,67%,14.0,9.33,140,2,7.0,4.67,4.67,3.11
Marteau Collecteur,Collecting Hammer,12,15,0.8,80%,11.17,8.93,134,2,5.58,4.46,3.72,2.98
Lame Affutée,Sharp Blade,14,15,0.93,93%,9.21,8.6,129,3,3.07,2.87,2.3,2.15
Aveuglement,Incapacitor,15,15,1.0,100%,7.6,7.6,114,3,2.53,2.53,1.9,1.9
Esprit Guerrier,Spirit of the Warrior,7,15,0.47,47%,16.0,7.47,112,1,16.0,7.47,8.0,3.73
Esprit de l'Écuyer,Spirit of the Squire,12,15,0.8,80%,8.75,7.0,105,3,2.92,2.33,2.19,1.75
Épée Obscure,Swords of Darkness,6,15,0.4,40%,17.0,6.8,102,1,17.0,6.8,8.5,3.4
Chasseresse d'Âmes,Huntress of Souls,5,15,0.33,33%,19.0,6.33,95,1,19.0,6.33,9.5,3.17
Marteleur précis,Precise Hammer,5,15,0.33,33%,18.0,6.0,90,1,18.0,6.0,9.0,3.0
Parchemin Secret,Secret Scroll,5,15,0.33,33%,18.0,6.0,90,2,9.0,3.0,6.0,2.0
Faux Parfaite,Perfect Scythe,6,15,0.4,40%,15.0,6.0,90,0,Gratuit,Gratuit,15.0,6.0
Griffes Démoniaques,Demon Claws,5,15,0.33,33%,17.0,5.67,85,1,17.0,5.67,8.5,2.83
Tombeau Rocheux,Rock Tomb,8,15,0.53,53%,10.0,5.33,80,1,10.0,5.33,5.0,2.67
Ascension Divine,Divine Ascent,3,15,0.2,20%,25.0,5.0,75,3,8.33,1.67,6.25,1.25
Explosion Arcanique,Arcane Explosive,6,15,0.4,40%,12.0,4.8,72,1,12.0,4.8,6.0,2.4
Couronne du Roi Nain,Crown of the Dwarf King,5,15,0.33,33%,13.0,4.33,65,0,Gratuit,Gratuit,13.0,4.33
Elan de Fureur,Rampage Momentum,4,15,0.27,27%,15.0,4.0,60,2,7.5,2.0,5.0,1.33
Sabre Versatile,Versatil Saber,5,15,0.33,33%,11.0,3.67,55,1,11.0,3.67,5.5,1.83
Coup de Mort,Death Helper,4,15,0.27,27%,11.5,3.07,46,1,11.5,3.07,5.75,1.53
Masse Colossale,Colossal Mace,3,15,0.2,20%,13.67,2.73,41,0,Gratuit,Gratuit,13.67,2.73
Danse Macabre,Dance of Death,5,15,0.33,33%,8.0,2.67,40,1,8.0,2.67,4.0,1.33
Totem du Gardien,Guardian Totem,11,15,0.73,73%,3.55,2.6,39,3,1.18,0.87,0.89,0.65
Esprit omniprésent,Omnipresent Spirit,2,15,0.13,13%,18.0,2.4,36,2,9.0,1.2,6.0,0.8
Griffes Sauvages,Wild Claw,13,15,0.87,87%,2.69,2.33,35,3,0.9,0.78,0.67,0.58
Œil de Lynx,Hawk's Eye,4,15,0.27,27%,8.5,2.27,34,0,Gratuit,Gratuit,8.5,2.27
Désintégrateur Magnétique,Magnetic Disintegrator,3,15,0.2,20%,11.0,2.2,33,0,Gratuit,Gratuit,11.0,2.2
Force Divine,Divine Impetu,3,15,0.2,20%,11.0,2.2,33,0,Gratuit,Gratuit,11.0,2.2
Soif de Sang,Thirsty Dagger,2,15,0.13,13%,15.0,2.0,30,0,Gratuit,Gratuit,15.0,2.0
Armure d'Immortel,Immortal Breastplate,2,15,0.13,13%,14.0,1.87,28,1,14.0,1.87,7.0,0.94
Amulette Omnisciente,Omnipresent Amulet,2,15,0.13,13%,13.0,1.73,26,0,Gratuit,Gratuit,13.0,1.73
Bâton de Conquête,Conquering Staff,1,15,0.07,7%,24.0,1.6,24,2,12.0,0.8,8.0,0.53
Le Marionnettiste,The Puppeteer,1,15,0.07,7%,20.0,1.33,20,2,10.0,0.67,6.67,0.44
Pillard Féroce,Savage Looter,1,15,0.07,7%,20.0,1.33,20,1,20.0,1.33,10.0,0.67
Épé Sainte,Holy Sword,2,15,0.13,13%,10.0,1.33,20,0,Gratuit,Gratuit,10.0,1.33
Assistance Divine,Sacred Help,1,15,0.07,7%,20.0,1.33,20,2,10.0,0.67,6.67,0.44
Décharge Élémentaire,Elemental Discharge,1,15,0.07,7%,18.0,1.2,18,1,18.0,1.2,9.0,0.6
Masse de Siège,Siege Mace,1,15,0.07,7%,16.0,1.07,16,0,Gratuit,Gratuit,16.0,1.07
