,Nom Anglais,nb games valide,total games,ratio,%,pts moy,pts moy total,total point,cout,pts par cout moy,pts par cout total,pts par cout moy+1,pts par cout total+1
Armure d'Obsidienne,Obsidian Battle Plate,9,11,0.82,82%,20.0,16.36,180,2,10.0,8.18,6.67,5.45
Faux,Scythe,11,11,1.0,100%,15.91,15.91,175,3,5.3,5.3,3.98,3.98
Totem Équivalent,Equivalent Totem,11,11,1.0,100%,15.09,15.09,166,2,7.54,7.54,5.03,5.03
Économe Sagesse du Trésorier,Treasurer's Wisdom,7,11,0.64,64%,17.0,10.82,119,2,8.5,5.41,5.67,3.61
Faux Assoiffées,Thirsty Scythes,4,11,0.36,36%,25.0,9.09,100,3,8.33,3.03,6.25,2.27
Hache Frénétique,Berseker Ax,7,11,0.64,64%,14.0,8.91,98,2,7.0,4.46,4.67,2.97
Marteau Collecteur,Collecting Hammer,6,11,0.55,55%,15.0,8.18,90,2,7.5,4.09,5.0,2.73
Lame Insatiable,Fast Furious Blade,5,11,0.45,45%,16.0,7.27,80,2,8.0,3.63,5.33,2.42
Lame Affutée,Sharp Blade,10,11,0.91,91%,7.5,6.82,75,3,2.5,2.27,1.88,1.71
Esprit de l'Écuyer,Spirit of the Squire,8,11,0.73,73%,9.0,6.55,72,3,3.0,2.18,2.25,1.64
Armure d'Immortel,Immortal Breastplate,5,11,0.45,45%,14.4,6.55,72,1,14.4,6.55,7.2,3.27
Aveuglement,Incapacitor,11,11,1.0,100%,6.55,6.55,72,3,2.18,2.18,1.64,1.64
Gantelet Impérieux,Imperious Gauntlet,2,11,0.18,18%,30.0,5.45,60,1,30.0,5.45,15.0,2.73
Explosion Arcanique,Arcane Explosive,5,11,0.45,45%,12.0,5.45,60,1,12.0,5.45,6.0,2.73
Sabre Versatile,Versatil Saber,5,11,0.45,45%,11.0,5.0,55,1,11.0,5.0,5.5,2.5
Tombeau Rocheux,Rock Tomb,5,11,0.45,45%,10.0,4.55,50,1,10.0,4.55,5.0,2.27
Faux Parfaite,Perfect Scythe,3,11,0.27,27%,15.0,4.09,45,0,Gratuit,Gratuit,15.0,4.09
Totem du Gardien,Guardian Totem,11,11,1.0,100%,4.0,4.0,44,3,1.33,1.33,1.0,1.0
Aura Légendaire,Legend Aura,1,11,0.09,9%,40.0,3.64,40,3,13.33,1.21,10.0,0.91
Pillard Féroce,Savage Looter,2,11,0.18,18%,20.0,3.64,40,1,20.0,3.64,10.0,1.82
Chasseresse d'Âmes,Huntress of Souls,2,11,0.18,18%,19.0,3.45,38,1,19.0,3.45,9.5,1.73
Marteleur précis,Precise Hammer,2,11,0.18,18%,18.0,3.27,36,1,18.0,3.27,9.0,1.64
Épée Obscure,Swords of Darkness,2,11,0.18,18%,17.0,3.09,34,1,17.0,3.09,8.5,1.54
Griffes Démoniaques,Demon Claws,2,11,0.18,18%,17.0,3.09,34,1,17.0,3.09,8.5,1.54
Coup de Mort,Death Helper,3,11,0.27,27%,11.0,3.0,33,1,11.0,3.0,5.5,1.5
Désintégrateur Magnétique,Magnetic Disintegrator,3,11,0.27,27%,11.0,3.0,33,0,Gratuit,Gratuit,11.0,3.0
Elan de Fureur,Rampage Momentum,2,11,0.18,18%,15.0,2.73,30,2,7.5,1.36,5.0,0.91
Ascension Divine,Divine Ascent,1,11,0.09,9%,25.0,2.27,25,3,8.33,0.76,6.25,0.57
Bâton de Conquête,Conquering Staff,1,11,0.09,9%,24.0,2.18,24,2,12.0,1.09,8.0,0.73
Masse Colossale,Colossal Mace,2,11,0.18,18%,11.0,2.0,22,0,Gratuit,Gratuit,11.0,2.0
Le Marionnettiste,The Puppeteer,1,11,0.09,9%,20.0,1.82,20,2,10.0,0.91,6.67,0.61
Enchaînement Éclair,Unstoppable Lightning,1,11,0.09,9%,18.0,1.64,18,1,18.0,1.64,9.0,0.82
Parchemin Secret,Secret Scroll,1,11,0.09,9%,18.0,1.64,18,2,9.0,0.82,6.0,0.55
Décharge Élémentaire,Elemental Discharge,1,11,0.09,9%,18.0,1.64,18,1,18.0,1.64,9.0,0.82
Esprit Guerrier,Spirit of the Warrior,1,11,0.09,9%,16.0,1.45,16,1,16.0,1.45,8.0,0.72
Danse Macabre,Dance of Death,2,11,0.18,18%,8.0,1.45,16,1,8.0,1.45,4.0,0.72
Griffes Sauvages,Wild Claw,8,11,0.73,73%,1.75,1.27,14,3,0.58,0.42,0.44,0.32
Couronne du Roi Nain,Crown of the Dwarf King,1,11,0.09,9%,13.0,1.18,13,0,Gratuit,Gratuit,13.0,1.18
Bâton du Conquérant,Staff of Conquered Worlds,1,11,0.09,9%,11.0,1.0,11,0,Gratuit,Gratuit,11.0,1.0
Force Divine,Divine Impetu,1,11,0.09,9%,11.0,1.0,11,0,Gratuit,Gratuit,11.0,1.0
Épé Sainte,Holy Sword,1,11,0.09,9%,10.0,0.91,10,0,Gratuit,Gratuit,10.0,0.91
Œil de Lynx,Hawk's Eye,1,11,0.09,9%,8.0,0.73,8,0,Gratuit,Gratuit,8.0,0.73
