,Nom Anglais,nb games valide,total games,ratio,%,pts moy,pts moy total,total point,cout,pts par cout moy,pts par cout total
Gantelet Impérieux,Imperious Gauntlet,1,1,1.0,100%,30.0,30.0,30,1,30.0,30.0
Faux Assoiffées,Thirsty Scythes,1,1,1.0,100%,25.0,25.0,25,3,8.33,8.33
Bâton de Conquête,Conquering Staff,1,1,1.0,100%,24.0,24.0,24,2,12.0,12.0
Armure d'Obsidienne,Obsidian Battle Plate,1,1,1.0,100%,20.0,20.0,20,2,10.0,10.0
Le Marionnettiste,The Puppeteer,1,1,1.0,100%,20.0,20.0,20,2,10.0,10.0
Faux,Scythe,1,1,1.0,100%,18.0,18.0,18,3,6.0,6.0
Marteau Collecteur,Collecting Hammer,1,1,1.0,100%,18.0,18.0,18,2,9.0,9.0
Économe Sagesse du Trésorier,Treasurer's Wisdom,1,1,1.0,100%,17.0,17.0,17,2,8.5,8.5
Lame Insatiable,Fast Furious Blade,1,1,1.0,100%,16.0,16.0,16,2,8.0,8.0
Totem Équivalent,Equivalent Totem,1,1,1.0,100%,16.0,16.0,16,1,16.0,16.0
Faux Parfaite,Perfect Scythe,1,1,1.0,100%,15.0,15.0,15,0,Gratuit,Gratuit
Aveuglement,Incapacitor,1,1,1.0,100%,15.0,15.0,15,3,5.0,5.0
Hache Frénétique,Berseker Ax,1,1,1.0,100%,14.0,14.0,14,2,7.0,7.0
Armure d'Immortel,Immortal Breastplate,1,1,1.0,100%,14.0,14.0,14,1,14.0,14.0
Sabre Versatile,Versatil Saber,1,1,1.0,100%,11.0,11.0,11,1,11.0,11.0
Esprit de l'Écuyer,Spirit of the Squire,1,1,1.0,100%,9.0,9.0,9,3,3.0,3.0
Œil de Lynx,Hawk's Eye,1,1,1.0,100%,8.0,8.0,8,0,Gratuit,Gratuit
Totem du Gardien,Guardian Totem,1,1,1.0,100%,5.0,5.0,5,3,1.67,1.67
Lame Affutée,Sharp Blade,1,1,1.0,100%,3.0,3.0,3,3,1.0,1.0
Griffes Sauvages,Wild Claw,1,1,1.0,100%,2.0,2.0,2,3,0.67,0.67
