,Nom Anglais,nb games valide,total games,ratio,%,pts moy,pts moy total,total point,cout,pts par cout moy,pts par cout total
Armure d'Obsidienne,Obsidian Battle Plate,4,4,1.0,100%,20.0,20.0,80,2,10.0,10.0
Faux,Scythe,4,4,1.0,100%,16.0,16.0,64,3,5.33,5.33
Totem Équivalent,Equivalent Totem,4,4,1.0,100%,15.25,15.25,61,1,15.25,15.25
Économe Sagesse du Trésorier,Treasurer's Wisdom,3,4,0.75,75%,17.0,12.75,51,2,8.5,6.38
Marteau Collecteur,Collecting Hammer,3,4,0.75,75%,16.0,12.0,48,2,8.0,6.0
Armure d'Immortel,Immortal Breastplate,3,4,0.75,75%,14.0,10.5,42,1,14.0,10.5
Hache Frénétique,Berseker Ax,3,4,0.75,75%,14.0,10.5,42,2,7.0,5.25
Aura Légendaire,Legend Aura,1,4,0.25,25%,40.0,10.0,40,3,13.33,3.33
Explosion Arcanique,Arcane Explosive,3,4,0.75,75%,12.0,9.0,36,1,12.0,9.0
Marteleur précis,Precise Hammer,2,4,0.5,50%,18.0,9.0,36,1,18.0,9.0
Lame Insatiable,Fast Furious Blade,2,4,0.5,50%,16.0,8.0,32,2,8.0,4.0
Lame Affutée,Sharp Blade,3,4,0.75,75%,10.0,7.5,30,3,3.33,2.5
Faux Parfaite,Perfect Scythe,2,4,0.5,50%,15.0,7.5,30,0,Gratuit,Gratuit
Gantelet Impérieux,Imperious Gauntlet,1,4,0.25,25%,30.0,7.5,30,1,30.0,7.5
Aveuglement,Incapacitor,4,4,1.0,100%,6.75,6.75,27,3,2.25,2.25
Esprit de l'Écuyer,Spirit of the Squire,3,4,0.75,75%,9.0,6.75,27,3,3.0,2.25
Faux Assoiffées,Thirsty Scythes,1,4,0.25,25%,25.0,6.25,25,3,8.33,2.08
Bâton de Conquête,Conquering Staff,1,4,0.25,25%,24.0,6.0,24,2,12.0,3.0
Sabre Versatile,Versatil Saber,2,4,0.5,50%,11.0,5.5,22,1,11.0,5.5
Pillard Féroce,Savage Looter,1,4,0.25,25%,20.0,5.0,20,1,20.0,5.0
Le Marionnettiste,The Puppeteer,1,4,0.25,25%,20.0,5.0,20,2,10.0,2.5
Chasseresse d'Âmes,Huntress of Souls,1,4,0.25,25%,19.0,4.75,19,1,19.0,4.75
Parchemin Secret,Secret Scroll,1,4,0.25,25%,18.0,4.5,18,2,9.0,2.25
Enchaînement Éclair,Unstoppable Lightning,1,4,0.25,25%,18.0,4.5,18,1,18.0,4.5
Totem du Gardien,Guardian Totem,4,4,1.0,100%,4.5,4.5,18,3,1.5,1.5
Décharge Élémentaire,Elemental Discharge,1,4,0.25,25%,18.0,4.5,18,1,18.0,4.5
Épée Obscure,Swords of Darkness,1,4,0.25,25%,17.0,4.25,17,1,17.0,4.25
Griffes Démoniaques,Demon Claws,1,4,0.25,25%,17.0,4.25,17,1,17.0,4.25
Esprit Guerrier,Spirit of the Warrior,1,4,0.25,25%,16.0,4.0,16,1,16.0,4.0
Elan de Fureur,Rampage Momentum,1,4,0.25,25%,15.0,3.75,15,2,7.5,1.88
Couronne du Roi Nain,Crown of the Dwarf King,1,4,0.25,25%,13.0,3.25,13,0,Gratuit,Gratuit
Force Divine,Divine Impetu,1,4,0.25,25%,11.0,2.75,11,0,Gratuit,Gratuit
Désintégrateur Magnétique,Magnetic Disintegrator,1,4,0.25,25%,11.0,2.75,11,0,Gratuit,Gratuit
Masse Colossale,Colossal Mace,1,4,0.25,25%,11.0,2.75,11,0,Gratuit,Gratuit
Coup de Mort,Death Helper,1,4,0.25,25%,10.0,2.5,10,1,10.0,2.5
Tombeau Rocheux,Rock Tomb,1,4,0.25,25%,10.0,2.5,10,1,10.0,2.5
Épé Sainte,Holy Sword,1,4,0.25,25%,10.0,2.5,10,0,Gratuit,Gratuit
Danse Macabre,Dance of Death,1,4,0.25,25%,8.0,2.0,8,1,8.0,2.0
Œil de Lynx,Hawk's Eye,1,4,0.25,25%,8.0,2.0,8,0,Gratuit,Gratuit
Griffes Sauvages,Wild Claw,3,4,0.75,75%,1.67,1.25,5,3,0.56,0.42
