,Nom Anglais,nb games valide,total games,ratio,%,pts moy,pts moy total,total point,cout,pts par cout moy,pts par cout total,pts par cout moy+1,pts par cout total+1
Faux,Scythe,18,18,1.0,100%,16.78,16.78,302,3,5.59,5.59,4.2,4.2
Totem Équivalent,Equivalent Totem,18,18,1.0,100%,15.94,15.94,287,2,7.97,7.97,5.31,5.31
Armure d'Obsidienne,Obsidian Battle Plate,13,18,0.72,72%,20.0,14.44,260,2,10.0,7.22,6.67,4.81
Lame Affutée,Sharp Blade,17,18,0.94,94%,14.12,13.33,240,3,4.71,4.44,3.53,3.33
Économe Sagesse du Trésorier,Treasurer's Wisdom,14,18,0.78,78%,17.0,13.22,238,2,8.5,6.61,5.67,4.41
Faux Assoiffées,Thirsty Scythes,8,18,0.44,44%,25.0,11.11,200,3,8.33,3.7,6.25,2.78
Hache Frénétique,Berseker Ax,14,18,0.78,78%,14.0,10.89,196,2,7.0,5.45,4.67,3.63
Marteau Collecteur,Collecting Hammer,11,18,0.61,61%,17.73,10.83,195,2,8.87,5.42,5.91,3.61
Esprit de l'Écuyer,Spirit of the Squire,15,18,0.83,83%,11.6,9.67,174,3,3.87,3.22,2.9,2.42
Pluie de Météorites,Meteorites,2,18,0.11,11%,70.0,7.78,140,0,Gratuit,Gratuit,70.0,7.78
Épée Obscure,Swords of Darkness,8,18,0.44,44%,17.0,7.56,136,1,17.0,7.56,8.5,3.78
Aveuglement,Incapacitor,18,18,1.0,100%,7.17,7.17,129,3,2.39,2.39,1.79,1.79
Lame Insatiable,Fast Furious Blade,8,18,0.44,44%,16.0,7.11,128,2,8.0,3.56,5.33,2.37
Marteleur précis,Precise Hammer,7,18,0.39,39%,18.0,7.0,126,1,18.0,7.0,9.0,3.5
Sabre Versatile,Versatil Saber,11,18,0.61,61%,11.0,6.72,121,1,11.0,6.72,5.5,3.36
Triple Météore,Trimeteor,4,18,0.22,22%,30.0,6.67,120,0,Gratuit,Gratuit,30.0,6.67
Gantelet Impérieux,Imperious Gauntlet,4,18,0.22,22%,30.0,6.67,120,1,30.0,6.67,15.0,3.33
Aura Légendaire,Legend Aura,3,18,0.17,17%,40.0,6.67,120,3,13.33,2.22,10.0,1.67
Explosion Arcanique,Arcane Explosive,10,18,0.56,56%,12.0,6.67,120,1,12.0,6.67,6.0,3.33
Tombeau Rocheux,Rock Tomb,11,18,0.61,61%,10.0,6.11,110,1,10.0,6.11,5.0,3.06
Parchemin Secret,Secret Scroll,6,18,0.33,33%,18.0,6.0,108,2,9.0,3.0,6.0,2.0
Elan de Fureur,Rampage Momentum,7,18,0.39,39%,15.0,5.83,105,2,7.5,2.92,5.0,1.94
Armure d'Immortel,Immortal Breastplate,7,18,0.39,39%,14.86,5.78,104,1,14.86,5.78,7.43,2.89
Ascension Divine,Divine Ascent,4,18,0.22,22%,25.0,5.56,100,3,8.33,1.85,6.25,1.39
Coup de Mort,Death Helper,8,18,0.44,44%,12.25,5.44,98,1,12.25,5.44,6.12,2.72
Chasseresse d'Âmes,Huntress of Souls,5,18,0.28,28%,19.0,5.28,95,1,19.0,5.28,9.5,2.64
Enchaînement Éclair,Unstoppable Lightning,5,18,0.28,28%,18.0,5.0,90,1,18.0,5.0,9.0,2.5
Griffes Démoniaques,Demon Claws,5,18,0.28,28%,17.0,4.72,85,1,17.0,4.72,8.5,2.36
Masse Colossale,Colossal Mace,6,18,0.33,33%,13.67,4.56,82,0,Gratuit,Gratuit,13.67,4.56
Esprit Guerrier,Spirit of the Warrior,5,18,0.28,28%,16.0,4.44,80,1,16.0,4.44,8.0,2.22
Couronne du Roi Nain,Crown of the Dwarf King,6,18,0.33,33%,13.0,4.33,78,0,Gratuit,Gratuit,13.0,4.33
Faux Parfaite,Perfect Scythe,5,18,0.28,28%,15.0,4.17,75,0,Gratuit,Gratuit,15.0,4.17
Désintégrateur Magnétique,Magnetic Disintegrator,6,18,0.33,33%,11.0,3.67,66,0,Gratuit,Gratuit,11.0,3.67
Danse Macabre,Dance of Death,8,18,0.44,44%,8.0,3.56,64,1,8.0,3.56,4.0,1.78
Pillard Féroce,Savage Looter,3,18,0.17,17%,20.0,3.33,60,1,20.0,3.33,10.0,1.67
Totem du Gardien,Guardian Totem,13,18,0.72,72%,3.92,2.83,51,3,1.31,0.94,0.98,0.71
Chasseur d'Âmes,Soul Hunter,2,18,0.11,11%,20.0,2.22,40,1,20.0,2.22,10.0,1.11
Épé Sainte,Holy Sword,4,18,0.22,22%,10.0,2.22,40,0,Gratuit,Gratuit,10.0,2.22
Œil de Lynx,Hawk's Eye,4,18,0.22,22%,9.5,2.11,38,0,Gratuit,Gratuit,9.5,2.11
Griffes Sauvages,Wild Claw,15,18,0.83,83%,2.53,2.11,38,3,0.84,0.7,0.63,0.53
Décharge Élémentaire,Elemental Discharge,2,18,0.11,11%,18.0,2.0,36,1,18.0,2.0,9.0,1.0
Soif de Sang,Thirsty Dagger,2,18,0.11,11%,15.0,1.67,30,0,Gratuit,Gratuit,15.0,1.67
Force Divine,Divine Impetu,2,18,0.11,11%,13.0,1.44,26,0,Gratuit,Gratuit,13.0,1.44
Bâton de Conquête,Conquering Staff,1,18,0.06,6%,24.0,1.33,24,2,12.0,0.67,8.0,0.44
Le Marionnettiste,The Puppeteer,1,18,0.06,6%,20.0,1.11,20,2,10.0,0.56,6.67,0.37
Assistance Divine,Sacred Help,1,18,0.06,6%,20.0,1.11,20,2,10.0,0.56,6.67,0.37
Esprit omniprésent,Omnipresent Spirit,1,18,0.06,6%,18.0,1.0,18,2,9.0,0.5,6.0,0.33
Bâton du Conquérant,Staff of Conquered Worlds,1,18,0.06,6%,11.0,0.61,11,0,Gratuit,Gratuit,11.0,0.61
