,Nom Anglais,nb games valide,total games,ratio,%,pts moy,pts moy total,total point,cout,pts par cout moy,pts par cout total,pts par cout moy+1,pts par cout total+1
Faux,Scythe,15,15,1.0,100%,16.53,16.53,248,3,5.51,5.51,4.13,4.13
Totem Équivalent,Equivalent Totem,15,15,1.0,100%,15.67,15.67,235,2,7.83,7.83,5.22,5.22
Armure d'Obsidienne,Obsidian Battle Plate,11,15,0.73,73%,20.0,14.67,220,2,10.0,7.33,6.67,4.89
Économe Sagesse du Trésorier,Treasurer's Wisdom,11,15,0.73,73%,17.0,12.47,187,2,8.5,6.24,5.67,4.16
Lame Affutée,Sharp Blade,14,15,0.93,93%,12.86,12.0,180,3,4.29,4.0,3.21,3.0
Hache Frénétique,Berseker Ax,11,15,0.73,73%,14.0,10.27,154,2,7.0,5.13,4.67,3.42
Faux Assoiffées,Thirsty Scythes,6,15,0.4,40%,25.0,10.0,150,3,8.33,3.33,6.25,2.5
Marteau Collecteur,Collecting Hammer,9,15,0.6,60%,16.22,9.73,146,2,8.11,4.87,5.41,3.24
Pluie de Météorites,Meteorites,2,15,0.13,13%,70.0,9.33,140,0,Gratuit,Gratuit,70.0,9.33
Esprit de l'Écuyer,Spirit of the Squire,12,15,0.8,80%,11.0,8.8,132,3,3.67,2.93,2.75,2.2
Épée Obscure,Swords of Darkness,6,15,0.4,40%,17.0,6.8,102,1,17.0,6.8,8.5,3.4
Aveuglement,Incapacitor,15,15,1.0,100%,6.6,6.6,99,3,2.2,2.2,1.65,1.65
Lame Insatiable,Fast Furious Blade,6,15,0.4,40%,16.0,6.4,96,2,8.0,3.2,5.33,2.13
Marteleur précis,Precise Hammer,5,15,0.33,33%,18.0,6.0,90,1,18.0,6.0,9.0,3.0
Gantelet Impérieux,Imperious Gauntlet,3,15,0.2,20%,30.0,6.0,90,1,30.0,6.0,15.0,3.0
Elan de Fureur,Rampage Momentum,6,15,0.4,40%,15.0,6.0,90,2,7.5,3.0,5.0,2.0
Triple Météore,Trimeteor,3,15,0.2,20%,30.0,6.0,90,0,Gratuit,Gratuit,30.0,6.0
Armure d'Immortel,Immortal Breastplate,6,15,0.4,40%,14.67,5.87,88,1,14.67,5.87,7.33,2.94
Sabre Versatile,Versatil Saber,8,15,0.53,53%,11.0,5.87,88,1,11.0,5.87,5.5,2.94
Explosion Arcanique,Arcane Explosive,7,15,0.47,47%,12.0,5.6,84,1,12.0,5.6,6.0,2.8
Aura Légendaire,Legend Aura,2,15,0.13,13%,40.0,5.33,80,3,13.33,1.78,10.0,1.33
Tombeau Rocheux,Rock Tomb,8,15,0.53,53%,10.0,5.33,80,1,10.0,5.33,5.0,2.67
Ascension Divine,Divine Ascent,3,15,0.2,20%,25.0,5.0,75,3,8.33,1.67,6.25,1.25
Enchaînement Éclair,Unstoppable Lightning,4,15,0.27,27%,18.0,4.8,72,1,18.0,4.8,9.0,2.4
Parchemin Secret,Secret Scroll,4,15,0.27,27%,18.0,4.8,72,2,9.0,2.4,6.0,1.6
Coup de Mort,Death Helper,6,15,0.4,40%,12.0,4.8,72,1,12.0,4.8,6.0,2.4
Esprit Guerrier,Spirit of the Warrior,4,15,0.27,27%,16.0,4.27,64,1,16.0,4.27,8.0,2.13
Faux Parfaite,Perfect Scythe,4,15,0.27,27%,15.0,4.0,60,0,Gratuit,Gratuit,15.0,4.0
Pillard Féroce,Savage Looter,3,15,0.2,20%,20.0,4.0,60,1,20.0,4.0,10.0,2.0
Chasseresse d'Âmes,Huntress of Souls,3,15,0.2,20%,19.0,3.8,57,1,19.0,3.8,9.5,1.9
Griffes Démoniaques,Demon Claws,3,15,0.2,20%,17.0,3.4,51,1,17.0,3.4,8.5,1.7
Danse Macabre,Dance of Death,6,15,0.4,40%,8.0,3.2,48,1,8.0,3.2,4.0,1.6
Totem du Gardien,Guardian Totem,11,15,0.73,73%,4.0,2.93,44,3,1.33,0.98,1.0,0.73
Désintégrateur Magnétique,Magnetic Disintegrator,4,15,0.27,27%,11.0,2.93,44,0,Gratuit,Gratuit,11.0,2.93
Couronne du Roi Nain,Crown of the Dwarf King,3,15,0.2,20%,13.0,2.6,39,0,Gratuit,Gratuit,13.0,2.6
Œil de Lynx,Hawk's Eye,4,15,0.27,27%,9.5,2.53,38,0,Gratuit,Gratuit,9.5,2.53
Masse Colossale,Colossal Mace,3,15,0.2,20%,12.33,2.47,37,0,Gratuit,Gratuit,12.33,2.47
Décharge Élémentaire,Elemental Discharge,2,15,0.13,13%,18.0,2.4,36,1,18.0,2.4,9.0,1.2
Soif de Sang,Thirsty Dagger,2,15,0.13,13%,15.0,2.0,30,0,Gratuit,Gratuit,15.0,2.0
Griffes Sauvages,Wild Claw,12,15,0.8,80%,2.42,1.93,29,3,0.81,0.64,0.6,0.48
Force Divine,Divine Impetu,2,15,0.13,13%,13.0,1.73,26,0,Gratuit,Gratuit,13.0,1.73
Bâton de Conquête,Conquering Staff,1,15,0.07,7%,24.0,1.6,24,2,12.0,0.8,8.0,0.53
Le Marionnettiste,The Puppeteer,1,15,0.07,7%,20.0,1.33,20,2,10.0,0.67,6.67,0.44
Chasseur d'Âmes,Soul Hunter,1,15,0.07,7%,20.0,1.33,20,1,20.0,1.33,10.0,0.67
Épé Sainte,Holy Sword,2,15,0.13,13%,10.0,1.33,20,0,Gratuit,Gratuit,10.0,1.33
Esprit omniprésent,Omnipresent Spirit,1,15,0.07,7%,18.0,1.2,18,2,9.0,0.6,6.0,0.4
Bâton du Conquérant,Staff of Conquered Worlds,1,15,0.07,7%,11.0,0.73,11,0,Gratuit,Gratuit,11.0,0.73
