,Nom Anglais,nb games valide,total games,ratio,%,pts moy,pts moy total,total point,cout,pts par cout moy,pts par cout total,pts par cout moy+1,pts par cout total+1
Faux Assoiffées,Thirsty Scythes,5,5,1.0,100%,25.0,25.0,125,3,8.33,8.33,6.25,6.25
Faux,Scythe,5,5,1.0,100%,22.2,22.2,111,3,7.4,7.4,5.55,5.55
Totem Équivalent,Equivalent Totem,5,5,1.0,100%,17.6,17.6,88,2,8.8,8.8,5.87,5.87
Économe Sagesse du Trésorier,Treasurer's Wisdom,5,5,1.0,100%,17.0,17.0,85,2,8.5,8.5,5.67,5.67
Lame Insatiable,Fast Furious Blade,5,5,1.0,100%,16.0,16.0,80,2,8.0,8.0,5.33,5.33
Ascension Divine,Divine Ascent,3,5,0.6,60%,25.0,15.0,75,3,8.33,5.0,6.25,3.75
Hache Frénétique,Berseker Ax,5,5,1.0,100%,14.0,14.0,70,2,7.0,7.0,4.67,4.67
Griffes Démoniaques,Demon Claws,4,5,0.8,80%,17.0,13.6,68,1,17.0,13.6,8.5,6.8
Faux Parfaite,Perfect Scythe,4,5,0.8,80%,15.0,12.0,60,0,Gratuit,Gratuit,15.0,12.0
Armure d'Obsidienne,Obsidian Battle Plate,3,5,0.6,60%,20.0,12.0,60,2,10.0,6.0,6.67,4.0
Chasseresse d'Âmes,Huntress of Souls,3,5,0.6,60%,19.0,11.4,57,1,19.0,11.4,9.5,5.7
Aveuglement,Incapacitor,5,5,1.0,100%,10.8,10.8,54,3,3.6,3.6,2.7,2.7
Explosion Arcanique,Arcane Explosive,4,5,0.8,80%,12.0,9.6,48,1,12.0,9.6,6.0,4.8
Esprit Guerrier,Spirit of the Warrior,3,5,0.6,60%,16.0,9.6,48,1,16.0,9.6,8.0,4.8
Esprit de l'Écuyer,Spirit of the Squire,4,5,0.8,80%,10.5,8.4,42,3,3.5,2.8,2.62,2.1
Tombeau Rocheux,Rock Tomb,4,5,0.8,80%,10.0,8.0,40,1,10.0,8.0,5.0,4.0
Lame Affutée,Sharp Blade,4,5,0.8,80%,9.0,7.2,36,3,3.0,2.4,2.25,1.8
Parchemin Secret,Secret Scroll,2,5,0.4,40%,18.0,7.2,36,2,9.0,3.6,6.0,2.4
Désintégrateur Magnétique,Magnetic Disintegrator,3,5,0.6,60%,11.0,6.6,33,0,Gratuit,Gratuit,11.0,6.6
Œil de Lynx,Hawk's Eye,4,5,0.8,80%,8.0,6.4,32,0,Gratuit,Gratuit,8.0,6.4
Marteau Collecteur,Collecting Hammer,3,5,0.6,60%,10.0,6.0,30,2,5.0,3.0,3.33,2.0
Totem du Gardien,Guardian Totem,5,5,1.0,100%,5.6,5.6,28,3,1.87,1.87,1.4,1.4
Couronne du Roi Nain,Crown of the Dwarf King,2,5,0.4,40%,13.0,5.2,26,0,Gratuit,Gratuit,13.0,5.2
Bâton de Conquête,Conquering Staff,1,5,0.2,20%,24.0,4.8,24,2,12.0,2.4,8.0,1.6
Sabre Versatile,Versatil Saber,2,5,0.4,40%,11.0,4.4,22,1,11.0,4.4,5.5,2.2
Force Divine,Divine Impetu,2,5,0.4,40%,11.0,4.4,22,0,Gratuit,Gratuit,11.0,4.4
Masse Colossale,Colossal Mace,2,5,0.4,40%,11.0,4.4,22,0,Gratuit,Gratuit,11.0,4.4
Amulette Omnisciente,Omnipresent Amulet,2,5,0.4,40%,11.0,4.4,22,0,Gratuit,Gratuit,11.0,4.4
Griffes Sauvages,Wild Claw,5,5,1.0,100%,3.8,3.8,19,3,1.27,1.27,0.95,0.95
Décharge Élémentaire,Elemental Discharge,1,5,0.2,20%,18.0,3.6,18,1,18.0,3.6,9.0,1.8
Marteleur précis,Precise Hammer,1,5,0.2,20%,18.0,3.6,18,1,18.0,3.6,9.0,1.8
Épée Obscure,Swords of Darkness,1,5,0.2,20%,17.0,3.4,17,1,17.0,3.4,8.5,1.7
Masse de Siège,Siege Mace,1,5,0.2,20%,16.0,3.2,16,0,Gratuit,Gratuit,16.0,3.2
Chasseur d'Âmes,Soul Hunter,1,5,0.2,20%,15.0,3.0,15,1,15.0,3.0,7.5,1.5
Soif de Sang,Thirsty Dagger,1,5,0.2,20%,15.0,3.0,15,0,Gratuit,Gratuit,15.0,3.0
Armure d'Immortel,Immortal Breastplate,1,5,0.2,20%,14.0,2.8,14,1,14.0,2.8,7.0,1.4
Bâton du Conquérant,Staff of Conquered Worlds,1,5,0.2,20%,11.0,2.2,11,0,Gratuit,Gratuit,11.0,2.2
Coup de Mort,Death Helper,1,5,0.2,20%,10.0,2.0,10,1,10.0,2.0,5.0,1.0
Danse Macabre,Dance of Death,1,5,0.2,20%,8.0,1.6,8,1,8.0,1.6,4.0,0.8
