,Nom Anglais,nb games valide,total games,ratio,%,pts moy,pts moy total,total point,cout,pts par cout moy,pts par cout total,pts par cout moy+1,pts par cout total+1
Faux Assoiffées,Thirsty Scythes,7,8,0.88,88%,25.0,21.88,175,3,8.33,7.29,6.25,5.47
Faux,Scythe,8,8,1.0,100%,20.62,20.62,165,3,6.87,6.87,5.16,5.16
Totem Équivalent,Equivalent Totem,8,8,1.0,100%,17.12,17.12,137,2,8.56,8.56,5.71,5.71
Économe Sagesse du Trésorier,Treasurer's Wisdom,7,8,0.88,88%,17.0,14.88,119,2,8.5,7.44,5.67,4.96
Lame Insatiable,Fast Furious Blade,7,8,0.88,88%,16.0,14.0,112,2,8.0,7.0,5.33,4.67
Hache Frénétique,Berseker Ax,8,8,1.0,100%,14.0,14.0,112,2,7.0,7.0,4.67,4.67
Armure d'Obsidienne,Obsidian Battle Plate,5,8,0.62,62%,20.0,12.5,100,2,10.0,6.25,6.67,4.17
Ascension Divine,Divine Ascent,4,8,0.5,50%,25.0,12.5,100,3,8.33,4.17,6.25,3.12
Aveuglement,Incapacitor,8,8,1.0,100%,10.88,10.88,87,3,3.63,3.63,2.72,2.72
Griffes Démoniaques,Demon Claws,5,8,0.62,62%,17.0,10.62,85,1,17.0,10.62,8.5,5.31
Esprit Guerrier,Spirit of the Warrior,5,8,0.62,62%,16.0,10.0,80,1,16.0,10.0,8.0,5.0
Chasseresse d'Âmes,Huntress of Souls,4,8,0.5,50%,19.0,9.5,76,1,19.0,9.5,9.5,4.75
Explosion Arcanique,Arcane Explosive,6,8,0.75,75%,12.0,9.0,72,1,12.0,9.0,6.0,4.5
Lame Affutée,Sharp Blade,7,8,0.88,88%,9.86,8.62,69,3,3.29,2.87,2.46,2.15
Faux Parfaite,Perfect Scythe,4,8,0.5,50%,15.0,7.5,60,0,Gratuit,Gratuit,15.0,7.5
Esprit de l'Écuyer,Spirit of the Squire,7,8,0.88,88%,8.14,7.12,57,3,2.71,2.37,2.04,1.78
Marteau Collecteur,Collecting Hammer,5,8,0.62,62%,10.8,6.75,54,2,5.4,3.38,3.6,2.25
Épée Obscure,Swords of Darkness,3,8,0.38,38%,17.0,6.38,51,1,17.0,6.38,8.5,3.19
Tombeau Rocheux,Rock Tomb,5,8,0.62,62%,10.0,6.25,50,1,10.0,6.25,5.0,3.12
Bâton de Conquête,Conquering Staff,2,8,0.25,25%,24.0,6.0,48,2,12.0,3.0,8.0,2.0
Sabre Versatile,Versatil Saber,4,8,0.5,50%,11.0,5.5,44,1,11.0,5.5,5.5,2.75
Armure d'Immortel,Immortal Breastplate,3,8,0.38,38%,14.0,5.25,42,1,14.0,5.25,7.0,2.62
Œil de Lynx,Hawk's Eye,5,8,0.62,62%,8.0,5.0,40,0,Gratuit,Gratuit,8.0,5.0
Totem du Gardien,Guardian Totem,8,8,1.0,100%,5.0,5.0,40,3,1.67,1.67,1.25,1.25
Parchemin Secret,Secret Scroll,2,8,0.25,25%,18.0,4.5,36,2,9.0,2.25,6.0,1.5
Marteleur précis,Precise Hammer,2,8,0.25,25%,18.0,4.5,36,1,18.0,4.5,9.0,2.25
Force Divine,Divine Impetu,3,8,0.38,38%,11.0,4.12,33,0,Gratuit,Gratuit,11.0,4.12
Désintégrateur Magnétique,Magnetic Disintegrator,3,8,0.38,38%,11.0,4.12,33,0,Gratuit,Gratuit,11.0,4.12
Chasseur d'Âmes,Soul Hunter,2,8,0.25,25%,15.0,3.75,30,1,15.0,3.75,7.5,1.88
Griffes Sauvages,Wild Claw,7,8,0.88,88%,3.71,3.25,26,3,1.24,1.08,0.93,0.81
Couronne du Roi Nain,Crown of the Dwarf King,2,8,0.25,25%,13.0,3.25,26,0,Gratuit,Gratuit,13.0,3.25
Danse Macabre,Dance of Death,3,8,0.38,38%,8.0,3.0,24,1,8.0,3.0,4.0,1.5
Amulette Omnisciente,Omnipresent Amulet,2,8,0.25,25%,11.0,2.75,22,0,Gratuit,Gratuit,11.0,2.75
Masse Colossale,Colossal Mace,2,8,0.25,25%,11.0,2.75,22,0,Gratuit,Gratuit,11.0,2.75
Décharge Élémentaire,Elemental Discharge,1,8,0.12,12%,18.0,2.25,18,1,18.0,2.25,9.0,1.12
Esprit omniprésent,Omnipresent Spirit,1,8,0.12,12%,18.0,2.25,18,2,9.0,1.12,6.0,0.75
Masse de Siège,Siege Mace,1,8,0.12,12%,16.0,2.0,16,0,Gratuit,Gratuit,16.0,2.0
Soif de Sang,Thirsty Dagger,1,8,0.12,12%,15.0,1.88,15,0,Gratuit,Gratuit,15.0,1.88
Elan de Fureur,Rampage Momentum,1,8,0.12,12%,15.0,1.88,15,2,7.5,0.94,5.0,0.63
Bâton du Conquérant,Staff of Conquered Worlds,1,8,0.12,12%,11.0,1.38,11,0,Gratuit,Gratuit,11.0,1.38
Coup de Mort,Death Helper,1,8,0.12,12%,10.0,1.25,10,1,10.0,1.25,5.0,0.62
Épé Sainte,Holy Sword,1,8,0.12,12%,10.0,1.25,10,0,Gratuit,Gratuit,10.0,1.25
