,Nom Anglais,nb games valide,total games,ratio,%,pts moy,pts moy total,total point,cout,pts par cout moy,pts par cout total
Faux Assoiffées,Thirsty Scythes,4,4,1.0,100%,25.0,25.0,100,3,8.33,8.33
Faux,Scythe,4,4,1.0,100%,21.5,21.5,86,3,7.17,7.17
Totem Équivalent,Equivalent Totem,4,4,1.0,100%,17.5,17.5,70,1,17.5,17.5
Économe Sagesse du Trésorier,Treasurer's Wisdom,4,4,1.0,100%,17.0,17.0,68,2,8.5,8.5
Lame Insatiable,Fast Furious Blade,4,4,1.0,100%,16.0,16.0,64,2,8.0,8.0
Hache Frénétique,Berseker Ax,4,4,1.0,100%,14.0,14.0,56,2,7.0,7.0
Aveuglement,Incapacitor,4,4,1.0,100%,12.75,12.75,51,3,4.25,4.25
Griffes Démoniaques,Demon Claws,3,4,0.75,75%,17.0,12.75,51,1,17.0,12.75
Ascension Divine,Divine Ascent,2,4,0.5,50%,25.0,12.5,50,3,8.33,4.17
Explosion Arcanique,Arcane Explosive,4,4,1.0,100%,12.0,12.0,48,1,12.0,12.0
Esprit Guerrier,Spirit of the Warrior,3,4,0.75,75%,16.0,12.0,48,1,16.0,12.0
Faux Parfaite,Perfect Scythe,3,4,0.75,75%,15.0,11.25,45,0,Gratuit,Gratuit
Esprit de l'Écuyer,Spirit of the Squire,4,4,1.0,100%,10.5,10.5,42,3,3.5,3.5
Tombeau Rocheux,Rock Tomb,4,4,1.0,100%,10.0,10.0,40,1,10.0,10.0
Armure d'Obsidienne,Obsidian Battle Plate,2,4,0.5,50%,20.0,10.0,40,2,10.0,5.0
Chasseresse d'Âmes,Huntress of Souls,2,4,0.5,50%,19.0,9.5,38,1,19.0,9.5
Lame Affutée,Sharp Blade,4,4,1.0,100%,9.0,9.0,36,3,3.0,3.0
Parchemin Secret,Secret Scroll,2,4,0.5,50%,18.0,9.0,36,2,9.0,4.5
Désintégrateur Magnétique,Magnetic Disintegrator,3,4,0.75,75%,11.0,8.25,33,0,Gratuit,Gratuit
Œil de Lynx,Hawk's Eye,4,4,1.0,100%,8.0,8.0,32,0,Gratuit,Gratuit
Marteau Collecteur,Collecting Hammer,3,4,0.75,75%,10.0,7.5,30,2,5.0,3.75
Couronne du Roi Nain,Crown of the Dwarf King,2,4,0.5,50%,13.0,6.5,26,0,Gratuit,Gratuit
Bâton de Conquête,Conquering Staff,1,4,0.25,25%,24.0,6.0,24,2,12.0,3.0
Sabre Versatile,Versatil Saber,2,4,0.5,50%,11.0,5.5,22,1,11.0,5.5
Totem du Gardien,Guardian Totem,4,4,1.0,100%,5.5,5.5,22,3,1.83,1.83
Force Divine,Divine Impetu,2,4,0.5,50%,11.0,5.5,22,0,Gratuit,Gratuit
Masse Colossale,Colossal Mace,2,4,0.5,50%,11.0,5.5,22,0,Gratuit,Gratuit
Amulette Omnisciente,Omnipresent Amulet,2,4,0.5,50%,11.0,5.5,22,0,Gratuit,Gratuit
Décharge Élémentaire,Elemental Discharge,1,4,0.25,25%,18.0,4.5,18,1,18.0,4.5
Marteleur précis,Precise Hammer,1,4,0.25,25%,18.0,4.5,18,1,18.0,4.5
Épée Obscure,Swords of Darkness,1,4,0.25,25%,17.0,4.25,17,1,17.0,4.25
Griffes Sauvages,Wild Claw,4,4,1.0,100%,4.25,4.25,17,3,1.42,1.42
Masse de Siège,Siege Mace,1,4,0.25,25%,16.0,4.0,16,0,Gratuit,Gratuit
Chasseur d'Âmes,Soul Hunter,1,4,0.25,25%,15.0,3.75,15,1,15.0,3.75
Soif de Sang,Thirsty Dagger,1,4,0.25,25%,15.0,3.75,15,0,Gratuit,Gratuit
Armure d'Immortel,Immortal Breastplate,1,4,0.25,25%,14.0,3.5,14,1,14.0,3.5
Bâton du Conquérant,Staff of Conquered Worlds,1,4,0.25,25%,11.0,2.75,11,0,Gratuit,Gratuit
Coup de Mort,Death Helper,1,4,0.25,25%,10.0,2.5,10,1,10.0,2.5
Danse Macabre,Dance of Death,1,4,0.25,25%,8.0,2.0,8,1,8.0,2.0
