,Nom Anglais,nb games valide,total games,ratio,%,pts moy,pts moy total,total point,cout,pts par cout moy,pts par cout total,pts par cout moy+1,pts par cout total+1
Armure d'Obsidienne,Obsidian Battle Plate,6,7,0.86,86%,20.0,17.14,120,2,10.0,8.57,6.67,5.71
Faux,Scythe,7,7,1.0,100%,16.71,16.71,117,3,5.57,5.57,4.18,4.18
Totem Équivalent,Equivalent Totem,7,7,1.0,100%,15.71,15.71,110,2,7.86,7.86,5.24,5.24
Parchemin Secret,Secret Scroll,6,7,0.86,86%,18.0,15.43,108,2,9.0,7.71,6.0,5.14
Lame Affutée,Sharp Blade,7,7,1.0,100%,15.0,15.0,105,3,5.0,5.0,3.75,3.75
Faux Assoiffées,Thirsty Scythes,4,7,0.57,57%,25.0,14.29,100,3,8.33,4.76,6.25,3.57
Lame Insatiable,Fast Furious Blade,6,7,0.86,86%,16.0,13.71,96,2,8.0,6.86,5.33,4.57
Aveuglement,Incapacitor,7,7,1.0,100%,12.86,12.86,90,3,4.29,4.29,3.21,3.21
Économe Sagesse du Trésorier,Treasurer's Wisdom,5,7,0.71,71%,17.0,12.14,85,2,8.5,6.07,5.67,4.05
Aura Légendaire,Legend Aura,2,7,0.29,29%,40.0,11.43,80,3,13.33,3.81,10.0,2.86
Elan de Fureur,Rampage Momentum,5,7,0.71,71%,15.0,10.71,75,2,7.5,5.36,5.0,3.57
Enchaînement Éclair,Unstoppable Lightning,4,7,0.57,57%,18.0,10.29,72,1,18.0,10.29,9.0,5.14
Bâton de Conquête,Conquering Staff,3,7,0.43,43%,24.0,10.29,72,2,12.0,5.14,8.0,3.43
Armure d'Immortel,Immortal Breastplate,5,7,0.71,71%,14.0,10.0,70,1,14.0,10.0,7.0,5.0
Sabre Versatile,Versatil Saber,6,7,0.86,86%,11.0,9.43,66,1,11.0,9.43,5.5,4.71
Esprit de l'Écuyer,Spirit of the Squire,7,7,1.0,100%,9.0,9.0,63,3,3.0,3.0,2.25,2.25
Explosion Arcanique,Arcane Explosive,5,7,0.71,71%,12.0,8.57,60,1,12.0,8.57,6.0,4.29
Triple Météore,Trimeteor,2,7,0.29,29%,30.0,8.57,60,0,Gratuit,Gratuit,30.0,8.57
Faux Parfaite,Perfect Scythe,4,7,0.57,57%,15.0,8.57,60,0,Gratuit,Gratuit,15.0,8.57
Chasseresse d'Âmes,Huntress of Souls,3,7,0.43,43%,19.0,8.14,57,1,19.0,8.14,9.5,4.07
Hache Frénétique,Berseker Ax,4,7,0.57,57%,14.0,8.0,56,2,7.0,4.0,4.67,2.67
Griffes Démoniaques,Demon Claws,3,7,0.43,43%,17.0,7.29,51,1,17.0,7.29,8.5,3.65
Épée Obscure,Swords of Darkness,3,7,0.43,43%,17.0,7.29,51,1,17.0,7.29,8.5,3.65
Masse Colossale,Colossal Mace,4,7,0.57,57%,11.0,6.29,44,0,Gratuit,Gratuit,11.0,6.29
Désintégrateur Magnétique,Magnetic Disintegrator,4,7,0.57,57%,11.0,6.29,44,0,Gratuit,Gratuit,11.0,6.29
Bâton du Conquérant,Staff of Conquered Worlds,4,7,0.57,57%,11.0,6.29,44,0,Gratuit,Gratuit,11.0,6.29
Tombeau Rocheux,Rock Tomb,4,7,0.57,57%,10.0,5.71,40,1,10.0,5.71,5.0,2.85
Danse Macabre,Dance of Death,5,7,0.71,71%,8.0,5.71,40,1,8.0,5.71,4.0,2.85
Totem du Gardien,Guardian Totem,7,7,1.0,100%,5.57,5.57,39,3,1.86,1.86,1.39,1.39
Couronne du Roi Nain,Crown of the Dwarf King,3,7,0.43,43%,13.0,5.57,39,0,Gratuit,Gratuit,13.0,5.57
Marteau Collecteur,Collecting Hammer,4,7,0.57,57%,9.0,5.14,36,2,4.5,2.57,3.0,1.71
Force Divine,Divine Impetu,3,7,0.43,43%,11.0,4.71,33,0,Gratuit,Gratuit,11.0,4.71
Esprit Guerrier,Spirit of the Warrior,2,7,0.29,29%,16.0,4.57,32,1,16.0,4.57,8.0,2.29
Chasseur d'Âmes,Soul Hunter,2,7,0.29,29%,15.0,4.29,30,1,15.0,4.29,7.5,2.15
Soif de Sang,Thirsty Dagger,2,7,0.29,29%,15.0,4.29,30,0,Gratuit,Gratuit,15.0,4.29
Coup de Mort,Death Helper,3,7,0.43,43%,10.0,4.29,30,1,10.0,4.29,5.0,2.15
Ascension Divine,Divine Ascent,1,7,0.14,14%,25.0,3.57,25,3,8.33,1.19,6.25,0.89
Œil de Lynx,Hawk's Eye,3,7,0.43,43%,8.0,3.43,24,0,Gratuit,Gratuit,8.0,3.43
Pillard Féroce,Savage Looter,1,7,0.14,14%,20.0,2.86,20,1,20.0,2.86,10.0,1.43
Épé Sainte,Holy Sword,2,7,0.29,29%,10.0,2.86,20,0,Gratuit,Gratuit,10.0,2.86
Décharge Élémentaire,Elemental Discharge,1,7,0.14,14%,18.0,2.57,18,1,18.0,2.57,9.0,1.28
Marteleur précis,Precise Hammer,1,7,0.14,14%,18.0,2.57,18,1,18.0,2.57,9.0,1.28
Masse de Siège,Siege Mace,1,7,0.14,14%,16.0,2.29,16,0,Gratuit,Gratuit,16.0,2.29
Griffes Sauvages,Wild Claw,7,7,1.0,100%,2.14,2.14,15,3,0.71,0.71,0.54,0.54
