,Nom Anglais,nb games valide,total games,ratio,%,pts moy,pts moy total,total point,cout,pts par cout moy,pts par cout total,pts par cout moy+1,pts par cout total+1
Faux,Scythe,7,7,1.0,100%,18.43,18.43,129,3,6.14,6.14,4.61,4.61
Ascension Divine,Divine Ascent,5,7,0.71,71%,25.0,17.86,125,3,8.33,5.95,6.25,4.46
Faux Assoiffées,Thirsty Scythes,5,7,0.71,71%,25.0,17.86,125,3,8.33,5.95,6.25,4.46
Totem Équivalent,Equivalent Totem,7,7,1.0,100%,16.71,16.71,117,2,8.36,8.36,5.57,5.57
Lame Affutée,Sharp Blade,6,7,0.86,86%,16.0,13.71,96,3,5.33,4.57,4.0,3.43
Économe Sagesse du Trésorier,Treasurer's Wisdom,5,7,0.71,71%,17.0,12.14,85,2,8.5,6.07,5.67,4.05
Hache Frénétique,Berseker Ax,6,7,0.86,86%,14.0,12.0,84,2,7.0,6.0,4.67,4.0
Armure d'Obsidienne,Obsidian Battle Plate,4,7,0.57,57%,20.0,11.43,80,2,10.0,5.71,6.67,3.81
Parchemin Secret,Secret Scroll,4,7,0.57,57%,18.0,10.29,72,2,9.0,5.14,6.0,3.43
Lame Insatiable,Fast Furious Blade,4,7,0.57,57%,16.0,9.14,64,2,8.0,4.57,5.33,3.05
Explosion Arcanique,Arcane Explosive,5,7,0.71,71%,12.0,8.57,60,1,12.0,8.57,6.0,4.29
Pillard Féroce,Savage Looter,3,7,0.43,43%,20.0,8.57,60,1,20.0,8.57,10.0,4.29
Aveuglement,Incapacitor,7,7,1.0,100%,8.57,8.57,60,3,2.86,2.86,2.14,2.14
Esprit de l'Écuyer,Spirit of the Squire,6,7,0.86,86%,10.0,8.57,60,3,3.33,2.86,2.5,2.14
Elan de Fureur,Rampage Momentum,4,7,0.57,57%,15.0,8.57,60,2,7.5,4.29,5.0,2.86
Chasseresse d'Âmes,Huntress of Souls,3,7,0.43,43%,19.0,8.14,57,1,19.0,8.14,9.5,4.07
Masse Colossale,Colossal Mace,5,7,0.71,71%,11.0,7.86,55,0,Gratuit,Gratuit,11.0,7.86
Griffes Démoniaques,Demon Claws,3,7,0.43,43%,17.0,7.29,51,1,17.0,7.29,8.5,3.65
Tombeau Rocheux,Rock Tomb,5,7,0.71,71%,10.0,7.14,50,1,10.0,7.14,5.0,3.57
Marteau Collecteur,Collecting Hammer,3,7,0.43,43%,16.0,6.86,48,2,8.0,3.43,5.33,2.29
Esprit Guerrier,Spirit of the Warrior,3,7,0.43,43%,16.0,6.86,48,1,16.0,6.86,8.0,3.43
Bâton de Conquête,Conquering Staff,2,7,0.29,29%,24.0,6.86,48,2,12.0,3.43,8.0,2.29
Danse Macabre,Dance of Death,5,7,0.71,71%,8.0,5.71,40,1,8.0,5.71,4.0,2.85
Le Marionnettiste,The Puppeteer,2,7,0.29,29%,20.0,5.71,40,2,10.0,2.85,6.67,1.9
Aura Légendaire,Legend Aura,1,7,0.14,14%,40.0,5.71,40,3,13.33,1.9,10.0,1.43
Décharge Élémentaire,Elemental Discharge,2,7,0.29,29%,18.0,5.14,36,1,18.0,5.14,9.0,2.57
Marteleur précis,Precise Hammer,2,7,0.29,29%,18.0,5.14,36,1,18.0,5.14,9.0,2.57
Épée Obscure,Swords of Darkness,2,7,0.29,29%,17.0,4.86,34,1,17.0,4.86,8.5,2.43
Désintégrateur Magnétique,Magnetic Disintegrator,3,7,0.43,43%,11.0,4.71,33,0,Gratuit,Gratuit,11.0,4.71
Sabre Versatile,Versatil Saber,3,7,0.43,43%,11.0,4.71,33,1,11.0,4.71,5.5,2.35
Faux Parfaite,Perfect Scythe,2,7,0.29,29%,15.0,4.29,30,0,Gratuit,Gratuit,15.0,4.29
Triple Météore,Trimeteor,1,7,0.14,14%,30.0,4.29,30,0,Gratuit,Gratuit,30.0,4.29
Couronne du Roi Nain,Crown of the Dwarf King,2,7,0.29,29%,13.0,3.71,26,0,Gratuit,Gratuit,13.0,3.71
Totem du Gardien,Guardian Totem,7,7,1.0,100%,3.57,3.57,25,3,1.19,1.19,0.89,0.89
Épé Sainte,Holy Sword,2,7,0.29,29%,10.0,2.86,20,0,Gratuit,Gratuit,10.0,2.86
Coup de Mort,Death Helper,2,7,0.29,29%,10.0,2.86,20,1,10.0,2.86,5.0,1.43
Griffes Sauvages,Wild Claw,6,7,0.86,86%,3.17,2.71,19,3,1.06,0.9,0.79,0.68
Enchaînement Éclair,Unstoppable Lightning,1,7,0.14,14%,18.0,2.57,18,1,18.0,2.57,9.0,1.28
Œil de Lynx,Hawk's Eye,2,7,0.29,29%,8.0,2.29,16,0,Gratuit,Gratuit,8.0,2.29
Chasseur d'Âmes,Soul Hunter,1,7,0.14,14%,15.0,2.14,15,1,15.0,2.14,7.5,1.07
