,Nom Anglais,nb games valide,total games,ratio,%,pts moy,pts moy total,total point,cout,pts par cout moy,pts par cout total,pts par cout moy+1,pts par cout total+1
Faux,Scythe,8,8,1.0,100%,18.25,18.25,146,3,6.08,6.08,4.56,4.56
Totem Équivalent,Equivalent Totem,8,8,1.0,100%,16.75,16.75,134,2,8.38,8.38,5.58,5.58
Ascension Divine,Divine Ascent,5,8,0.62,62%,25.0,15.62,125,3,8.33,5.21,6.25,3.9
Faux Assoiffées,Thirsty Scythes,5,8,0.62,62%,25.0,15.62,125,3,8.33,5.21,6.25,3.9
Lame Affutée,Sharp Blade,7,8,0.88,88%,16.29,14.25,114,3,5.43,4.75,4.07,3.56
Économe Sagesse du Trésorier,Treasurer's Wisdom,6,8,0.75,75%,17.0,12.75,102,2,8.5,6.38,5.67,4.25
Armure d'Obsidienne,Obsidian Battle Plate,5,8,0.62,62%,20.0,12.5,100,2,10.0,6.25,6.67,4.17
Hache Frénétique,Berseker Ax,7,8,0.88,88%,14.0,12.25,98,2,7.0,6.12,4.67,4.08
Parchemin Secret,Secret Scroll,5,8,0.62,62%,18.0,11.25,90,2,9.0,5.62,6.0,3.75
Aveuglement,Incapacitor,8,8,1.0,100%,9.0,9.0,72,3,3.0,3.0,2.25,2.25
Esprit de l'Écuyer,Spirit of the Squire,7,8,0.88,88%,9.86,8.62,69,3,3.29,2.87,2.46,2.15
Lame Insatiable,Fast Furious Blade,4,8,0.5,50%,16.0,8.0,64,2,8.0,4.0,5.33,2.67
Tombeau Rocheux,Rock Tomb,6,8,0.75,75%,10.0,7.5,60,1,10.0,7.5,5.0,3.75
Explosion Arcanique,Arcane Explosive,5,8,0.62,62%,12.0,7.5,60,1,12.0,7.5,6.0,3.75
Pillard Féroce,Savage Looter,3,8,0.38,38%,20.0,7.5,60,1,20.0,7.5,10.0,3.75
Elan de Fureur,Rampage Momentum,4,8,0.5,50%,15.0,7.5,60,2,7.5,3.75,5.0,2.5
Chasseresse d'Âmes,Huntress of Souls,3,8,0.38,38%,19.0,7.12,57,1,19.0,7.12,9.5,3.56
Masse Colossale,Colossal Mace,5,8,0.62,62%,11.0,6.88,55,0,Gratuit,Gratuit,11.0,6.88
Marteau Collecteur,Collecting Hammer,4,8,0.5,50%,13.5,6.75,54,2,6.75,3.38,4.5,2.25
Griffes Démoniaques,Demon Claws,3,8,0.38,38%,17.0,6.38,51,1,17.0,6.38,8.5,3.19
Épée Obscure,Swords of Darkness,3,8,0.38,38%,17.0,6.38,51,1,17.0,6.38,8.5,3.19
Danse Macabre,Dance of Death,6,8,0.75,75%,8.0,6.0,48,1,8.0,6.0,4.0,3.0
Bâton de Conquête,Conquering Staff,2,8,0.25,25%,24.0,6.0,48,2,12.0,3.0,8.0,2.0
Esprit Guerrier,Spirit of the Warrior,3,8,0.38,38%,16.0,6.0,48,1,16.0,6.0,8.0,3.0
Désintégrateur Magnétique,Magnetic Disintegrator,4,8,0.5,50%,11.0,5.5,44,0,Gratuit,Gratuit,11.0,5.5
Sabre Versatile,Versatil Saber,4,8,0.5,50%,11.0,5.5,44,1,11.0,5.5,5.5,2.75
Le Marionnettiste,The Puppeteer,2,8,0.25,25%,20.0,5.0,40,2,10.0,2.5,6.67,1.67
Aura Légendaire,Legend Aura,1,8,0.12,12%,40.0,5.0,40,3,13.33,1.67,10.0,1.25
Décharge Élémentaire,Elemental Discharge,2,8,0.25,25%,18.0,4.5,36,1,18.0,4.5,9.0,2.25
Marteleur précis,Precise Hammer,2,8,0.25,25%,18.0,4.5,36,1,18.0,4.5,9.0,2.25
Faux Parfaite,Perfect Scythe,2,8,0.25,25%,15.0,3.75,30,0,Gratuit,Gratuit,15.0,3.75
Triple Météore,Trimeteor,1,8,0.12,12%,30.0,3.75,30,0,Gratuit,Gratuit,30.0,3.75
Totem du Gardien,Guardian Totem,8,8,1.0,100%,3.5,3.5,28,3,1.17,1.17,0.88,0.88
Couronne du Roi Nain,Crown of the Dwarf King,2,8,0.25,25%,13.0,3.25,26,0,Gratuit,Gratuit,13.0,3.25
Griffes Sauvages,Wild Claw,7,8,0.88,88%,3.0,2.62,21,3,1.0,0.87,0.75,0.66
Épé Sainte,Holy Sword,2,8,0.25,25%,10.0,2.5,20,0,Gratuit,Gratuit,10.0,2.5
Coup de Mort,Death Helper,2,8,0.25,25%,10.0,2.5,20,1,10.0,2.5,5.0,1.25
Enchaînement Éclair,Unstoppable Lightning,1,8,0.12,12%,18.0,2.25,18,1,18.0,2.25,9.0,1.12
Œil de Lynx,Hawk's Eye,2,8,0.25,25%,8.0,2.0,16,0,Gratuit,Gratuit,8.0,2.0
Chasseur d'Âmes,Soul Hunter,1,8,0.12,12%,15.0,1.88,15,1,15.0,1.88,7.5,0.94
