,Nom Anglais,nb games valide,total games,ratio,%,pts moy,pts moy total,total point,cout,pts par cout moy,pts par cout total
Ascension Divine,Divine Ascent,2,2,1.0,100%,25.0,25.0,50,3,8.33,8.33
Faux Assoiffées,Thirsty Scythes,2,2,1.0,100%,25.0,25.0,50,3,8.33,8.33
Faux,Scythe,2,2,1.0,100%,19.5,19.5,39,3,6.5,6.5
Lame Affutée,Sharp Blade,2,2,1.0,100%,18.0,18.0,36,3,6.0,6.0
Totem Équivalent,Equivalent Totem,2,2,1.0,100%,18.0,18.0,36,1,18.0,18.0
Économe Sagesse du Trésorier,Treasurer's Wisdom,2,2,1.0,100%,17.0,17.0,34,2,8.5,8.5
Triple Météore,Trimeteor,1,2,0.5,50%,30.0,15.0,30,0,Gratuit,Gratuit
Hache Frénétique,Berseker Ax,2,2,1.0,100%,14.0,14.0,28,2,7.0,7.0
Le Marionnettiste,The Puppeteer,1,2,0.5,50%,20.0,10.0,20,2,10.0,5.0
Chasseresse d'Âmes,Huntress of Souls,1,2,0.5,50%,19.0,9.5,19,1,19.0,9.5
Décharge Élémentaire,Elemental Discharge,1,2,0.5,50%,18.0,9.0,18,1,18.0,9.0
Parchemin Secret,Secret Scroll,1,2,0.5,50%,18.0,9.0,18,2,9.0,4.5
Épée Obscure,Swords of Darkness,1,2,0.5,50%,17.0,8.5,17,1,17.0,8.5
Griffes Démoniaques,Demon Claws,1,2,0.5,50%,17.0,8.5,17,1,17.0,8.5
Esprit Guerrier,Spirit of the Warrior,1,2,0.5,50%,16.0,8.0,16,1,16.0,8.0
Lame Insatiable,Fast Furious Blade,1,2,0.5,50%,16.0,8.0,16,2,8.0,4.0
Danse Macabre,Dance of Death,2,2,1.0,100%,8.0,8.0,16,1,8.0,8.0
Elan de Fureur,Rampage Momentum,1,2,0.5,50%,15.0,7.5,15,2,7.5,3.75
Esprit de l'Écuyer,Spirit of the Squire,2,2,1.0,100%,7.5,7.5,15,3,2.5,2.5
Couronne du Roi Nain,Crown of the Dwarf King,1,2,0.5,50%,13.0,6.5,13,0,Gratuit,Gratuit
Aveuglement,Incapacitor,2,2,1.0,100%,6.0,6.0,12,3,2.0,2.0
Explosion Arcanique,Arcane Explosive,1,2,0.5,50%,12.0,6.0,12,1,12.0,6.0
Masse Colossale,Colossal Mace,1,2,0.5,50%,11.0,5.5,11,0,Gratuit,Gratuit
Épé Sainte,Holy Sword,1,2,0.5,50%,10.0,5.0,10,0,Gratuit,Gratuit
Tombeau Rocheux,Rock Tomb,1,2,0.5,50%,10.0,5.0,10,1,10.0,5.0
Totem du Gardien,Guardian Totem,2,2,1.0,100%,3.5,3.5,7,3,1.17,1.17
Marteau Collecteur,Collecting Hammer,1,2,0.5,50%,6.0,3.0,6,2,3.0,1.5
Griffes Sauvages,Wild Claw,2,2,1.0,100%,2.5,2.5,5,3,0.83,0.83
