,Nom Anglais,nb games valide,total games,ratio,%,pts moy,pts moy total,total point,cout,pts par cout moy,pts par cout total,pts par cout moy+1,pts par cout total+1
Faux,Scythe,9,9,1.0,100%,17.89,17.89,161,3,5.96,5.96,4.47,4.47
Totem Équivalent,Equivalent Totem,9,9,1.0,100%,16.78,16.78,151,2,8.39,8.39,5.59,5.59
Lame Affutée,Sharp Blade,8,9,0.89,89%,18.0,16.0,144,3,6.0,5.33,4.5,4.0
Ascension Divine,Divine Ascent,5,9,0.56,56%,25.0,13.89,125,3,8.33,4.63,6.25,3.47
Faux Assoiffées,Thirsty Scythes,5,9,0.56,56%,25.0,13.89,125,3,8.33,4.63,6.25,3.47
Armure d'Obsidienne,Obsidian Battle Plate,6,9,0.67,67%,20.0,13.33,120,2,10.0,6.67,6.67,4.44
Économe Sagesse du Trésorier,Treasurer's Wisdom,7,9,0.78,78%,17.0,13.22,119,2,8.5,6.61,5.67,4.41
Hache Frénétique,Berseker Ax,8,9,0.89,89%,14.0,12.44,112,2,7.0,6.22,4.67,4.15
Parchemin Secret,Secret Scroll,6,9,0.67,67%,18.0,12.0,108,2,9.0,6.0,6.0,4.0
Lame Insatiable,Fast Furious Blade,5,9,0.56,56%,16.0,8.89,80,2,8.0,4.45,5.33,2.96
Aura Légendaire,Legend Aura,2,9,0.22,22%,40.0,8.89,80,3,13.33,2.96,10.0,2.22
Aveuglement,Incapacitor,9,9,1.0,100%,8.67,8.67,78,3,2.89,2.89,2.17,2.17
Esprit de l'Écuyer,Spirit of the Squire,8,9,0.89,89%,9.75,8.67,78,3,3.25,2.89,2.44,2.17
Chasseresse d'Âmes,Huntress of Souls,4,9,0.44,44%,19.0,8.44,76,1,19.0,8.44,9.5,4.22
Elan de Fureur,Rampage Momentum,5,9,0.56,56%,15.0,8.33,75,2,7.5,4.17,5.0,2.78
Explosion Arcanique,Arcane Explosive,6,9,0.67,67%,12.0,8.0,72,1,12.0,8.0,6.0,4.0
Tombeau Rocheux,Rock Tomb,7,9,0.78,78%,10.0,7.78,70,1,10.0,7.78,5.0,3.89
Griffes Démoniaques,Demon Claws,4,9,0.44,44%,17.0,7.56,68,1,17.0,7.56,8.5,3.78
Épée Obscure,Swords of Darkness,4,9,0.44,44%,17.0,7.56,68,1,17.0,7.56,8.5,3.78
Triple Météore,Trimeteor,2,9,0.22,22%,30.0,6.67,60,0,Gratuit,Gratuit,30.0,6.67
Pillard Féroce,Savage Looter,3,9,0.33,33%,20.0,6.67,60,1,20.0,6.67,10.0,3.33
Danse Macabre,Dance of Death,7,9,0.78,78%,8.0,6.22,56,1,8.0,6.22,4.0,3.11
Sabre Versatile,Versatil Saber,5,9,0.56,56%,11.0,6.11,55,1,11.0,6.11,5.5,3.06
Masse Colossale,Colossal Mace,5,9,0.56,56%,11.0,6.11,55,0,Gratuit,Gratuit,11.0,6.11
Marteau Collecteur,Collecting Hammer,4,9,0.44,44%,13.5,6.0,54,2,6.75,3.0,4.5,2.0
Bâton de Conquête,Conquering Staff,2,9,0.22,22%,24.0,5.33,48,2,12.0,2.67,8.0,1.78
Esprit Guerrier,Spirit of the Warrior,3,9,0.33,33%,16.0,5.33,48,1,16.0,5.33,8.0,2.67
Désintégrateur Magnétique,Magnetic Disintegrator,4,9,0.44,44%,11.0,4.89,44,0,Gratuit,Gratuit,11.0,4.89
Le Marionnettiste,The Puppeteer,2,9,0.22,22%,20.0,4.44,40,2,10.0,2.22,6.67,1.48
Enchaînement Éclair,Unstoppable Lightning,2,9,0.22,22%,18.0,4.0,36,1,18.0,4.0,9.0,2.0
Marteleur précis,Precise Hammer,2,9,0.22,22%,18.0,4.0,36,1,18.0,4.0,9.0,2.0
Décharge Élémentaire,Elemental Discharge,2,9,0.22,22%,18.0,4.0,36,1,18.0,4.0,9.0,2.0
Totem du Gardien,Guardian Totem,9,9,1.0,100%,3.44,3.44,31,3,1.15,1.15,0.86,0.86
Faux Parfaite,Perfect Scythe,2,9,0.22,22%,15.0,3.33,30,0,Gratuit,Gratuit,15.0,3.33
Couronne du Roi Nain,Crown of the Dwarf King,2,9,0.22,22%,13.0,2.89,26,0,Gratuit,Gratuit,13.0,2.89
Griffes Sauvages,Wild Claw,8,9,0.89,89%,2.88,2.56,23,3,0.96,0.85,0.72,0.64
Épé Sainte,Holy Sword,2,9,0.22,22%,10.0,2.22,20,0,Gratuit,Gratuit,10.0,2.22
Coup de Mort,Death Helper,2,9,0.22,22%,10.0,2.22,20,1,10.0,2.22,5.0,1.11
Œil de Lynx,Hawk's Eye,2,9,0.22,22%,8.0,1.78,16,0,Gratuit,Gratuit,8.0,1.78
Chasseur d'Âmes,Soul Hunter,1,9,0.11,11%,15.0,1.67,15,1,15.0,1.67,7.5,0.83
