,Nom Anglais,nb games valide,total games,ratio,%,pts moy,pts moy total,total point,cout,pts par cout moy,pts par cout total,pts par cout moy+1,pts par cout total+1
Ascension Divine,Divine Ascent,5,6,0.83,83%,25.0,20.83,125,3,8.33,6.94,6.25,5.21
Faux Assoiffées,Thirsty Scythes,5,6,0.83,83%,25.0,20.83,125,3,8.33,6.94,6.25,5.21
Faux,Scythe,6,6,1.0,100%,19.83,19.83,119,3,6.61,6.61,4.96,4.96
Totem Équivalent,Equivalent Totem,6,6,1.0,100%,17.5,17.5,105,2,8.75,8.75,5.83,5.83
Lame Affutée,Sharp Blade,5,6,0.83,83%,18.6,15.5,93,3,6.2,5.17,4.65,3.88
Économe Sagesse du Trésorier,Treasurer's Wisdom,5,6,0.83,83%,17.0,14.17,85,2,8.5,7.08,5.67,4.72
Hache Frénétique,Berseker Ax,6,6,1.0,100%,14.0,14.0,84,2,7.0,7.0,4.67,4.67
Parchemin Secret,Secret Scroll,4,6,0.67,67%,18.0,12.0,72,2,9.0,6.0,6.0,4.0
Lame Insatiable,Fast Furious Blade,4,6,0.67,67%,16.0,10.67,64,2,8.0,5.33,5.33,3.56
Explosion Arcanique,Arcane Explosive,5,6,0.83,83%,12.0,10.0,60,1,12.0,10.0,6.0,5.0
Armure d'Obsidienne,Obsidian Battle Plate,3,6,0.5,50%,20.0,10.0,60,2,10.0,5.0,6.67,3.33
Pillard Féroce,Savage Looter,3,6,0.5,50%,20.0,10.0,60,1,20.0,10.0,10.0,5.0
Esprit de l'Écuyer,Spirit of the Squire,6,6,1.0,100%,10.0,10.0,60,3,3.33,3.33,2.5,2.5
Elan de Fureur,Rampage Momentum,4,6,0.67,67%,15.0,10.0,60,2,7.5,5.0,5.0,3.33
Aveuglement,Incapacitor,6,6,1.0,100%,9.5,9.5,57,3,3.17,3.17,2.38,2.38
Chasseresse d'Âmes,Huntress of Souls,3,6,0.5,50%,19.0,9.5,57,1,19.0,9.5,9.5,4.75
Masse Colossale,Colossal Mace,5,6,0.83,83%,11.0,9.17,55,0,Gratuit,Gratuit,11.0,9.17
Griffes Démoniaques,Demon Claws,3,6,0.5,50%,17.0,8.5,51,1,17.0,8.5,8.5,4.25
Tombeau Rocheux,Rock Tomb,5,6,0.83,83%,10.0,8.33,50,1,10.0,8.33,5.0,4.17
Marteau Collecteur,Collecting Hammer,3,6,0.5,50%,16.0,8.0,48,2,8.0,4.0,5.33,2.67
Bâton de Conquête,Conquering Staff,2,6,0.33,33%,24.0,8.0,48,2,12.0,4.0,8.0,2.67
Danse Macabre,Dance of Death,5,6,0.83,83%,8.0,6.67,40,1,8.0,6.67,4.0,3.33
Aura Légendaire,Legend Aura,1,6,0.17,17%,40.0,6.67,40,3,13.33,2.22,10.0,1.67
Décharge Élémentaire,Elemental Discharge,2,6,0.33,33%,18.0,6.0,36,1,18.0,6.0,9.0,3.0
Marteleur précis,Precise Hammer,2,6,0.33,33%,18.0,6.0,36,1,18.0,6.0,9.0,3.0
Épée Obscure,Swords of Darkness,2,6,0.33,33%,17.0,5.67,34,1,17.0,5.67,8.5,2.83
Désintégrateur Magnétique,Magnetic Disintegrator,3,6,0.5,50%,11.0,5.5,33,0,Gratuit,Gratuit,11.0,5.5
Sabre Versatile,Versatil Saber,3,6,0.5,50%,11.0,5.5,33,1,11.0,5.5,5.5,2.75
Esprit Guerrier,Spirit of the Warrior,2,6,0.33,33%,16.0,5.33,32,1,16.0,5.33,8.0,2.67
Faux Parfaite,Perfect Scythe,2,6,0.33,33%,15.0,5.0,30,0,Gratuit,Gratuit,15.0,5.0
Triple Météore,Trimeteor,1,6,0.17,17%,30.0,5.0,30,0,Gratuit,Gratuit,30.0,5.0
Couronne du Roi Nain,Crown of the Dwarf King,2,6,0.33,33%,13.0,4.33,26,0,Gratuit,Gratuit,13.0,4.33
Totem du Gardien,Guardian Totem,6,6,1.0,100%,3.83,3.83,23,3,1.28,1.28,0.96,0.96
Le Marionnettiste,The Puppeteer,1,6,0.17,17%,20.0,3.33,20,2,10.0,1.67,6.67,1.11
Épé Sainte,Holy Sword,2,6,0.33,33%,10.0,3.33,20,0,Gratuit,Gratuit,10.0,3.33
Coup de Mort,Death Helper,2,6,0.33,33%,10.0,3.33,20,1,10.0,3.33,5.0,1.67
Griffes Sauvages,Wild Claw,6,6,1.0,100%,3.17,3.17,19,3,1.06,1.06,0.79,0.79
Enchaînement Éclair,Unstoppable Lightning,1,6,0.17,17%,18.0,3.0,18,1,18.0,3.0,9.0,1.5
Œil de Lynx,Hawk's Eye,2,6,0.33,33%,8.0,2.67,16,0,Gratuit,Gratuit,8.0,2.67
Chasseur d'Âmes,Soul Hunter,1,6,0.17,17%,15.0,2.5,15,1,15.0,2.5,7.5,1.25
