,Nom Anglais,nb games valide,total games,ratio,%,pts moy,pts moy total,total point,cout,pts par cout moy,pts par cout total,pts par cout moy+1,pts par cout total+1
Faux,Scythe,16,16,1.0,100%,16.19,16.19,259,3,5.4,5.4,4.05,4.05
Totem Équivalent,Equivalent Totem,16,16,1.0,100%,15.81,15.81,253,2,7.91,7.91,5.27,5.27
Lame Affutée,Sharp Blade,15,16,0.94,94%,15.4,14.44,231,3,5.13,4.81,3.85,3.61
Hache Frénétique,Berseker Ax,13,16,0.81,81%,14.0,11.38,182,2,7.0,5.69,4.67,3.79
Économe Sagesse du Trésorier,Treasurer's Wisdom,10,16,0.62,62%,17.0,10.62,170,2,8.5,5.31,5.67,3.54
Armure d'Obsidienne,Obsidian Battle Plate,8,16,0.5,50%,20.0,10.0,160,2,10.0,5.0,6.67,3.33
Parchemin Secret,Secret Scroll,7,16,0.44,44%,18.0,7.88,126,2,9.0,3.94,6.0,2.63
Ascension Divine,Divine Ascent,5,16,0.31,31%,25.0,7.81,125,3,8.33,2.6,6.25,1.95
Faux Assoiffées,Thirsty Scythes,5,16,0.31,31%,25.0,7.81,125,3,8.33,2.6,6.25,1.95
Marteau Collecteur,Collecting Hammer,8,16,0.5,50%,15.5,7.75,124,2,7.75,3.88,5.17,2.58
Aveuglement,Incapacitor,15,16,0.94,94%,8.0,7.5,120,3,2.67,2.5,2.0,1.88
Épée Obscure,Swords of Darkness,7,16,0.44,44%,17.0,7.44,119,1,17.0,7.44,8.5,3.72
Esprit de l'Écuyer,Spirit of the Squire,14,16,0.88,88%,8.14,7.12,114,3,2.71,2.37,2.04,1.78
Explosion Arcanique,Arcane Explosive,9,16,0.56,56%,12.0,6.75,108,1,12.0,6.75,6.0,3.38
Elan de Fureur,Rampage Momentum,7,16,0.44,44%,15.0,6.56,105,2,7.5,3.28,5.0,2.19
Tombeau Rocheux,Rock Tomb,10,16,0.62,62%,10.0,6.25,100,1,10.0,6.25,5.0,3.12
Lame Insatiable,Fast Furious Blade,6,16,0.38,38%,16.0,6.0,96,2,8.0,3.0,5.33,2.0
Chasseresse d'Âmes,Huntress of Souls,5,16,0.31,31%,19.0,5.94,95,1,19.0,5.94,9.5,2.97
Danse Macabre,Dance of Death,11,16,0.69,69%,8.0,5.5,88,1,8.0,5.5,4.0,2.75
Griffes Démoniaques,Demon Claws,5,16,0.31,31%,17.0,5.31,85,1,17.0,5.31,8.5,2.65
Aura Légendaire,Legend Aura,2,16,0.12,12%,40.0,5.0,80,3,13.33,1.67,10.0,1.25
Marteleur précis,Precise Hammer,4,16,0.25,25%,18.0,4.5,72,1,18.0,4.5,9.0,2.25
Esprit Guerrier,Spirit of the Warrior,4,16,0.25,25%,16.0,4.0,64,1,16.0,4.0,8.0,2.0
Triple Météore,Trimeteor,2,16,0.12,12%,30.0,3.75,60,0,Gratuit,Gratuit,30.0,3.75
Pillard Féroce,Savage Looter,3,16,0.19,19%,20.0,3.75,60,1,20.0,3.75,10.0,1.88
Sabre Versatile,Versatil Saber,5,16,0.31,31%,11.0,3.44,55,1,11.0,3.44,5.5,1.72
Masse Colossale,Colossal Mace,5,16,0.31,31%,11.0,3.44,55,0,Gratuit,Gratuit,11.0,3.44
Bâton de Conquête,Conquering Staff,2,16,0.12,12%,24.0,3.0,48,2,12.0,1.5,8.0,1.0
Désintégrateur Magnétique,Magnetic Disintegrator,4,16,0.25,25%,11.0,2.75,44,0,Gratuit,Gratuit,11.0,2.75
Le Marionnettiste,The Puppeteer,2,16,0.12,12%,20.0,2.5,40,2,10.0,1.25,6.67,0.83
Décharge Élémentaire,Elemental Discharge,2,16,0.12,12%,18.0,2.25,36,1,18.0,2.25,9.0,1.12
Enchaînement Éclair,Unstoppable Lightning,2,16,0.12,12%,18.0,2.25,36,1,18.0,2.25,9.0,1.12
Totem du Gardien,Guardian Totem,11,16,0.69,69%,3.18,2.19,35,3,1.06,0.73,0.8,0.55
Coup de Mort,Death Helper,3,16,0.19,19%,11.0,2.06,33,1,11.0,2.06,5.5,1.03
Faux Parfaite,Perfect Scythe,2,16,0.12,12%,15.0,1.88,30,0,Gratuit,Gratuit,15.0,1.88
Griffes Sauvages,Wild Claw,13,16,0.81,81%,2.23,1.81,29,3,0.74,0.6,0.56,0.45
Œil de Lynx,Hawk's Eye,3,16,0.19,19%,8.67,1.62,26,0,Gratuit,Gratuit,8.67,1.62
Couronne du Roi Nain,Crown of the Dwarf King,2,16,0.12,12%,13.0,1.62,26,0,Gratuit,Gratuit,13.0,1.62
Épé Sainte,Holy Sword,2,16,0.12,12%,10.0,1.25,20,0,Gratuit,Gratuit,10.0,1.25
Assistance Divine,Sacred Help,1,16,0.06,6%,20.0,1.25,20,2,10.0,0.62,6.67,0.42
Armure d'Immortel,Immortal Breastplate,1,16,0.06,6%,16.0,1.0,16,1,16.0,1.0,8.0,0.5
Chasseur d'Âmes,Soul Hunter,1,16,0.06,6%,15.0,0.94,15,1,15.0,0.94,7.5,0.47
