,Nom Anglais,nb games valide,total games,ratio,%,pts moy,pts moy total,total point,cout,pts par cout moy,pts par cout total
Ascension Divine,Divine Ascent,4,4,1.0,100%,25.0,25.0,100,3,8.33,8.33
Faux Assoiffées,Thirsty Scythes,4,4,1.0,100%,25.0,25.0,100,3,8.33,8.33
Faux,Scythe,4,4,1.0,100%,20.5,20.5,82,3,6.83,6.83
Lame Affutée,Sharp Blade,4,4,1.0,100%,19.5,19.5,78,3,6.5,6.5
Totem Équivalent,Equivalent Totem,4,4,1.0,100%,18.0,18.0,72,1,18.0,18.0
Économe Sagesse du Trésorier,Treasurer's Wisdom,4,4,1.0,100%,17.0,17.0,68,2,8.5,8.5
Hache Frénétique,Berseker Ax,4,4,1.0,100%,14.0,14.0,56,2,7.0,7.0
Parchemin Secret,Secret Scroll,3,4,0.75,75%,18.0,13.5,54,2,9.0,6.75
Lame Insatiable,Fast Furious Blade,3,4,0.75,75%,16.0,12.0,48,2,8.0,6.0
Elan de Fureur,Rampage Momentum,3,4,0.75,75%,15.0,11.25,45,2,7.5,5.62
Aura Légendaire,Legend Aura,1,4,0.25,25%,40.0,10.0,40,3,13.33,3.33
Armure d'Obsidienne,Obsidian Battle Plate,2,4,0.5,50%,20.0,10.0,40,2,10.0,5.0
Pillard Féroce,Savage Looter,2,4,0.5,50%,20.0,10.0,40,1,20.0,10.0
Chasseresse d'Âmes,Huntress of Souls,2,4,0.5,50%,19.0,9.5,38,1,19.0,9.5
Aveuglement,Incapacitor,4,4,1.0,100%,9.0,9.0,36,3,3.0,3.0
Explosion Arcanique,Arcane Explosive,3,4,0.75,75%,12.0,9.0,36,1,12.0,9.0
Décharge Élémentaire,Elemental Discharge,2,4,0.5,50%,18.0,9.0,36,1,18.0,9.0
Esprit de l'Écuyer,Spirit of the Squire,4,4,1.0,100%,9.0,9.0,36,3,3.0,3.0
Épée Obscure,Swords of Darkness,2,4,0.5,50%,17.0,8.5,34,1,17.0,8.5
Griffes Démoniaques,Demon Claws,2,4,0.5,50%,17.0,8.5,34,1,17.0,8.5
Masse Colossale,Colossal Mace,3,4,0.75,75%,11.0,8.25,33,0,Gratuit,Gratuit
Danse Macabre,Dance of Death,4,4,1.0,100%,8.0,8.0,32,1,8.0,8.0
Esprit Guerrier,Spirit of the Warrior,2,4,0.5,50%,16.0,8.0,32,1,16.0,8.0
Tombeau Rocheux,Rock Tomb,3,4,0.75,75%,10.0,7.5,30,1,10.0,7.5
Triple Météore,Trimeteor,1,4,0.25,25%,30.0,7.5,30,0,Gratuit,Gratuit
Couronne du Roi Nain,Crown of the Dwarf King,2,4,0.5,50%,13.0,6.5,26,0,Gratuit,Gratuit
Bâton de Conquête,Conquering Staff,1,4,0.25,25%,24.0,6.0,24,2,12.0,3.0
Marteau Collecteur,Collecting Hammer,2,4,0.5,50%,12.0,6.0,24,2,6.0,3.0
Sabre Versatile,Versatil Saber,2,4,0.5,50%,11.0,5.5,22,1,11.0,5.5
Désintégrateur Magnétique,Magnetic Disintegrator,2,4,0.5,50%,11.0,5.5,22,0,Gratuit,Gratuit
Le Marionnettiste,The Puppeteer,1,4,0.25,25%,20.0,5.0,20,2,10.0,2.5
Épé Sainte,Holy Sword,2,4,0.5,50%,10.0,5.0,20,0,Gratuit,Gratuit
Enchaînement Éclair,Unstoppable Lightning,1,4,0.25,25%,18.0,4.5,18,1,18.0,4.5
Marteleur précis,Precise Hammer,1,4,0.25,25%,18.0,4.5,18,1,18.0,4.5
Faux Parfaite,Perfect Scythe,1,4,0.25,25%,15.0,3.75,15,0,Gratuit,Gratuit
Chasseur d'Âmes,Soul Hunter,1,4,0.25,25%,15.0,3.75,15,1,15.0,3.75
Totem du Gardien,Guardian Totem,4,4,1.0,100%,3.75,3.75,15,3,1.25,1.25
Griffes Sauvages,Wild Claw,4,4,1.0,100%,3.25,3.25,13,3,1.08,1.08
Coup de Mort,Death Helper,1,4,0.25,25%,10.0,2.5,10,1,10.0,2.5
Œil de Lynx,Hawk's Eye,1,4,0.25,25%,8.0,2.0,8,0,Gratuit,Gratuit
