,Nom Anglais,nb games valide,total games,ratio,%,pts moy,pts moy total,total point,cout,pts par cout moy,pts par cout total,pts par cout moy+1,pts par cout total+1
Faux,Scythe,13,13,1.0,100%,16.85,16.85,219,3,5.62,5.62,4.21,4.21
Totem Équivalent,Equivalent Totem,13,13,1.0,100%,16.23,16.23,211,2,8.12,8.12,5.41,5.41
Lame Affutée,Sharp Blade,12,13,0.92,92%,15.5,14.31,186,3,5.17,4.77,3.88,3.58
Armure d'Obsidienne,Obsidian Battle Plate,8,13,0.62,62%,20.0,12.31,160,2,10.0,6.16,6.67,4.1
Économe Sagesse du Trésorier,Treasurer's Wisdom,9,13,0.69,69%,17.0,11.77,153,2,8.5,5.88,5.67,3.92
Hache Frénétique,Berseker Ax,10,13,0.77,77%,14.0,10.77,140,2,7.0,5.38,4.67,3.59
Ascension Divine,Divine Ascent,5,13,0.38,38%,25.0,9.62,125,3,8.33,3.21,6.25,2.4
Faux Assoiffées,Thirsty Scythes,5,13,0.38,38%,25.0,9.62,125,3,8.33,3.21,6.25,2.4
Parchemin Secret,Secret Scroll,6,13,0.46,46%,18.0,8.31,108,2,9.0,4.16,6.0,2.77
Épée Obscure,Swords of Darkness,6,13,0.46,46%,17.0,7.85,102,1,17.0,7.85,8.5,3.92
Aveuglement,Incapacitor,12,13,0.92,92%,8.0,7.38,96,3,2.67,2.46,2.0,1.84
Esprit de l'Écuyer,Spirit of the Squire,11,13,0.85,85%,8.73,7.38,96,3,2.91,2.46,2.18,1.84
Lame Insatiable,Fast Furious Blade,6,13,0.46,46%,16.0,7.38,96,2,8.0,3.69,5.33,2.46
Tombeau Rocheux,Rock Tomb,9,13,0.69,69%,10.0,6.92,90,1,10.0,6.92,5.0,3.46
Elan de Fureur,Rampage Momentum,6,13,0.46,46%,15.0,6.92,90,2,7.5,3.46,5.0,2.31
Explosion Arcanique,Arcane Explosive,7,13,0.54,54%,12.0,6.46,84,1,12.0,6.46,6.0,3.23
Aura Légendaire,Legend Aura,2,13,0.15,15%,40.0,6.15,80,3,13.33,2.05,10.0,1.54
Chasseresse d'Âmes,Huntress of Souls,4,13,0.31,31%,19.0,5.85,76,1,19.0,5.85,9.5,2.92
Danse Macabre,Dance of Death,9,13,0.69,69%,8.0,5.54,72,1,8.0,5.54,4.0,2.77
Griffes Démoniaques,Demon Claws,4,13,0.31,31%,17.0,5.23,68,1,17.0,5.23,8.5,2.62
Marteau Collecteur,Collecting Hammer,5,13,0.38,38%,12.2,4.69,61,2,6.1,2.35,4.07,1.56
Pillard Féroce,Savage Looter,3,13,0.23,23%,20.0,4.62,60,1,20.0,4.62,10.0,2.31
Triple Météore,Trimeteor,2,13,0.15,15%,30.0,4.62,60,0,Gratuit,Gratuit,30.0,4.62
Sabre Versatile,Versatil Saber,5,13,0.38,38%,11.0,4.23,55,1,11.0,4.23,5.5,2.12
Masse Colossale,Colossal Mace,5,13,0.38,38%,11.0,4.23,55,0,Gratuit,Gratuit,11.0,4.23
Bâton de Conquête,Conquering Staff,2,13,0.15,15%,24.0,3.69,48,2,12.0,1.84,8.0,1.23
Esprit Guerrier,Spirit of the Warrior,3,13,0.23,23%,16.0,3.69,48,1,16.0,3.69,8.0,1.84
Désintégrateur Magnétique,Magnetic Disintegrator,4,13,0.31,31%,11.0,3.38,44,0,Gratuit,Gratuit,11.0,3.38
Le Marionnettiste,The Puppeteer,2,13,0.15,15%,20.0,3.08,40,2,10.0,1.54,6.67,1.03
Enchaînement Éclair,Unstoppable Lightning,2,13,0.15,15%,18.0,2.77,36,1,18.0,2.77,9.0,1.39
Décharge Élémentaire,Elemental Discharge,2,13,0.15,15%,18.0,2.77,36,1,18.0,2.77,9.0,1.39
Marteleur précis,Precise Hammer,2,13,0.15,15%,18.0,2.77,36,1,18.0,2.77,9.0,1.39
Totem du Gardien,Guardian Totem,11,13,0.85,85%,3.18,2.69,35,3,1.06,0.9,0.8,0.67
Faux Parfaite,Perfect Scythe,2,13,0.15,15%,15.0,2.31,30,0,Gratuit,Gratuit,15.0,2.31
Griffes Sauvages,Wild Claw,11,13,0.85,85%,2.45,2.08,27,3,0.82,0.69,0.61,0.52
Œil de Lynx,Hawk's Eye,3,13,0.23,23%,8.67,2.0,26,0,Gratuit,Gratuit,8.67,2.0
Couronne du Roi Nain,Crown of the Dwarf King,2,13,0.15,15%,13.0,2.0,26,0,Gratuit,Gratuit,13.0,2.0
Épé Sainte,Holy Sword,2,13,0.15,15%,10.0,1.54,20,0,Gratuit,Gratuit,10.0,1.54
Assistance Divine,Sacred Help,1,13,0.08,8%,20.0,1.54,20,2,10.0,0.77,6.67,0.51
Coup de Mort,Death Helper,2,13,0.15,15%,10.0,1.54,20,1,10.0,1.54,5.0,0.77
Armure d'Immortel,Immortal Breastplate,1,13,0.08,8%,16.0,1.23,16,1,16.0,1.23,8.0,0.61
Chasseur d'Âmes,Soul Hunter,1,13,0.08,8%,15.0,1.15,15,1,15.0,1.15,7.5,0.57
