,Nom Anglais,nb games valide,total games,ratio,%,pts moy,pts moy total,total point,cout,pts par cout moy,pts par cout total,pts par cout moy+1,pts par cout total+1
Armure d'Obsidienne,Obsidian Battle Plate,6,7,0.86,86%,20.0,17.14,120,2,10.0,8.57,6.67,5.71
Faux,Scythe,7,7,1.0,100%,16.86,16.86,118,3,5.62,5.62,4.21,4.21
Totem Équivalent,Equivalent Totem,7,7,1.0,100%,15.71,15.71,110,2,7.86,7.86,5.24,5.24
Lame Affutée,Sharp Blade,7,7,1.0,100%,12.0,12.0,84,3,4.0,4.0,3.0,3.0
Faux Assoiffées,Thirsty Scythes,3,7,0.43,43%,25.0,10.71,75,3,8.33,3.57,6.25,2.68
Économe Sagesse du Trésorier,Treasurer's Wisdom,4,7,0.57,57%,17.0,9.71,68,2,8.5,4.86,5.67,3.24
Épée Obscure,Swords of Darkness,4,7,0.57,57%,17.0,9.71,68,1,17.0,9.71,8.5,4.86
Elan de Fureur,Rampage Momentum,4,7,0.57,57%,15.0,8.57,60,2,7.5,4.29,5.0,2.86
Triple Météore,Trimeteor,2,7,0.29,29%,30.0,8.57,60,0,Gratuit,Gratuit,30.0,8.57
Hache Frénétique,Berseker Ax,4,7,0.57,57%,14.0,8.0,56,2,7.0,4.0,4.67,2.67
Armure d'Immortel,Immortal Breastplate,4,7,0.57,57%,14.0,8.0,56,1,14.0,8.0,7.0,4.0
Sabre Versatile,Versatil Saber,5,7,0.71,71%,11.0,7.86,55,1,11.0,7.86,5.5,3.93
Enchaînement Éclair,Unstoppable Lightning,3,7,0.43,43%,18.0,7.71,54,1,18.0,7.71,9.0,3.85
Aveuglement,Incapacitor,6,7,0.86,86%,9.0,7.71,54,3,3.0,2.57,2.25,1.93
Ascension Divine,Divine Ascent,2,7,0.29,29%,25.0,7.14,50,3,8.33,2.38,6.25,1.78
Explosion Arcanique,Arcane Explosive,4,7,0.57,57%,12.0,6.86,48,1,12.0,6.86,6.0,3.43
Danse Macabre,Dance of Death,5,7,0.71,71%,8.0,5.71,40,1,8.0,5.71,4.0,2.85
Esprit de l'Écuyer,Spirit of the Squire,6,7,0.86,86%,6.5,5.57,39,3,2.17,1.86,1.62,1.39
Lame Insatiable,Fast Furious Blade,2,7,0.29,29%,16.0,4.57,32,2,8.0,2.29,5.33,1.52
Épé Sainte,Holy Sword,3,7,0.43,43%,10.0,4.29,30,0,Gratuit,Gratuit,10.0,4.29
Tombeau Rocheux,Rock Tomb,3,7,0.43,43%,10.0,4.29,30,1,10.0,4.29,5.0,2.15
Marteau Collecteur,Collecting Hammer,4,7,0.57,57%,7.5,4.29,30,2,3.75,2.15,2.5,1.43
Couronne du Roi Nain,Crown of the Dwarf King,2,7,0.29,29%,13.0,3.71,26,0,Gratuit,Gratuit,13.0,3.71
Bâton de Conquête,Conquering Staff,1,7,0.14,14%,24.0,3.43,24,2,12.0,1.72,8.0,1.14
Totem du Gardien,Guardian Totem,7,7,1.0,100%,3.29,3.29,23,3,1.1,1.1,0.82,0.82
Désintégrateur Magnétique,Magnetic Disintegrator,2,7,0.29,29%,11.0,3.14,22,0,Gratuit,Gratuit,11.0,3.14
Force Divine,Divine Impetu,2,7,0.29,29%,11.0,3.14,22,0,Gratuit,Gratuit,11.0,3.14
Esprit omniprésent,Omnipresent Spirit,1,7,0.14,14%,18.0,2.57,18,2,9.0,1.28,6.0,0.86
Décharge Élémentaire,Elemental Discharge,1,7,0.14,14%,18.0,2.57,18,1,18.0,2.57,9.0,1.28
Parchemin Secret,Secret Scroll,1,7,0.14,14%,18.0,2.57,18,2,9.0,1.28,6.0,0.86
Marteleur précis,Precise Hammer,1,7,0.14,14%,18.0,2.57,18,1,18.0,2.57,9.0,1.28
Esprit Guerrier,Spirit of the Warrior,1,7,0.14,14%,16.0,2.29,16,1,16.0,2.29,8.0,1.15
Chasseur d'Âmes,Soul Hunter,1,7,0.14,14%,15.0,2.14,15,1,15.0,2.14,7.5,1.07
Griffes Sauvages,Wild Claw,6,7,0.86,86%,2.17,1.86,13,3,0.72,0.62,0.54,0.47
Bâton du Conquérant,Staff of Conquered Worlds,1,7,0.14,14%,11.0,1.57,11,0,Gratuit,Gratuit,11.0,1.57
Coup de Mort,Death Helper,1,7,0.14,14%,10.0,1.43,10,1,10.0,1.43,5.0,0.71
