,Nom Anglais,nb games valide,total games,ratio,%,pts moy,pts moy total,total point,cout,pts par cout moy,pts par cout total
Faux,Scythe,4,4,1.0,100%,15.25,15.25,61,3,5.08,5.08
Totem Équivalent,Equivalent Totem,4,4,1.0,100%,15.25,15.25,61,1,15.25,15.25
Armure d'Obsidienne,Obsidian Battle Plate,3,4,0.75,75%,20.0,15.0,60,2,10.0,7.5
Lame Affutée,Sharp Blade,4,4,1.0,100%,11.25,11.25,45,3,3.75,3.75
Épée Obscure,Swords of Darkness,2,4,0.5,50%,17.0,8.5,34,1,17.0,8.5
Sabre Versatile,Versatil Saber,3,4,0.75,75%,11.0,8.25,33,1,11.0,8.25
Esprit de l'Écuyer,Spirit of the Squire,4,4,1.0,100%,7.5,7.5,30,3,2.5,2.5
Elan de Fureur,Rampage Momentum,2,4,0.5,50%,15.0,7.5,30,2,7.5,3.75
Triple Météore,Trimeteor,1,4,0.25,25%,30.0,7.5,30,0,Gratuit,Gratuit
Armure d'Immortel,Immortal Breastplate,2,4,0.5,50%,14.0,7.0,28,1,14.0,7.0
Aveuglement,Incapacitor,3,4,0.75,75%,9.0,6.75,27,3,3.0,2.25
Ascension Divine,Divine Ascent,1,4,0.25,25%,25.0,6.25,25,3,8.33,2.08
Faux Assoiffées,Thirsty Scythes,1,4,0.25,25%,25.0,6.25,25,3,8.33,2.08
Explosion Arcanique,Arcane Explosive,2,4,0.5,50%,12.0,6.0,24,1,12.0,6.0
Bâton de Conquête,Conquering Staff,1,4,0.25,25%,24.0,6.0,24,2,12.0,3.0
Danse Macabre,Dance of Death,3,4,0.75,75%,8.0,6.0,24,1,8.0,6.0
Esprit omniprésent,Omnipresent Spirit,1,4,0.25,25%,18.0,4.5,18,2,9.0,2.25
Enchaînement Éclair,Unstoppable Lightning,1,4,0.25,25%,18.0,4.5,18,1,18.0,4.5
Marteleur précis,Precise Hammer,1,4,0.25,25%,18.0,4.5,18,1,18.0,4.5
Économe Sagesse du Trésorier,Treasurer's Wisdom,1,4,0.25,25%,17.0,4.25,17,2,8.5,2.12
Lame Insatiable,Fast Furious Blade,1,4,0.25,25%,16.0,4.0,16,2,8.0,2.0
Chasseur d'Âmes,Soul Hunter,1,4,0.25,25%,15.0,3.75,15,1,15.0,3.75
Hache Frénétique,Berseker Ax,1,4,0.25,25%,14.0,3.5,14,2,7.0,1.75
Totem du Gardien,Guardian Totem,4,4,1.0,100%,3.0,3.0,12,3,1.0,1.0
Marteau Collecteur,Collecting Hammer,1,4,0.25,25%,12.0,3.0,12,2,6.0,1.5
Bâton du Conquérant,Staff of Conquered Worlds,1,4,0.25,25%,11.0,2.75,11,0,Gratuit,Gratuit
Force Divine,Divine Impetu,1,4,0.25,25%,11.0,2.75,11,0,Gratuit,Gratuit
Épé Sainte,Holy Sword,1,4,0.25,25%,10.0,2.5,10,0,Gratuit,Gratuit
Coup de Mort,Death Helper,1,4,0.25,25%,10.0,2.5,10,1,10.0,2.5
Griffes Sauvages,Wild Claw,3,4,0.75,75%,2.0,1.5,6,3,0.67,0.5
