,Nom Anglais,nb games valide,total games,ratio,%,pts moy,pts moy total,total point,cout,pts par cout moy,pts par cout total,pts par cout moy+1,pts par cout total+1
Faux,Scythe,17,17,1.0,100%,17.47,17.47,297,3,5.82,5.82,4.37,4.37
Totem Équivalent,Equivalent Totem,17,17,1.0,100%,15.71,15.71,267,2,7.86,7.86,5.24,5.24
Armure d'Obsidienne,Obsidian Battle Plate,12,17,0.71,71%,20.0,14.12,240,2,10.0,7.06,6.67,4.71
Lame Affutée,Sharp Blade,15,17,0.88,88%,12.6,11.12,189,3,4.2,3.71,3.15,2.78
Lame Insatiable,Fast Furious Blade,10,17,0.59,59%,16.0,9.41,160,2,8.0,4.71,5.33,3.14
Hache Frénétique,Berseker Ax,11,17,0.65,65%,14.0,9.06,154,2,7.0,4.53,4.67,3.02
Économe Sagesse du Trésorier,Treasurer's Wisdom,9,17,0.53,53%,17.0,9.0,153,2,8.5,4.5,5.67,3.0
Faux Assoiffées,Thirsty Scythes,6,17,0.35,35%,25.0,8.82,150,3,8.33,2.94,6.25,2.21
Épée Obscure,Swords of Darkness,8,17,0.47,47%,17.0,8.0,136,1,17.0,8.0,8.5,4.0
Aveuglement,Incapacitor,16,17,0.94,94%,8.25,7.76,132,3,2.75,2.59,2.06,1.94
Ascension Divine,Divine Ascent,5,17,0.29,29%,25.0,7.35,125,3,8.33,2.45,6.25,1.84
Triple Météore,Trimeteor,4,17,0.24,24%,30.0,7.06,120,0,Gratuit,Gratuit,30.0,7.06
Marteau Collecteur,Collecting Hammer,9,17,0.53,53%,12.67,6.71,114,2,6.33,3.35,4.22,2.24
Esprit Guerrier,Spirit of the Warrior,7,17,0.41,41%,16.0,6.59,112,1,16.0,6.59,8.0,3.29
Enchaînement Éclair,Unstoppable Lightning,6,17,0.35,35%,18.0,6.35,108,1,18.0,6.35,9.0,3.17
Elan de Fureur,Rampage Momentum,7,17,0.41,41%,15.0,6.18,105,2,7.5,3.09,5.0,2.06
Explosion Arcanique,Arcane Explosive,8,17,0.47,47%,12.0,5.65,96,1,12.0,5.65,6.0,2.83
Armure d'Immortel,Immortal Breastplate,6,17,0.35,35%,14.67,5.18,88,1,14.67,5.18,7.33,2.59
Esprit de l'Écuyer,Spirit of the Squire,15,17,0.88,88%,5.8,5.12,87,3,1.93,1.71,1.45,1.28
Tombeau Rocheux,Rock Tomb,8,17,0.47,47%,10.0,4.71,80,1,10.0,4.71,5.0,2.35
Parchemin Secret,Secret Scroll,4,17,0.24,24%,18.0,4.24,72,2,9.0,2.12,6.0,1.41
Danse Macabre,Dance of Death,9,17,0.53,53%,8.0,4.24,72,1,8.0,4.24,4.0,2.12
Sabre Versatile,Versatil Saber,6,17,0.35,35%,11.0,3.88,66,1,11.0,3.88,5.5,1.94
Couronne du Roi Nain,Crown of the Dwarf King,5,17,0.29,29%,13.0,3.82,65,0,Gratuit,Gratuit,13.0,3.82
Esprit omniprésent,Omnipresent Spirit,3,17,0.18,18%,18.0,3.18,54,2,9.0,1.59,6.0,1.06
Marteleur précis,Precise Hammer,3,17,0.18,18%,18.0,3.18,54,1,18.0,3.18,9.0,1.59
Épé Sainte,Holy Sword,5,17,0.29,29%,10.0,2.94,50,0,Gratuit,Gratuit,10.0,2.94
Faux Parfaite,Perfect Scythe,3,17,0.18,18%,15.0,2.65,45,0,Gratuit,Gratuit,15.0,2.65
Désintégrateur Magnétique,Magnetic Disintegrator,4,17,0.24,24%,11.0,2.59,44,0,Gratuit,Gratuit,11.0,2.59
Totem du Gardien,Guardian Totem,12,17,0.71,71%,3.17,2.24,38,3,1.06,0.75,0.79,0.56
Chasseresse d'Âmes,Huntress of Souls,2,17,0.12,12%,19.0,2.24,38,1,19.0,2.24,9.5,1.12
Décharge Élémentaire,Elemental Discharge,2,17,0.12,12%,18.0,2.12,36,1,18.0,2.12,9.0,1.06
Chasseur d'Âmes,Soul Hunter,2,17,0.12,12%,17.5,2.06,35,1,17.5,2.06,8.75,1.03
Griffes Démoniaques,Demon Claws,2,17,0.12,12%,17.0,2.0,34,1,17.0,2.0,8.5,1.0
Griffes Sauvages,Wild Claw,12,17,0.71,71%,2.58,1.82,31,3,0.86,0.61,0.65,0.46
Masse Colossale,Colossal Mace,2,17,0.12,12%,15.0,1.76,30,0,Gratuit,Gratuit,15.0,1.76
Bâton de Conquête,Conquering Staff,1,17,0.06,6%,24.0,1.41,24,2,12.0,0.7,8.0,0.47
Coup de Mort,Death Helper,2,17,0.12,12%,11.5,1.35,23,1,11.5,1.35,5.75,0.68
Bâton du Conquérant,Staff of Conquered Worlds,2,17,0.12,12%,11.0,1.29,22,0,Gratuit,Gratuit,11.0,1.29
Force Divine,Divine Impetu,2,17,0.12,12%,11.0,1.29,22,0,Gratuit,Gratuit,11.0,1.29
Assistance Divine,Sacred Help,1,17,0.06,6%,20.0,1.18,20,2,10.0,0.59,6.67,0.39
Masse de Siège,Siege Mace,1,17,0.06,6%,16.0,0.94,16,0,Gratuit,Gratuit,16.0,0.94
Soif de Sang,Thirsty Dagger,1,17,0.06,6%,15.0,0.88,15,0,Gratuit,Gratuit,15.0,0.88
