,Nom Anglais,nb games valide,total games,ratio,%,pts moy,pts moy total,total point,cout,pts par cout moy,pts par cout total
Armure d'Obsidienne,Obsidian Battle Plate,1,1,1.0,100%,20.0,20.0,20,2,10.0,10.0
Marteleur précis,Precise Hammer,1,1,1.0,100%,18.0,18.0,18,1,18.0,18.0
Elan de Fureur,Rampage Momentum,1,1,1.0,100%,15.0,15.0,15,2,7.5,7.5
Totem Équivalent,Equivalent Totem,1,1,1.0,100%,14.0,14.0,14,1,14.0,14.0
Armure d'Immortel,Immortal Breastplate,1,1,1.0,100%,14.0,14.0,14,1,14.0,14.0
Faux,Scythe,1,1,1.0,100%,13.0,13.0,13,3,4.33,4.33
Lame Affutée,Sharp Blade,1,1,1.0,100%,12.0,12.0,12,3,4.0,4.0
Marteau Collecteur,Collecting Hammer,1,1,1.0,100%,12.0,12.0,12,2,6.0,6.0
Force Divine,Divine Impetu,1,1,1.0,100%,11.0,11.0,11,0,Gratuit,Gratuit
Sabre Versatile,Versatil Saber,1,1,1.0,100%,11.0,11.0,11,1,11.0,11.0
Danse Macabre,Dance of Death,1,1,1.0,100%,8.0,8.0,8,1,8.0,8.0
Esprit de l'Écuyer,Spirit of the Squire,1,1,1.0,100%,6.0,6.0,6,3,2.0,2.0
Totem du Gardien,Guardian Totem,1,1,1.0,100%,4.0,4.0,4,3,1.33,1.33
