,Nom Anglais,nb games valide,total games,ratio,%,pts moy,pts moy total,total point,cout,pts par cout moy,pts par cout total,pts par cout moy+1,pts par cout total+1
Faux,Scythe,8,8,1.0,100%,16.62,16.62,133,3,5.54,5.54,4.16,4.16
Totem Équivalent,Equivalent Totem,8,8,1.0,100%,15.5,15.5,124,2,7.75,7.75,5.17,5.17
Armure d'Obsidienne,Obsidian Battle Plate,6,8,0.75,75%,20.0,15.0,120,2,10.0,7.5,6.67,5.0
Lame Affutée,Sharp Blade,7,8,0.88,88%,12.0,10.5,84,3,4.0,3.5,3.0,2.62
Faux Assoiffées,Thirsty Scythes,3,8,0.38,38%,25.0,9.38,75,3,8.33,3.13,6.25,2.35
Économe Sagesse du Trésorier,Treasurer's Wisdom,4,8,0.5,50%,17.0,8.5,68,2,8.5,4.25,5.67,2.83
Épée Obscure,Swords of Darkness,4,8,0.5,50%,17.0,8.5,68,1,17.0,8.5,8.5,4.25
Triple Météore,Trimeteor,2,8,0.25,25%,30.0,7.5,60,0,Gratuit,Gratuit,30.0,7.5
Aveuglement,Incapacitor,7,8,0.88,88%,8.57,7.5,60,3,2.86,2.5,2.14,1.88
Elan de Fureur,Rampage Momentum,4,8,0.5,50%,15.0,7.5,60,2,7.5,3.75,5.0,2.5
Hache Frénétique,Berseker Ax,4,8,0.5,50%,14.0,7.0,56,2,7.0,3.5,4.67,2.33
Armure d'Immortel,Immortal Breastplate,4,8,0.5,50%,14.0,7.0,56,1,14.0,7.0,7.0,3.5
Sabre Versatile,Versatil Saber,5,8,0.62,62%,11.0,6.88,55,1,11.0,6.88,5.5,3.44
Enchaînement Éclair,Unstoppable Lightning,3,8,0.38,38%,18.0,6.75,54,1,18.0,6.75,9.0,3.38
Ascension Divine,Divine Ascent,2,8,0.25,25%,25.0,6.25,50,3,8.33,2.08,6.25,1.56
Explosion Arcanique,Arcane Explosive,4,8,0.5,50%,12.0,6.0,48,1,12.0,6.0,6.0,3.0
Lame Insatiable,Fast Furious Blade,3,8,0.38,38%,16.0,6.0,48,2,8.0,3.0,5.33,2.0
Esprit de l'Écuyer,Spirit of the Squire,7,8,0.88,88%,6.43,5.62,45,3,2.14,1.87,1.61,1.41
Danse Macabre,Dance of Death,5,8,0.62,62%,8.0,5.0,40,1,8.0,5.0,4.0,2.5
Esprit Guerrier,Spirit of the Warrior,2,8,0.25,25%,16.0,4.0,32,1,16.0,4.0,8.0,2.0
Marteau Collecteur,Collecting Hammer,4,8,0.5,50%,7.5,3.75,30,2,3.75,1.88,2.5,1.25
Épé Sainte,Holy Sword,3,8,0.38,38%,10.0,3.75,30,0,Gratuit,Gratuit,10.0,3.75
Tombeau Rocheux,Rock Tomb,3,8,0.38,38%,10.0,3.75,30,1,10.0,3.75,5.0,1.88
Totem du Gardien,Guardian Totem,8,8,1.0,100%,3.25,3.25,26,3,1.08,1.08,0.81,0.81
Couronne du Roi Nain,Crown of the Dwarf King,2,8,0.25,25%,13.0,3.25,26,0,Gratuit,Gratuit,13.0,3.25
Bâton de Conquête,Conquering Staff,1,8,0.12,12%,24.0,3.0,24,2,12.0,1.5,8.0,1.0
Désintégrateur Magnétique,Magnetic Disintegrator,2,8,0.25,25%,11.0,2.75,22,0,Gratuit,Gratuit,11.0,2.75
Force Divine,Divine Impetu,2,8,0.25,25%,11.0,2.75,22,0,Gratuit,Gratuit,11.0,2.75
Décharge Élémentaire,Elemental Discharge,1,8,0.12,12%,18.0,2.25,18,1,18.0,2.25,9.0,1.12
Esprit omniprésent,Omnipresent Spirit,1,8,0.12,12%,18.0,2.25,18,2,9.0,1.12,6.0,0.75
Parchemin Secret,Secret Scroll,1,8,0.12,12%,18.0,2.25,18,2,9.0,1.12,6.0,0.75
Marteleur précis,Precise Hammer,1,8,0.12,12%,18.0,2.25,18,1,18.0,2.25,9.0,1.12
Chasseur d'Âmes,Soul Hunter,1,8,0.12,12%,15.0,1.88,15,1,15.0,1.88,7.5,0.94
Griffes Sauvages,Wild Claw,7,8,0.88,88%,2.0,1.75,14,3,0.67,0.58,0.5,0.44
Bâton du Conquérant,Staff of Conquered Worlds,1,8,0.12,12%,11.0,1.38,11,0,Gratuit,Gratuit,11.0,1.38
Coup de Mort,Death Helper,1,8,0.12,12%,10.0,1.25,10,1,10.0,1.25,5.0,0.62
