,Nom Anglais,nb games valide,total games,ratio,%,pts moy,pts moy total,total point,cout,pts par cout moy,pts par cout total,pts par cout moy+1,pts par cout total+1
Faux,Scythe,16,16,1.0,100%,17.56,17.56,281,3,5.85,5.85,4.39,4.39
Totem Équivalent,Equivalent Totem,16,16,1.0,100%,15.69,15.69,251,2,7.84,7.84,5.23,5.23
Armure d'Obsidienne,Obsidian Battle Plate,11,16,0.69,69%,20.0,13.75,220,2,10.0,6.88,6.67,4.58
Lame Affutée,Sharp Blade,14,16,0.88,88%,12.86,11.25,180,3,4.29,3.75,3.21,2.81
Faux Assoiffées,Thirsty Scythes,6,16,0.38,38%,25.0,9.38,150,3,8.33,3.13,6.25,2.35
Lame Insatiable,Fast Furious Blade,9,16,0.56,56%,16.0,9.0,144,2,8.0,4.5,5.33,3.0
Hache Frénétique,Berseker Ax,10,16,0.62,62%,14.0,8.75,140,2,7.0,4.38,4.67,2.92
Économe Sagesse du Trésorier,Treasurer's Wisdom,8,16,0.5,50%,17.0,8.5,136,2,8.5,4.25,5.67,2.83
Aveuglement,Incapacitor,15,16,0.94,94%,8.6,8.06,129,3,2.87,2.69,2.15,2.02
Ascension Divine,Divine Ascent,5,16,0.31,31%,25.0,7.81,125,3,8.33,2.6,6.25,1.95
Épée Obscure,Swords of Darkness,7,16,0.44,44%,17.0,7.44,119,1,17.0,7.44,8.5,3.72
Enchaînement Éclair,Unstoppable Lightning,6,16,0.38,38%,18.0,6.75,108,1,18.0,6.75,9.0,3.38
Marteau Collecteur,Collecting Hammer,8,16,0.5,50%,13.38,6.69,107,2,6.69,3.35,4.46,2.23
Elan de Fureur,Rampage Momentum,7,16,0.44,44%,15.0,6.56,105,2,7.5,3.28,5.0,2.19
Esprit Guerrier,Spirit of the Warrior,6,16,0.38,38%,16.0,6.0,96,1,16.0,6.0,8.0,3.0
Triple Météore,Trimeteor,3,16,0.19,19%,30.0,5.62,90,0,Gratuit,Gratuit,30.0,5.62
Explosion Arcanique,Arcane Explosive,7,16,0.44,44%,12.0,5.25,84,1,12.0,5.25,6.0,2.62
Esprit de l'Écuyer,Spirit of the Squire,14,16,0.88,88%,5.36,4.69,75,3,1.79,1.56,1.34,1.17
Danse Macabre,Dance of Death,9,16,0.56,56%,8.0,4.5,72,1,8.0,4.5,4.0,2.25
Armure d'Immortel,Immortal Breastplate,5,16,0.31,31%,14.4,4.5,72,1,14.4,4.5,7.2,2.25
Tombeau Rocheux,Rock Tomb,7,16,0.44,44%,10.0,4.38,70,1,10.0,4.38,5.0,2.19
Sabre Versatile,Versatil Saber,5,16,0.31,31%,11.0,3.44,55,1,11.0,3.44,5.5,1.72
Esprit omniprésent,Omnipresent Spirit,3,16,0.19,19%,18.0,3.38,54,2,9.0,1.69,6.0,1.13
Marteleur précis,Precise Hammer,3,16,0.19,19%,18.0,3.38,54,1,18.0,3.38,9.0,1.69
Parchemin Secret,Secret Scroll,3,16,0.19,19%,18.0,3.38,54,2,9.0,1.69,6.0,1.13
Couronne du Roi Nain,Crown of the Dwarf King,4,16,0.25,25%,13.0,3.25,52,0,Gratuit,Gratuit,13.0,3.25
Épé Sainte,Holy Sword,5,16,0.31,31%,10.0,3.12,50,0,Gratuit,Gratuit,10.0,3.12
Faux Parfaite,Perfect Scythe,3,16,0.19,19%,15.0,2.81,45,0,Gratuit,Gratuit,15.0,2.81
Chasseresse d'Âmes,Huntress of Souls,2,16,0.12,12%,19.0,2.38,38,1,19.0,2.38,9.5,1.19
Totem du Gardien,Guardian Totem,11,16,0.69,69%,3.18,2.19,35,3,1.06,0.73,0.8,0.55
Chasseur d'Âmes,Soul Hunter,2,16,0.12,12%,17.5,2.19,35,1,17.5,2.19,8.75,1.09
Griffes Démoniaques,Demon Claws,2,16,0.12,12%,17.0,2.12,34,1,17.0,2.12,8.5,1.06
Désintégrateur Magnétique,Magnetic Disintegrator,3,16,0.19,19%,11.0,2.06,33,0,Gratuit,Gratuit,11.0,2.06
Griffes Sauvages,Wild Claw,11,16,0.69,69%,2.64,1.81,29,3,0.88,0.6,0.66,0.45
Bâton de Conquête,Conquering Staff,1,16,0.06,6%,24.0,1.5,24,2,12.0,0.75,8.0,0.5
Bâton du Conquérant,Staff of Conquered Worlds,2,16,0.12,12%,11.0,1.38,22,0,Gratuit,Gratuit,11.0,1.38
Force Divine,Divine Impetu,2,16,0.12,12%,11.0,1.38,22,0,Gratuit,Gratuit,11.0,1.38
Assistance Divine,Sacred Help,1,16,0.06,6%,20.0,1.25,20,2,10.0,0.62,6.67,0.42
Décharge Élémentaire,Elemental Discharge,1,16,0.06,6%,18.0,1.12,18,1,18.0,1.12,9.0,0.56
Soif de Sang,Thirsty Dagger,1,16,0.06,6%,15.0,0.94,15,0,Gratuit,Gratuit,15.0,0.94
Masse Colossale,Colossal Mace,1,16,0.06,6%,15.0,0.94,15,0,Gratuit,Gratuit,15.0,0.94
Coup de Mort,Death Helper,1,16,0.06,6%,10.0,0.62,10,1,10.0,0.62,5.0,0.31
