,Nom Anglais,nb games valide,total games,ratio,%,pts moy,pts moy total,total point,cout,pts par cout moy,pts par cout total,pts par cout moy+1,pts par cout total+1
Faux,Scythe,13,13,1.0,100%,17.54,17.54,228,3,5.85,5.85,4.38,4.38
Totem Équivalent,Equivalent Totem,13,13,1.0,100%,15.69,15.69,204,2,7.84,7.84,5.23,5.23
Armure d'Obsidienne,Obsidian Battle Plate,10,13,0.77,77%,20.0,15.38,200,2,10.0,7.69,6.67,5.13
Lame Affutée,Sharp Blade,12,13,0.92,92%,13.0,12.0,156,3,4.33,4.0,3.25,3.0
Faux Assoiffées,Thirsty Scythes,5,13,0.38,38%,25.0,9.62,125,3,8.33,3.21,6.25,2.4
Économe Sagesse du Trésorier,Treasurer's Wisdom,7,13,0.54,54%,17.0,9.15,119,2,8.5,4.58,5.67,3.05
Lame Insatiable,Fast Furious Blade,7,13,0.54,54%,16.0,8.62,112,2,8.0,4.31,5.33,2.87
Hache Frénétique,Berseker Ax,8,13,0.62,62%,14.0,8.62,112,2,7.0,4.31,4.67,2.87
Épée Obscure,Swords of Darkness,6,13,0.46,46%,17.0,7.85,102,1,17.0,7.85,8.5,3.92
Ascension Divine,Divine Ascent,4,13,0.31,31%,25.0,7.69,100,3,8.33,2.56,6.25,1.92
Marteau Collecteur,Collecting Hammer,7,13,0.54,54%,14.29,7.69,100,2,7.14,3.85,4.76,2.56
Aveuglement,Incapacitor,12,13,0.92,92%,8.0,7.38,96,3,2.67,2.46,2.0,1.84
Enchaînement Éclair,Unstoppable Lightning,5,13,0.38,38%,18.0,6.92,90,1,18.0,6.92,9.0,3.46
Elan de Fureur,Rampage Momentum,6,13,0.46,46%,15.0,6.92,90,2,7.5,3.46,5.0,2.31
Esprit Guerrier,Spirit of the Warrior,5,13,0.38,38%,16.0,6.15,80,1,16.0,6.15,8.0,3.08
Explosion Arcanique,Arcane Explosive,6,13,0.46,46%,12.0,5.54,72,1,12.0,5.54,6.0,2.77
Danse Macabre,Dance of Death,8,13,0.62,62%,8.0,4.92,64,1,8.0,4.92,4.0,2.46
Tombeau Rocheux,Rock Tomb,6,13,0.46,46%,10.0,4.62,60,1,10.0,4.62,5.0,2.31
Triple Météore,Trimeteor,2,13,0.15,15%,30.0,4.62,60,0,Gratuit,Gratuit,30.0,4.62
Esprit de l'Écuyer,Spirit of the Squire,11,13,0.85,85%,5.45,4.62,60,3,1.82,1.54,1.36,1.16
Armure d'Immortel,Immortal Breastplate,4,13,0.31,31%,14.0,4.31,56,1,14.0,4.31,7.0,2.15
Sabre Versatile,Versatil Saber,5,13,0.38,38%,11.0,4.23,55,1,11.0,4.23,5.5,2.12
Esprit omniprésent,Omnipresent Spirit,3,13,0.23,23%,18.0,4.15,54,2,9.0,2.08,6.0,1.38
Marteleur précis,Precise Hammer,3,13,0.23,23%,18.0,4.15,54,1,18.0,4.15,9.0,2.08
Épé Sainte,Holy Sword,5,13,0.38,38%,10.0,3.85,50,0,Gratuit,Gratuit,10.0,3.85
Couronne du Roi Nain,Crown of the Dwarf King,3,13,0.23,23%,13.0,3.0,39,0,Gratuit,Gratuit,13.0,3.0
Chasseresse d'Âmes,Huntress of Souls,2,13,0.15,15%,19.0,2.92,38,1,19.0,2.92,9.5,1.46
Parchemin Secret,Secret Scroll,2,13,0.15,15%,18.0,2.77,36,2,9.0,1.39,6.0,0.92
Totem du Gardien,Guardian Totem,11,13,0.85,85%,3.18,2.69,35,3,1.06,0.9,0.8,0.67
Griffes Démoniaques,Demon Claws,2,13,0.15,15%,17.0,2.62,34,1,17.0,2.62,8.5,1.31
Faux Parfaite,Perfect Scythe,2,13,0.15,15%,15.0,2.31,30,0,Gratuit,Gratuit,15.0,2.31
Griffes Sauvages,Wild Claw,10,13,0.77,77%,2.6,2.0,26,3,0.87,0.67,0.65,0.5
Bâton de Conquête,Conquering Staff,1,13,0.08,8%,24.0,1.85,24,2,12.0,0.93,8.0,0.62
Désintégrateur Magnétique,Magnetic Disintegrator,2,13,0.15,15%,11.0,1.69,22,0,Gratuit,Gratuit,11.0,1.69
Force Divine,Divine Impetu,2,13,0.15,15%,11.0,1.69,22,0,Gratuit,Gratuit,11.0,1.69
Décharge Élémentaire,Elemental Discharge,1,13,0.08,8%,18.0,1.38,18,1,18.0,1.38,9.0,0.69
Chasseur d'Âmes,Soul Hunter,1,13,0.08,8%,15.0,1.15,15,1,15.0,1.15,7.5,0.57
Soif de Sang,Thirsty Dagger,1,13,0.08,8%,15.0,1.15,15,0,Gratuit,Gratuit,15.0,1.15
Bâton du Conquérant,Staff of Conquered Worlds,1,13,0.08,8%,11.0,0.85,11,0,Gratuit,Gratuit,11.0,0.85
Coup de Mort,Death Helper,1,13,0.08,8%,10.0,0.77,10,1,10.0,0.77,5.0,0.39
