,Nom Anglais,nb games valide,total games,ratio,%,pts moy,pts moy total,total point,cout,pts par cout moy,pts par cout total,pts par cout moy+1,pts par cout total+1
Faux,Scythe,8,8,1.0,100%,16.75,16.75,134,3,5.58,5.58,4.19,4.19
Totem Équivalent,Equivalent Totem,8,8,1.0,100%,15.75,15.75,126,2,7.88,7.88,5.25,5.25
Économe Sagesse du Trésorier,Treasurer's Wisdom,6,8,0.75,75%,17.0,12.75,102,2,8.5,6.38,5.67,4.25
Faux Assoiffées,Thirsty Scythes,4,8,0.5,50%,25.0,12.5,100,3,8.33,4.17,6.25,3.12
Hache Frénétique,Berseker Ax,5,8,0.62,62%,14.0,8.75,70,2,7.0,4.38,4.67,2.92
Aveuglement,Incapacitor,8,8,1.0,100%,8.62,8.62,69,3,2.87,2.87,2.15,2.15
Armure d'Obsidienne,Obsidian Battle Plate,3,8,0.38,38%,20.0,7.5,60,2,10.0,3.75,6.67,2.5
Marteau Collecteur,Collecting Hammer,4,8,0.5,50%,14.0,7.0,56,2,7.0,3.5,4.67,2.33
Lame Affutée,Sharp Blade,7,8,0.88,88%,7.71,6.75,54,3,2.57,2.25,1.93,1.69
Esprit de l'Écuyer,Spirit of the Squire,7,8,0.88,88%,7.29,6.38,51,3,2.43,2.13,1.82,1.59
Épée Obscure,Swords of Darkness,3,8,0.38,38%,17.0,6.38,51,1,17.0,6.38,8.5,3.19
Tombeau Rocheux,Rock Tomb,4,8,0.5,50%,10.0,5.0,40,1,10.0,5.0,5.0,2.5
Explosion Arcanique,Arcane Explosive,3,8,0.38,38%,12.0,4.5,36,1,12.0,4.5,6.0,2.25
Lame Insatiable,Fast Furious Blade,2,8,0.25,25%,16.0,4.0,32,2,8.0,2.0,5.33,1.33
Ascension Divine,Divine Ascent,1,8,0.12,12%,25.0,3.12,25,3,8.33,1.04,6.25,0.78
Bâton de Conquête,Conquering Staff,1,8,0.12,12%,24.0,3.0,24,2,12.0,1.5,8.0,1.0
Désintégrateur Magnétique,Magnetic Disintegrator,2,8,0.25,25%,11.0,2.75,22,0,Gratuit,Gratuit,11.0,2.75
Œil de Lynx,Hawk's Eye,2,8,0.25,25%,10.0,2.5,20,0,Gratuit,Gratuit,10.0,2.5
Chasseresse d'Âmes,Huntress of Souls,1,8,0.12,12%,19.0,2.38,19,1,19.0,2.38,9.5,1.19
Griffes Démoniaques,Demon Claws,1,8,0.12,12%,17.0,2.12,17,1,17.0,2.12,8.5,1.06
Esprit Guerrier,Spirit of the Warrior,1,8,0.12,12%,16.0,2.0,16,1,16.0,2.0,8.0,1.0
Elan de Fureur,Rampage Momentum,1,8,0.12,12%,15.0,1.88,15,2,7.5,0.94,5.0,0.63
Masse Colossale,Colossal Mace,1,8,0.12,12%,15.0,1.88,15,0,Gratuit,Gratuit,15.0,1.88
Amulette Omnisciente,Omnipresent Amulet,1,8,0.12,12%,15.0,1.88,15,0,Gratuit,Gratuit,15.0,1.88
Griffes Sauvages,Wild Claw,6,8,0.75,75%,2.5,1.88,15,3,0.83,0.63,0.62,0.47
Totem du Gardien,Guardian Totem,3,8,0.38,38%,4.67,1.75,14,3,1.56,0.58,1.17,0.44
Couronne du Roi Nain,Crown of the Dwarf King,1,8,0.12,12%,13.0,1.62,13,0,Gratuit,Gratuit,13.0,1.62
Coup de Mort,Death Helper,1,8,0.12,12%,13.0,1.62,13,1,13.0,1.62,6.5,0.81
Épé Sainte,Holy Sword,1,8,0.12,12%,10.0,1.25,10,0,Gratuit,Gratuit,10.0,1.25
Danse Macabre,Dance of Death,1,8,0.12,12%,8.0,1.0,8,1,8.0,1.0,4.0,0.5
