,Nom Anglais,nb games valide,total games,ratio,%,pts moy,pts moy total,total point,cout,pts par cout moy,pts par cout total,pts par cout moy+1,pts par cout total+1
Armure d'Obsidienne,Obsidian Battle Plate,2,2,1.0,100%,20.0,20.0,40,2,10.0,10.0,6.67,6.67
Totem Équivalent,Equivalent Totem,2,2,1.0,100%,14.5,14.5,29,2,7.25,7.25,4.83,4.83
Faux,Scythe,2,2,1.0,100%,14.0,14.0,28,3,4.67,4.67,3.5,3.5
Épée Obscure,Swords of Darkness,1,2,0.5,50%,17.0,8.5,17,1,17.0,8.5,8.5,4.25
Économe Sagesse du Trésorier,Treasurer's Wisdom,1,2,0.5,50%,17.0,8.5,17,2,8.5,4.25,5.67,2.83
Hache Frénétique,Berseker Ax,1,2,0.5,50%,14.0,7.0,14,2,7.0,3.5,4.67,2.33
Lame Affutée,Sharp Blade,2,2,1.0,100%,6.0,6.0,12,3,2.0,2.0,1.5,1.5
Œil de Lynx,Hawk's Eye,1,2,0.5,50%,10.0,5.0,10,0,Gratuit,Gratuit,10.0,5.0
Esprit de l'Écuyer,Spirit of the Squire,2,2,1.0,100%,4.5,4.5,9,3,1.5,1.5,1.12,1.12
Aveuglement,Incapacitor,2,2,1.0,100%,4.5,4.5,9,3,1.5,1.5,1.12,1.12
Totem du Gardien,Guardian Totem,2,2,1.0,100%,4.0,4.0,8,3,1.33,1.33,1.0,1.0
Griffes Sauvages,Wild Claw,1,2,0.5,50%,1.0,0.5,1,3,0.33,0.17,0.25,0.12
