,Nom Anglais,nb games valide,total games,ratio,%,pts moy,pts moy total,total point,cout,pts par cout moy,pts par cout total,pts par cout moy+1,pts par cout total+1
Faux,Scythe,8,8,1.0,100%,18.5,18.5,148,3,6.17,6.17,4.62,4.62
Totem Équivalent,Equivalent Totem,8,8,1.0,100%,16.0,16.0,128,2,8.0,8.0,5.33,5.33
Faux Assoiffées,Thirsty Scythes,4,8,0.5,50%,25.0,12.5,100,3,8.33,4.17,6.25,3.12
Lame Insatiable,Fast Furious Blade,6,8,0.75,75%,16.0,12.0,96,2,8.0,6.0,5.33,4.0
Aveuglement,Incapacitor,8,8,1.0,100%,10.88,10.88,87,3,3.63,3.63,2.72,2.72
Économe Sagesse du Trésorier,Treasurer's Wisdom,5,8,0.62,62%,17.0,10.62,85,2,8.5,5.31,5.67,3.54
Hache Frénétique,Berseker Ax,6,8,0.75,75%,14.0,10.5,84,2,7.0,5.25,4.67,3.5
Armure d'Obsidienne,Obsidian Battle Plate,4,8,0.5,50%,20.0,10.0,80,2,10.0,5.0,6.67,3.33
Lame Affutée,Sharp Blade,6,8,0.75,75%,11.0,8.25,66,3,3.67,2.75,2.75,2.06
Marteau Collecteur,Collecting Hammer,4,8,0.5,50%,15.0,7.5,60,2,7.5,3.75,5.0,2.5
Esprit Guerrier,Spirit of the Warrior,3,8,0.38,38%,16.0,6.0,48,1,16.0,6.0,8.0,3.0
Esprit de l'Écuyer,Spirit of the Squire,7,8,0.88,88%,6.43,5.62,45,3,2.14,1.87,1.61,1.41
Chasseresse d'Âmes,Huntress of Souls,2,8,0.25,25%,19.0,4.75,38,1,19.0,4.75,9.5,2.38
Explosion Arcanique,Arcane Explosive,3,8,0.38,38%,12.0,4.5,36,1,12.0,4.5,6.0,2.25
Esprit omniprésent,Omnipresent Spirit,2,8,0.25,25%,18.0,4.5,36,2,9.0,2.25,6.0,1.5
Griffes Démoniaques,Demon Claws,2,8,0.25,25%,17.0,4.25,34,1,17.0,4.25,8.5,2.12
Totem du Gardien,Guardian Totem,8,8,1.0,100%,4.0,4.0,32,3,1.33,1.33,1.0,1.0
Tombeau Rocheux,Rock Tomb,3,8,0.38,38%,10.0,3.75,30,1,10.0,3.75,5.0,1.88
Elan de Fureur,Rampage Momentum,2,8,0.25,25%,15.0,3.75,30,2,7.5,1.88,5.0,1.25
Faux Parfaite,Perfect Scythe,2,8,0.25,25%,15.0,3.75,30,0,Gratuit,Gratuit,15.0,3.75
Ascension Divine,Divine Ascent,1,8,0.12,12%,25.0,3.12,25,3,8.33,1.04,6.25,0.78
Danse Macabre,Dance of Death,3,8,0.38,38%,8.0,3.0,24,1,8.0,3.0,4.0,1.5
Bâton de Conquête,Conquering Staff,1,8,0.12,12%,24.0,3.0,24,2,12.0,1.5,8.0,1.0
Le Marionnettiste,The Puppeteer,1,8,0.12,12%,20.0,2.5,20,2,10.0,1.25,6.67,0.83
Griffes Sauvages,Wild Claw,7,8,0.88,88%,2.86,2.5,20,3,0.95,0.83,0.71,0.62
Enchaînement Éclair,Unstoppable Lightning,1,8,0.12,12%,18.0,2.25,18,1,18.0,2.25,9.0,1.12
Décharge Élémentaire,Elemental Discharge,1,8,0.12,12%,18.0,2.25,18,1,18.0,2.25,9.0,1.12
Marteleur précis,Precise Hammer,1,8,0.12,12%,18.0,2.25,18,1,18.0,2.25,9.0,1.12
Épée Obscure,Swords of Darkness,1,8,0.12,12%,17.0,2.12,17,1,17.0,2.12,8.5,1.06
Masse de Siège,Siege Mace,1,8,0.12,12%,16.0,2.0,16,0,Gratuit,Gratuit,16.0,2.0
Soif de Sang,Thirsty Dagger,1,8,0.12,12%,15.0,1.88,15,0,Gratuit,Gratuit,15.0,1.88
Armure d'Immortel,Immortal Breastplate,1,8,0.12,12%,14.0,1.75,14,1,14.0,1.75,7.0,0.88
Bâton du Conquérant,Staff of Conquered Worlds,1,8,0.12,12%,11.0,1.38,11,0,Gratuit,Gratuit,11.0,1.38
Désintégrateur Magnétique,Magnetic Disintegrator,1,8,0.12,12%,11.0,1.38,11,0,Gratuit,Gratuit,11.0,1.38
Sabre Versatile,Versatil Saber,1,8,0.12,12%,11.0,1.38,11,1,11.0,1.38,5.5,0.69
Coup de Mort,Death Helper,1,8,0.12,12%,10.0,1.25,10,1,10.0,1.25,5.0,0.62
Œil de Lynx,Hawk's Eye,1,8,0.12,12%,8.0,1.0,8,0,Gratuit,Gratuit,8.0,1.0
