,Nom Anglais,nb games valide,total games,ratio,%,pts moy,pts moy total,total point,cout,pts par cout moy,pts par cout total,pts par cout moy+1,pts par cout total+1
Faux,Scythe,6,6,1.0,100%,19.0,19.0,114,3,6.33,6.33,4.75,4.75
Faux Assoiffées,Thirsty Scythes,4,6,0.67,67%,25.0,16.67,100,3,8.33,5.56,6.25,4.17
Totem Équivalent,Equivalent Totem,6,6,1.0,100%,16.17,16.17,97,2,8.09,8.09,5.39,5.39
Lame Insatiable,Fast Furious Blade,5,6,0.83,83%,16.0,13.33,80,2,8.0,6.67,5.33,4.44
Aveuglement,Incapacitor,6,6,1.0,100%,12.5,12.5,75,3,4.17,4.17,3.12,3.12
Hache Frénétique,Berseker Ax,5,6,0.83,83%,14.0,11.67,70,2,7.0,5.83,4.67,3.89
Économe Sagesse du Trésorier,Treasurer's Wisdom,4,6,0.67,67%,17.0,11.33,68,2,8.5,5.67,5.67,3.78
Armure d'Obsidienne,Obsidian Battle Plate,3,6,0.5,50%,20.0,10.0,60,2,10.0,5.0,6.67,3.33
Marteau Collecteur,Collecting Hammer,3,6,0.5,50%,18.0,9.0,54,2,9.0,4.5,6.0,3.0
Lame Affutée,Sharp Blade,5,6,0.83,83%,10.2,8.5,51,3,3.4,2.83,2.55,2.12
Explosion Arcanique,Arcane Explosive,3,6,0.5,50%,12.0,6.0,36,1,12.0,6.0,6.0,3.0
Esprit de l'Écuyer,Spirit of the Squire,5,6,0.83,83%,6.6,5.5,33,3,2.2,1.83,1.65,1.38
Esprit Guerrier,Spirit of the Warrior,2,6,0.33,33%,16.0,5.33,32,1,16.0,5.33,8.0,2.67
Faux Parfaite,Perfect Scythe,2,6,0.33,33%,15.0,5.0,30,0,Gratuit,Gratuit,15.0,5.0
Tombeau Rocheux,Rock Tomb,3,6,0.5,50%,10.0,5.0,30,1,10.0,5.0,5.0,2.5
Ascension Divine,Divine Ascent,1,6,0.17,17%,25.0,4.17,25,3,8.33,1.39,6.25,1.04
Totem du Gardien,Guardian Totem,6,6,1.0,100%,4.0,4.0,24,3,1.33,1.33,1.0,1.0
Bâton de Conquête,Conquering Staff,1,6,0.17,17%,24.0,4.0,24,2,12.0,2.0,8.0,1.33
Le Marionnettiste,The Puppeteer,1,6,0.17,17%,20.0,3.33,20,2,10.0,1.67,6.67,1.11
Chasseresse d'Âmes,Huntress of Souls,1,6,0.17,17%,19.0,3.17,19,1,19.0,3.17,9.5,1.58
Esprit omniprésent,Omnipresent Spirit,1,6,0.17,17%,18.0,3.0,18,2,9.0,1.5,6.0,1.0
Décharge Élémentaire,Elemental Discharge,1,6,0.17,17%,18.0,3.0,18,1,18.0,3.0,9.0,1.5
Marteleur précis,Precise Hammer,1,6,0.17,17%,18.0,3.0,18,1,18.0,3.0,9.0,1.5
Enchaînement Éclair,Unstoppable Lightning,1,6,0.17,17%,18.0,3.0,18,1,18.0,3.0,9.0,1.5
Griffes Sauvages,Wild Claw,5,6,0.83,83%,3.4,2.83,17,3,1.13,0.94,0.85,0.71
Épée Obscure,Swords of Darkness,1,6,0.17,17%,17.0,2.83,17,1,17.0,2.83,8.5,1.42
Griffes Démoniaques,Demon Claws,1,6,0.17,17%,17.0,2.83,17,1,17.0,2.83,8.5,1.42
Masse de Siège,Siege Mace,1,6,0.17,17%,16.0,2.67,16,0,Gratuit,Gratuit,16.0,2.67
Danse Macabre,Dance of Death,2,6,0.33,33%,8.0,2.67,16,1,8.0,2.67,4.0,1.33
Soif de Sang,Thirsty Dagger,1,6,0.17,17%,15.0,2.5,15,0,Gratuit,Gratuit,15.0,2.5
Elan de Fureur,Rampage Momentum,1,6,0.17,17%,15.0,2.5,15,2,7.5,1.25,5.0,0.83
Armure d'Immortel,Immortal Breastplate,1,6,0.17,17%,14.0,2.33,14,1,14.0,2.33,7.0,1.17
Bâton du Conquérant,Staff of Conquered Worlds,1,6,0.17,17%,11.0,1.83,11,0,Gratuit,Gratuit,11.0,1.83
Désintégrateur Magnétique,Magnetic Disintegrator,1,6,0.17,17%,11.0,1.83,11,0,Gratuit,Gratuit,11.0,1.83
Sabre Versatile,Versatil Saber,1,6,0.17,17%,11.0,1.83,11,1,11.0,1.83,5.5,0.92
Coup de Mort,Death Helper,1,6,0.17,17%,10.0,1.67,10,1,10.0,1.67,5.0,0.83
Œil de Lynx,Hawk's Eye,1,6,0.17,17%,8.0,1.33,8,0,Gratuit,Gratuit,8.0,1.33
