,Nom Anglais,nb games valide,total games,ratio,%,pts moy,pts moy total,total point,cout,pts par cout moy,pts par cout total
Faux,Scythe,4,4,1.0,100%,20.0,20.0,80,3,6.67,6.67
Faux Assoiffées,Thirsty Scythes,3,4,0.75,75%,25.0,18.75,75,3,8.33,6.25
Totem Équivalent,Equivalent Totem,4,4,1.0,100%,16.25,16.25,65,1,16.25,16.25
Lame Insatiable,Fast Furious Blade,4,4,1.0,100%,16.0,16.0,64,2,8.0,8.0
Armure d'Obsidienne,Obsidian Battle Plate,3,4,0.75,75%,20.0,15.0,60,2,10.0,7.5
Aveuglement,Incapacitor,4,4,1.0,100%,15.0,15.0,60,3,5.0,5.0
Marteau Collecteur,Collecting Hammer,3,4,0.75,75%,18.0,13.5,54,2,9.0,6.75
Économe Sagesse du Trésorier,Treasurer's Wisdom,3,4,0.75,75%,17.0,12.75,51,2,8.5,6.38
Faux Parfaite,Perfect Scythe,3,4,0.75,75%,15.0,11.25,45,0,Gratuit,Gratuit
Hache Frénétique,Berseker Ax,3,4,0.75,75%,14.0,10.5,42,2,7.0,5.25
Ascension Divine,Divine Ascent,1,4,0.25,25%,25.0,6.25,25,3,8.33,2.08
Lame Affutée,Sharp Blade,3,4,0.75,75%,8.0,6.0,24,3,2.67,2.0
Explosion Arcanique,Arcane Explosive,2,4,0.5,50%,12.0,6.0,24,1,12.0,6.0
Bâton de Conquête,Conquering Staff,1,4,0.25,25%,24.0,6.0,24,2,12.0,3.0
Esprit de l'Écuyer,Spirit of the Squire,3,4,0.75,75%,7.0,5.25,21,3,2.33,1.75
Le Marionnettiste,The Puppeteer,1,4,0.25,25%,20.0,5.0,20,2,10.0,2.5
Tombeau Rocheux,Rock Tomb,2,4,0.5,50%,10.0,5.0,20,1,10.0,5.0
Chasseresse d'Âmes,Huntress of Souls,1,4,0.25,25%,19.0,4.75,19,1,19.0,4.75
Décharge Élémentaire,Elemental Discharge,1,4,0.25,25%,18.0,4.5,18,1,18.0,4.5
Marteleur précis,Precise Hammer,1,4,0.25,25%,18.0,4.5,18,1,18.0,4.5
Griffes Démoniaques,Demon Claws,1,4,0.25,25%,17.0,4.25,17,1,17.0,4.25
Esprit Guerrier,Spirit of the Warrior,1,4,0.25,25%,16.0,4.0,16,1,16.0,4.0
Masse de Siège,Siege Mace,1,4,0.25,25%,16.0,4.0,16,0,Gratuit,Gratuit
Totem du Gardien,Guardian Totem,4,4,1.0,100%,4.0,4.0,16,3,1.33,1.33
Soif de Sang,Thirsty Dagger,1,4,0.25,25%,15.0,3.75,15,0,Gratuit,Gratuit
Armure d'Immortel,Immortal Breastplate,1,4,0.25,25%,14.0,3.5,14,1,14.0,3.5
Griffes Sauvages,Wild Claw,3,4,0.75,75%,3.67,2.75,11,3,1.22,0.92
Désintégrateur Magnétique,Magnetic Disintegrator,1,4,0.25,25%,11.0,2.75,11,0,Gratuit,Gratuit
Bâton du Conquérant,Staff of Conquered Worlds,1,4,0.25,25%,11.0,2.75,11,0,Gratuit,Gratuit
Sabre Versatile,Versatil Saber,1,4,0.25,25%,11.0,2.75,11,1,11.0,2.75
Coup de Mort,Death Helper,1,4,0.25,25%,10.0,2.5,10,1,10.0,2.5
Danse Macabre,Dance of Death,1,4,0.25,25%,8.0,2.0,8,1,8.0,2.0
Œil de Lynx,Hawk's Eye,1,4,0.25,25%,8.0,2.0,8,0,Gratuit,Gratuit
