,Nom Anglais,nb games valide,total games,ratio,%,pts moy,pts moy total,total point,cout,pts par cout moy,pts par cout total,pts par cout moy+1,pts par cout total+1
Faux,Scythe,7,7,1.0,100%,18.71,18.71,131,3,6.24,6.24,4.68,4.68
Totem Équivalent,Equivalent Totem,7,7,1.0,100%,15.86,15.86,111,2,7.93,7.93,5.29,5.29
Faux Assoiffées,Thirsty Scythes,4,7,0.57,57%,25.0,14.29,100,3,8.33,4.76,6.25,3.57
Lame Insatiable,Fast Furious Blade,6,7,0.86,86%,16.0,13.71,96,2,8.0,6.86,5.33,4.57
Aveuglement,Incapacitor,7,7,1.0,100%,11.57,11.57,81,3,3.86,3.86,2.89,2.89
Armure d'Obsidienne,Obsidian Battle Plate,4,7,0.57,57%,20.0,11.43,80,2,10.0,5.71,6.67,3.81
Hache Frénétique,Berseker Ax,5,7,0.71,71%,14.0,10.0,70,2,7.0,5.0,4.67,3.33
Économe Sagesse du Trésorier,Treasurer's Wisdom,4,7,0.57,57%,17.0,9.71,68,2,8.5,4.86,5.67,3.24
Marteau Collecteur,Collecting Hammer,3,7,0.43,43%,18.0,7.71,54,2,9.0,3.85,6.0,2.57
Lame Affutée,Sharp Blade,5,7,0.71,71%,10.2,7.29,51,3,3.4,2.43,2.55,1.82
Esprit de l'Écuyer,Spirit of the Squire,6,7,0.86,86%,6.5,5.57,39,3,2.17,1.86,1.62,1.39
Chasseresse d'Âmes,Huntress of Souls,2,7,0.29,29%,19.0,5.43,38,1,19.0,5.43,9.5,2.71
Explosion Arcanique,Arcane Explosive,3,7,0.43,43%,12.0,5.14,36,1,12.0,5.14,6.0,2.57
Griffes Démoniaques,Demon Claws,2,7,0.29,29%,17.0,4.86,34,1,17.0,4.86,8.5,2.43
Esprit Guerrier,Spirit of the Warrior,2,7,0.29,29%,16.0,4.57,32,1,16.0,4.57,8.0,2.29
Tombeau Rocheux,Rock Tomb,3,7,0.43,43%,10.0,4.29,30,1,10.0,4.29,5.0,2.15
Faux Parfaite,Perfect Scythe,2,7,0.29,29%,15.0,4.29,30,0,Gratuit,Gratuit,15.0,4.29
Totem du Gardien,Guardian Totem,7,7,1.0,100%,4.0,4.0,28,3,1.33,1.33,1.0,1.0
Ascension Divine,Divine Ascent,1,7,0.14,14%,25.0,3.57,25,3,8.33,1.19,6.25,0.89
Bâton de Conquête,Conquering Staff,1,7,0.14,14%,24.0,3.43,24,2,12.0,1.72,8.0,1.14
Le Marionnettiste,The Puppeteer,1,7,0.14,14%,20.0,2.86,20,2,10.0,1.43,6.67,0.95
Griffes Sauvages,Wild Claw,6,7,0.86,86%,3.17,2.71,19,3,1.06,0.9,0.79,0.68
Enchaînement Éclair,Unstoppable Lightning,1,7,0.14,14%,18.0,2.57,18,1,18.0,2.57,9.0,1.28
Esprit omniprésent,Omnipresent Spirit,1,7,0.14,14%,18.0,2.57,18,2,9.0,1.28,6.0,0.86
Décharge Élémentaire,Elemental Discharge,1,7,0.14,14%,18.0,2.57,18,1,18.0,2.57,9.0,1.28
Marteleur précis,Precise Hammer,1,7,0.14,14%,18.0,2.57,18,1,18.0,2.57,9.0,1.28
Épée Obscure,Swords of Darkness,1,7,0.14,14%,17.0,2.43,17,1,17.0,2.43,8.5,1.22
Masse de Siège,Siege Mace,1,7,0.14,14%,16.0,2.29,16,0,Gratuit,Gratuit,16.0,2.29
Danse Macabre,Dance of Death,2,7,0.29,29%,8.0,2.29,16,1,8.0,2.29,4.0,1.15
Elan de Fureur,Rampage Momentum,1,7,0.14,14%,15.0,2.14,15,2,7.5,1.07,5.0,0.71
Soif de Sang,Thirsty Dagger,1,7,0.14,14%,15.0,2.14,15,0,Gratuit,Gratuit,15.0,2.14
Armure d'Immortel,Immortal Breastplate,1,7,0.14,14%,14.0,2.0,14,1,14.0,2.0,7.0,1.0
Désintégrateur Magnétique,Magnetic Disintegrator,1,7,0.14,14%,11.0,1.57,11,0,Gratuit,Gratuit,11.0,1.57
Bâton du Conquérant,Staff of Conquered Worlds,1,7,0.14,14%,11.0,1.57,11,0,Gratuit,Gratuit,11.0,1.57
Sabre Versatile,Versatil Saber,1,7,0.14,14%,11.0,1.57,11,1,11.0,1.57,5.5,0.79
Coup de Mort,Death Helper,1,7,0.14,14%,10.0,1.43,10,1,10.0,1.43,5.0,0.71
Œil de Lynx,Hawk's Eye,1,7,0.14,14%,8.0,1.14,8,0,Gratuit,Gratuit,8.0,1.14
