,Nom Anglais,nb games valide,total games,ratio,%,pts moy,pts moy total,total point,cout,pts par cout moy,pts par cout total,pts par cout moy+1,pts par cout total+1
Faux,Scythe,18,18,1.0,100%,15.89,15.89,286,3,5.3,5.3,3.97,3.97
Totem Équivalent,Equivalent Totem,18,18,1.0,100%,15.17,15.17,273,2,7.58,7.58,5.06,5.06
Marteau Collecteur,Collecting Hammer,13,18,0.72,72%,14.54,10.5,189,2,7.27,5.25,4.85,3.5
Économe Sagesse du Trésorier,Treasurer's Wisdom,9,18,0.5,50%,17.0,8.5,153,2,8.5,4.25,5.67,2.83
Lame Affutée,Sharp Blade,17,18,0.94,94%,8.65,8.17,147,3,2.88,2.72,2.16,2.04
Lame Insatiable,Fast Furious Blade,9,18,0.5,50%,16.0,8.0,144,2,8.0,4.0,5.33,2.67
Armure d'Obsidienne,Obsidian Battle Plate,7,18,0.39,39%,20.0,7.78,140,2,10.0,3.89,6.67,2.59
Hache Frénétique,Berseker Ax,9,18,0.5,50%,14.0,7.0,126,2,7.0,3.5,4.67,2.33
Faux Assoiffées,Thirsty Scythes,5,18,0.28,28%,25.0,6.94,125,3,8.33,2.31,6.25,1.74
Esprit de l'Écuyer,Spirit of the Squire,15,18,0.83,83%,7.2,6.0,108,3,2.4,2.0,1.8,1.5
Épée Obscure,Swords of Darkness,6,18,0.33,33%,17.0,5.67,102,1,17.0,5.67,8.5,2.83
Aveuglement,Incapacitor,17,18,0.94,94%,5.65,5.33,96,3,1.88,1.78,1.41,1.33
Marteleur précis,Precise Hammer,5,18,0.28,28%,18.0,5.0,90,1,18.0,5.0,9.0,2.5
Faux Parfaite,Perfect Scythe,5,18,0.28,28%,15.0,4.17,75,0,Gratuit,Gratuit,15.0,4.17
Ascension Divine,Divine Ascent,3,18,0.17,17%,25.0,4.17,75,3,8.33,1.39,6.25,1.04
Adrénaline Arcanique,Arcane Adrenaline,4,18,0.22,22%,16.0,3.56,64,1,16.0,3.56,8.0,1.78
Armure d'Immortel,Immortal Breastplate,4,18,0.22,22%,15.5,3.44,62,1,15.5,3.44,7.75,1.72
Gantelet Impérieux,Imperious Gauntlet,2,18,0.11,11%,30.0,3.33,60,1,30.0,3.33,15.0,1.67
Chasseresse d'Âmes,Huntress of Souls,3,18,0.17,17%,19.0,3.17,57,1,19.0,3.17,9.5,1.58
Esprit omniprésent,Omnipresent Spirit,3,18,0.17,17%,18.0,3.0,54,2,9.0,1.5,6.0,1.0
Totem du Gardien,Guardian Totem,13,18,0.72,72%,3.92,2.83,51,3,1.31,0.94,0.98,0.71
Griffes Démoniaques,Demon Claws,3,18,0.17,17%,17.0,2.83,51,1,17.0,2.83,8.5,1.42
Tombeau Rocheux,Rock Tomb,5,18,0.28,28%,10.0,2.78,50,1,10.0,2.78,5.0,1.39
Danse Macabre,Dance of Death,6,18,0.33,33%,8.0,2.67,48,1,8.0,2.67,4.0,1.33
Explosion Arcanique,Arcane Explosive,4,18,0.22,22%,12.0,2.67,48,1,12.0,2.67,6.0,1.33
Aura Légendaire,Legend Aura,1,18,0.06,6%,40.0,2.22,40,3,13.33,0.74,10.0,0.56
Désintégrateur Magnétique,Magnetic Disintegrator,3,18,0.17,17%,11.0,1.83,33,0,Gratuit,Gratuit,11.0,1.83
Sabre Versatile,Versatil Saber,3,18,0.17,17%,11.0,1.83,33,1,11.0,1.83,5.5,0.92
Masse de Siège,Siege Mace,2,18,0.11,11%,16.0,1.78,32,0,Gratuit,Gratuit,16.0,1.78
Masse Colossale,Colossal Mace,2,18,0.11,11%,15.0,1.67,30,0,Gratuit,Gratuit,15.0,1.67
Triple Météore,Trimeteor,1,18,0.06,6%,30.0,1.67,30,0,Gratuit,Gratuit,30.0,1.67
Elan de Fureur,Rampage Momentum,2,18,0.11,11%,15.0,1.67,30,2,7.5,0.83,5.0,0.56
Force Divine,Divine Impetu,2,18,0.11,11%,13.0,1.44,26,0,Gratuit,Gratuit,13.0,1.44
Bâton de Conquête,Conquering Staff,1,18,0.06,6%,24.0,1.33,24,2,12.0,0.67,8.0,0.44
Coup de Mort,Death Helper,2,18,0.11,11%,11.5,1.28,23,1,11.5,1.28,5.75,0.64
Parchemin Secret,Secret Scroll,1,18,0.06,6%,18.0,1.0,18,2,9.0,0.5,6.0,0.33
Œil de Lynx,Hawk's Eye,2,18,0.11,11%,9.0,1.0,18,0,Gratuit,Gratuit,9.0,1.0
Être de Lumière,Being of Light,1,18,0.06,6%,18.0,1.0,18,1,18.0,1.0,9.0,0.5
Décharge Élémentaire,Elemental Discharge,1,18,0.06,6%,18.0,1.0,18,1,18.0,1.0,9.0,0.5
Griffes Sauvages,Wild Claw,9,18,0.5,50%,2.0,1.0,18,3,0.67,0.33,0.5,0.25
Enchaînement Éclair,Unstoppable Lightning,1,18,0.06,6%,18.0,1.0,18,1,18.0,1.0,9.0,0.5
Amulette Omnisciente,Omnipresent Amulet,1,18,0.06,6%,15.0,0.83,15,0,Gratuit,Gratuit,15.0,0.83
Couronne du Roi Nain,Crown of the Dwarf King,1,18,0.06,6%,13.0,0.72,13,0,Gratuit,Gratuit,13.0,0.72
Bâton du Conquérant,Staff of Conquered Worlds,1,18,0.06,6%,11.0,0.61,11,0,Gratuit,Gratuit,11.0,0.61
Épé Sainte,Holy Sword,1,18,0.06,6%,10.0,0.56,10,0,Gratuit,Gratuit,10.0,0.56
