,Nom Anglais,nb games valide,total games,ratio,%,pts moy,pts moy total,total point,cout,pts par cout moy,pts par cout total,pts par cout moy+1,pts par cout total+1
Faux,Scythe,9,9,1.0,100%,14.89,14.89,134,3,4.96,4.96,3.72,3.72
Totem Équivalent,Equivalent Totem,9,9,1.0,100%,14.67,14.67,132,2,7.33,7.33,4.89,4.89
Marteau Collecteur,Collecting Hammer,8,9,0.89,89%,12.0,10.67,96,2,6.0,5.33,4.0,3.56
Lame Affutée,Sharp Blade,8,9,0.89,89%,9.0,8.0,72,3,3.0,2.67,2.25,2.0
Lame Insatiable,Fast Furious Blade,4,9,0.44,44%,16.0,7.11,64,2,8.0,3.56,5.33,2.37
Armure d'Obsidienne,Obsidian Battle Plate,3,9,0.33,33%,20.0,6.67,60,2,10.0,3.33,6.67,2.22
Marteleur précis,Precise Hammer,3,9,0.33,33%,18.0,6.0,54,1,18.0,6.0,9.0,3.0
Épée Obscure,Swords of Darkness,3,9,0.33,33%,17.0,5.67,51,1,17.0,5.67,8.5,2.83
Économe Sagesse du Trésorier,Treasurer's Wisdom,3,9,0.33,33%,17.0,5.67,51,2,8.5,2.83,5.67,1.89
Faux Assoiffées,Thirsty Scythes,2,9,0.22,22%,25.0,5.56,50,3,8.33,1.85,6.25,1.39
Faux Parfaite,Perfect Scythe,3,9,0.33,33%,15.0,5.0,45,0,Gratuit,Gratuit,15.0,5.0
Aveuglement,Incapacitor,9,9,1.0,100%,5.0,5.0,45,3,1.67,1.67,1.25,1.25
Esprit de l'Écuyer,Spirit of the Squire,7,9,0.78,78%,6.0,4.67,42,3,2.0,1.56,1.5,1.17
Esprit omniprésent,Omnipresent Spirit,2,9,0.22,22%,18.0,4.0,36,2,9.0,2.0,6.0,1.33
Totem du Gardien,Guardian Totem,9,9,1.0,100%,3.67,3.67,33,3,1.22,1.22,0.92,0.92
Masse de Siège,Siege Mace,2,9,0.22,22%,16.0,3.56,32,0,Gratuit,Gratuit,16.0,3.56
Triple Météore,Trimeteor,1,9,0.11,11%,30.0,3.33,30,0,Gratuit,Gratuit,30.0,3.33
Gantelet Impérieux,Imperious Gauntlet,1,9,0.11,11%,30.0,3.33,30,1,30.0,3.33,15.0,1.67
Hache Frénétique,Berseker Ax,2,9,0.22,22%,14.0,3.11,28,2,7.0,1.55,4.67,1.04
Ascension Divine,Divine Ascent,1,9,0.11,11%,25.0,2.78,25,3,8.33,0.93,6.25,0.69
Danse Macabre,Dance of Death,3,9,0.33,33%,8.0,2.67,24,1,8.0,2.67,4.0,1.33
Bâton de Conquête,Conquering Staff,1,9,0.11,11%,24.0,2.67,24,2,12.0,1.33,8.0,0.89
Désintégrateur Magnétique,Magnetic Disintegrator,2,9,0.22,22%,11.0,2.44,22,0,Gratuit,Gratuit,11.0,2.44
Tombeau Rocheux,Rock Tomb,2,9,0.22,22%,10.0,2.22,20,1,10.0,2.22,5.0,1.11
Chasseresse d'Âmes,Huntress of Souls,1,9,0.11,11%,19.0,2.11,19,1,19.0,2.11,9.5,1.05
Être de Lumière,Being of Light,1,9,0.11,11%,18.0,2.0,18,1,18.0,2.0,9.0,1.0
Griffes Démoniaques,Demon Claws,1,9,0.11,11%,17.0,1.89,17,1,17.0,1.89,8.5,0.94
Elan de Fureur,Rampage Momentum,1,9,0.11,11%,15.0,1.67,15,2,7.5,0.83,5.0,0.56
Armure d'Immortel,Immortal Breastplate,1,9,0.11,11%,14.0,1.56,14,1,14.0,1.56,7.0,0.78
Griffes Sauvages,Wild Claw,4,9,0.44,44%,3.0,1.33,12,3,1.0,0.44,0.75,0.33
Bâton du Conquérant,Staff of Conquered Worlds,1,9,0.11,11%,11.0,1.22,11,0,Gratuit,Gratuit,11.0,1.22
Sabre Versatile,Versatil Saber,1,9,0.11,11%,11.0,1.22,11,1,11.0,1.22,5.5,0.61
Force Divine,Divine Impetu,1,9,0.11,11%,11.0,1.22,11,0,Gratuit,Gratuit,11.0,1.22
Coup de Mort,Death Helper,1,9,0.11,11%,10.0,1.11,10,1,10.0,1.11,5.0,0.56
Œil de Lynx,Hawk's Eye,1,9,0.11,11%,8.0,0.89,8,0,Gratuit,Gratuit,8.0,0.89
