,Nom Anglais,nb games valide,total games,ratio,%,pts moy,pts moy total,total point,cout,pts par cout moy,pts par cout total,pts par cout moy+1,pts par cout total+1
Totem Équivalent,Equivalent Totem,5,5,1.0,100%,14.4,14.4,72,2,7.2,7.2,4.8,4.8
Faux,Scythe,5,5,1.0,100%,14.0,14.0,70,3,4.67,4.67,3.5,3.5
Lame Affutée,Sharp Blade,5,5,1.0,100%,9.0,9.0,45,3,3.0,3.0,2.25,2.25
Armure d'Obsidienne,Obsidian Battle Plate,2,5,0.4,40%,20.0,8.0,40,2,10.0,4.0,6.67,2.67
Épée Obscure,Swords of Darkness,2,5,0.4,40%,17.0,6.8,34,1,17.0,6.8,8.5,3.4
Esprit de l'Écuyer,Spirit of the Squire,5,5,1.0,100%,6.6,6.6,33,3,2.2,2.2,1.65,1.65
Triple Météore,Trimeteor,1,5,0.2,20%,30.0,6.0,30,0,Gratuit,Gratuit,30.0,6.0
Marteau Collecteur,Collecting Hammer,4,5,0.8,80%,7.5,6.0,30,2,3.75,3.0,2.5,2.0
Aveuglement,Incapacitor,5,5,1.0,100%,5.4,5.4,27,3,1.8,1.8,1.35,1.35
Faux Assoiffées,Thirsty Scythes,1,5,0.2,20%,25.0,5.0,25,3,8.33,1.67,6.25,1.25
Ascension Divine,Divine Ascent,1,5,0.2,20%,25.0,5.0,25,3,8.33,1.67,6.25,1.25
Bâton de Conquête,Conquering Staff,1,5,0.2,20%,24.0,4.8,24,2,12.0,2.4,8.0,1.6
Désintégrateur Magnétique,Magnetic Disintegrator,2,5,0.4,40%,11.0,4.4,22,0,Gratuit,Gratuit,11.0,4.4
Esprit omniprésent,Omnipresent Spirit,1,5,0.2,20%,18.0,3.6,18,2,9.0,1.8,6.0,1.2
Être de Lumière,Being of Light,1,5,0.2,20%,18.0,3.6,18,1,18.0,3.6,9.0,1.8
Marteleur précis,Precise Hammer,1,5,0.2,20%,18.0,3.6,18,1,18.0,3.6,9.0,1.8
Totem du Gardien,Guardian Totem,5,5,1.0,100%,3.6,3.6,18,3,1.2,1.2,0.9,0.9
Économe Sagesse du Trésorier,Treasurer's Wisdom,1,5,0.2,20%,17.0,3.4,17,2,8.5,1.7,5.67,1.13
Danse Macabre,Dance of Death,2,5,0.4,40%,8.0,3.2,16,1,8.0,3.2,4.0,1.6
Lame Insatiable,Fast Furious Blade,1,5,0.2,20%,16.0,3.2,16,2,8.0,1.6,5.33,1.07
Elan de Fureur,Rampage Momentum,1,5,0.2,20%,15.0,3.0,15,2,7.5,1.5,5.0,1.0
Faux Parfaite,Perfect Scythe,1,5,0.2,20%,15.0,3.0,15,0,Gratuit,Gratuit,15.0,3.0
Armure d'Immortel,Immortal Breastplate,1,5,0.2,20%,14.0,2.8,14,1,14.0,2.8,7.0,1.4
Force Divine,Divine Impetu,1,5,0.2,20%,11.0,2.2,11,0,Gratuit,Gratuit,11.0,2.2
Bâton du Conquérant,Staff of Conquered Worlds,1,5,0.2,20%,11.0,2.2,11,0,Gratuit,Gratuit,11.0,2.2
Sabre Versatile,Versatil Saber,1,5,0.2,20%,11.0,2.2,11,1,11.0,2.2,5.5,1.1
Coup de Mort,Death Helper,1,5,0.2,20%,10.0,2.0,10,1,10.0,2.0,5.0,1.0
Tombeau Rocheux,Rock Tomb,1,5,0.2,20%,10.0,2.0,10,1,10.0,2.0,5.0,1.0
Œil de Lynx,Hawk's Eye,1,5,0.2,20%,8.0,1.6,8,0,Gratuit,Gratuit,8.0,1.6
Griffes Sauvages,Wild Claw,2,5,0.4,40%,2.5,1.0,5,3,0.83,0.33,0.62,0.25
