,Nom Anglais,nb games valide,total games,ratio,%,pts moy,pts moy total,total point,cout,pts par cout moy,pts par cout total,pts par cout moy+1,pts par cout total+1
Faux,Scythe,16,16,1.0,100%,15.69,15.69,251,3,5.23,5.23,3.92,3.92
Totem Équivalent,Equivalent Totem,16,16,1.0,100%,15.06,15.06,241,2,7.53,7.53,5.02,5.02
Marteau Collecteur,Collecting Hammer,12,16,0.75,75%,14.58,10.94,175,2,7.29,5.47,4.86,3.65
Armure d'Obsidienne,Obsidian Battle Plate,7,16,0.44,44%,20.0,8.75,140,2,10.0,4.38,6.67,2.92
Lame Affutée,Sharp Blade,15,16,0.94,94%,9.0,8.44,135,3,3.0,2.81,2.25,2.11
Lame Insatiable,Fast Furious Blade,8,16,0.5,50%,16.0,8.0,128,2,8.0,4.0,5.33,2.67
Économe Sagesse du Trésorier,Treasurer's Wisdom,7,16,0.44,44%,17.0,7.44,119,2,8.5,3.72,5.67,2.48
Épée Obscure,Swords of Darkness,6,16,0.38,38%,17.0,6.38,102,1,17.0,6.38,8.5,3.19
Faux Assoiffées,Thirsty Scythes,4,16,0.25,25%,25.0,6.25,100,3,8.33,2.08,6.25,1.56
Hache Frénétique,Berseker Ax,7,16,0.44,44%,14.0,6.12,98,2,7.0,3.06,4.67,2.04
Esprit de l'Écuyer,Spirit of the Squire,13,16,0.81,81%,7.38,6.0,96,3,2.46,2.0,1.84,1.5
Marteleur précis,Precise Hammer,5,16,0.31,31%,18.0,5.62,90,1,18.0,5.62,9.0,2.81
Aveuglement,Incapacitor,15,16,0.94,94%,5.4,5.06,81,3,1.8,1.69,1.35,1.26
Ascension Divine,Divine Ascent,3,16,0.19,19%,25.0,4.69,75,3,8.33,1.56,6.25,1.17
Armure d'Immortel,Immortal Breastplate,4,16,0.25,25%,15.5,3.88,62,1,15.5,3.88,7.75,1.94
Gantelet Impérieux,Imperious Gauntlet,2,16,0.12,12%,30.0,3.75,60,1,30.0,3.75,15.0,1.88
Faux Parfaite,Perfect Scythe,4,16,0.25,25%,15.0,3.75,60,0,Gratuit,Gratuit,15.0,3.75
Chasseresse d'Âmes,Huntress of Souls,3,16,0.19,19%,19.0,3.56,57,1,19.0,3.56,9.5,1.78
Esprit omniprésent,Omnipresent Spirit,3,16,0.19,19%,18.0,3.38,54,2,9.0,1.69,6.0,1.13
Griffes Démoniaques,Demon Claws,3,16,0.19,19%,17.0,3.19,51,1,17.0,3.19,8.5,1.59
Tombeau Rocheux,Rock Tomb,5,16,0.31,31%,10.0,3.12,50,1,10.0,3.12,5.0,1.56
Danse Macabre,Dance of Death,6,16,0.38,38%,8.0,3.0,48,1,8.0,3.0,4.0,1.5
Adrénaline Arcanique,Arcane Adrenaline,3,16,0.19,19%,16.0,3.0,48,1,16.0,3.0,8.0,1.5
Totem du Gardien,Guardian Totem,11,16,0.69,69%,3.91,2.69,43,3,1.3,0.9,0.98,0.67
Aura Légendaire,Legend Aura,1,16,0.06,6%,40.0,2.5,40,3,13.33,0.83,10.0,0.62
Explosion Arcanique,Arcane Explosive,3,16,0.19,19%,12.0,2.25,36,1,12.0,2.25,6.0,1.12
Désintégrateur Magnétique,Magnetic Disintegrator,3,16,0.19,19%,11.0,2.06,33,0,Gratuit,Gratuit,11.0,2.06
Sabre Versatile,Versatil Saber,3,16,0.19,19%,11.0,2.06,33,1,11.0,2.06,5.5,1.03
Masse de Siège,Siege Mace,2,16,0.12,12%,16.0,2.0,32,0,Gratuit,Gratuit,16.0,2.0
Masse Colossale,Colossal Mace,2,16,0.12,12%,15.0,1.88,30,0,Gratuit,Gratuit,15.0,1.88
Triple Météore,Trimeteor,1,16,0.06,6%,30.0,1.88,30,0,Gratuit,Gratuit,30.0,1.88
Elan de Fureur,Rampage Momentum,2,16,0.12,12%,15.0,1.88,30,2,7.5,0.94,5.0,0.63
Force Divine,Divine Impetu,2,16,0.12,12%,13.0,1.62,26,0,Gratuit,Gratuit,13.0,1.62
Bâton de Conquête,Conquering Staff,1,16,0.06,6%,24.0,1.5,24,2,12.0,0.75,8.0,0.5
Coup de Mort,Death Helper,2,16,0.12,12%,11.5,1.44,23,1,11.5,1.44,5.75,0.72
Parchemin Secret,Secret Scroll,1,16,0.06,6%,18.0,1.12,18,2,9.0,0.56,6.0,0.37
Œil de Lynx,Hawk's Eye,2,16,0.12,12%,9.0,1.12,18,0,Gratuit,Gratuit,9.0,1.12
Être de Lumière,Being of Light,1,16,0.06,6%,18.0,1.12,18,1,18.0,1.12,9.0,0.56
Décharge Élémentaire,Elemental Discharge,1,16,0.06,6%,18.0,1.12,18,1,18.0,1.12,9.0,0.56
Enchaînement Éclair,Unstoppable Lightning,1,16,0.06,6%,18.0,1.12,18,1,18.0,1.12,9.0,0.56
Griffes Sauvages,Wild Claw,8,16,0.5,50%,2.12,1.06,17,3,0.71,0.35,0.53,0.27
Amulette Omnisciente,Omnipresent Amulet,1,16,0.06,6%,15.0,0.94,15,0,Gratuit,Gratuit,15.0,0.94
Couronne du Roi Nain,Crown of the Dwarf King,1,16,0.06,6%,13.0,0.81,13,0,Gratuit,Gratuit,13.0,0.81
Bâton du Conquérant,Staff of Conquered Worlds,1,16,0.06,6%,11.0,0.69,11,0,Gratuit,Gratuit,11.0,0.69
Épé Sainte,Holy Sword,1,16,0.06,6%,10.0,0.62,10,0,Gratuit,Gratuit,10.0,0.62
