,Nom Anglais,nb games valide,total games,ratio,%,pts moy,pts moy total,total point,cout,pts par cout moy,pts par cout total,pts par cout moy+1,pts par cout total+1
Faux,Scythe,11,11,1.0,100%,15.55,15.55,171,3,5.18,5.18,3.89,3.89
Totem Équivalent,Equivalent Totem,11,11,1.0,100%,15.09,15.09,166,2,7.54,7.54,5.03,5.03
Marteau Collecteur,Collecting Hammer,10,11,0.91,91%,14.0,12.73,140,2,7.0,6.37,4.67,4.24
Armure d'Obsidienne,Obsidian Battle Plate,5,11,0.45,45%,20.0,9.09,100,2,10.0,4.54,6.67,3.03
Lame Insatiable,Fast Furious Blade,6,11,0.55,55%,16.0,8.73,96,2,8.0,4.37,5.33,2.91
Lame Affutée,Sharp Blade,10,11,0.91,91%,9.6,8.73,96,3,3.2,2.91,2.4,2.18
Marteleur précis,Precise Hammer,5,11,0.45,45%,18.0,8.18,90,1,18.0,8.18,9.0,4.09
Économe Sagesse du Trésorier,Treasurer's Wisdom,5,11,0.45,45%,17.0,7.73,85,2,8.5,3.87,5.67,2.58
Faux Assoiffées,Thirsty Scythes,3,11,0.27,27%,25.0,6.82,75,3,8.33,2.27,6.25,1.71
Épée Obscure,Swords of Darkness,4,11,0.36,36%,17.0,6.18,68,1,17.0,6.18,8.5,3.09
Esprit de l'Écuyer,Spirit of the Squire,9,11,0.82,82%,6.33,5.18,57,3,2.11,1.73,1.58,1.29
Hache Frénétique,Berseker Ax,4,11,0.36,36%,14.0,5.09,56,2,7.0,2.54,4.67,1.7
Aveuglement,Incapacitor,10,11,0.91,91%,5.4,4.91,54,3,1.8,1.64,1.35,1.23
Ascension Divine,Divine Ascent,2,11,0.18,18%,25.0,4.55,50,3,8.33,1.52,6.25,1.14
Armure d'Immortel,Immortal Breastplate,3,11,0.27,27%,15.33,4.18,46,1,15.33,4.18,7.67,2.09
Faux Parfaite,Perfect Scythe,3,11,0.27,27%,15.0,4.09,45,0,Gratuit,Gratuit,15.0,4.09
Totem du Gardien,Guardian Totem,11,11,1.0,100%,3.91,3.91,43,3,1.3,1.3,0.98,0.98
Tombeau Rocheux,Rock Tomb,4,11,0.36,36%,10.0,3.64,40,1,10.0,3.64,5.0,1.82
Aura Légendaire,Legend Aura,1,11,0.09,9%,40.0,3.64,40,3,13.33,1.21,10.0,0.91
Chasseresse d'Âmes,Huntress of Souls,2,11,0.18,18%,19.0,3.45,38,1,19.0,3.45,9.5,1.73
Esprit omniprésent,Omnipresent Spirit,2,11,0.18,18%,18.0,3.27,36,2,9.0,1.64,6.0,1.09
Griffes Démoniaques,Demon Claws,2,11,0.18,18%,17.0,3.09,34,1,17.0,3.09,8.5,1.54
Masse de Siège,Siege Mace,2,11,0.18,18%,16.0,2.91,32,0,Gratuit,Gratuit,16.0,2.91
Danse Macabre,Dance of Death,4,11,0.36,36%,8.0,2.91,32,1,8.0,2.91,4.0,1.46
Adrénaline Arcanique,Arcane Adrenaline,2,11,0.18,18%,16.0,2.91,32,1,16.0,2.91,8.0,1.46
Triple Météore,Trimeteor,1,11,0.09,9%,30.0,2.73,30,0,Gratuit,Gratuit,30.0,2.73
Masse Colossale,Colossal Mace,2,11,0.18,18%,15.0,2.73,30,0,Gratuit,Gratuit,15.0,2.73
Gantelet Impérieux,Imperious Gauntlet,1,11,0.09,9%,30.0,2.73,30,1,30.0,2.73,15.0,1.36
Elan de Fureur,Rampage Momentum,2,11,0.18,18%,15.0,2.73,30,2,7.5,1.36,5.0,0.91
Force Divine,Divine Impetu,2,11,0.18,18%,13.0,2.36,26,0,Gratuit,Gratuit,13.0,2.36
Explosion Arcanique,Arcane Explosive,2,11,0.18,18%,12.0,2.18,24,1,12.0,2.18,6.0,1.09
Bâton de Conquête,Conquering Staff,1,11,0.09,9%,24.0,2.18,24,2,12.0,1.09,8.0,0.73
Sabre Versatile,Versatil Saber,2,11,0.18,18%,11.0,2.0,22,1,11.0,2.0,5.5,1.0
Désintégrateur Magnétique,Magnetic Disintegrator,2,11,0.18,18%,11.0,2.0,22,0,Gratuit,Gratuit,11.0,2.0
Œil de Lynx,Hawk's Eye,2,11,0.18,18%,9.0,1.64,18,0,Gratuit,Gratuit,9.0,1.64
Parchemin Secret,Secret Scroll,1,11,0.09,9%,18.0,1.64,18,2,9.0,0.82,6.0,0.55
Être de Lumière,Being of Light,1,11,0.09,9%,18.0,1.64,18,1,18.0,1.64,9.0,0.82
Décharge Élémentaire,Elemental Discharge,1,11,0.09,9%,18.0,1.64,18,1,18.0,1.64,9.0,0.82
Enchaînement Éclair,Unstoppable Lightning,1,11,0.09,9%,18.0,1.64,18,1,18.0,1.64,9.0,0.82
Amulette Omnisciente,Omnipresent Amulet,1,11,0.09,9%,15.0,1.36,15,0,Gratuit,Gratuit,15.0,1.36
Griffes Sauvages,Wild Claw,5,11,0.45,45%,2.6,1.18,13,3,0.87,0.39,0.65,0.29
Couronne du Roi Nain,Crown of the Dwarf King,1,11,0.09,9%,13.0,1.18,13,0,Gratuit,Gratuit,13.0,1.18
Bâton du Conquérant,Staff of Conquered Worlds,1,11,0.09,9%,11.0,1.0,11,0,Gratuit,Gratuit,11.0,1.0
Coup de Mort,Death Helper,1,11,0.09,9%,10.0,0.91,10,1,10.0,0.91,5.0,0.46
Épé Sainte,Holy Sword,1,11,0.09,9%,10.0,0.91,10,0,Gratuit,Gratuit,10.0,0.91
