,Nom Anglais,nb games valide,total games,ratio,%,pts moy,pts moy total,total point,cout,pts par cout moy,pts par cout total
Totem Équivalent,Equivalent Totem,4,4,1.0,100%,15.0,15.0,60,1,15.0,15.0
Faux,Scythe,4,4,1.0,100%,14.5,14.5,58,3,4.83,4.83
Armure d'Obsidienne,Obsidian Battle Plate,2,4,0.5,50%,20.0,10.0,40,2,10.0,5.0
Lame Affutée,Sharp Blade,4,4,1.0,100%,9.0,9.0,36,3,3.0,3.0
Esprit de l'Écuyer,Spirit of the Squire,4,4,1.0,100%,7.5,7.5,30,3,2.5,2.5
Triple Météore,Trimeteor,1,4,0.25,25%,30.0,7.5,30,0,Gratuit,Gratuit
Faux Assoiffées,Thirsty Scythes,1,4,0.25,25%,25.0,6.25,25,3,8.33,2.08
Ascension Divine,Divine Ascent,1,4,0.25,25%,25.0,6.25,25,3,8.33,2.08
Aveuglement,Incapacitor,4,4,1.0,100%,6.0,6.0,24,3,2.0,2.0
Bâton de Conquête,Conquering Staff,1,4,0.25,25%,24.0,6.0,24,2,12.0,3.0
Marteau Collecteur,Collecting Hammer,3,4,0.75,75%,8.0,6.0,24,2,4.0,3.0
Désintégrateur Magnétique,Magnetic Disintegrator,2,4,0.5,50%,11.0,5.5,22,0,Gratuit,Gratuit
Être de Lumière,Being of Light,1,4,0.25,25%,18.0,4.5,18,1,18.0,4.5
Marteleur précis,Precise Hammer,1,4,0.25,25%,18.0,4.5,18,1,18.0,4.5
Épée Obscure,Swords of Darkness,1,4,0.25,25%,17.0,4.25,17,1,17.0,4.25
Économe Sagesse du Trésorier,Treasurer's Wisdom,1,4,0.25,25%,17.0,4.25,17,2,8.5,2.12
Danse Macabre,Dance of Death,2,4,0.5,50%,8.0,4.0,16,1,8.0,4.0
Lame Insatiable,Fast Furious Blade,1,4,0.25,25%,16.0,4.0,16,2,8.0,2.0
Elan de Fureur,Rampage Momentum,1,4,0.25,25%,15.0,3.75,15,2,7.5,1.88
Totem du Gardien,Guardian Totem,4,4,1.0,100%,3.75,3.75,15,3,1.25,1.25
Armure d'Immortel,Immortal Breastplate,1,4,0.25,25%,14.0,3.5,14,1,14.0,3.5
Force Divine,Divine Impetu,1,4,0.25,25%,11.0,2.75,11,0,Gratuit,Gratuit
Bâton du Conquérant,Staff of Conquered Worlds,1,4,0.25,25%,11.0,2.75,11,0,Gratuit,Gratuit
Sabre Versatile,Versatil Saber,1,4,0.25,25%,11.0,2.75,11,1,11.0,2.75
Coup de Mort,Death Helper,1,4,0.25,25%,10.0,2.5,10,1,10.0,2.5
Tombeau Rocheux,Rock Tomb,1,4,0.25,25%,10.0,2.5,10,1,10.0,2.5
Œil de Lynx,Hawk's Eye,1,4,0.25,25%,8.0,2.0,8,0,Gratuit,Gratuit
Griffes Sauvages,Wild Claw,2,4,0.5,50%,2.5,1.25,5,3,0.83,0.42
