,Nom Anglais,nb games valide,total games,ratio,%,pts moy,pts moy total,total point,cout,pts par cout moy,pts par cout total,pts par cout moy+1,pts par cout total+1
Faux,Scythe,7,7,1.0,100%,14.86,14.86,104,3,4.95,4.95,3.71,3.71
Totem Équivalent,Equivalent Totem,7,7,1.0,100%,14.71,14.71,103,2,7.36,7.36,4.9,4.9
Marteau Collecteur,Collecting Hammer,6,7,0.86,86%,11.0,9.43,66,2,5.5,4.71,3.67,3.14
Lame Affutée,Sharp Blade,6,7,0.86,86%,10.0,8.57,60,3,3.33,2.86,2.5,2.14
Épée Obscure,Swords of Darkness,3,7,0.43,43%,17.0,7.29,51,1,17.0,7.29,8.5,3.65
Faux Assoiffées,Thirsty Scythes,2,7,0.29,29%,25.0,7.14,50,3,8.33,2.38,6.25,1.78
Lame Insatiable,Fast Furious Blade,3,7,0.43,43%,16.0,6.86,48,2,8.0,3.43,5.33,2.29
Armure d'Obsidienne,Obsidian Battle Plate,2,7,0.29,29%,20.0,5.71,40,2,10.0,2.85,6.67,1.9
Aveuglement,Incapacitor,7,7,1.0,100%,5.57,5.57,39,3,1.86,1.86,1.39,1.39
Esprit de l'Écuyer,Spirit of the Squire,6,7,0.86,86%,6.0,5.14,36,3,2.0,1.71,1.5,1.28
Esprit omniprésent,Omnipresent Spirit,2,7,0.29,29%,18.0,5.14,36,2,9.0,2.57,6.0,1.71
Marteleur précis,Precise Hammer,2,7,0.29,29%,18.0,5.14,36,1,18.0,5.14,9.0,2.57
Économe Sagesse du Trésorier,Treasurer's Wisdom,2,7,0.29,29%,17.0,4.86,34,2,8.5,2.43,5.67,1.62
Gantelet Impérieux,Imperious Gauntlet,1,7,0.14,14%,30.0,4.29,30,1,30.0,4.29,15.0,2.15
Triple Météore,Trimeteor,1,7,0.14,14%,30.0,4.29,30,0,Gratuit,Gratuit,30.0,4.29
Faux Parfaite,Perfect Scythe,2,7,0.29,29%,15.0,4.29,30,0,Gratuit,Gratuit,15.0,4.29
Totem du Gardien,Guardian Totem,7,7,1.0,100%,3.71,3.71,26,3,1.24,1.24,0.93,0.93
Ascension Divine,Divine Ascent,1,7,0.14,14%,25.0,3.57,25,3,8.33,1.19,6.25,0.89
Danse Macabre,Dance of Death,3,7,0.43,43%,8.0,3.43,24,1,8.0,3.43,4.0,1.72
Bâton de Conquête,Conquering Staff,1,7,0.14,14%,24.0,3.43,24,2,12.0,1.72,8.0,1.14
Désintégrateur Magnétique,Magnetic Disintegrator,2,7,0.29,29%,11.0,3.14,22,0,Gratuit,Gratuit,11.0,3.14
Tombeau Rocheux,Rock Tomb,2,7,0.29,29%,10.0,2.86,20,1,10.0,2.86,5.0,1.43
Être de Lumière,Being of Light,1,7,0.14,14%,18.0,2.57,18,1,18.0,2.57,9.0,1.28
Masse de Siège,Siege Mace,1,7,0.14,14%,16.0,2.29,16,0,Gratuit,Gratuit,16.0,2.29
Elan de Fureur,Rampage Momentum,1,7,0.14,14%,15.0,2.14,15,2,7.5,1.07,5.0,0.71
Armure d'Immortel,Immortal Breastplate,1,7,0.14,14%,14.0,2.0,14,1,14.0,2.0,7.0,1.0
Hache Frénétique,Berseker Ax,1,7,0.14,14%,14.0,2.0,14,2,7.0,1.0,4.67,0.67
Force Divine,Divine Impetu,1,7,0.14,14%,11.0,1.57,11,0,Gratuit,Gratuit,11.0,1.57
Bâton du Conquérant,Staff of Conquered Worlds,1,7,0.14,14%,11.0,1.57,11,0,Gratuit,Gratuit,11.0,1.57
Sabre Versatile,Versatil Saber,1,7,0.14,14%,11.0,1.57,11,1,11.0,1.57,5.5,0.79
Coup de Mort,Death Helper,1,7,0.14,14%,10.0,1.43,10,1,10.0,1.43,5.0,0.71
Griffes Sauvages,Wild Claw,3,7,0.43,43%,3.0,1.29,9,3,1.0,0.43,0.75,0.32
Œil de Lynx,Hawk's Eye,1,7,0.14,14%,8.0,1.14,8,0,Gratuit,Gratuit,8.0,1.14
