,Nom Anglais,nb games valide,total games,ratio,%,pts moy,pts moy total,total point,cout,pts par cout moy,pts par cout total,pts par cout moy+1,pts par cout total+1
Faux,Scythe,8,8,1.0,100%,15.12,15.12,121,3,5.04,5.04,3.78,3.78
Totem Équivalent,Equivalent Totem,8,8,1.0,100%,14.88,14.88,119,2,7.44,7.44,4.96,4.96
Marteau Collecteur,Collecting Hammer,7,8,0.88,88%,12.0,10.5,84,2,6.0,5.25,4.0,3.5
Lame Affutée,Sharp Blade,7,8,0.88,88%,9.43,8.25,66,3,3.14,2.75,2.36,2.06
Lame Insatiable,Fast Furious Blade,4,8,0.5,50%,16.0,8.0,64,2,8.0,4.0,5.33,2.67
Armure d'Obsidienne,Obsidian Battle Plate,3,8,0.38,38%,20.0,7.5,60,2,10.0,3.75,6.67,2.5
Marteleur précis,Precise Hammer,3,8,0.38,38%,18.0,6.75,54,1,18.0,6.75,9.0,3.38
Économe Sagesse du Trésorier,Treasurer's Wisdom,3,8,0.38,38%,17.0,6.38,51,2,8.5,3.19,5.67,2.13
Épée Obscure,Swords of Darkness,3,8,0.38,38%,17.0,6.38,51,1,17.0,6.38,8.5,3.19
Faux Assoiffées,Thirsty Scythes,2,8,0.25,25%,25.0,6.25,50,3,8.33,2.08,6.25,1.56
Faux Parfaite,Perfect Scythe,3,8,0.38,38%,15.0,5.62,45,0,Gratuit,Gratuit,15.0,5.62
Esprit de l'Écuyer,Spirit of the Squire,7,8,0.88,88%,6.0,5.25,42,3,2.0,1.75,1.5,1.31
Aveuglement,Incapacitor,8,8,1.0,100%,5.25,5.25,42,3,1.75,1.75,1.31,1.31
Esprit omniprésent,Omnipresent Spirit,2,8,0.25,25%,18.0,4.5,36,2,9.0,2.25,6.0,1.5
Masse de Siège,Siege Mace,2,8,0.25,25%,16.0,4.0,32,0,Gratuit,Gratuit,16.0,4.0
Gantelet Impérieux,Imperious Gauntlet,1,8,0.12,12%,30.0,3.75,30,1,30.0,3.75,15.0,1.88
Triple Météore,Trimeteor,1,8,0.12,12%,30.0,3.75,30,0,Gratuit,Gratuit,30.0,3.75
Totem du Gardien,Guardian Totem,8,8,1.0,100%,3.62,3.62,29,3,1.21,1.21,0.91,0.91
Hache Frénétique,Berseker Ax,2,8,0.25,25%,14.0,3.5,28,2,7.0,1.75,4.67,1.17
Ascension Divine,Divine Ascent,1,8,0.12,12%,25.0,3.12,25,3,8.33,1.04,6.25,0.78
Danse Macabre,Dance of Death,3,8,0.38,38%,8.0,3.0,24,1,8.0,3.0,4.0,1.5
Bâton de Conquête,Conquering Staff,1,8,0.12,12%,24.0,3.0,24,2,12.0,1.5,8.0,1.0
Désintégrateur Magnétique,Magnetic Disintegrator,2,8,0.25,25%,11.0,2.75,22,0,Gratuit,Gratuit,11.0,2.75
Tombeau Rocheux,Rock Tomb,2,8,0.25,25%,10.0,2.5,20,1,10.0,2.5,5.0,1.25
Chasseresse d'Âmes,Huntress of Souls,1,8,0.12,12%,19.0,2.38,19,1,19.0,2.38,9.5,1.19
Être de Lumière,Being of Light,1,8,0.12,12%,18.0,2.25,18,1,18.0,2.25,9.0,1.12
Griffes Démoniaques,Demon Claws,1,8,0.12,12%,17.0,2.12,17,1,17.0,2.12,8.5,1.06
Elan de Fureur,Rampage Momentum,1,8,0.12,12%,15.0,1.88,15,2,7.5,0.94,5.0,0.63
Armure d'Immortel,Immortal Breastplate,1,8,0.12,12%,14.0,1.75,14,1,14.0,1.75,7.0,0.88
Griffes Sauvages,Wild Claw,4,8,0.5,50%,3.0,1.5,12,3,1.0,0.5,0.75,0.38
Force Divine,Divine Impetu,1,8,0.12,12%,11.0,1.38,11,0,Gratuit,Gratuit,11.0,1.38
Bâton du Conquérant,Staff of Conquered Worlds,1,8,0.12,12%,11.0,1.38,11,0,Gratuit,Gratuit,11.0,1.38
Sabre Versatile,Versatil Saber,1,8,0.12,12%,11.0,1.38,11,1,11.0,1.38,5.5,0.69
Coup de Mort,Death Helper,1,8,0.12,12%,10.0,1.25,10,1,10.0,1.25,5.0,0.62
Œil de Lynx,Hawk's Eye,1,8,0.12,12%,8.0,1.0,8,0,Gratuit,Gratuit,8.0,1.0
