,Nom Anglais,nb games valide,total games,ratio,%,pts moy,pts moy total,total point,cout,pts par cout moy,pts par cout total,pts par cout moy+1,pts par cout total+1
Faux,Scythe,5,5,1.0,100%,17.8,17.8,89,3,5.93,5.93,4.45,4.45
Totem Équivalent,Equivalent Totem,5,5,1.0,100%,16.2,16.2,81,2,8.1,8.1,5.4,5.4
Faux Assoiffées,Thirsty Scythes,3,5,0.6,60%,25.0,15.0,75,3,8.33,5.0,6.25,3.75
Économe Sagesse du Trésorier,Treasurer's Wisdom,4,5,0.8,80%,17.0,13.6,68,2,8.5,6.8,5.67,4.53
Lame Insatiable,Fast Furious Blade,4,5,0.8,80%,16.0,12.8,64,2,8.0,6.4,5.33,4.27
Esprit Guerrier,Spirit of the Warrior,4,5,0.8,80%,16.0,12.8,64,1,16.0,12.8,8.0,6.4
Faux Parfaite,Perfect Scythe,4,5,0.8,80%,15.0,12.0,60,0,Gratuit,Gratuit,15.0,12.0
Lame Affutée,Sharp Blade,4,5,0.8,80%,15.0,12.0,60,3,5.0,4.0,3.75,3.0
Armure d'Obsidienne,Obsidian Battle Plate,3,5,0.6,60%,20.0,12.0,60,2,10.0,6.0,6.67,4.0
Hache Frénétique,Berseker Ax,4,5,0.8,80%,14.0,11.2,56,2,7.0,5.6,4.67,3.73
Explosion Arcanique,Arcane Explosive,4,5,0.8,80%,12.0,9.6,48,1,12.0,9.6,6.0,4.8
Masse Colossale,Colossal Mace,4,5,0.8,80%,11.0,8.8,44,0,Gratuit,Gratuit,11.0,8.8
Aura Légendaire,Legend Aura,1,5,0.2,20%,40.0,8.0,40,3,13.33,2.67,10.0,2.0
Tombeau Rocheux,Rock Tomb,4,5,0.8,80%,10.0,8.0,40,1,10.0,8.0,5.0,4.0
Couronne du Roi Nain,Crown of the Dwarf King,3,5,0.6,60%,13.0,7.8,39,0,Gratuit,Gratuit,13.0,7.8
Chasseresse d'Âmes,Huntress of Souls,2,5,0.4,40%,19.0,7.6,38,1,19.0,7.6,9.5,3.8
Enchaînement Éclair,Unstoppable Lightning,2,5,0.4,40%,18.0,7.2,36,1,18.0,7.2,9.0,3.6
Griffes Démoniaques,Demon Claws,2,5,0.4,40%,17.0,6.8,34,1,17.0,6.8,8.5,3.4
Épée Obscure,Swords of Darkness,2,5,0.4,40%,17.0,6.8,34,1,17.0,6.8,8.5,3.4
Esprit de l'Écuyer,Spirit of the Squire,5,5,1.0,100%,6.6,6.6,33,3,2.2,2.2,1.65,1.65
Elan de Fureur,Rampage Momentum,2,5,0.4,40%,15.0,6.0,30,2,7.5,3.0,5.0,2.0
Marteau Collecteur,Collecting Hammer,2,5,0.4,40%,15.0,6.0,30,2,7.5,3.0,5.0,2.0
Totem du Gardien,Guardian Totem,5,5,1.0,100%,5.2,5.2,26,3,1.73,1.73,1.3,1.3
Ascension Divine,Divine Ascent,1,5,0.2,20%,25.0,5.0,25,3,8.33,1.67,6.25,1.25
Danse Macabre,Dance of Death,3,5,0.6,60%,8.0,4.8,24,1,8.0,4.8,4.0,2.4
Sabre Versatile,Versatil Saber,2,5,0.4,40%,11.0,4.4,22,1,11.0,4.4,5.5,2.2
Épé Sainte,Holy Sword,2,5,0.4,40%,10.0,4.0,20,0,Gratuit,Gratuit,10.0,4.0
Aveuglement,Incapacitor,3,5,0.6,60%,6.0,3.6,18,3,2.0,1.2,1.5,0.9
Esprit omniprésent,Omnipresent Spirit,1,5,0.2,20%,18.0,3.6,18,2,9.0,1.8,6.0,1.2
Parchemin Secret,Secret Scroll,1,5,0.2,20%,18.0,3.6,18,2,9.0,1.8,6.0,1.2
Marteleur précis,Precise Hammer,1,5,0.2,20%,18.0,3.6,18,1,18.0,3.6,9.0,1.8
Armure d'Immortel,Immortal Breastplate,1,5,0.2,20%,14.0,2.8,14,1,14.0,2.8,7.0,1.4
Désintégrateur Magnétique,Magnetic Disintegrator,1,5,0.2,20%,11.0,2.2,11,0,Gratuit,Gratuit,11.0,2.2
Griffes Sauvages,Wild Claw,4,5,0.8,80%,2.25,1.8,9,3,0.75,0.6,0.56,0.45
