,Nom Anglais,nb games valide,total games,ratio,%,pts moy,pts moy total,total point,cout,pts par cout moy,pts par cout total,pts par cout moy+1,pts par cout total+1
Faux,Scythe,9,9,1.0,100%,17.0,17.0,153,3,5.67,5.67,4.25,4.25
Totem Équivalent,Equivalent Totem,9,9,1.0,100%,16.0,16.0,144,2,8.0,8.0,5.33,5.33
Armure d'Obsidienne,Obsidian Battle Plate,7,9,0.78,78%,20.0,15.56,140,2,10.0,7.78,6.67,5.19
Lame Affutée,Sharp Blade,8,9,0.89,89%,15.75,14.0,126,3,5.25,4.67,3.94,3.5
Faux Assoiffées,Thirsty Scythes,5,9,0.56,56%,25.0,13.89,125,3,8.33,4.63,6.25,3.47
Économe Sagesse du Trésorier,Treasurer's Wisdom,7,9,0.78,78%,17.0,13.22,119,2,8.5,6.61,5.67,4.41
Hache Frénétique,Berseker Ax,8,9,0.89,89%,14.0,12.44,112,2,7.0,6.22,4.67,4.15
Esprit Guerrier,Spirit of the Warrior,6,9,0.67,67%,16.0,10.67,96,1,16.0,10.67,8.0,5.33
Lame Insatiable,Fast Furious Blade,6,9,0.67,67%,16.0,10.67,96,2,8.0,5.33,5.33,3.56
Elan de Fureur,Rampage Momentum,6,9,0.67,67%,15.0,10.0,90,2,7.5,5.0,5.0,3.33
Enchaînement Éclair,Unstoppable Lightning,5,9,0.56,56%,18.0,10.0,90,1,18.0,10.0,9.0,5.0
Explosion Arcanique,Arcane Explosive,7,9,0.78,78%,12.0,9.33,84,1,12.0,9.33,6.0,4.67
Aura Légendaire,Legend Aura,2,9,0.22,22%,40.0,8.89,80,3,13.33,2.96,10.0,2.22
Esprit de l'Écuyer,Spirit of the Squire,9,9,1.0,100%,8.0,8.0,72,3,2.67,2.67,2.0,2.0
Armure d'Immortel,Immortal Breastplate,5,9,0.56,56%,14.4,8.0,72,1,14.4,8.0,7.2,4.0
Tombeau Rocheux,Rock Tomb,7,9,0.78,78%,10.0,7.78,70,1,10.0,7.78,5.0,3.89
Masse Colossale,Colossal Mace,6,9,0.67,67%,11.67,7.78,70,0,Gratuit,Gratuit,11.67,7.78
Marteau Collecteur,Collecting Hammer,5,9,0.56,56%,13.8,7.67,69,2,6.9,3.83,4.6,2.56
Épée Obscure,Swords of Darkness,4,9,0.44,44%,17.0,7.56,68,1,17.0,7.56,8.5,3.78
Sabre Versatile,Versatil Saber,6,9,0.67,67%,11.0,7.33,66,1,11.0,7.33,5.5,3.67
Danse Macabre,Dance of Death,7,9,0.78,78%,8.0,6.22,56,1,8.0,6.22,4.0,3.11
Marteleur précis,Precise Hammer,3,9,0.33,33%,18.0,6.0,54,1,18.0,6.0,9.0,3.0
Esprit omniprésent,Omnipresent Spirit,3,9,0.33,33%,18.0,6.0,54,2,9.0,3.0,6.0,2.0
Parchemin Secret,Secret Scroll,3,9,0.33,33%,18.0,6.0,54,2,9.0,3.0,6.0,2.0
Couronne du Roi Nain,Crown of the Dwarf King,4,9,0.44,44%,13.0,5.78,52,0,Gratuit,Gratuit,13.0,5.78
Force Divine,Divine Impetu,4,9,0.44,44%,12.0,5.33,48,0,Gratuit,Gratuit,12.0,5.33
Faux Parfaite,Perfect Scythe,3,9,0.33,33%,15.0,5.0,45,0,Gratuit,Gratuit,15.0,5.0
Totem du Gardien,Guardian Totem,9,9,1.0,100%,4.56,4.56,41,3,1.52,1.52,1.14,1.14
Épé Sainte,Holy Sword,4,9,0.44,44%,10.0,4.44,40,0,Gratuit,Gratuit,10.0,4.44
Aveuglement,Incapacitor,7,9,0.78,78%,5.57,4.33,39,3,1.86,1.44,1.39,1.08
Chasseresse d'Âmes,Huntress of Souls,2,9,0.22,22%,19.0,4.22,38,1,19.0,4.22,9.5,2.11
Griffes Démoniaques,Demon Claws,2,9,0.22,22%,17.0,3.78,34,1,17.0,3.78,8.5,1.89
Ascension Divine,Divine Ascent,1,9,0.11,11%,25.0,2.78,25,3,8.33,0.93,6.25,0.69
Griffes Sauvages,Wild Claw,8,9,0.89,89%,2.0,1.78,16,3,0.67,0.59,0.5,0.45
Masse de Siège,Siege Mace,1,9,0.11,11%,16.0,1.78,16,0,Gratuit,Gratuit,16.0,1.78
Désintégrateur Magnétique,Magnetic Disintegrator,1,9,0.11,11%,11.0,1.22,11,0,Gratuit,Gratuit,11.0,1.22
Coup de Mort,Death Helper,1,9,0.11,11%,10.0,1.11,10,1,10.0,1.11,5.0,0.56
