,Nom Anglais,nb games valide,total games,ratio,%,pts moy,pts moy total,total point,cout,pts par cout moy,pts par cout total,pts par cout moy+1,pts par cout total+1
Faux,Scythe,8,8,1.0,100%,17.38,17.38,139,3,5.79,5.79,4.34,4.34
Totem Équivalent,Equivalent Totem,8,8,1.0,100%,16.12,16.12,129,2,8.06,8.06,5.37,5.37
Faux Assoiffées,Thirsty Scythes,5,8,0.62,62%,25.0,15.62,125,3,8.33,5.21,6.25,3.9
Armure d'Obsidienne,Obsidian Battle Plate,6,8,0.75,75%,20.0,15.0,120,2,10.0,7.5,6.67,5.0
Lame Affutée,Sharp Blade,7,8,0.88,88%,15.86,13.88,111,3,5.29,4.63,3.96,3.47
Économe Sagesse du Trésorier,Treasurer's Wisdom,6,8,0.75,75%,17.0,12.75,102,2,8.5,6.38,5.67,4.25
Hache Frénétique,Berseker Ax,7,8,0.88,88%,14.0,12.25,98,2,7.0,6.12,4.67,4.08
Lame Insatiable,Fast Furious Blade,6,8,0.75,75%,16.0,12.0,96,2,8.0,6.0,5.33,4.0
Esprit Guerrier,Spirit of the Warrior,6,8,0.75,75%,16.0,12.0,96,1,16.0,12.0,8.0,6.0
Aura Légendaire,Legend Aura,2,8,0.25,25%,40.0,10.0,80,3,13.33,3.33,10.0,2.5
Elan de Fureur,Rampage Momentum,5,8,0.62,62%,15.0,9.38,75,2,7.5,4.69,5.0,3.13
Explosion Arcanique,Arcane Explosive,6,8,0.75,75%,12.0,9.0,72,1,12.0,9.0,6.0,4.5
Enchaînement Éclair,Unstoppable Lightning,4,8,0.5,50%,18.0,9.0,72,1,18.0,9.0,9.0,4.5
Esprit de l'Écuyer,Spirit of the Squire,8,8,1.0,100%,7.88,7.88,63,3,2.63,2.63,1.97,1.97
Tombeau Rocheux,Rock Tomb,6,8,0.75,75%,10.0,7.5,60,1,10.0,7.5,5.0,3.75
Armure d'Immortel,Immortal Breastplate,4,8,0.5,50%,14.0,7.0,56,1,14.0,7.0,7.0,3.5
Masse Colossale,Colossal Mace,5,8,0.62,62%,11.0,6.88,55,0,Gratuit,Gratuit,11.0,6.88
Sabre Versatile,Versatil Saber,5,8,0.62,62%,11.0,6.88,55,1,11.0,6.88,5.5,3.44
Parchemin Secret,Secret Scroll,3,8,0.38,38%,18.0,6.75,54,2,9.0,3.38,6.0,2.25
Couronne du Roi Nain,Crown of the Dwarf King,4,8,0.5,50%,13.0,6.5,52,0,Gratuit,Gratuit,13.0,6.5
Épée Obscure,Swords of Darkness,3,8,0.38,38%,17.0,6.38,51,1,17.0,6.38,8.5,3.19
Danse Macabre,Dance of Death,6,8,0.75,75%,8.0,6.0,48,1,8.0,6.0,4.0,3.0
Marteau Collecteur,Collecting Hammer,4,8,0.5,50%,12.0,6.0,48,2,6.0,3.0,4.0,2.0
Faux Parfaite,Perfect Scythe,3,8,0.38,38%,15.0,5.62,45,0,Gratuit,Gratuit,15.0,5.62
Chasseresse d'Âmes,Huntress of Souls,2,8,0.25,25%,19.0,4.75,38,1,19.0,4.75,9.5,2.38
Totem du Gardien,Guardian Totem,8,8,1.0,100%,4.62,4.62,37,3,1.54,1.54,1.16,1.16
Marteleur précis,Precise Hammer,2,8,0.25,25%,18.0,4.5,36,1,18.0,4.5,9.0,2.25
Aveuglement,Incapacitor,6,8,0.75,75%,6.0,4.5,36,3,2.0,1.5,1.5,1.12
Esprit omniprésent,Omnipresent Spirit,2,8,0.25,25%,18.0,4.5,36,2,9.0,2.25,6.0,1.5
Griffes Démoniaques,Demon Claws,2,8,0.25,25%,17.0,4.25,34,1,17.0,4.25,8.5,2.12
Force Divine,Divine Impetu,3,8,0.38,38%,11.0,4.12,33,0,Gratuit,Gratuit,11.0,4.12
Épé Sainte,Holy Sword,3,8,0.38,38%,10.0,3.75,30,0,Gratuit,Gratuit,10.0,3.75
Ascension Divine,Divine Ascent,1,8,0.12,12%,25.0,3.12,25,3,8.33,1.04,6.25,0.78
Masse de Siège,Siege Mace,1,8,0.12,12%,16.0,2.0,16,0,Gratuit,Gratuit,16.0,2.0
Griffes Sauvages,Wild Claw,7,8,0.88,88%,2.0,1.75,14,3,0.67,0.58,0.5,0.44
Désintégrateur Magnétique,Magnetic Disintegrator,1,8,0.12,12%,11.0,1.38,11,0,Gratuit,Gratuit,11.0,1.38
Coup de Mort,Death Helper,1,8,0.12,12%,10.0,1.25,10,1,10.0,1.25,5.0,0.62
