,Nom Anglais,nb games valide,total games,ratio,%,pts moy,pts moy total,total point,cout,pts par cout moy,pts par cout total,pts par cout moy+1,pts par cout total+1
Faux,Scythe,6,6,1.0,100%,17.0,17.0,102,3,5.67,5.67,4.25,4.25
Totem Équivalent,Equivalent Totem,6,6,1.0,100%,15.83,15.83,95,2,7.92,7.92,5.28,5.28
Armure d'Obsidienne,Obsidian Battle Plate,4,6,0.67,67%,20.0,13.33,80,2,10.0,6.67,6.67,4.44
Esprit Guerrier,Spirit of the Warrior,5,6,0.83,83%,16.0,13.33,80,1,16.0,13.33,8.0,6.67
Faux Assoiffées,Thirsty Scythes,3,6,0.5,50%,25.0,12.5,75,3,8.33,4.17,6.25,3.12
Lame Affutée,Sharp Blade,5,6,0.83,83%,14.4,12.0,72,3,4.8,4.0,3.6,3.0
Hache Frénétique,Berseker Ax,5,6,0.83,83%,14.0,11.67,70,2,7.0,5.83,4.67,3.89
Économe Sagesse du Trésorier,Treasurer's Wisdom,4,6,0.67,67%,17.0,11.33,68,2,8.5,5.67,5.67,3.78
Lame Insatiable,Fast Furious Blade,4,6,0.67,67%,16.0,10.67,64,2,8.0,5.33,5.33,3.56
Explosion Arcanique,Arcane Explosive,4,6,0.67,67%,12.0,8.0,48,1,12.0,8.0,6.0,4.0
Faux Parfaite,Perfect Scythe,3,6,0.5,50%,15.0,7.5,45,0,Gratuit,Gratuit,15.0,7.5
Elan de Fureur,Rampage Momentum,3,6,0.5,50%,15.0,7.5,45,2,7.5,3.75,5.0,2.5
Masse Colossale,Colossal Mace,4,6,0.67,67%,11.0,7.33,44,0,Gratuit,Gratuit,11.0,7.33
Esprit de l'Écuyer,Spirit of the Squire,6,6,1.0,100%,7.0,7.0,42,3,2.33,2.33,1.75,1.75
Aura Légendaire,Legend Aura,1,6,0.17,17%,40.0,6.67,40,3,13.33,2.22,10.0,1.67
Tombeau Rocheux,Rock Tomb,4,6,0.67,67%,10.0,6.67,40,1,10.0,6.67,5.0,3.33
Couronne du Roi Nain,Crown of the Dwarf King,3,6,0.5,50%,13.0,6.5,39,0,Gratuit,Gratuit,13.0,6.5
Chasseresse d'Âmes,Huntress of Souls,2,6,0.33,33%,19.0,6.33,38,1,19.0,6.33,9.5,3.17
Marteau Collecteur,Collecting Hammer,3,6,0.5,50%,12.0,6.0,36,2,6.0,3.0,4.0,2.0
Esprit omniprésent,Omnipresent Spirit,2,6,0.33,33%,18.0,6.0,36,2,9.0,3.0,6.0,2.0
Enchaînement Éclair,Unstoppable Lightning,2,6,0.33,33%,18.0,6.0,36,1,18.0,6.0,9.0,3.0
Griffes Démoniaques,Demon Claws,2,6,0.33,33%,17.0,5.67,34,1,17.0,5.67,8.5,2.83
Épée Obscure,Swords of Darkness,2,6,0.33,33%,17.0,5.67,34,1,17.0,5.67,8.5,2.83
Sabre Versatile,Versatil Saber,3,6,0.5,50%,11.0,5.5,33,1,11.0,5.5,5.5,2.75
Danse Macabre,Dance of Death,4,6,0.67,67%,8.0,5.33,32,1,8.0,5.33,4.0,2.67
Totem du Gardien,Guardian Totem,6,6,1.0,100%,4.67,4.67,28,3,1.56,1.56,1.17,1.17
Armure d'Immortel,Immortal Breastplate,2,6,0.33,33%,14.0,4.67,28,1,14.0,4.67,7.0,2.33
Ascension Divine,Divine Ascent,1,6,0.17,17%,25.0,4.17,25,3,8.33,1.39,6.25,1.04
Aveuglement,Incapacitor,4,6,0.67,67%,6.0,4.0,24,3,2.0,1.33,1.5,1.0
Épé Sainte,Holy Sword,2,6,0.33,33%,10.0,3.33,20,0,Gratuit,Gratuit,10.0,3.33
Parchemin Secret,Secret Scroll,1,6,0.17,17%,18.0,3.0,18,2,9.0,1.5,6.0,1.0
Marteleur précis,Precise Hammer,1,6,0.17,17%,18.0,3.0,18,1,18.0,3.0,9.0,1.5
Désintégrateur Magnétique,Magnetic Disintegrator,1,6,0.17,17%,11.0,1.83,11,0,Gratuit,Gratuit,11.0,1.83
Force Divine,Divine Impetu,1,6,0.17,17%,11.0,1.83,11,0,Gratuit,Gratuit,11.0,1.83
Griffes Sauvages,Wild Claw,5,6,0.83,83%,2.0,1.67,10,3,0.67,0.56,0.5,0.42
