,Nom Anglais,nb games valide,total games,ratio,%,pts moy,pts moy total,total point,cout,pts par cout moy,pts par cout total
Faux Assoiffées,Thirsty Scythes,2,2,1.0,100%,25.0,25.0,50,3,8.33,8.33
Lame Affutée,Sharp Blade,2,2,1.0,100%,24.0,24.0,48,3,8.0,8.0
Faux,Scythe,2,2,1.0,100%,20.0,20.0,40,3,6.67,6.67
Parchemin Secret,Secret Scroll,2,2,1.0,100%,18.0,18.0,36,2,9.0,9.0
Totem Équivalent,Equivalent Totem,2,2,1.0,100%,17.5,17.5,35,1,17.5,17.5
Épée Obscure,Swords of Darkness,2,2,1.0,100%,17.0,17.0,34,1,17.0,17.0
Économe Sagesse du Trésorier,Treasurer's Wisdom,2,2,1.0,100%,17.0,17.0,34,2,8.5,8.5
Lame Insatiable,Fast Furious Blade,2,2,1.0,100%,16.0,16.0,32,2,8.0,8.0
Triple Météore,Trimeteor,1,2,0.5,50%,30.0,15.0,30,0,Gratuit,Gratuit
Hache Frénétique,Berseker Ax,2,2,1.0,100%,14.0,14.0,28,2,7.0,7.0
Aveuglement,Incapacitor,2,2,1.0,100%,13.5,13.5,27,3,4.5,4.5
Ascension Divine,Divine Ascent,1,2,0.5,50%,25.0,12.5,25,3,8.33,4.17
Explosion Arcanique,Arcane Explosive,2,2,1.0,100%,12.0,12.0,24,1,12.0,12.0
Bâton de Conquête,Conquering Staff,1,2,0.5,50%,24.0,12.0,24,2,12.0,6.0
Désintégrateur Magnétique,Magnetic Disintegrator,2,2,1.0,100%,11.0,11.0,22,0,Gratuit,Gratuit
Tombeau Rocheux,Rock Tomb,2,2,1.0,100%,10.0,10.0,20,1,10.0,10.0
Pillard Féroce,Savage Looter,1,2,0.5,50%,20.0,10.0,20,1,20.0,10.0
Épé Sainte,Holy Sword,2,2,1.0,100%,10.0,10.0,20,0,Gratuit,Gratuit
Armure d'Obsidienne,Obsidian Battle Plate,1,2,0.5,50%,20.0,10.0,20,2,10.0,5.0
Enchaînement Éclair,Unstoppable Lightning,1,2,0.5,50%,18.0,9.0,18,1,18.0,9.0
Œil de Lynx,Hawk's Eye,2,2,1.0,100%,8.0,8.0,16,0,Gratuit,Gratuit
Esprit Guerrier,Spirit of the Warrior,1,2,0.5,50%,16.0,8.0,16,1,16.0,8.0
Danse Macabre,Dance of Death,2,2,1.0,100%,8.0,8.0,16,1,8.0,8.0
Soif de Sang,Thirsty Dagger,1,2,0.5,50%,15.0,7.5,15,0,Gratuit,Gratuit
Faux Parfaite,Perfect Scythe,1,2,0.5,50%,15.0,7.5,15,0,Gratuit,Gratuit
Esprit de l'Écuyer,Spirit of the Squire,2,2,1.0,100%,7.5,7.5,15,3,2.5,2.5
Elan de Fureur,Rampage Momentum,1,2,0.5,50%,15.0,7.5,15,2,7.5,3.75
Couronne du Roi Nain,Crown of the Dwarf King,1,2,0.5,50%,13.0,6.5,13,0,Gratuit,Gratuit
Masse Colossale,Colossal Mace,1,2,0.5,50%,11.0,5.5,11,0,Gratuit,Gratuit
Coup de Mort,Death Helper,1,2,0.5,50%,10.0,5.0,10,1,10.0,5.0
Totem du Gardien,Guardian Totem,2,2,1.0,100%,5.0,5.0,10,3,1.67,1.67
Griffes Sauvages,Wild Claw,2,2,1.0,100%,4.0,4.0,8,3,1.33,1.33
Marteau Collecteur,Collecting Hammer,1,2,0.5,50%,6.0,3.0,6,2,3.0,1.5
