,Nom Anglais,nb games valide,total games,ratio,%,pts moy,pts moy total,total point,cout,pts par cout moy,pts par cout total
Triple Météore,Trimeteor,1,1,1.0,100%,30.0,30.0,30,0,Gratuit,Gratuit
Faux Assoiffées,Thirsty Scythes,1,1,1.0,100%,25.0,25.0,25,3,8.33,8.33
Armure d'Obsidienne,Obsidian Battle Plate,1,1,1.0,100%,20.0,20.0,20,2,10.0,10.0
Faux,Scythe,1,1,1.0,100%,19.0,19.0,19,3,6.33,6.33
Parchemin Secret,Secret Scroll,1,1,1.0,100%,18.0,18.0,18,2,9.0,9.0
Enchaînement Éclair,Unstoppable Lightning,1,1,1.0,100%,18.0,18.0,18,1,18.0,18.0
Lame Affutée,Sharp Blade,1,1,1.0,100%,18.0,18.0,18,3,6.0,6.0
Économe Sagesse du Trésorier,Treasurer's Wisdom,1,1,1.0,100%,17.0,17.0,17,2,8.5,8.5
Épée Obscure,Swords of Darkness,1,1,1.0,100%,17.0,17.0,17,1,17.0,17.0
Totem Équivalent,Equivalent Totem,1,1,1.0,100%,17.0,17.0,17,1,17.0,17.0
Lame Insatiable,Fast Furious Blade,1,1,1.0,100%,16.0,16.0,16,2,8.0,8.0
Elan de Fureur,Rampage Momentum,1,1,1.0,100%,15.0,15.0,15,2,7.5,7.5
Hache Frénétique,Berseker Ax,1,1,1.0,100%,14.0,14.0,14,2,7.0,7.0
Couronne du Roi Nain,Crown of the Dwarf King,1,1,1.0,100%,13.0,13.0,13,0,Gratuit,Gratuit
Explosion Arcanique,Arcane Explosive,1,1,1.0,100%,12.0,12.0,12,1,12.0,12.0
Désintégrateur Magnétique,Magnetic Disintegrator,1,1,1.0,100%,11.0,11.0,11,0,Gratuit,Gratuit
Masse Colossale,Colossal Mace,1,1,1.0,100%,11.0,11.0,11,0,Gratuit,Gratuit
Tombeau Rocheux,Rock Tomb,1,1,1.0,100%,10.0,10.0,10,1,10.0,10.0
Épé Sainte,Holy Sword,1,1,1.0,100%,10.0,10.0,10,0,Gratuit,Gratuit
Aveuglement,Incapacitor,1,1,1.0,100%,9.0,9.0,9,3,3.0,3.0
Danse Macabre,Dance of Death,1,1,1.0,100%,8.0,8.0,8,1,8.0,8.0
Œil de Lynx,Hawk's Eye,1,1,1.0,100%,8.0,8.0,8,0,Gratuit,Gratuit
Totem du Gardien,Guardian Totem,1,1,1.0,100%,7.0,7.0,7,3,2.33,2.33
Esprit de l'Écuyer,Spirit of the Squire,1,1,1.0,100%,3.0,3.0,3,3,1.0,1.0
Griffes Sauvages,Wild Claw,1,1,1.0,100%,1.0,1.0,1,3,0.33,0.33
