,Nom Anglais,nb games valide,total games,ratio,%,pts moy,pts moy total,total point,cout,pts par cout moy,pts par cout total,pts par cout moy+1,pts par cout total+1
Faux,Scythe,11,11,1.0,100%,17.45,17.45,192,3,5.82,5.82,4.36,4.36
Totem Équivalent,Equivalent Totem,11,11,1.0,100%,16.0,16.0,176,2,8.0,8.0,5.33,5.33
Lame Affutée,Sharp Blade,10,11,0.91,91%,16.5,15.0,165,3,5.5,5.0,4.12,3.75
Lame Insatiable,Fast Furious Blade,9,11,0.82,82%,16.0,13.09,144,2,8.0,6.54,5.33,4.36
Marteau Collecteur,Collecting Hammer,10,11,0.91,91%,14.4,13.09,144,2,7.2,6.54,4.8,4.36
Aveuglement,Incapacitor,11,11,1.0,100%,12.82,12.82,141,3,4.27,4.27,3.21,3.21
Armure d'Obsidienne,Obsidian Battle Plate,7,11,0.64,64%,20.0,12.73,140,2,10.0,6.37,6.67,4.24
Faux Assoiffées,Thirsty Scythes,5,11,0.45,45%,25.0,11.36,125,3,8.33,3.79,6.25,2.84
Économe Sagesse du Trésorier,Treasurer's Wisdom,7,11,0.64,64%,17.0,10.82,119,2,8.5,5.41,5.67,3.61
Hache Frénétique,Berseker Ax,8,11,0.73,73%,14.0,10.18,112,2,7.0,5.09,4.67,3.39
Explosion Arcanique,Arcane Explosive,9,11,0.82,82%,12.0,9.82,108,1,12.0,9.82,6.0,4.91
Parchemin Secret,Secret Scroll,6,11,0.55,55%,18.0,9.82,108,2,9.0,4.91,6.0,3.27
Bâton de Conquête,Conquering Staff,4,11,0.36,36%,24.0,8.73,96,2,12.0,4.37,8.0,2.91
Elan de Fureur,Rampage Momentum,6,11,0.55,55%,15.0,8.18,90,2,7.5,4.09,5.0,2.73
Épée Obscure,Swords of Darkness,5,11,0.45,45%,17.0,7.73,85,1,17.0,7.73,8.5,3.87
Esprit de l'Écuyer,Spirit of the Squire,10,11,0.91,91%,7.8,7.09,78,3,2.6,2.36,1.95,1.77
Ascension Divine,Divine Ascent,3,11,0.27,27%,25.0,6.82,75,3,8.33,2.27,6.25,1.71
Marteleur précis,Precise Hammer,4,11,0.36,36%,18.0,6.55,72,1,18.0,6.55,9.0,3.27
Masse Colossale,Colossal Mace,6,11,0.55,55%,11.67,6.36,70,0,Gratuit,Gratuit,11.67,6.36
Tombeau Rocheux,Rock Tomb,7,11,0.64,64%,10.0,6.36,70,1,10.0,6.36,5.0,3.18
Désintégrateur Magnétique,Magnetic Disintegrator,6,11,0.55,55%,11.0,6.0,66,0,Gratuit,Gratuit,11.0,6.0
Faux Parfaite,Perfect Scythe,4,11,0.36,36%,15.0,5.45,60,0,Gratuit,Gratuit,15.0,5.45
Chasseresse d'Âmes,Huntress of Souls,3,11,0.27,27%,19.0,5.18,57,1,19.0,5.18,9.5,2.59
Danse Macabre,Dance of Death,7,11,0.64,64%,8.0,5.09,56,1,8.0,5.09,4.0,2.54
Enchaînement Éclair,Unstoppable Lightning,3,11,0.27,27%,18.0,4.91,54,1,18.0,4.91,9.0,2.46
Couronne du Roi Nain,Crown of the Dwarf King,4,11,0.36,36%,13.0,4.73,52,0,Gratuit,Gratuit,13.0,4.73
Griffes Démoniaques,Demon Claws,3,11,0.27,27%,17.0,4.64,51,1,17.0,4.64,8.5,2.32
Épé Sainte,Holy Sword,5,11,0.45,45%,10.0,4.55,50,0,Gratuit,Gratuit,10.0,4.55
Œil de Lynx,Hawk's Eye,6,11,0.55,55%,8.33,4.55,50,0,Gratuit,Gratuit,8.33,4.55
Esprit Guerrier,Spirit of the Warrior,3,11,0.27,27%,16.0,4.36,48,1,16.0,4.36,8.0,2.18
Totem du Gardien,Guardian Totem,11,11,1.0,100%,4.18,4.18,46,3,1.39,1.39,1.04,1.04
Soif de Sang,Thirsty Dagger,3,11,0.27,27%,15.0,4.09,45,0,Gratuit,Gratuit,15.0,4.09
Sabre Versatile,Versatil Saber,4,11,0.36,36%,11.0,4.0,44,1,11.0,4.0,5.5,2.0
Armure d'Immortel,Immortal Breastplate,3,11,0.27,27%,14.0,3.82,42,1,14.0,3.82,7.0,1.91
Aura Légendaire,Legend Aura,1,11,0.09,9%,40.0,3.64,40,3,13.33,1.21,10.0,0.91
Griffes Sauvages,Wild Claw,9,11,0.82,82%,3.67,3.0,33,3,1.22,1.0,0.92,0.75
Triple Météore,Trimeteor,1,11,0.09,9%,30.0,2.73,30,0,Gratuit,Gratuit,30.0,2.73
Gantelet Impérieux,Imperious Gauntlet,1,11,0.09,9%,30.0,2.73,30,1,30.0,2.73,15.0,1.36
Coup de Mort,Death Helper,3,11,0.27,27%,10.0,2.73,30,1,10.0,2.73,5.0,1.36
Bâton du Conquérant,Staff of Conquered Worlds,2,11,0.18,18%,11.0,2.0,22,0,Gratuit,Gratuit,11.0,2.0
Force Divine,Divine Impetu,2,11,0.18,18%,11.0,2.0,22,0,Gratuit,Gratuit,11.0,2.0
Chasseur d'Âmes,Soul Hunter,1,11,0.09,9%,20.0,1.82,20,1,20.0,1.82,10.0,0.91
Pillard Féroce,Savage Looter,1,11,0.09,9%,20.0,1.82,20,1,20.0,1.82,10.0,0.91
Décharge Élémentaire,Elemental Discharge,1,11,0.09,9%,18.0,1.64,18,1,18.0,1.64,9.0,0.82
Masse de Siège,Siege Mace,1,11,0.09,9%,16.0,1.45,16,0,Gratuit,Gratuit,16.0,1.45
