,Nom Anglais,nb games valide,total games,ratio,%,pts moy,pts moy total,total point,cout,pts par cout moy,pts par cout total,pts par cout moy+1,pts par cout total+1
Lame Affutée,Sharp Blade,5,6,0.83,83%,21.0,17.5,105,3,7.0,5.83,5.25,4.38
Faux,Scythe,6,6,1.0,100%,16.33,16.33,98,3,5.44,5.44,4.08,4.08
Totem Équivalent,Equivalent Totem,6,6,1.0,100%,16.0,16.0,96,2,8.0,8.0,5.33,5.33
Armure d'Obsidienne,Obsidian Battle Plate,4,6,0.67,67%,20.0,13.33,80,2,10.0,6.67,6.67,4.44
Lame Insatiable,Fast Furious Blade,5,6,0.83,83%,16.0,13.33,80,2,8.0,6.67,5.33,4.44
Parchemin Secret,Secret Scroll,4,6,0.67,67%,18.0,12.0,72,2,9.0,6.0,6.0,4.0
Économe Sagesse du Trésorier,Treasurer's Wisdom,4,6,0.67,67%,17.0,11.33,68,2,8.5,5.67,5.67,3.78
Aveuglement,Incapacitor,6,6,1.0,100%,10.5,10.5,63,3,3.5,3.5,2.62,2.62
Elan de Fureur,Rampage Momentum,4,6,0.67,67%,15.0,10.0,60,2,7.5,5.0,5.0,3.33
Explosion Arcanique,Arcane Explosive,5,6,0.83,83%,12.0,10.0,60,1,12.0,10.0,6.0,5.0
Hache Frénétique,Berseker Ax,4,6,0.67,67%,14.0,9.33,56,2,7.0,4.67,4.67,3.11
Marteau Collecteur,Collecting Hammer,5,6,0.83,83%,10.8,9.0,54,2,5.4,4.5,3.6,3.0
Esprit de l'Écuyer,Spirit of the Squire,6,6,1.0,100%,8.5,8.5,51,3,2.83,2.83,2.12,2.12
Épée Obscure,Swords of Darkness,3,6,0.5,50%,17.0,8.5,51,1,17.0,8.5,8.5,4.25
Faux Assoiffées,Thirsty Scythes,2,6,0.33,33%,25.0,8.33,50,3,8.33,2.78,6.25,2.08
Bâton de Conquête,Conquering Staff,2,6,0.33,33%,24.0,8.0,48,2,12.0,4.0,8.0,2.67
Faux Parfaite,Perfect Scythe,3,6,0.5,50%,15.0,7.5,45,0,Gratuit,Gratuit,15.0,7.5
Désintégrateur Magnétique,Magnetic Disintegrator,4,6,0.67,67%,11.0,7.33,44,0,Gratuit,Gratuit,11.0,7.33
Masse Colossale,Colossal Mace,4,6,0.67,67%,11.0,7.33,44,0,Gratuit,Gratuit,11.0,7.33
Danse Macabre,Dance of Death,5,6,0.83,83%,8.0,6.67,40,1,8.0,6.67,4.0,3.33
Tombeau Rocheux,Rock Tomb,4,6,0.67,67%,10.0,6.67,40,1,10.0,6.67,5.0,3.33
Aura Légendaire,Legend Aura,1,6,0.17,17%,40.0,6.67,40,3,13.33,2.22,10.0,1.67
Couronne du Roi Nain,Crown of the Dwarf King,3,6,0.5,50%,13.0,6.5,39,0,Gratuit,Gratuit,13.0,6.5
Enchaînement Éclair,Unstoppable Lightning,2,6,0.33,33%,18.0,6.0,36,1,18.0,6.0,9.0,3.0
Esprit Guerrier,Spirit of the Warrior,2,6,0.33,33%,16.0,5.33,32,1,16.0,5.33,8.0,2.67
Épé Sainte,Holy Sword,3,6,0.5,50%,10.0,5.0,30,0,Gratuit,Gratuit,10.0,5.0
Soif de Sang,Thirsty Dagger,2,6,0.33,33%,15.0,5.0,30,0,Gratuit,Gratuit,15.0,5.0
Triple Météore,Trimeteor,1,6,0.17,17%,30.0,5.0,30,0,Gratuit,Gratuit,30.0,5.0
Totem du Gardien,Guardian Totem,6,6,1.0,100%,4.67,4.67,28,3,1.56,1.56,1.17,1.17
Armure d'Immortel,Immortal Breastplate,2,6,0.33,33%,14.0,4.67,28,1,14.0,4.67,7.0,2.33
Ascension Divine,Divine Ascent,1,6,0.17,17%,25.0,4.17,25,3,8.33,1.39,6.25,1.04
Œil de Lynx,Hawk's Eye,3,6,0.5,50%,8.0,4.0,24,0,Gratuit,Gratuit,8.0,4.0
Sabre Versatile,Versatil Saber,2,6,0.33,33%,11.0,3.67,22,1,11.0,3.67,5.5,1.83
Force Divine,Divine Impetu,2,6,0.33,33%,11.0,3.67,22,0,Gratuit,Gratuit,11.0,3.67
Pillard Féroce,Savage Looter,1,6,0.17,17%,20.0,3.33,20,1,20.0,3.33,10.0,1.67
Coup de Mort,Death Helper,2,6,0.33,33%,10.0,3.33,20,1,10.0,3.33,5.0,1.67
Chasseresse d'Âmes,Huntress of Souls,1,6,0.17,17%,19.0,3.17,19,1,19.0,3.17,9.5,1.58
Décharge Élémentaire,Elemental Discharge,1,6,0.17,17%,18.0,3.0,18,1,18.0,3.0,9.0,1.5
Marteleur précis,Precise Hammer,1,6,0.17,17%,18.0,3.0,18,1,18.0,3.0,9.0,1.5
Griffes Démoniaques,Demon Claws,1,6,0.17,17%,17.0,2.83,17,1,17.0,2.83,8.5,1.42
Griffes Sauvages,Wild Claw,5,6,0.83,83%,3.2,2.67,16,3,1.07,0.89,0.8,0.67
Bâton du Conquérant,Staff of Conquered Worlds,1,6,0.17,17%,11.0,1.83,11,0,Gratuit,Gratuit,11.0,1.83
