,Nom Anglais,nb games valide,total games,ratio,%,pts moy,pts moy total,total point,cout,pts par cout moy,pts par cout total,pts par cout moy+1,pts par cout total+1
Faux,Scythe,9,9,1.0,100%,18.11,18.11,163,3,6.04,6.04,4.53,4.53
Totem Équivalent,Equivalent Totem,9,9,1.0,100%,16.56,16.56,149,2,8.28,8.28,5.52,5.52
Lame Affutée,Sharp Blade,8,9,0.89,89%,18.0,16.0,144,3,6.0,5.33,4.5,4.0
Aveuglement,Incapacitor,9,9,1.0,100%,14.33,14.33,129,3,4.78,4.78,3.58,3.58
Faux Assoiffées,Thirsty Scythes,5,9,0.56,56%,25.0,13.89,125,3,8.33,4.63,6.25,3.47
Armure d'Obsidienne,Obsidian Battle Plate,6,9,0.67,67%,20.0,13.33,120,2,10.0,6.67,6.67,4.44
Économe Sagesse du Trésorier,Treasurer's Wisdom,7,9,0.78,78%,17.0,13.22,119,2,8.5,6.61,5.67,4.41
Lame Insatiable,Fast Furious Blade,7,9,0.78,78%,16.0,12.44,112,2,8.0,6.22,5.33,4.15
Marteau Collecteur,Collecting Hammer,8,9,0.89,89%,13.5,12.0,108,2,6.75,6.0,4.5,4.0
Hache Frénétique,Berseker Ax,7,9,0.78,78%,14.0,10.89,98,2,7.0,5.45,4.67,3.63
Explosion Arcanique,Arcane Explosive,8,9,0.89,89%,12.0,10.67,96,1,12.0,10.67,6.0,5.33
Bâton de Conquête,Conquering Staff,4,9,0.44,44%,24.0,10.67,96,2,12.0,5.33,8.0,3.56
Parchemin Secret,Secret Scroll,5,9,0.56,56%,18.0,10.0,90,2,9.0,5.0,6.0,3.33
Elan de Fureur,Rampage Momentum,5,9,0.56,56%,15.0,8.33,75,2,7.5,4.17,5.0,2.78
Ascension Divine,Divine Ascent,3,9,0.33,33%,25.0,8.33,75,3,8.33,2.78,6.25,2.08
Esprit de l'Écuyer,Spirit of the Squire,8,9,0.89,89%,9.0,8.0,72,3,3.0,2.67,2.25,2.0
Tombeau Rocheux,Rock Tomb,7,9,0.78,78%,10.0,7.78,70,1,10.0,7.78,5.0,3.89
Épée Obscure,Swords of Darkness,4,9,0.44,44%,17.0,7.56,68,1,17.0,7.56,8.5,3.78
Masse Colossale,Colossal Mace,5,9,0.56,56%,11.0,6.11,55,0,Gratuit,Gratuit,11.0,6.11
Désintégrateur Magnétique,Magnetic Disintegrator,5,9,0.56,56%,11.0,6.11,55,0,Gratuit,Gratuit,11.0,6.11
Enchaînement Éclair,Unstoppable Lightning,3,9,0.33,33%,18.0,6.0,54,1,18.0,6.0,9.0,3.0
Marteleur précis,Precise Hammer,3,9,0.33,33%,18.0,6.0,54,1,18.0,6.0,9.0,3.0
Œil de Lynx,Hawk's Eye,6,9,0.67,67%,8.0,5.33,48,0,Gratuit,Gratuit,8.0,5.33
Danse Macabre,Dance of Death,6,9,0.67,67%,8.0,5.33,48,1,8.0,5.33,4.0,2.67
Soif de Sang,Thirsty Dagger,3,9,0.33,33%,15.0,5.0,45,0,Gratuit,Gratuit,15.0,5.0
Faux Parfaite,Perfect Scythe,3,9,0.33,33%,15.0,5.0,45,0,Gratuit,Gratuit,15.0,5.0
Armure d'Immortel,Immortal Breastplate,3,9,0.33,33%,14.0,4.67,42,1,14.0,4.67,7.0,2.33
Aura Légendaire,Legend Aura,1,9,0.11,11%,40.0,4.44,40,3,13.33,1.48,10.0,1.11
Totem du Gardien,Guardian Totem,9,9,1.0,100%,4.44,4.44,40,3,1.48,1.48,1.11,1.11
Épé Sainte,Holy Sword,4,9,0.44,44%,10.0,4.44,40,0,Gratuit,Gratuit,10.0,4.44
Couronne du Roi Nain,Crown of the Dwarf King,3,9,0.33,33%,13.0,4.33,39,0,Gratuit,Gratuit,13.0,4.33
Chasseresse d'Âmes,Huntress of Souls,2,9,0.22,22%,19.0,4.22,38,1,19.0,4.22,9.5,2.11
Griffes Démoniaques,Demon Claws,2,9,0.22,22%,17.0,3.78,34,1,17.0,3.78,8.5,1.89
Sabre Versatile,Versatil Saber,3,9,0.33,33%,11.0,3.67,33,1,11.0,3.67,5.5,1.83
Esprit Guerrier,Spirit of the Warrior,2,9,0.22,22%,16.0,3.56,32,1,16.0,3.56,8.0,1.78
Griffes Sauvages,Wild Claw,8,9,0.89,89%,3.88,3.44,31,3,1.29,1.15,0.97,0.86
Triple Météore,Trimeteor,1,9,0.11,11%,30.0,3.33,30,0,Gratuit,Gratuit,30.0,3.33
Coup de Mort,Death Helper,3,9,0.33,33%,10.0,3.33,30,1,10.0,3.33,5.0,1.67
Bâton du Conquérant,Staff of Conquered Worlds,2,9,0.22,22%,11.0,2.44,22,0,Gratuit,Gratuit,11.0,2.44
Force Divine,Divine Impetu,2,9,0.22,22%,11.0,2.44,22,0,Gratuit,Gratuit,11.0,2.44
Pillard Féroce,Savage Looter,1,9,0.11,11%,20.0,2.22,20,1,20.0,2.22,10.0,1.11
Décharge Élémentaire,Elemental Discharge,1,9,0.11,11%,18.0,2.0,18,1,18.0,2.0,9.0,1.0
Chasseur d'Âmes,Soul Hunter,1,9,0.11,11%,15.0,1.67,15,1,15.0,1.67,7.5,0.83
