,Nom Anglais,nb games valide,total games,ratio,%,pts moy,pts moy total,total point,cout,pts par cout moy,pts par cout total,pts par cout moy+1,pts par cout total+1
Faux,Scythe,3,3,1.0,100%,17.0,17.0,51,3,5.67,5.67,4.25,4.25
Hache Frénétique,Berseker Ax,3,3,1.0,100%,16.0,16.0,48,2,8.0,8.0,5.33,5.33
Totem Équivalent,Equivalent Totem,3,3,1.0,100%,15.33,15.33,46,3,5.11,5.11,3.83,3.83
Marteau Collecteur,Collecting Hammer,2,3,0.67,67%,21.0,14.0,42,2,10.5,7.0,7.0,4.67
Esprit omniprésent,Omnipresent Spirit,2,3,0.67,67%,18.0,12.0,36,2,9.0,6.0,6.0,4.0
Marteleur précis,Precise Hammer,2,3,0.67,67%,18.0,12.0,36,1,18.0,12.0,9.0,6.0
Aveuglement,Incapacitor,3,3,1.0,100%,10.0,10.0,30,3,3.33,3.33,2.5,2.5
Faux Assoiffées,Thirsty Scythes,1,3,0.33,33%,25.0,8.33,25,3,8.33,2.78,6.25,2.08
Armure d'Obsidienne,Obsidian Battle Plate,1,3,0.33,33%,20.0,6.67,20,2,10.0,3.33,6.67,2.22
Armure d'Immortel,Immortal Breastplate,1,3,0.33,33%,20.0,6.67,20,1,20.0,6.67,10.0,3.33
Sabre Versatile,Versatil Saber,1,3,0.33,33%,18.0,6.0,18,1,18.0,6.0,9.0,3.0
Lame Insatiable,Fast Furious Blade,1,3,0.33,33%,18.0,6.0,18,2,9.0,3.0,6.0,2.0
Esprit Guerrier,Spirit of the Warrior,1,3,0.33,33%,16.0,5.33,16,1,16.0,5.33,8.0,2.67
Lame Affutée,Sharp Blade,2,3,0.67,67%,7.5,5.0,15,3,2.5,1.67,1.88,1.25
Faux Parfaite,Perfect Scythe,1,3,0.33,33%,15.0,5.0,15,0,Gratuit,Gratuit,15.0,5.0
Totem du Gardien,Guardian Totem,3,3,1.0,100%,5.0,5.0,15,3,1.67,1.67,1.25,1.25
Explosion Arcanique,Arcane Explosive,1,3,0.33,33%,12.0,4.0,12,1,12.0,4.0,6.0,2.0
Danse Macabre,Dance of Death,1,3,0.33,33%,10.0,3.33,10,1,10.0,3.33,5.0,1.67
Esprit de l'Écuyer,Spirit of the Squire,3,3,1.0,100%,3.0,3.0,9,3,1.0,1.0,0.75,0.75
Œil de Lynx,Hawk's Eye,1,3,0.33,33%,8.0,2.67,8,0,Gratuit,Gratuit,8.0,2.67
Griffes Sauvages,Wild Claw,2,3,0.67,67%,3.5,2.33,7,3,1.17,0.78,0.88,0.58
