,Nom Anglais,nb games valide,total games,ratio,%,pts moy,pts moy total,total point,cout,pts par cout moy,pts par cout total
Esprit de la Faille,Spirit of the Rift,1,2,0.5,50%,20.0,10.0,20,2,10.0,5.0
Écailles Magiques,Magic Scales,1,2,0.5,50%,20.0,10.0,20,2,10.0,5.0
L'Oeil du Héraut,Eye of the Void,2,2,1.0,100%,8.0,8.0,16,0,Gratuit,Gratuit
Première Ligne,First Line,2,2,1.0,100%,8.0,8.0,16,0,Gratuit,Gratuit
Perce-Écailles,Scale Tearer,2,2,1.0,100%,7.5,7.5,15,3,2.5,2.5
Marteau Dévastateur,Destroyer Hammer,2,2,1.0,100%,7.0,7.0,14,2,3.5,3.5
