,Nom Anglais,nb games valide,total games,ratio,%,pts moy,pts moy total,total point,cout,pts par cout moy,pts par cout total,pts par cout moy+1,pts par cout total+1
Écailles Magiques,Magic Scales,3,6,0.5,50%,20.0,10.0,60,2,10.0,5.0,6.67,3.33
Marteau Dévastateur,Destroyer Hammer,6,6,1.0,100%,9.33,9.33,56,2,4.67,4.67,3.11,3.11
Perce-Écailles,Scale Tearer,5,6,0.83,83%,10.0,8.33,50,3,3.33,2.78,2.5,2.08
Marteau Conquérant,Conquest Hammer,2,6,0.33,33%,22.0,7.33,44,3,7.33,2.44,5.5,1.83
Première Ligne,First Line,5,6,0.83,83%,8.0,6.67,40,0,Gratuit,Gratuit,8.0,6.67
Chasse au Gros,Big Worm Hunter,3,6,0.5,50%,13.0,6.5,39,3,4.33,2.17,3.25,1.62
Sceau Profanateur,Seal of Desecration,2,6,0.33,33%,16.0,5.33,32,2,8.0,2.67,5.33,1.78
Âme de Dragon Élémentaire,Elemental Dragon Soul,1,6,0.17,17%,25.0,4.17,25,1,25.0,4.17,12.5,2.08
Poigne d'Or,Golden Force,1,6,0.17,17%,23.0,3.83,23,1,23.0,3.83,11.5,1.92
Folie Meurtrière,Killer Momentum,1,6,0.17,17%,22.0,3.67,22,0,Gratuit,Gratuit,22.0,3.67
Esprit de la Faille,Spirit of the Rift,1,6,0.17,17%,20.0,3.33,20,2,10.0,1.67,6.67,1.11
Masque du Baron,Baron' s Mask,1,6,0.17,17%,20.0,3.33,20,2,10.0,1.67,6.67,1.11
Protection Royale,Royal Protector,1,6,0.17,17%,17.0,2.83,17,1,17.0,2.83,8.5,1.42
L'Oeil du Héraut,Eye of the Void,2,6,0.33,33%,8.0,2.67,16,0,Gratuit,Gratuit,8.0,2.67
Gardien Sous-terrain,Underworld Guardian,1,6,0.17,17%,15.0,2.5,15,1,15.0,2.5,7.5,1.25
Frappes Éclair,Light Swords,1,6,0.17,17%,12.0,2.0,12,0,Gratuit,Gratuit,12.0,2.0
