,Nom Anglais,nb games valide,total games,ratio,%,pts moy,pts moy total,total point,cout,pts par cout moy,pts par cout total
Esprit de la Faille,Spirit of the Rift,1,3,0.33,33%,20.0,6.67,20,2,10.0,3.33
Écailles Magiques,Magic Scales,1,3,0.33,33%,20.0,6.67,20,2,10.0,3.33
L'Oeil du Héraut,Eye of the Void,2,3,0.67,67%,8.0,5.33,16,0,Gratuit,Gratuit
Première Ligne,First Line,2,3,0.67,67%,8.0,5.33,16,0,Gratuit,Gratuit
Marteau Dévastateur,Destroyer Hammer,3,3,1.0,100%,5.33,5.33,16,2,2.67,2.67
Perce-Écailles,Scale Tearer,2,3,0.67,67%,7.5,5.0,15,3,2.5,1.67
