,Nom Anglais,nb games valide,total games,ratio,%,pts moy,pts moy total,total point,cout,pts par cout moy,pts par cout total,pts par cout moy+1,pts par cout total+1
Perce-Écailles,Scale Tearer,5,5,1.0,100%,16.0,16.0,80,3,5.33,5.33,4.0,4.0
Poigne d'Or,Golden Force,3,5,0.6,60%,23.0,13.8,69,1,23.0,13.8,11.5,6.9
Marteau Conquérant,Conquest Hammer,3,5,0.6,60%,22.0,13.2,66,3,7.33,4.4,5.5,3.3
Marteau Dévastateur,Destroyer Hammer,5,5,1.0,100%,13.2,13.2,66,2,6.6,6.6,4.4,4.4
Esprit de la Faille,Spirit of the Rift,3,5,0.6,60%,20.0,12.0,60,2,10.0,6.0,6.67,4.0
Masque du Baron,Baron' s Mask,3,5,0.6,60%,20.0,12.0,60,2,10.0,6.0,6.67,4.0
Écailles Magiques,Magic Scales,3,5,0.6,60%,20.0,12.0,60,2,10.0,6.0,6.67,4.0
Protection Royale,Royal Protector,3,5,0.6,60%,17.0,10.2,51,1,17.0,10.2,8.5,5.1
Âme de Dragon Élémentaire,Elemental Dragon Soul,2,5,0.4,40%,25.0,10.0,50,1,25.0,10.0,12.5,5.0
Sceau Profanateur,Seal of Desecration,3,5,0.6,60%,16.0,9.6,48,2,8.0,4.8,5.33,3.2
Gardien Sous-terrain,Underworld Guardian,3,5,0.6,60%,15.0,9.0,45,1,15.0,9.0,7.5,4.5
L'Oeil du Héraut,Eye of the Void,3,5,0.6,60%,13.33,8.0,40,0,Gratuit,Gratuit,13.33,8.0
Chasse au Gros,Big Worm Hunter,3,5,0.6,60%,13.0,7.8,39,3,4.33,2.6,3.25,1.95
Frappes Éclair,Light Swords,3,5,0.6,60%,12.0,7.2,36,0,Gratuit,Gratuit,12.0,7.2
Première Ligne,First Line,3,5,0.6,60%,8.0,4.8,24,0,Gratuit,Gratuit,8.0,4.8
