,Nom Anglais,nb games valide,total games,ratio,%,pts moy,pts moy total,total point,cout,pts par cout moy,pts par cout total,pts par cout moy+1,pts par cout total+1
Esprit de la Faille,Spirit of the Rift,2,3,0.67,67%,25.0,16.67,50,2,12.5,8.34,8.33,5.56
Écailles Magiques,Magic Scales,2,3,0.67,67%,25.0,16.67,50,2,12.5,8.34,8.33,5.56
Perce-Écailles,Scale Tearer,3,3,1.0,100%,16.33,16.33,49,3,5.44,5.44,4.08,4.08
Marteau Dévastateur,Destroyer Hammer,3,3,1.0,100%,11.33,11.33,34,2,5.67,5.67,3.78,3.78
Masque du Baron,Baron' s Mask,1,3,0.33,33%,25.0,8.33,25,2,12.5,4.17,8.33,2.78
Première Ligne,First Line,3,3,1.0,100%,8.0,8.0,24,0,Gratuit,Gratuit,8.0,8.0
Marteau Conquérant,Conquest Hammer,1,3,0.33,33%,22.0,7.33,22,3,7.33,2.44,5.5,1.83
L'Oeil du Héraut,Eye of the Void,2,3,0.67,67%,9.0,6.0,18,0,Gratuit,Gratuit,9.0,6.0
Gardien Sous-terrain,Underworld Guardian,1,3,0.33,33%,18.0,6.0,18,1,18.0,6.0,9.0,3.0
Protection Royale,Royal Protector,1,3,0.33,33%,17.0,5.67,17,1,17.0,5.67,8.5,2.83
Chasse au Gros,Big Worm Hunter,1,3,0.33,33%,15.0,5.0,15,3,5.0,1.67,3.75,1.25
Frappes Éclair,Light Swords,1,3,0.33,33%,12.0,4.0,12,0,Gratuit,Gratuit,12.0,4.0
Sceau Profanateur,Seal of Desecration,1,3,0.33,33%,8.0,2.67,8,2,4.0,1.33,2.67,0.89
