,Nom Anglais,nb games valide,total games,ratio,%,pts moy,pts moy total,total point,cout,pts par cout moy,pts par cout total,pts par cout moy+1,pts par cout total+1
Chasse au Gros,Big Worm Hunter,5,5,1.0,100%,23.4,23.4,117,3,7.8,7.8,5.85,5.85
Marteau Conquérant,Conquest Hammer,4,5,0.8,80%,22.0,17.6,88,3,7.33,5.87,5.5,4.4
Marteau Dévastateur,Destroyer Hammer,5,5,1.0,100%,16.8,16.8,84,2,8.4,8.4,5.6,5.6
Masque du Baron,Baron' s Mask,4,5,0.8,80%,20.0,16.0,80,2,10.0,8.0,6.67,5.33
Sceau Profanateur,Seal of Desecration,5,5,1.0,100%,14.4,14.4,72,2,7.2,7.2,4.8,4.8
Perce-Écailles,Scale Tearer,5,5,1.0,100%,14.0,14.0,70,3,4.67,4.67,3.5,3.5
Poigne d'Or,Golden Force,3,5,0.6,60%,23.0,13.8,69,1,23.0,13.8,11.5,6.9
Protection Royale,Royal Protector,4,5,0.8,80%,17.0,13.6,68,1,17.0,13.6,8.5,6.8
Folie Meurtrière,Killer Momentum,2,5,0.4,40%,30.0,12.0,60,0,Gratuit,Gratuit,30.0,12.0
Gardien Sous-terrain,Underworld Guardian,4,5,0.8,80%,15.0,12.0,60,1,15.0,12.0,7.5,6.0
Écailles Magiques,Magic Scales,2,5,0.4,40%,20.0,8.0,40,2,10.0,4.0,6.67,2.67
Première Ligne,First Line,5,5,1.0,100%,8.0,8.0,40,0,Gratuit,Gratuit,8.0,8.0
Frappes Éclair,Light Swords,2,5,0.4,40%,12.0,4.8,24,0,Gratuit,Gratuit,12.0,4.8
L'Oeil du Héraut,Eye of the Void,2,5,0.4,40%,8.0,3.2,16,0,Gratuit,Gratuit,8.0,3.2
