,Nom Anglais,nb games valide,total games,ratio,%,pts moy,pts moy total,total point,cout,pts par cout moy,pts par cout total,pts par cout moy+1,pts par cout total+1
Esprit de la Faille,Spirit of the Rift,2,4,0.5,50%,20.0,10.0,40,2,10.0,5.0,6.67,3.33
Perce-Écailles,Scale Tearer,4,4,1.0,100%,8.75,8.75,35,3,2.92,2.92,2.19,2.19
Marteau Dévastateur,Destroyer Hammer,4,4,1.0,100%,7.5,7.5,30,2,3.75,3.75,2.5,2.5
L'Oeil du Héraut,Eye of the Void,2,4,0.5,50%,12.0,6.0,24,0,Gratuit,Gratuit,12.0,6.0
Marteau Conquérant,Conquest Hammer,1,4,0.25,25%,22.0,5.5,22,3,7.33,1.83,5.5,1.38
Masque du Baron,Baron' s Mask,1,4,0.25,25%,20.0,5.0,20,2,10.0,2.5,6.67,1.67
Écailles Magiques,Magic Scales,1,4,0.25,25%,20.0,5.0,20,2,10.0,2.5,6.67,1.67
Protection Royale,Royal Protector,1,4,0.25,25%,17.0,4.25,17,1,17.0,4.25,8.5,2.12
Première Ligne,First Line,2,4,0.5,50%,8.0,4.0,16,0,Gratuit,Gratuit,8.0,4.0
Gardien Sous-terrain,Underworld Guardian,1,4,0.25,25%,15.0,3.75,15,1,15.0,3.75,7.5,1.88
Chasse au Gros,Big Worm Hunter,1,4,0.25,25%,13.0,3.25,13,3,4.33,1.08,3.25,0.81
Frappes Éclair,Light Swords,1,4,0.25,25%,12.0,3.0,12,0,Gratuit,Gratuit,12.0,3.0
Sceau Profanateur,Seal of Desecration,1,4,0.25,25%,8.0,2.0,8,2,4.0,1.0,2.67,0.67
