,Nom Anglais,nb games valide,total games,ratio,%,pts moy,pts moy total,total point,cout,pts par cout moy,pts par cout total
Écailles Magiques,Magic Scales,3,4,0.75,75%,20.0,15.0,60,2,10.0,7.5
Esprit de la Faille,Spirit of the Rift,2,4,0.5,50%,20.0,10.0,40,2,10.0,5.0
Marteau Dévastateur,Destroyer Hammer,4,4,1.0,100%,10.0,10.0,40,2,5.0,5.0
Perce-Écailles,Scale Tearer,4,4,1.0,100%,7.5,7.5,30,3,2.5,2.5
Folie Meurtrière,Killer Momentum,1,4,0.25,25%,30.0,7.5,30,0,Gratuit,Gratuit
Chasse au Gros,Big Worm Hunter,1,4,0.25,25%,26.0,6.5,26,3,8.67,2.17
L'Oeil du Héraut,Eye of the Void,2,4,0.5,50%,12.0,6.0,24,0,Gratuit,Gratuit
Première Ligne,First Line,3,4,0.75,75%,8.0,6.0,24,0,Gratuit,Gratuit
Poigne d'Or,Golden Force,1,4,0.25,25%,23.0,5.75,23,1,23.0,5.75
Marteau Conquérant,Conquest Hammer,1,4,0.25,25%,22.0,5.5,22,3,7.33,1.83
Masque du Baron,Baron' s Mask,1,4,0.25,25%,20.0,5.0,20,2,10.0,2.5
Protection Royale,Royal Protector,1,4,0.25,25%,17.0,4.25,17,1,17.0,4.25
Sceau Profanateur,Seal of Desecration,1,4,0.25,25%,16.0,4.0,16,2,8.0,2.0
Gardien Sous-terrain,Underworld Guardian,1,4,0.25,25%,15.0,3.75,15,1,15.0,3.75
Frappes Éclair,Light Swords,1,4,0.25,25%,12.0,3.0,12,0,Gratuit,Gratuit
