,Nom Anglais,nb games valide,total games,ratio,%,pts moy,pts moy total,total point,cout,pts par cout moy,pts par cout total
Faux,Scythe,18,18,1.0,100%,16.39,16.39,295,3,5.46,5.46
Économe Sagesse du Trésorier,Treasurer's Wisdom,12,18,0.67,67%,17.0,11.33,204,2,8.5,5.67
Aveuglement,Incapacitor,17,18,0.94,94%,10.41,9.83,177,3,3.47,3.28
Armure d'Obsidienne,Obsidian Battle Plate,8,18,0.44,44%,20.0,8.89,160,2,10.0,4.45
Hache Frénétique,Berseker Ax,11,18,0.61,61%,14.0,8.56,154,2,7.0,4.28
Lame Affutée,Sharp Blade,18,18,1.0,100%,8.5,8.5,153,3,2.83,2.83
Esprit de l'Écuyer,Spirit of the Squire,17,18,0.94,94%,7.59,7.17,129,3,2.53,2.39
Ascension Divine,Divine Ascent,5,18,0.28,28%,25.0,6.94,125,3,8.33,2.31
Adrénaline Arcanique,Arcane Adrenaline,7,18,0.39,39%,16.0,6.22,112,1,16.0,6.22
Lame Insatiable,Fast Furious Blade,7,18,0.39,39%,16.0,6.22,112,2,8.0,3.11
Faux Assoiffées,Thirsty Scythes,4,18,0.22,22%,25.0,5.56,100,3,8.33,1.85
Totem du Gardien,Guardian Totem,18,18,1.0,100%,4.39,4.39,79,3,1.46,1.46
Explosion Arcanique,Arcane Explosive,6,18,0.33,33%,12.0,4.0,72,1,12.0,4.0
Armure d'Immortel,Immortal Breastplate,5,18,0.28,28%,14.0,3.89,70,1,14.0,3.89
Sabre Versatile,Versatil Saber,6,18,0.33,33%,11.0,3.67,66,1,11.0,3.67
Danse Macabre,Dance of Death,8,18,0.44,44%,8.0,3.56,64,1,8.0,3.56
Elan de Fureur,Rampage Momentum,4,18,0.22,22%,15.0,3.33,60,2,7.5,1.67
Épée Obscure,Swords of Darkness,4,18,0.22,22%,15.0,3.33,60,1,15.0,3.33
Esquive Salvatrice,Evasive Protection,4,18,0.22,22%,15.0,3.33,60,0,Gratuit,Gratuit
Chasseresse d'Âmes,Huntress of Souls,3,18,0.17,17%,19.0,3.17,57,1,19.0,3.17
Le Croque-mort,The Undertaker,4,18,0.22,22%,14.0,3.11,56,1,14.0,3.11
Parchemin Secret,Secret Scroll,3,18,0.17,17%,18.0,3.0,54,2,9.0,1.5
Griffes Démoniaques,Demon Claws,3,18,0.17,17%,17.0,2.83,51,1,17.0,2.83
Tombeau Rocheux,Rock Tomb,5,18,0.28,28%,10.0,2.78,50,1,10.0,2.78
Coup de Mort,Death Helper,5,18,0.28,28%,10.0,2.78,50,1,10.0,2.78
Force Divine,Divine Impetu,4,18,0.22,22%,11.0,2.44,44,0,Gratuit,Gratuit
Glaive Vindicatif,Large Sword of Hate,2,18,0.11,11%,20.0,2.22,40,1,20.0,2.22
Épées Jumelles,Twin Swords,4,18,0.22,22%,10.0,2.22,40,1,10.0,2.22
Esprit omniprésent,Omnipresent Spirit,2,18,0.11,11%,18.0,2.0,36,2,9.0,1.0
Désintégrateur Magnétique,Magnetic Disintegrator,3,18,0.17,17%,11.0,1.83,33,0,Gratuit,Gratuit
Destruction Royale,Royal Destroyer,3,18,0.17,17%,11.0,1.83,33,0,Gratuit,Gratuit
Griffes Sauvages,Wild Claw,14,18,0.78,78%,2.36,1.83,33,3,0.79,0.61
Lance Doublée,Dual Spear,4,18,0.22,22%,8.0,1.78,32,0,Gratuit,Gratuit
Épé Sainte,Holy Sword,3,18,0.17,17%,10.0,1.67,30,0,Gratuit,Gratuit
Instinct Sanguinaire,Bloody Instinct,2,18,0.11,11%,15.0,1.67,30,2,7.5,0.83
Chasseur d'Âmes,Soul Hunter,2,18,0.11,11%,15.0,1.67,30,1,15.0,1.67
Bâton de Conquête,Conquering Staff,1,18,0.06,6%,24.0,1.33,24,2,12.0,0.67
Masse Colossale,Colossal Mace,2,18,0.11,11%,11.0,1.22,22,0,Gratuit,Gratuit
Assistance Divine,Sacred Help,1,18,0.06,6%,20.0,1.11,20,2,10.0,0.56
Le Marionnettiste,The Puppeteer,1,18,0.06,6%,20.0,1.11,20,2,10.0,0.56
Frappe Chirurgicale,Accurate Sword,1,18,0.06,6%,16.0,0.89,16,1,16.0,0.89
Œil de Lynx,Hawk's Eye,2,18,0.11,11%,8.0,0.89,16,0,Gratuit,Gratuit
Soif de Sang,Thirsty Dagger,1,18,0.06,6%,15.0,0.83,15,0,Gratuit,Gratuit
Bâton Élémentaire,Earthly Staff,1,18,0.06,6%,15.0,0.83,15,0,Gratuit,Gratuit
Couronne du Roi Nain,Crown of the Dwarf King,1,18,0.06,6%,13.0,0.72,13,0,Gratuit,Gratuit
Amulette Omnisciente,Omnipresent Amulet,1,18,0.06,6%,11.0,0.61,11,0,Gratuit,Gratuit
