,Nom Anglais,nb games valide,total games,ratio,%,pts moy,pts moy total,total point,cout,pts par cout moy,pts par cout total
Faux,Scythe,18,18,1.0,100%,16.11,16.11,290,3,5.37,5.37
Économe Sagesse du Trésorier,Treasurer's Wisdom,13,18,0.72,72%,17.0,12.28,221,2,8.5,6.14
Hache Frénétique,Berseker Ax,15,18,0.83,83%,14.0,11.67,210,2,7.0,5.83
Armure d'Obsidienne,Obsidian Battle Plate,10,18,0.56,56%,20.0,11.11,200,2,10.0,5.55
Lame Affutée,Sharp Blade,16,18,0.89,89%,12.19,10.83,195,3,4.06,3.61
Aveuglement,Incapacitor,17,18,0.94,94%,10.59,10.0,180,3,3.53,3.33
Faux Assoiffées,Thirsty Scythes,7,18,0.39,39%,25.0,9.72,175,3,8.33,3.24
Lame Insatiable,Fast Furious Blade,9,18,0.5,50%,16.0,8.0,144,2,8.0,4.0
Esprit de l'Écuyer,Spirit of the Squire,15,18,0.83,83%,9.0,7.5,135,3,3.0,2.5
Elan de Fureur,Rampage Momentum,7,18,0.39,39%,15.0,5.83,105,2,7.5,2.92
Épée Obscure,Swords of Darkness,7,18,0.39,39%,15.0,5.83,105,1,15.0,5.83
Pillard Féroce,Savage Looter,5,18,0.28,28%,20.0,5.56,100,1,20.0,5.56
Ascension Divine,Divine Ascent,4,18,0.22,22%,25.0,5.56,100,3,8.33,1.85
Adrénaline Arcanique,Arcane Adrenaline,6,18,0.33,33%,16.0,5.33,96,1,16.0,5.33
Chasseresse d'Âmes,Huntress of Souls,5,18,0.28,28%,19.0,5.28,95,1,19.0,5.28
Griffes Démoniaques,Demon Claws,5,18,0.28,28%,17.0,4.72,85,1,17.0,4.72
Épées Jumelles,Twin Swords,7,18,0.39,39%,11.43,4.44,80,1,11.43,4.44
Danse Macabre,Dance of Death,10,18,0.56,56%,8.0,4.44,80,1,8.0,4.44
Aura Légendaire,Legend Aura,2,18,0.11,11%,40.0,4.44,80,3,13.33,1.48
Glaive Vindicatif,Large Sword of Hate,4,18,0.22,22%,20.0,4.44,80,1,20.0,4.44
Marteleur précis,Precise Hammer,4,18,0.22,22%,18.0,4.0,72,1,18.0,4.0
Explosion Arcanique,Arcane Explosive,6,18,0.33,33%,12.0,4.0,72,1,12.0,4.0
Totem du Gardien,Guardian Totem,18,18,1.0,100%,4.0,4.0,72,3,1.33,1.33
Sabre Versatile,Versatil Saber,6,18,0.33,33%,11.0,3.67,66,1,11.0,3.67
Griffes Sauvages,Wild Claw,18,18,1.0,100%,3.5,3.5,63,3,1.17,1.17
Triple Météore,Trimeteor,2,18,0.11,11%,30.0,3.33,60,0,Gratuit,Gratuit
Le Marionnettiste,The Puppeteer,3,18,0.17,17%,20.0,3.33,60,2,10.0,1.67
Parchemin Secret,Secret Scroll,3,18,0.17,17%,18.0,3.0,54,2,9.0,1.5
Instinct Sanguinaire,Bloody Instinct,3,18,0.17,17%,15.0,2.5,45,2,7.5,1.25
Bâton Élémentaire,Earthly Staff,3,18,0.17,17%,15.0,2.5,45,0,Gratuit,Gratuit
Le Croque-mort,The Undertaker,3,18,0.17,17%,14.0,2.33,42,1,14.0,2.33
Épé Sainte,Holy Sword,4,18,0.22,22%,10.0,2.22,40,0,Gratuit,Gratuit
Lance Triplée,Triple Spear,2,18,0.11,11%,20.0,2.22,40,0,Gratuit,Gratuit
Coup de Mort,Death Helper,4,18,0.22,22%,10.0,2.22,40,1,10.0,2.22
Couronne du Roi Nain,Crown of the Dwarf King,3,18,0.17,17%,13.0,2.17,39,0,Gratuit,Gratuit
Enchaînement Éclair,Unstoppable Lightning,2,18,0.11,11%,18.0,2.0,36,1,18.0,2.0
Esprit omniprésent,Omnipresent Spirit,2,18,0.11,11%,18.0,2.0,36,2,9.0,1.0
Force Divine,Divine Impetu,3,18,0.17,17%,11.0,1.83,33,0,Gratuit,Gratuit
Lance Doublée,Dual Spear,4,18,0.22,22%,8.0,1.78,32,0,Gratuit,Gratuit
Chasseur d'Âmes,Soul Hunter,2,18,0.11,11%,15.0,1.67,30,1,15.0,1.67
Esquive Salvatrice,Evasive Protection,2,18,0.11,11%,15.0,1.67,30,0,Gratuit,Gratuit
Soif de Sang,Thirsty Dagger,2,18,0.11,11%,15.0,1.67,30,0,Gratuit,Gratuit
Armure d'Immortel,Immortal Breastplate,2,18,0.11,11%,14.0,1.56,28,1,14.0,1.56
Désintégrateur Magnétique,Magnetic Disintegrator,2,18,0.11,11%,11.0,1.22,22,0,Gratuit,Gratuit
Masse Colossale,Colossal Mace,2,18,0.11,11%,11.0,1.22,22,0,Gratuit,Gratuit
Destruction Royale,Royal Destroyer,2,18,0.11,11%,11.0,1.22,22,0,Gratuit,Gratuit
Tombeau Rocheux,Rock Tomb,2,18,0.11,11%,10.0,1.11,20,1,10.0,1.11
Frappe Chirurgicale,Accurate Sword,1,18,0.06,6%,16.0,0.89,16,1,16.0,0.89
Œil de Lynx,Hawk's Eye,2,18,0.11,11%,8.0,0.89,16,0,Gratuit,Gratuit
Masse de Siège,Siege Mace,1,18,0.06,6%,16.0,0.89,16,0,Gratuit,Gratuit
Amulette Omnisciente,Omnipresent Amulet,1,18,0.06,6%,11.0,0.61,11,0,Gratuit,Gratuit
