,Nom Anglais,nb games valide,total games,ratio,%,pts moy,pts moy total,total point,cout,pts par cout moy,pts par cout total
Faux,Scythe,12,12,1.0,100%,17.67,17.67,212,3,5.89,5.89
Économe Sagesse du Trésorier,Treasurer's Wisdom,10,12,0.83,83%,17.0,14.17,170,2,8.5,7.08
Ascension Divine,Divine Ascent,6,12,0.5,50%,25.0,12.5,150,3,8.33,4.17
Lame Insatiable,Fast Furious Blade,9,12,0.75,75%,16.0,12.0,144,2,8.0,6.0
Faux Assoiffées,Thirsty Scythes,5,12,0.42,42%,25.0,10.42,125,3,8.33,3.47
Armure d'Obsidienne,Obsidian Battle Plate,6,12,0.5,50%,20.0,10.0,120,2,10.0,5.0
Aveuglement,Incapacitor,12,12,1.0,100%,9.5,9.5,114,3,3.17,3.17
Marteleur précis,Precise Hammer,6,12,0.5,50%,18.0,9.0,108,1,18.0,9.0
Hache Frénétique,Berseker Ax,7,12,0.58,58%,14.0,8.17,98,2,7.0,4.08
Explosion Arcanique,Arcane Explosive,8,12,0.67,67%,12.0,8.0,96,1,12.0,8.0
Chasseresse d'Âmes,Huntress of Souls,5,12,0.42,42%,19.0,7.92,95,1,19.0,7.92
Lame Affutée,Sharp Blade,9,12,0.75,75%,10.0,7.5,90,3,3.33,2.5
Parchemin Secret,Secret Scroll,5,12,0.42,42%,18.0,7.5,90,2,9.0,3.75
Griffes Démoniaques,Demon Claws,5,12,0.42,42%,17.0,7.08,85,1,17.0,7.08
Couronne du Roi Nain,Crown of the Dwarf King,5,12,0.42,42%,13.0,5.42,65,0,Gratuit,Gratuit
Assistance Divine,Sacred Help,3,12,0.25,25%,20.0,5.0,60,2,10.0,2.5
Chasseur d'Âmes,Soul Hunter,4,12,0.33,33%,15.0,5.0,60,1,15.0,5.0
Bâton Élémentaire,Earthly Staff,4,12,0.33,33%,15.0,5.0,60,0,Gratuit,Gratuit
Mental d'Acier,Steel Aura,3,12,0.25,25%,18.0,4.5,54,2,9.0,2.25
Esprit de l'Écuyer,Spirit of the Squire,9,12,0.75,75%,6.0,4.5,54,3,2.0,1.5
Totem du Gardien,Guardian Totem,12,12,1.0,100%,4.17,4.17,50,3,1.39,1.39
Esprit Guerrier,Spirit of the Warrior,3,12,0.25,25%,16.0,4.0,48,1,16.0,4.0
Masse Colossale,Colossal Mace,4,12,0.33,33%,11.0,3.67,44,0,Gratuit,Gratuit
Danse Macabre,Dance of Death,4,12,0.33,33%,8.0,2.67,32,1,8.0,2.67
Instinct Sanguinaire,Bloody Instinct,2,12,0.17,17%,15.0,2.5,30,2,7.5,1.25
Elan de Fureur,Rampage Momentum,2,12,0.17,17%,15.0,2.5,30,2,7.5,1.25
Épée Obscure,Swords of Darkness,2,12,0.17,17%,15.0,2.5,30,1,15.0,2.5
Armure d'Immortel,Immortal Breastplate,2,12,0.17,17%,14.0,2.33,28,1,14.0,2.33
Le Croque-mort,The Undertaker,2,12,0.17,17%,14.0,2.33,28,1,14.0,2.33
Sabre Versatile,Versatil Saber,2,12,0.17,17%,11.0,1.83,22,1,11.0,1.83
Désintégrateur Magnétique,Magnetic Disintegrator,2,12,0.17,17%,11.0,1.83,22,0,Gratuit,Gratuit
Destruction Royale,Royal Destroyer,2,12,0.17,17%,11.0,1.83,22,0,Gratuit,Gratuit
Glaive Vindicatif,Large Sword of Hate,1,12,0.08,8%,20.0,1.67,20,1,20.0,1.67
Le Marionnettiste,The Puppeteer,1,12,0.08,8%,20.0,1.67,20,2,10.0,0.83
Épé Sainte,Holy Sword,2,12,0.17,17%,10.0,1.67,20,0,Gratuit,Gratuit
Épées Jumelles,Twin Swords,2,12,0.17,17%,10.0,1.67,20,1,10.0,1.67
Pillard Féroce,Savage Looter,1,12,0.08,8%,20.0,1.67,20,1,20.0,1.67
Enchaînement Éclair,Unstoppable Lightning,1,12,0.08,8%,18.0,1.5,18,1,18.0,1.5
Griffes Sauvages,Wild Claw,10,12,0.83,83%,1.8,1.5,18,3,0.6,0.5
Masse de Siège,Siege Mace,1,12,0.08,8%,16.0,1.33,16,0,Gratuit,Gratuit
Esquive Salvatrice,Evasive Protection,1,12,0.08,8%,15.0,1.25,15,0,Gratuit,Gratuit
Coup de Mort,Death Helper,1,12,0.08,8%,10.0,0.83,10,1,10.0,0.83
Tombeau Rocheux,Rock Tomb,1,12,0.08,8%,10.0,0.83,10,1,10.0,0.83
Lance Doublée,Dual Spear,1,12,0.08,8%,8.0,0.67,8,0,Gratuit,Gratuit
