,Nom Anglais,nb games valide,total games,ratio,%,pts moy,pts moy total,total point,cout,pts par cout moy,pts par cout total
Faux,Scythe,10,10,1.0,100%,17.8,17.8,178,3,5.93,5.93
Économe Sagesse du Trésorier,Treasurer's Wisdom,8,10,0.8,80%,17.0,13.6,136,2,8.5,6.8
Ascension Divine,Divine Ascent,5,10,0.5,50%,25.0,12.5,125,3,8.33,4.17
Lame Insatiable,Fast Furious Blade,7,10,0.7,70%,16.0,11.2,112,2,8.0,5.6
Faux Assoiffées,Thirsty Scythes,4,10,0.4,40%,25.0,10.0,100,3,8.33,3.33
Armure d'Obsidienne,Obsidian Battle Plate,5,10,0.5,50%,20.0,10.0,100,2,10.0,5.0
Aveuglement,Incapacitor,10,10,1.0,100%,8.7,8.7,87,3,2.9,2.9
Chasseresse d'Âmes,Huntress of Souls,4,10,0.4,40%,19.0,7.6,76,1,19.0,7.6
Explosion Arcanique,Arcane Explosive,6,10,0.6,60%,12.0,7.2,72,1,12.0,7.2
Marteleur précis,Precise Hammer,4,10,0.4,40%,18.0,7.2,72,1,18.0,7.2
Parchemin Secret,Secret Scroll,4,10,0.4,40%,18.0,7.2,72,2,9.0,3.6
Hache Frénétique,Berseker Ax,5,10,0.5,50%,14.0,7.0,70,2,7.0,3.5
Griffes Démoniaques,Demon Claws,4,10,0.4,40%,17.0,6.8,68,1,17.0,6.8
Lame Affutée,Sharp Blade,7,10,0.7,70%,9.43,6.6,66,3,3.14,2.2
Assistance Divine,Sacred Help,3,10,0.3,30%,20.0,6.0,60,2,10.0,3.0
Mental d'Acier,Steel Aura,3,10,0.3,30%,18.0,5.4,54,2,9.0,2.7
Chasseur d'Âmes,Soul Hunter,3,10,0.3,30%,15.0,4.5,45,1,15.0,4.5
Bâton Élémentaire,Earthly Staff,3,10,0.3,30%,15.0,4.5,45,0,Gratuit,Gratuit
Totem du Gardien,Guardian Totem,10,10,1.0,100%,4.0,4.0,40,3,1.33,1.33
Couronne du Roi Nain,Crown of the Dwarf King,3,10,0.3,30%,13.0,3.9,39,0,Gratuit,Gratuit
Esprit de l'Écuyer,Spirit of the Squire,7,10,0.7,70%,5.14,3.6,36,3,1.71,1.2
Masse Colossale,Colossal Mace,3,10,0.3,30%,11.0,3.3,33,0,Gratuit,Gratuit
Esprit Guerrier,Spirit of the Warrior,2,10,0.2,20%,16.0,3.2,32,1,16.0,3.2
Instinct Sanguinaire,Bloody Instinct,2,10,0.2,20%,15.0,3.0,30,2,7.5,1.5
Épée Obscure,Swords of Darkness,2,10,0.2,20%,15.0,3.0,30,1,15.0,3.0
Armure d'Immortel,Immortal Breastplate,2,10,0.2,20%,14.0,2.8,28,1,14.0,2.8
Danse Macabre,Dance of Death,3,10,0.3,30%,8.0,2.4,24,1,8.0,2.4
Destruction Royale,Royal Destroyer,2,10,0.2,20%,11.0,2.2,22,0,Gratuit,Gratuit
Désintégrateur Magnétique,Magnetic Disintegrator,2,10,0.2,20%,11.0,2.2,22,0,Gratuit,Gratuit
Le Marionnettiste,The Puppeteer,1,10,0.1,10%,20.0,2.0,20,2,10.0,1.0
Pillard Féroce,Savage Looter,1,10,0.1,10%,20.0,2.0,20,1,20.0,2.0
Épées Jumelles,Twin Swords,2,10,0.2,20%,10.0,2.0,20,1,10.0,2.0
Elan de Fureur,Rampage Momentum,1,10,0.1,10%,15.0,1.5,15,2,7.5,0.75
Esquive Salvatrice,Evasive Protection,1,10,0.1,10%,15.0,1.5,15,0,Gratuit,Gratuit
Le Croque-mort,The Undertaker,1,10,0.1,10%,14.0,1.4,14,1,14.0,1.4
Griffes Sauvages,Wild Claw,8,10,0.8,80%,1.62,1.3,13,3,0.54,0.43
Sabre Versatile,Versatil Saber,1,10,0.1,10%,11.0,1.1,11,1,11.0,1.1
Tombeau Rocheux,Rock Tomb,1,10,0.1,10%,10.0,1.0,10,1,10.0,1.0
Épé Sainte,Holy Sword,1,10,0.1,10%,10.0,1.0,10,0,Gratuit,Gratuit
Lance Doublée,Dual Spear,1,10,0.1,10%,8.0,0.8,8,0,Gratuit,Gratuit
