,Nom Anglais,nb games valide,total games,ratio,%,pts moy,pts moy total,total point,cout,pts par cout moy,pts par cout total
Faux,Scythe,9,9,1.0,100%,18.0,18.0,162,3,6.0,6.0
Ascension Divine,Divine Ascent,5,9,0.56,56%,25.0,13.89,125,3,8.33,4.63
Économe Sagesse du Trésorier,Treasurer's Wisdom,7,9,0.78,78%,17.0,13.22,119,2,8.5,6.61
Lame Insatiable,Fast Furious Blade,7,9,0.78,78%,16.0,12.44,112,2,8.0,6.22
Faux Assoiffées,Thirsty Scythes,4,9,0.44,44%,25.0,11.11,100,3,8.33,3.7
Armure d'Obsidienne,Obsidian Battle Plate,5,9,0.56,56%,20.0,11.11,100,2,10.0,5.55
Aveuglement,Incapacitor,9,9,1.0,100%,9.0,9.0,81,3,3.0,3.0
Chasseresse d'Âmes,Huntress of Souls,4,9,0.44,44%,19.0,8.44,76,1,19.0,8.44
Marteleur précis,Precise Hammer,4,9,0.44,44%,18.0,8.0,72,1,18.0,8.0
Parchemin Secret,Secret Scroll,4,9,0.44,44%,18.0,8.0,72,2,9.0,4.0
Griffes Démoniaques,Demon Claws,4,9,0.44,44%,17.0,7.56,68,1,17.0,7.56
Explosion Arcanique,Arcane Explosive,5,9,0.56,56%,12.0,6.67,60,1,12.0,6.67
Assistance Divine,Sacred Help,3,9,0.33,33%,20.0,6.67,60,2,10.0,3.33
Lame Affutée,Sharp Blade,6,9,0.67,67%,10.0,6.67,60,3,3.33,2.22
Hache Frénétique,Berseker Ax,4,9,0.44,44%,14.0,6.22,56,2,7.0,3.11
Mental d'Acier,Steel Aura,3,9,0.33,33%,18.0,6.0,54,2,9.0,3.0
Chasseur d'Âmes,Soul Hunter,3,9,0.33,33%,15.0,5.0,45,1,15.0,5.0
Bâton Élémentaire,Earthly Staff,3,9,0.33,33%,15.0,5.0,45,0,Gratuit,Gratuit
Couronne du Roi Nain,Crown of the Dwarf King,3,9,0.33,33%,13.0,4.33,39,0,Gratuit,Gratuit
Totem du Gardien,Guardian Totem,9,9,1.0,100%,4.11,4.11,37,3,1.37,1.37
Masse Colossale,Colossal Mace,3,9,0.33,33%,11.0,3.67,33,0,Gratuit,Gratuit
Esprit de l'Écuyer,Spirit of the Squire,6,9,0.67,67%,5.5,3.67,33,3,1.83,1.22
Esprit Guerrier,Spirit of the Warrior,2,9,0.22,22%,16.0,3.56,32,1,16.0,3.56
Épée Obscure,Swords of Darkness,2,9,0.22,22%,15.0,3.33,30,1,15.0,3.33
Armure d'Immortel,Immortal Breastplate,2,9,0.22,22%,14.0,3.11,28,1,14.0,3.11
Danse Macabre,Dance of Death,3,9,0.33,33%,8.0,2.67,24,1,8.0,2.67
Destruction Royale,Royal Destroyer,2,9,0.22,22%,11.0,2.44,22,0,Gratuit,Gratuit
Désintégrateur Magnétique,Magnetic Disintegrator,2,9,0.22,22%,11.0,2.44,22,0,Gratuit,Gratuit
Le Marionnettiste,The Puppeteer,1,9,0.11,11%,20.0,2.22,20,2,10.0,1.11
Pillard Féroce,Savage Looter,1,9,0.11,11%,20.0,2.22,20,1,20.0,2.22
Épées Jumelles,Twin Swords,2,9,0.22,22%,10.0,2.22,20,1,10.0,2.22
Elan de Fureur,Rampage Momentum,1,9,0.11,11%,15.0,1.67,15,2,7.5,0.83
Instinct Sanguinaire,Bloody Instinct,1,9,0.11,11%,15.0,1.67,15,2,7.5,0.83
Esquive Salvatrice,Evasive Protection,1,9,0.11,11%,15.0,1.67,15,0,Gratuit,Gratuit
Le Croque-mort,The Undertaker,1,9,0.11,11%,14.0,1.56,14,1,14.0,1.56
Griffes Sauvages,Wild Claw,8,9,0.89,89%,1.62,1.44,13,3,0.54,0.48
Sabre Versatile,Versatil Saber,1,9,0.11,11%,11.0,1.22,11,1,11.0,1.22
Tombeau Rocheux,Rock Tomb,1,9,0.11,11%,10.0,1.11,10,1,10.0,1.11
Épé Sainte,Holy Sword,1,9,0.11,11%,10.0,1.11,10,0,Gratuit,Gratuit
Lance Doublée,Dual Spear,1,9,0.11,11%,8.0,0.89,8,0,Gratuit,Gratuit
