,Nom Anglais,nb games valide,total games,ratio,%,pts moy,pts moy total,total point,cout,pts par cout moy,pts par cout total
Faux,Scythe,136,136,1.0,100%,14.54,14.54,1978,3,4.85,4.85
Armure d'Obsidienne,Obsidian Battle Plate,73,136,0.54,54%,20.0,10.74,1460,2,10.0,5.37
Ascension Divine,Divine Ascent,48,136,0.35,35%,25.0,8.82,1200,3,8.33,2.94
Économe Sagesse du Trésorier,Treasurer's Wisdom,69,136,0.51,51%,17.0,8.62,1173,2,8.5,4.31
Aveuglement,Incapacitor,126,136,0.93,93%,8.45,7.83,1065,3,2.82,2.61
Lame Affutée,Sharp Blade,111,136,0.82,82%,9.11,7.43,1011,3,3.04,2.48
Hache Frénétique,Berseker Ax,71,136,0.52,52%,14.0,7.31,994,2,7.0,3.65
Esprit de l'Écuyer,Spirit of the Squire,106,136,0.78,78%,8.26,6.44,876,3,2.75,2.15
Lame Insatiable,Fast Furious Blade,49,136,0.36,36%,16.0,5.76,784,2,8.0,2.88
Explosion Arcanique,Arcane Explosive,57,136,0.42,42%,12.0,5.03,684,1,12.0,5.03
Faux Assoiffées,Thirsty Scythes,27,136,0.2,20%,25.0,4.96,675,3,8.33,1.65
Totem du Gardien,Guardian Totem,136,136,1.0,100%,4.11,4.11,559,3,1.37,1.37
Parchemin Secret,Secret Scroll,28,136,0.21,21%,18.0,3.71,504,2,9.0,1.85
Chasseur d'Âmes,Soul Hunter,30,136,0.22,22%,15.0,3.31,450,1,15.0,3.31
Épée Obscure,Swords of Darkness,29,136,0.21,21%,15.0,3.2,435,1,15.0,3.2
Sabre Versatile,Versatil Saber,39,136,0.29,29%,11.0,3.15,429,1,11.0,3.15
Marteleur précis,Precise Hammer,22,136,0.16,16%,18.0,2.91,396,1,18.0,2.91
Assistance Divine,Sacred Help,17,136,0.12,12%,20.0,2.5,340,2,10.0,1.25
Épées Jumelles,Twin Swords,29,136,0.21,21%,11.72,2.5,340,1,11.72,2.5
Armure d'Immortel,Immortal Breastplate,23,136,0.17,17%,14.0,2.37,322,1,14.0,2.37
Coup de Mort,Death Helper,32,136,0.24,24%,10.0,2.35,320,1,10.0,2.35
Couronne du Roi Nain,Crown of the Dwarf King,23,136,0.17,17%,13.0,2.2,299,0,Gratuit,Gratuit
Mental d'Acier,Steel Aura,16,136,0.12,12%,18.0,2.12,288,2,9.0,1.06
Glaive Vindicatif,Large Sword of Hate,14,136,0.1,10%,20.0,2.06,280,1,20.0,2.06
Danse Macabre,Dance of Death,34,136,0.25,25%,8.0,2.0,272,1,8.0,2.0
Tombeau Rocheux,Rock Tomb,27,136,0.2,20%,10.0,1.99,270,1,10.0,1.99
Chasseresse d'Âmes,Huntress of Souls,14,136,0.1,10%,19.0,1.96,266,1,19.0,1.96
Masse Colossale,Colossal Mace,24,136,0.18,18%,11.0,1.94,264,0,Gratuit,Gratuit
Désintégrateur Magnétique,Magnetic Disintegrator,22,136,0.16,16%,11.0,1.78,242,0,Gratuit,Gratuit
Frappe Chirurgicale,Accurate Sword,15,136,0.11,11%,16.0,1.76,240,1,16.0,1.76
Griffes Démoniaques,Demon Claws,14,136,0.1,10%,17.0,1.75,238,1,17.0,1.75
Instinct Sanguinaire,Bloody Instinct,15,136,0.11,11%,15.0,1.65,225,2,7.5,0.82
Elan de Fureur,Rampage Momentum,15,136,0.11,11%,15.0,1.65,225,2,7.5,0.82
Esprit Guerrier,Spirit of the Warrior,14,136,0.1,10%,16.0,1.65,224,1,16.0,1.65
Griffes Sauvages,Wild Claw,97,136,0.71,71%,2.19,1.56,212,3,0.73,0.52
Le Marionnettiste,The Puppeteer,10,136,0.07,7%,20.0,1.47,200,2,10.0,0.73
Destruction Royale,Royal Destroyer,18,136,0.13,13%,11.0,1.46,198,0,Gratuit,Gratuit
Bâton Élémentaire,Earthly Staff,13,136,0.1,10%,15.0,1.43,195,0,Gratuit,Gratuit
Enchaînement Éclair,Unstoppable Lightning,10,136,0.07,7%,18.0,1.32,180,1,18.0,1.32
Soif de Sang,Thirsty Dagger,12,136,0.09,9%,15.0,1.32,180,0,Gratuit,Gratuit
Esquive Salvatrice,Evasive Protection,12,136,0.09,9%,15.0,1.32,180,0,Gratuit,Gratuit
Le Croque-mort,The Undertaker,11,136,0.08,8%,14.0,1.13,154,1,14.0,1.13
Épé Sainte,Holy Sword,13,136,0.1,10%,10.0,0.96,130,0,Gratuit,Gratuit
Lance Doublée,Dual Spear,15,136,0.11,11%,8.0,0.88,120,0,Gratuit,Gratuit
Pillard Féroce,Savage Looter,6,136,0.04,4%,20.0,0.88,120,1,20.0,0.88
Esprit omniprésent,Omnipresent Spirit,6,136,0.04,4%,18.0,0.79,108,2,9.0,0.4
Triple Météore,Trimeteor,3,136,0.02,2%,30.0,0.66,90,0,Gratuit,Gratuit
Œil de Lynx,Hawk's Eye,11,136,0.08,8%,8.0,0.65,88,0,Gratuit,Gratuit
Aura Légendaire,Legend Aura,2,136,0.01,1%,40.0,0.59,80,3,13.33,0.2
Adrénaline Arcanique,Arcane Adrenaline,5,136,0.04,4%,16.0,0.59,80,1,16.0,0.59
Amulette Omnisciente,Omnipresent Amulet,7,136,0.05,5%,11.0,0.57,77,0,Gratuit,Gratuit
Décharge Élémentaire,Elemental Discharge,4,136,0.03,3%,18.0,0.53,72,1,18.0,0.53
Être de Lumière,Being of Light,4,136,0.03,3%,18.0,0.53,72,1,18.0,0.53
Masse de Siège,Siege Mace,4,136,0.03,3%,16.0,0.47,64,0,Gratuit,Gratuit
Lance Triplée,Triple Spear,3,136,0.02,2%,20.0,0.44,60,0,Gratuit,Gratuit
Force Divine,Divine Impetu,5,136,0.04,4%,11.0,0.4,55,0,Gratuit,Gratuit
Bâton de Conquête,Conquering Staff,1,136,0.01,1%,24.0,0.18,24,2,12.0,0.09
