,Nom Anglais,nb games valide,total games,ratio,%,pts moy,pts moy total,total point,cout,pts par cout moy,pts par cout total
Faux,Scythe,9,9,1.0,100%,15.0,15.0,135,3,5.0,5.0
Armure d'Obsidienne,Obsidian Battle Plate,5,9,0.56,56%,20.0,11.11,100,2,10.0,5.55
Ascension Divine,Divine Ascent,4,9,0.44,44%,25.0,11.11,100,3,8.33,3.7
Économe Sagesse du Trésorier,Treasurer's Wisdom,5,9,0.56,56%,17.0,9.44,85,2,8.5,4.72
Faux Assoiffées,Thirsty Scythes,3,9,0.33,33%,25.0,8.33,75,3,8.33,2.78
Aveuglement,Incapacitor,9,9,1.0,100%,8.0,8.0,72,3,2.67,2.67
Lame Affutée,Sharp Blade,5,9,0.56,56%,10.8,6.0,54,3,3.6,2.0
Explosion Arcanique,Arcane Explosive,3,9,0.33,33%,12.0,4.0,36,1,12.0,4.0
Totem du Gardien,Guardian Totem,9,9,1.0,100%,4.0,4.0,36,3,1.33,1.33
Lame Insatiable,Fast Furious Blade,2,9,0.22,22%,16.0,3.56,32,2,8.0,1.78
Esprit de l'Écuyer,Spirit of the Squire,5,9,0.56,56%,6.0,3.33,30,3,2.0,1.11
Chasseur d'Âmes,Soul Hunter,2,9,0.22,22%,15.0,3.33,30,1,15.0,3.33
Épée Obscure,Swords of Darkness,2,9,0.22,22%,15.0,3.33,30,1,15.0,3.33
Hache Frénétique,Berseker Ax,2,9,0.22,22%,14.0,3.11,28,2,7.0,1.55
Le Marionnettiste,The Puppeteer,1,9,0.11,11%,20.0,2.22,20,2,10.0,1.11
Épées Jumelles,Twin Swords,2,9,0.22,22%,10.0,2.22,20,1,10.0,2.22
Enchaînement Éclair,Unstoppable Lightning,1,9,0.11,11%,18.0,2.0,18,1,18.0,2.0
Esprit omniprésent,Omnipresent Spirit,1,9,0.11,11%,18.0,2.0,18,2,9.0,1.0
Mental d'Acier,Steel Aura,1,9,0.11,11%,18.0,2.0,18,2,9.0,1.0
Lance Doublée,Dual Spear,2,9,0.22,22%,8.0,1.78,16,0,Gratuit,Gratuit
Adrénaline Arcanique,Arcane Adrenaline,1,9,0.11,11%,16.0,1.78,16,1,16.0,1.78
Danse Macabre,Dance of Death,2,9,0.22,22%,8.0,1.78,16,1,8.0,1.78
Instinct Sanguinaire,Bloody Instinct,1,9,0.11,11%,15.0,1.67,15,2,7.5,0.83
Elan de Fureur,Rampage Momentum,1,9,0.11,11%,15.0,1.67,15,2,7.5,0.83
Soif de Sang,Thirsty Dagger,1,9,0.11,11%,15.0,1.67,15,0,Gratuit,Gratuit
Sabre Versatile,Versatil Saber,1,9,0.11,11%,11.0,1.22,11,1,11.0,1.22
Force Divine,Divine Impetu,1,9,0.11,11%,11.0,1.22,11,0,Gratuit,Gratuit
Masse Colossale,Colossal Mace,1,9,0.11,11%,11.0,1.22,11,0,Gratuit,Gratuit
Coup de Mort,Death Helper,1,9,0.11,11%,10.0,1.11,10,1,10.0,1.11
Tombeau Rocheux,Rock Tomb,1,9,0.11,11%,10.0,1.11,10,1,10.0,1.11
Épé Sainte,Holy Sword,1,9,0.11,11%,10.0,1.11,10,0,Gratuit,Gratuit
Griffes Sauvages,Wild Claw,4,9,0.44,44%,1.5,0.67,6,3,0.5,0.22
