,Nom Anglais,nb games valide,total games,ratio,%,pts moy,pts moy total,total point,cout,pts par cout moy,pts par cout total,pts par cout moy+1,pts par cout total+1
Totem Équivalent,Equivalent Totem,2,2,1.0,100%,16.5,16.5,33,3,5.5,5.5,4.12,4.12
Faux,Scythe,2,2,1.0,100%,14.5,14.5,29,3,4.83,4.83,3.62,3.62
Armure d'Obsidienne,Obsidian Battle Plate,1,2,0.5,50%,20.0,10.0,20,2,10.0,5.0,6.67,3.33
Assistance Divine,Sacred Help,1,2,0.5,50%,20.0,10.0,20,2,10.0,5.0,6.67,3.33
Aveuglement,Incapacitor,2,2,1.0,100%,7.5,7.5,15,3,2.5,2.5,1.88,1.88
Totem du Gardien,Guardian Totem,2,2,1.0,100%,4.5,4.5,9,3,1.5,1.5,1.12,1.12
Marteau Collecteur,Collecting Hammer,1,2,0.5,50%,7.0,3.5,7,2,3.5,1.75,2.33,1.17
Esprit de l'Écuyer,Spirit of the Squire,2,2,1.0,100%,3.0,3.0,6,3,1.0,1.0,0.75,0.75
Lame Affutée,Sharp Blade,1,2,0.5,50%,6.0,3.0,6,3,2.0,1.0,1.5,0.75
