,Nom Anglais,nb games valide,total games,ratio,%,pts moy,pts moy total,total point,cout,pts par cout moy,pts par cout total
Totem Équivalent,Equivalent Totem,2,2,1.0,100%,16.0,16.0,32,1,16.0,16.0
Hache Frénétique,Berseker Ax,2,2,1.0,100%,14.0,14.0,28,2,7.0,7.0
Faux,Scythe,2,2,1.0,100%,14.0,14.0,28,3,4.67,4.67
Ascension Divine,Divine Ascent,1,2,0.5,50%,25.0,12.5,25,3,8.33,4.17
Faux Assoiffées,Thirsty Scythes,1,2,0.5,50%,25.0,12.5,25,3,8.33,4.17
Lame Affutée,Sharp Blade,2,2,1.0,100%,10.5,10.5,21,3,3.5,3.5
Assistance Divine,Sacred Help,1,2,0.5,50%,20.0,10.0,20,2,10.0,5.0
Chasseresse d'Âmes,Huntress of Souls,1,2,0.5,50%,19.0,9.5,19,1,19.0,9.5
Être de Lumière,Being of Light,1,2,0.5,50%,18.0,9.0,18,1,18.0,9.0
Griffes Démoniaques,Demon Claws,1,2,0.5,50%,17.0,8.5,17,1,17.0,8.5
Épée Obscure,Swords of Darkness,1,2,0.5,50%,17.0,8.5,17,1,17.0,8.5
Économe Sagesse du Trésorier,Treasurer's Wisdom,1,2,0.5,50%,17.0,8.5,17,2,8.5,4.25
Soif de Sang,Thirsty Dagger,1,2,0.5,50%,15.0,7.5,15,0,Gratuit,Gratuit
Esprit de l'Écuyer,Spirit of the Squire,2,2,1.0,100%,4.5,4.5,9,3,1.5,1.5
Totem du Gardien,Guardian Totem,2,2,1.0,100%,4.5,4.5,9,3,1.5,1.5
Danse Macabre,Dance of Death,1,2,0.5,50%,8.0,4.0,8,1,8.0,4.0
Aveuglement,Incapacitor,1,2,0.5,50%,6.0,3.0,6,3,2.0,1.0
Griffes Sauvages,Wild Claw,2,2,1.0,100%,3.0,3.0,6,3,1.0,1.0
