,Nom Anglais,nb games valide,total games,ratio,%,pts moy,pts moy total,total point,cout,pts par cout moy,pts par cout total,pts par cout moy+1,pts par cout total+1
Totem Équivalent,Equivalent Totem,11,11,1.0,100%,17.18,17.18,189,2,8.59,8.59,5.73,5.73
Faux,Scythe,11,11,1.0,100%,15.55,15.55,171,3,5.18,5.18,3.89,3.89
Ascension Divine,Divine Ascent,5,11,0.45,45%,25.0,11.36,125,3,8.33,3.79,6.25,2.84
Assistance Divine,Sacred Help,6,11,0.55,55%,20.0,10.91,120,2,10.0,5.46,6.67,3.64
Économe Sagesse du Trésorier,Treasurer's Wisdom,6,11,0.55,55%,17.0,9.27,102,2,8.5,4.63,5.67,3.09
Armure d'Obsidienne,Obsidian Battle Plate,5,11,0.45,45%,20.0,9.09,100,2,10.0,4.54,6.67,3.03
Lame Affutée,Sharp Blade,10,11,0.91,91%,9.9,9.0,99,3,3.3,3.0,2.48,2.25
Hache Frénétique,Berseker Ax,7,11,0.64,64%,14.0,8.91,98,2,7.0,4.46,4.67,2.97
Faux Parfaite,Perfect Scythe,6,11,0.55,55%,15.0,8.18,90,0,Gratuit,Gratuit,15.0,8.18
Épée Obscure,Swords of Darkness,5,11,0.45,45%,17.0,7.73,85,1,17.0,7.73,8.5,3.87
Faux Assoiffées,Thirsty Scythes,3,11,0.27,27%,25.0,6.82,75,3,8.33,2.27,6.25,1.71
Être de Lumière,Being of Light,4,11,0.36,36%,18.0,6.55,72,1,18.0,6.55,9.0,3.27
Esprit de l'Écuyer,Spirit of the Squire,10,11,0.91,91%,6.9,6.27,69,3,2.3,2.09,1.73,1.57
Lame Insatiable,Fast Furious Blade,4,11,0.36,36%,16.0,5.82,64,2,8.0,2.91,5.33,1.94
Gantelet Impérieux,Imperious Gauntlet,2,11,0.18,18%,30.0,5.45,60,1,30.0,5.45,15.0,2.73
Explosion Arcanique,Arcane Explosive,5,11,0.45,45%,12.0,5.45,60,1,12.0,5.45,6.0,2.73
Chasseresse d'Âmes,Huntress of Souls,3,11,0.27,27%,19.0,5.18,57,1,19.0,5.18,9.5,2.59
Enchaînement Éclair,Unstoppable Lightning,3,11,0.27,27%,18.0,4.91,54,1,18.0,4.91,9.0,2.46
Griffes Démoniaques,Demon Claws,3,11,0.27,27%,17.0,4.64,51,1,17.0,4.64,8.5,2.32
Marteau Collecteur,Collecting Hammer,4,11,0.36,36%,12.75,4.64,51,2,6.38,2.32,4.25,1.55
Elan de Fureur,Rampage Momentum,3,11,0.27,27%,15.0,4.09,45,2,7.5,2.04,5.0,1.36
Totem du Gardien,Guardian Totem,9,11,0.82,82%,5.0,4.09,45,3,1.67,1.36,1.25,1.02
Sabre Versatile,Versatil Saber,4,11,0.36,36%,11.0,4.0,44,1,11.0,4.0,5.5,2.0
Armure d'Immortel,Immortal Breastplate,3,11,0.27,27%,14.67,4.0,44,1,14.67,4.0,7.33,2.0
Aveuglement,Incapacitor,9,11,0.82,82%,4.67,3.82,42,3,1.56,1.27,1.17,0.95
Couronne du Roi Nain,Crown of the Dwarf King,3,11,0.27,27%,13.0,3.55,39,0,Gratuit,Gratuit,13.0,3.55
Force Divine,Divine Impetu,3,11,0.27,27%,12.33,3.36,37,0,Gratuit,Gratuit,12.33,3.36
Parchemin Secret,Secret Scroll,2,11,0.18,18%,18.0,3.27,36,2,9.0,1.64,6.0,1.09
Masse Colossale,Colossal Mace,3,11,0.27,27%,11.0,3.0,33,0,Gratuit,Gratuit,11.0,3.0
Esprit Guerrier,Spirit of the Warrior,2,11,0.18,18%,16.0,2.91,32,1,16.0,2.91,8.0,1.46
Danse Macabre,Dance of Death,4,11,0.36,36%,8.0,2.91,32,1,8.0,2.91,4.0,1.46
Soif de Sang,Thirsty Dagger,2,11,0.18,18%,15.0,2.73,30,0,Gratuit,Gratuit,15.0,2.73
Épé Sainte,Holy Sword,3,11,0.27,27%,10.0,2.73,30,0,Gratuit,Gratuit,10.0,2.73
Triple Météore,Trimeteor,1,11,0.09,9%,30.0,2.73,30,0,Gratuit,Gratuit,30.0,2.73
Coup de Mort,Death Helper,2,11,0.18,18%,11.5,2.09,23,1,11.5,2.09,5.75,1.04
Désintégrateur Magnétique,Magnetic Disintegrator,2,11,0.18,18%,11.0,2.0,22,0,Gratuit,Gratuit,11.0,2.0
Le Marionnettiste,The Puppeteer,1,11,0.09,9%,20.0,1.82,20,2,10.0,0.91,6.67,0.61
Tombeau Rocheux,Rock Tomb,2,11,0.18,18%,10.0,1.82,20,1,10.0,1.82,5.0,0.91
Chasseur d'Âmes,Soul Hunter,1,11,0.09,9%,15.0,1.36,15,1,15.0,1.36,7.5,0.68
Amulette Omnisciente,Omnipresent Amulet,1,11,0.09,9%,15.0,1.36,15,0,Gratuit,Gratuit,15.0,1.36
Griffes Sauvages,Wild Claw,7,11,0.64,64%,2.0,1.27,14,3,0.67,0.42,0.5,0.32
Œil de Lynx,Hawk's Eye,1,11,0.09,9%,8.0,0.73,8,0,Gratuit,Gratuit,8.0,0.73
