,Nom Anglais,nb games valide,total games,ratio,%,pts moy,pts moy total,total point,cout,pts par cout moy,pts par cout total
Gantelet Impérieux,Imperious Gauntlet,2,2,1.0,100%,30.0,30.0,60,1,30.0,30.0
Marteleur précis,Precise Hammer,2,2,1.0,100%,18.0,18.0,36,1,18.0,18.0
Totem Équivalent,Equivalent Totem,2,2,1.0,100%,16.0,16.0,32,1,16.0,16.0
Faux Parfaite,Perfect Scythe,2,2,1.0,100%,15.0,15.0,30,0,Gratuit,Gratuit
Faux,Scythe,2,2,1.0,100%,13.0,13.0,26,3,4.33,4.33
Explosion Arcanique,Arcane Explosive,2,2,1.0,100%,12.0,12.0,24,1,12.0,12.0
Marteau Collecteur,Collecting Hammer,2,2,1.0,100%,12.0,12.0,24,2,6.0,6.0
Le Marionnettiste,The Puppeteer,1,2,0.5,50%,20.0,10.0,20,2,10.0,5.0
Lame Affutée,Sharp Blade,2,2,1.0,100%,9.0,9.0,18,3,3.0,3.0
Aveuglement,Incapacitor,2,2,1.0,100%,7.5,7.5,15,3,2.5,2.5
Hache Frénétique,Berseker Ax,1,2,0.5,50%,14.0,7.0,14,2,7.0,3.5
Esprit de l'Écuyer,Spirit of the Squire,2,2,1.0,100%,6.0,6.0,12,3,2.0,2.0
Désintégrateur Magnétique,Magnetic Disintegrator,1,2,0.5,50%,11.0,5.5,11,0,Gratuit,Gratuit
Totem du Gardien,Guardian Totem,2,2,1.0,100%,2.5,2.5,5,3,0.83,0.83
