,Nom Anglais,nb games valide,total games,ratio,%,pts moy,pts moy total,total point,cout,pts par cout moy,pts par cout total,pts par cout moy+1,pts par cout total+1
Totem Équivalent,Equivalent Totem,10,10,1.0,100%,16.2,16.2,162,2,8.1,8.1,5.4,5.4
Faux,Scythe,10,10,1.0,100%,13.9,13.9,139,3,4.63,4.63,3.48,3.48
Gantelet Impérieux,Imperious Gauntlet,3,10,0.3,30%,30.0,9.0,90,1,30.0,9.0,15.0,4.5
Marteleur précis,Precise Hammer,5,10,0.5,50%,18.0,9.0,90,1,18.0,9.0,9.0,4.5
Faux Parfaite,Perfect Scythe,6,10,0.6,60%,15.0,9.0,90,0,Gratuit,Gratuit,15.0,9.0
Hache Frénétique,Berseker Ax,6,10,0.6,60%,14.0,8.4,84,2,7.0,4.2,4.67,2.8
Armure d'Obsidienne,Obsidian Battle Plate,4,10,0.4,40%,20.0,8.0,80,2,10.0,4.0,6.67,2.67
Marteau Collecteur,Collecting Hammer,8,10,0.8,80%,9.88,7.9,79,2,4.94,3.95,3.29,2.63
Économe Sagesse du Trésorier,Treasurer's Wisdom,4,10,0.4,40%,17.0,6.8,68,2,8.5,3.4,5.67,2.27
Lame Affutée,Sharp Blade,8,10,0.8,80%,7.88,6.3,63,3,2.63,2.1,1.97,1.57
Aveuglement,Incapacitor,9,10,0.9,90%,5.67,5.1,51,3,1.89,1.7,1.42,1.27
Ascension Divine,Divine Ascent,2,10,0.2,20%,25.0,5.0,50,3,8.33,1.67,6.25,1.25
Esprit de l'Écuyer,Spirit of the Squire,9,10,0.9,90%,5.33,4.8,48,3,1.78,1.6,1.33,1.2
Le Marionnettiste,The Puppeteer,2,10,0.2,20%,20.0,4.0,40,2,10.0,2.0,6.67,1.33
Être de Lumière,Being of Light,2,10,0.2,20%,18.0,3.6,36,1,18.0,3.6,9.0,1.8
Explosion Arcanique,Arcane Explosive,3,10,0.3,30%,12.0,3.6,36,1,12.0,3.6,6.0,1.8
Esprit omniprésent,Omnipresent Spirit,2,10,0.2,20%,18.0,3.6,36,2,9.0,1.8,6.0,1.2
Lame Insatiable,Fast Furious Blade,2,10,0.2,20%,16.0,3.2,32,2,8.0,1.6,5.33,1.07
Totem du Gardien,Guardian Totem,9,10,0.9,90%,3.56,3.2,32,3,1.19,1.07,0.89,0.8
Soif de Sang,Thirsty Dagger,2,10,0.2,20%,15.0,3.0,30,0,Gratuit,Gratuit,15.0,3.0
Assistance Divine,Sacred Help,1,10,0.1,10%,20.0,2.0,20,2,10.0,1.0,6.67,0.67
Mental d'Acier,Steel Aura,1,10,0.1,10%,18.0,1.8,18,2,9.0,0.9,6.0,0.6
Esprit Guerrier,Spirit of the Warrior,1,10,0.1,10%,16.0,1.6,16,1,16.0,1.6,8.0,0.8
Armure d'Immortel,Immortal Breastplate,1,10,0.1,10%,16.0,1.6,16,1,16.0,1.6,8.0,0.8
Chasseur d'Âmes,Soul Hunter,1,10,0.1,10%,15.0,1.5,15,1,15.0,1.5,7.5,0.75
Coup de Mort,Death Helper,1,10,0.1,10%,13.0,1.3,13,1,13.0,1.3,6.5,0.65
Sabre Versatile,Versatil Saber,1,10,0.1,10%,11.0,1.1,11,1,11.0,1.1,5.5,0.55
Griffes Sauvages,Wild Claw,7,10,0.7,70%,1.57,1.1,11,3,0.52,0.37,0.39,0.28
Désintégrateur Magnétique,Magnetic Disintegrator,1,10,0.1,10%,11.0,1.1,11,0,Gratuit,Gratuit,11.0,1.1
Danse Macabre,Dance of Death,1,10,0.1,10%,8.0,0.8,8,1,8.0,0.8,4.0,0.4
