,Nom Anglais,nb games valide,total games,ratio,%,pts moy,pts moy total,total point,cout,pts par cout moy,pts par cout total
Faux,Scythe,10,10,1.0,100%,15.5,15.5,155,3,5.17,5.17
Armure d'Obsidienne,Obsidian Battle Plate,7,10,0.7,70%,20.0,14.0,140,2,10.0,7.0
Économe Sagesse du Trésorier,Treasurer's Wisdom,6,10,0.6,60%,17.0,10.2,102,2,8.5,5.1
Ascension Divine,Divine Ascent,4,10,0.4,40%,25.0,10.0,100,3,8.33,3.33
Hache Frénétique,Berseker Ax,7,10,0.7,70%,14.0,9.8,98,2,7.0,4.9
Aveuglement,Incapacitor,9,10,0.9,90%,9.33,8.4,84,3,3.11,2.8
Lame Affutée,Sharp Blade,10,10,1.0,100%,7.5,7.5,75,3,2.5,2.5
Chasseur d'Âmes,Soul Hunter,4,10,0.4,40%,15.0,6.0,60,1,15.0,6.0
Esprit de l'Écuyer,Spirit of the Squire,7,10,0.7,70%,8.14,5.7,57,3,2.71,1.9
Faux Assoiffées,Thirsty Scythes,2,10,0.2,20%,25.0,5.0,50,3,8.33,1.67
Lame Insatiable,Fast Furious Blade,3,10,0.3,30%,16.0,4.8,48,2,8.0,2.4
Explosion Arcanique,Arcane Explosive,4,10,0.4,40%,12.0,4.8,48,1,12.0,4.8
Glaive Vindicatif,Large Sword of Hate,2,10,0.2,20%,20.0,4.0,40,1,20.0,4.0
Aura Légendaire,Legend Aura,1,10,0.1,10%,40.0,4.0,40,3,13.33,1.33
Parchemin Secret,Secret Scroll,2,10,0.2,20%,18.0,3.6,36,2,9.0,1.8
Marteleur précis,Precise Hammer,2,10,0.2,20%,18.0,3.6,36,1,18.0,3.6
Sabre Versatile,Versatil Saber,3,10,0.3,30%,11.0,3.3,33,1,11.0,3.3
Désintégrateur Magnétique,Magnetic Disintegrator,3,10,0.3,30%,11.0,3.3,33,0,Gratuit,Gratuit
Esprit Guerrier,Spirit of the Warrior,2,10,0.2,20%,16.0,3.2,32,1,16.0,3.2
Totem du Gardien,Guardian Totem,10,10,1.0,100%,3.1,3.1,31,3,1.03,1.03
Triple Météore,Trimeteor,1,10,0.1,10%,30.0,3.0,30,0,Gratuit,Gratuit
Coup de Mort,Death Helper,3,10,0.3,30%,10.0,3.0,30,1,10.0,3.0
Armure d'Immortel,Immortal Breastplate,2,10,0.2,20%,14.0,2.8,28,1,14.0,2.8
Le Croque-mort,The Undertaker,2,10,0.2,20%,14.0,2.8,28,1,14.0,2.8
Griffes Sauvages,Wild Claw,9,10,0.9,90%,3.0,2.7,27,3,1.0,0.9
Couronne du Roi Nain,Crown of the Dwarf King,2,10,0.2,20%,13.0,2.6,26,0,Gratuit,Gratuit
Destruction Royale,Royal Destroyer,2,10,0.2,20%,11.0,2.2,22,0,Gratuit,Gratuit
Lance Triplée,Triple Spear,1,10,0.1,10%,20.0,2.0,20,0,Gratuit,Gratuit
Épé Sainte,Holy Sword,2,10,0.2,20%,10.0,2.0,20,0,Gratuit,Gratuit
Tombeau Rocheux,Rock Tomb,2,10,0.2,20%,10.0,2.0,20,1,10.0,2.0
Chasseresse d'Âmes,Huntress of Souls,1,10,0.1,10%,19.0,1.9,19,1,19.0,1.9
Enchaînement Éclair,Unstoppable Lightning,1,10,0.1,10%,18.0,1.8,18,1,18.0,1.8
Mental d'Acier,Steel Aura,1,10,0.1,10%,18.0,1.8,18,2,9.0,0.9
Griffes Démoniaques,Demon Claws,1,10,0.1,10%,17.0,1.7,17,1,17.0,1.7
Danse Macabre,Dance of Death,2,10,0.2,20%,8.0,1.6,16,1,8.0,1.6
Masse de Siège,Siege Mace,1,10,0.1,10%,16.0,1.6,16,0,Gratuit,Gratuit
Esquive Salvatrice,Evasive Protection,1,10,0.1,10%,15.0,1.5,15,0,Gratuit,Gratuit
Elan de Fureur,Rampage Momentum,1,10,0.1,10%,15.0,1.5,15,2,7.5,0.75
Épée Obscure,Swords of Darkness,1,10,0.1,10%,15.0,1.5,15,1,15.0,1.5
Bâton Élémentaire,Earthly Staff,1,10,0.1,10%,15.0,1.5,15,0,Gratuit,Gratuit
Masse Colossale,Colossal Mace,1,10,0.1,10%,11.0,1.1,11,0,Gratuit,Gratuit
Épées Jumelles,Twin Swords,1,10,0.1,10%,10.0,1.0,10,1,10.0,1.0
Lance Doublée,Dual Spear,1,10,0.1,10%,8.0,0.8,8,0,Gratuit,Gratuit
