,Nom Anglais,nb games valide,total games,ratio,%,pts moy,pts moy total,total point,cout,pts par cout moy,pts par cout total
Faux,Scythe,11,11,1.0,100%,15.45,15.45,170,3,5.15,5.15
Armure d'Obsidienne,Obsidian Battle Plate,7,11,0.64,64%,20.0,12.73,140,2,10.0,6.37
Ascension Divine,Divine Ascent,5,11,0.45,45%,25.0,11.36,125,3,8.33,3.79
Économe Sagesse du Trésorier,Treasurer's Wisdom,7,11,0.64,64%,17.0,10.82,119,2,8.5,5.41
Hache Frénétique,Berseker Ax,8,11,0.73,73%,14.0,10.18,112,2,7.0,5.09
Lame Affutée,Sharp Blade,11,11,1.0,100%,9.82,9.82,108,3,3.27,3.27
Aveuglement,Incapacitor,10,11,0.91,91%,9.6,8.73,96,3,3.2,2.91
Esprit de l'Écuyer,Spirit of the Squire,8,11,0.73,73%,8.25,6.0,66,3,2.75,2.0
Explosion Arcanique,Arcane Explosive,5,11,0.45,45%,12.0,5.45,60,1,12.0,5.45
Triple Météore,Trimeteor,2,11,0.18,18%,30.0,5.45,60,0,Gratuit,Gratuit
Chasseur d'Âmes,Soul Hunter,4,11,0.36,36%,15.0,5.45,60,1,15.0,5.45
Faux Assoiffées,Thirsty Scythes,2,11,0.18,18%,25.0,4.55,50,3,8.33,1.52
Lame Insatiable,Fast Furious Blade,3,11,0.27,27%,16.0,4.36,48,2,8.0,2.18
Le Croque-mort,The Undertaker,3,11,0.27,27%,14.0,3.82,42,1,14.0,3.82
Glaive Vindicatif,Large Sword of Hate,2,11,0.18,18%,20.0,3.64,40,1,20.0,3.64
Épées Jumelles,Twin Swords,2,11,0.18,18%,20.0,3.64,40,1,20.0,3.64
Lance Triplée,Triple Spear,2,11,0.18,18%,20.0,3.64,40,0,Gratuit,Gratuit
Aura Légendaire,Legend Aura,1,11,0.09,9%,40.0,3.64,40,3,13.33,1.21
Marteleur précis,Precise Hammer,2,11,0.18,18%,18.0,3.27,36,1,18.0,3.27
Parchemin Secret,Secret Scroll,2,11,0.18,18%,18.0,3.27,36,2,9.0,1.64
Totem du Gardien,Guardian Totem,11,11,1.0,100%,3.09,3.09,34,3,1.03,1.03
Sabre Versatile,Versatil Saber,3,11,0.27,27%,11.0,3.0,33,1,11.0,3.0
Désintégrateur Magnétique,Magnetic Disintegrator,3,11,0.27,27%,11.0,3.0,33,0,Gratuit,Gratuit
Esprit Guerrier,Spirit of the Warrior,2,11,0.18,18%,16.0,2.91,32,1,16.0,2.91
Coup de Mort,Death Helper,3,11,0.27,27%,10.0,2.73,30,1,10.0,2.73
Épé Sainte,Holy Sword,3,11,0.27,27%,10.0,2.73,30,0,Gratuit,Gratuit
Épée Obscure,Swords of Darkness,2,11,0.18,18%,15.0,2.73,30,1,15.0,2.73
Griffes Sauvages,Wild Claw,10,11,0.91,91%,2.9,2.64,29,3,0.97,0.88
Armure d'Immortel,Immortal Breastplate,2,11,0.18,18%,14.0,2.55,28,1,14.0,2.55
Couronne du Roi Nain,Crown of the Dwarf King,2,11,0.18,18%,13.0,2.36,26,0,Gratuit,Gratuit
Danse Macabre,Dance of Death,3,11,0.27,27%,8.0,2.18,24,1,8.0,2.18
Destruction Royale,Royal Destroyer,2,11,0.18,18%,11.0,2.0,22,0,Gratuit,Gratuit
Assistance Divine,Sacred Help,1,11,0.09,9%,20.0,1.82,20,2,10.0,0.91
Tombeau Rocheux,Rock Tomb,2,11,0.18,18%,10.0,1.82,20,1,10.0,1.82
Chasseresse d'Âmes,Huntress of Souls,1,11,0.09,9%,19.0,1.73,19,1,19.0,1.73
Enchaînement Éclair,Unstoppable Lightning,1,11,0.09,9%,18.0,1.64,18,1,18.0,1.64
Mental d'Acier,Steel Aura,1,11,0.09,9%,18.0,1.64,18,2,9.0,0.82
Griffes Démoniaques,Demon Claws,1,11,0.09,9%,17.0,1.55,17,1,17.0,1.55
Lance Doublée,Dual Spear,2,11,0.18,18%,8.0,1.45,16,0,Gratuit,Gratuit
Masse de Siège,Siege Mace,1,11,0.09,9%,16.0,1.45,16,0,Gratuit,Gratuit
Elan de Fureur,Rampage Momentum,1,11,0.09,9%,15.0,1.36,15,2,7.5,0.68
Esquive Salvatrice,Evasive Protection,1,11,0.09,9%,15.0,1.36,15,0,Gratuit,Gratuit
Bâton Élémentaire,Earthly Staff,1,11,0.09,9%,15.0,1.36,15,0,Gratuit,Gratuit
Masse Colossale,Colossal Mace,1,11,0.09,9%,11.0,1.0,11,0,Gratuit,Gratuit
