,Nom Anglais,nb games valide,total games,ratio,%,pts moy,pts moy total,total point,cout,pts par cout moy,pts par cout total
Faux,Scythe,14,14,1.0,100%,13.79,13.79,193,3,4.6,4.6
Ascension Divine,Divine Ascent,5,14,0.36,36%,25.0,8.93,125,3,8.33,2.98
Aveuglement,Incapacitor,13,14,0.93,93%,8.08,7.5,105,3,2.69,2.5
Armure d'Obsidienne,Obsidian Battle Plate,5,14,0.36,36%,20.0,7.14,100,2,10.0,3.57
Économe Sagesse du Trésorier,Treasurer's Wisdom,5,14,0.36,36%,17.0,6.07,85,2,8.5,3.04
Lame Affutée,Sharp Blade,12,14,0.86,86%,6.5,5.57,78,3,2.17,1.86
Faux Assoiffées,Thirsty Scythes,3,14,0.21,21%,25.0,5.36,75,3,8.33,1.79
Hache Frénétique,Berseker Ax,5,14,0.36,36%,14.0,5.0,70,2,7.0,2.5
Totem du Gardien,Guardian Totem,14,14,1.0,100%,4.64,4.64,65,3,1.55,1.55
Épée Obscure,Swords of Darkness,4,14,0.29,29%,15.0,4.29,60,1,15.0,4.29
Esprit de l'Écuyer,Spirit of the Squire,10,14,0.71,71%,5.1,3.64,51,3,1.7,1.21
Explosion Arcanique,Arcane Explosive,4,14,0.29,29%,12.0,3.43,48,1,12.0,3.43
Armure d'Immortel,Immortal Breastplate,3,14,0.21,21%,14.0,3.0,42,1,14.0,3.0
Épées Jumelles,Twin Swords,4,14,0.29,29%,10.0,2.86,40,1,10.0,2.86
Esprit omniprésent,Omnipresent Spirit,2,14,0.14,14%,18.0,2.57,36,2,9.0,1.28
Instinct Sanguinaire,Bloody Instinct,2,14,0.14,14%,15.0,2.14,30,2,7.5,1.07
Masse Colossale,Colossal Mace,2,14,0.14,14%,11.0,1.57,22,0,Gratuit,Gratuit
Le Marionnettiste,The Puppeteer,1,14,0.07,7%,20.0,1.43,20,2,10.0,0.71
Assistance Divine,Sacred Help,1,14,0.07,7%,20.0,1.43,20,2,10.0,0.71
Parchemin Secret,Secret Scroll,1,14,0.07,7%,18.0,1.29,18,2,9.0,0.65
Marteleur précis,Precise Hammer,1,14,0.07,7%,18.0,1.29,18,1,18.0,1.29
Être de Lumière,Being of Light,1,14,0.07,7%,18.0,1.29,18,1,18.0,1.29
Lance Doublée,Dual Spear,2,14,0.14,14%,8.0,1.14,16,0,Gratuit,Gratuit
Danse Macabre,Dance of Death,2,14,0.14,14%,8.0,1.14,16,1,8.0,1.14
Lame Insatiable,Fast Furious Blade,1,14,0.07,7%,16.0,1.14,16,2,8.0,0.57
Masse de Siège,Siege Mace,1,14,0.07,7%,16.0,1.14,16,0,Gratuit,Gratuit
Elan de Fureur,Rampage Momentum,1,14,0.07,7%,15.0,1.07,15,2,7.5,0.54
Esquive Salvatrice,Evasive Protection,1,14,0.07,7%,15.0,1.07,15,0,Gratuit,Gratuit
Soif de Sang,Thirsty Dagger,1,14,0.07,7%,15.0,1.07,15,0,Gratuit,Gratuit
Couronne du Roi Nain,Crown of the Dwarf King,1,14,0.07,7%,13.0,0.93,13,0,Gratuit,Gratuit
Griffes Sauvages,Wild Claw,8,14,0.57,57%,1.38,0.79,11,3,0.46,0.26
Épé Sainte,Holy Sword,1,14,0.07,7%,10.0,0.71,10,0,Gratuit,Gratuit
