,Nom Anglais,nb games valide,total games,ratio,%,pts moy,pts moy total,total point,cout,pts par cout moy,pts par cout total,pts par cout moy+1,pts par cout total+1
Totem Équivalent,Equivalent Totem,11,11,1.0,100%,16.0,16.0,176,2,8.0,8.0,5.33,5.33
Faux,Scythe,11,11,1.0,100%,13.36,13.36,147,3,4.45,4.45,3.34,3.34
Armure d'Obsidienne,Obsidian Battle Plate,6,11,0.55,55%,20.0,10.91,120,2,10.0,5.46,6.67,3.64
Faux Parfaite,Perfect Scythe,6,11,0.55,55%,15.0,8.18,90,0,Gratuit,Gratuit,15.0,8.18
Épée Obscure,Swords of Darkness,5,11,0.45,45%,17.0,7.73,85,1,17.0,7.73,8.5,3.87
Lame Affutée,Sharp Blade,9,11,0.82,82%,7.67,6.27,69,3,2.56,2.09,1.92,1.57
Économe Sagesse du Trésorier,Treasurer's Wisdom,4,11,0.36,36%,17.0,6.18,68,2,8.5,3.09,5.67,2.06
Esprit de l'Écuyer,Spirit of the Squire,8,11,0.73,73%,7.12,5.18,57,3,2.37,1.73,1.78,1.29
Ascension Divine,Divine Ascent,2,11,0.18,18%,25.0,4.55,50,3,8.33,1.52,6.25,1.14
Marteau Collecteur,Collecting Hammer,4,11,0.36,36%,12.25,4.45,49,2,6.12,2.23,4.08,1.48
Lame Insatiable,Fast Furious Blade,3,11,0.27,27%,16.0,4.36,48,2,8.0,2.18,5.33,1.45
Désintégrateur Magnétique,Magnetic Disintegrator,4,11,0.36,36%,11.0,4.0,44,0,Gratuit,Gratuit,11.0,4.0
Armure d'Immortel,Immortal Breastplate,3,11,0.27,27%,14.67,4.0,44,1,14.67,4.0,7.33,2.0
Aveuglement,Incapacitor,8,11,0.73,73%,5.25,3.82,42,3,1.75,1.27,1.31,0.95
Hache Frénétique,Berseker Ax,3,11,0.27,27%,14.0,3.82,42,2,7.0,1.91,4.67,1.27
Assistance Divine,Sacred Help,2,11,0.18,18%,20.0,3.64,40,2,10.0,1.82,6.67,1.21
Esprit omniprésent,Omnipresent Spirit,2,11,0.18,18%,18.0,3.27,36,2,9.0,1.64,6.0,1.09
Marteleur précis,Precise Hammer,2,11,0.18,18%,18.0,3.27,36,1,18.0,3.27,9.0,1.64
Chasseur d'Âmes,Soul Hunter,2,11,0.18,18%,17.5,3.18,35,1,17.5,3.18,8.75,1.59
Sabre Versatile,Versatil Saber,3,11,0.27,27%,11.0,3.0,33,1,11.0,3.0,5.5,1.5
Elan de Fureur,Rampage Momentum,2,11,0.18,18%,15.0,2.73,30,2,7.5,1.36,5.0,0.91
Faux Assoiffées,Thirsty Scythes,1,11,0.09,9%,25.0,2.27,25,3,8.33,0.76,6.25,0.57
Totem du Gardien,Guardian Totem,9,11,0.82,82%,2.67,2.18,24,3,0.89,0.73,0.67,0.55
Le Marionnettiste,The Puppeteer,1,11,0.09,9%,20.0,1.82,20,2,10.0,0.91,6.67,0.61
Parchemin Secret,Secret Scroll,1,11,0.09,9%,18.0,1.64,18,2,9.0,0.82,6.0,0.55
Être de Lumière,Being of Light,1,11,0.09,9%,18.0,1.64,18,1,18.0,1.64,9.0,0.82
Danse Macabre,Dance of Death,2,11,0.18,18%,8.0,1.45,16,1,8.0,1.45,4.0,0.72
Masse de Siège,Siege Mace,1,11,0.09,9%,16.0,1.45,16,0,Gratuit,Gratuit,16.0,1.45
Couronne du Roi Nain,Crown of the Dwarf King,1,11,0.09,9%,13.0,1.18,13,0,Gratuit,Gratuit,13.0,1.18
Force Divine,Divine Impetu,1,11,0.09,9%,11.0,1.0,11,0,Gratuit,Gratuit,11.0,1.0
Épé Sainte,Holy Sword,1,11,0.09,9%,10.0,0.91,10,0,Gratuit,Gratuit,10.0,0.91
Coup de Mort,Death Helper,1,11,0.09,9%,10.0,0.91,10,1,10.0,0.91,5.0,0.46
Griffes Sauvages,Wild Claw,3,11,0.27,27%,1.0,0.27,3,3,0.33,0.09,0.25,0.07
