,Nom Anglais,nb games valide,total games,ratio,%,pts moy,pts moy total,total point,cout,pts par cout moy,pts par cout total,pts par cout moy+1,pts par cout total+1
Armure d'Obsidienne,Obsidian Battle Plate,2,2,1.0,100%,20.0,20.0,40,2,10.0,10.0,6.67,6.67
Sabre Versatile,Versatil Saber,2,2,1.0,100%,18.0,18.0,36,1,18.0,18.0,9.0,9.0
Totem Équivalent,Equivalent Totem,2,2,1.0,100%,17.0,17.0,34,3,5.67,5.67,4.25,4.25
Marteau Collecteur,Collecting Hammer,2,2,1.0,100%,14.0,14.0,28,2,7.0,7.0,4.67,4.67
Faux,Scythe,2,2,1.0,100%,13.0,13.0,26,3,4.33,4.33,3.25,3.25
Ascension Divine,Divine Ascent,1,2,0.5,50%,25.0,12.5,25,3,8.33,4.17,6.25,3.12
Gantelet Impérieux,Imperious Gauntlet,1,2,0.5,50%,22.0,11.0,22,1,22.0,11.0,11.0,5.5
Armure d'Immortel,Immortal Breastplate,1,2,0.5,50%,20.0,10.0,20,1,20.0,10.0,10.0,5.0
Hache Frénétique,Berseker Ax,1,2,0.5,50%,16.0,8.0,16,2,8.0,4.0,5.33,2.67
Esprit de l'Écuyer,Spirit of the Squire,2,2,1.0,100%,7.5,7.5,15,3,2.5,2.5,1.88,1.88
Faux Parfaite,Perfect Scythe,1,2,0.5,50%,15.0,7.5,15,0,Gratuit,Gratuit,15.0,7.5
Force Divine,Divine Impetu,1,2,0.5,50%,15.0,7.5,15,0,Gratuit,Gratuit,15.0,7.5
Lame Affutée,Sharp Blade,2,2,1.0,100%,6.0,6.0,12,3,2.0,2.0,1.5,1.5
Danse Macabre,Dance of Death,1,2,0.5,50%,10.0,5.0,10,1,10.0,5.0,5.0,2.5
Totem du Gardien,Guardian Totem,2,2,1.0,100%,2.5,2.5,5,3,0.83,0.83,0.62,0.62
Aveuglement,Incapacitor,1,2,0.5,50%,3.0,1.5,3,3,1.0,0.5,0.75,0.38
