,Nom Anglais,nb games valide,total games,ratio,%,pts moy,pts moy total,total point,cout,pts par cout moy,pts par cout total
Faux,Scythe,12,12,1.0,100%,14.0,14.0,168,3,4.67,4.67
Armure d'Obsidienne,Obsidian Battle Plate,8,12,0.67,67%,20.0,13.33,160,2,10.0,6.67
Esprit de l'Écuyer,Spirit of the Squire,9,12,0.75,75%,13.33,10.0,120,3,4.44,3.33
Économe Sagesse du Trésorier,Treasurer's Wisdom,6,12,0.5,50%,17.0,8.5,102,2,8.5,4.25
Ascension Divine,Divine Ascent,4,12,0.33,33%,25.0,8.33,100,3,8.33,2.78
Lame Affutée,Sharp Blade,9,12,0.75,75%,9.0,6.75,81,3,3.0,2.25
Aveuglement,Incapacitor,11,12,0.92,92%,6.82,6.25,75,3,2.27,2.08
Hache Frénétique,Berseker Ax,5,12,0.42,42%,14.0,5.83,70,2,7.0,2.92
Coup de Mort,Death Helper,7,12,0.58,58%,10.0,5.83,70,1,10.0,5.83
Sabre Versatile,Versatil Saber,6,12,0.5,50%,11.0,5.5,66,1,11.0,5.5
Lame Insatiable,Fast Furious Blade,4,12,0.33,33%,16.0,5.33,64,2,8.0,2.67
Épée Obscure,Swords of Darkness,4,12,0.33,33%,15.0,5.0,60,1,15.0,5.0
Totem du Gardien,Guardian Totem,12,12,1.0,100%,4.5,4.5,54,3,1.5,1.5
Parchemin Secret,Secret Scroll,3,12,0.25,25%,18.0,4.5,54,2,9.0,2.25
Épées Jumelles,Twin Swords,4,12,0.33,33%,10.0,3.33,40,1,10.0,3.33
Explosion Arcanique,Arcane Explosive,3,12,0.25,25%,12.0,3.0,36,1,12.0,3.0
Frappe Chirurgicale,Accurate Sword,2,12,0.17,17%,16.0,2.67,32,1,16.0,2.67
Elan de Fureur,Rampage Momentum,2,12,0.17,17%,15.0,2.5,30,2,7.5,1.25
Armure d'Immortel,Immortal Breastplate,2,12,0.17,17%,14.0,2.33,28,1,14.0,2.33
Couronne du Roi Nain,Crown of the Dwarf King,2,12,0.17,17%,13.0,2.17,26,0,Gratuit,Gratuit
Faux Assoiffées,Thirsty Scythes,1,12,0.08,8%,25.0,2.08,25,3,8.33,0.69
Danse Macabre,Dance of Death,3,12,0.25,25%,8.0,2.0,24,1,8.0,2.0
Assistance Divine,Sacred Help,1,12,0.08,8%,20.0,1.67,20,2,10.0,0.83
Tombeau Rocheux,Rock Tomb,2,12,0.17,17%,10.0,1.67,20,1,10.0,1.67
Chasseresse d'Âmes,Huntress of Souls,1,12,0.08,8%,19.0,1.58,19,1,19.0,1.58
Enchaînement Éclair,Unstoppable Lightning,1,12,0.08,8%,18.0,1.5,18,1,18.0,1.5
Marteleur précis,Precise Hammer,1,12,0.08,8%,18.0,1.5,18,1,18.0,1.5
Esprit omniprésent,Omnipresent Spirit,1,12,0.08,8%,18.0,1.5,18,2,9.0,0.75
Mental d'Acier,Steel Aura,1,12,0.08,8%,18.0,1.5,18,2,9.0,0.75
Griffes Démoniaques,Demon Claws,1,12,0.08,8%,17.0,1.42,17,1,17.0,1.42
Masse de Siège,Siege Mace,1,12,0.08,8%,16.0,1.33,16,0,Gratuit,Gratuit
Esprit Guerrier,Spirit of the Warrior,1,12,0.08,8%,16.0,1.33,16,1,16.0,1.33
Griffes Sauvages,Wild Claw,6,12,0.5,50%,2.67,1.33,16,3,0.89,0.44
Lance Doublée,Dual Spear,2,12,0.17,17%,8.0,1.33,16,0,Gratuit,Gratuit
Soif de Sang,Thirsty Dagger,1,12,0.08,8%,15.0,1.25,15,0,Gratuit,Gratuit
Instinct Sanguinaire,Bloody Instinct,1,12,0.08,8%,15.0,1.25,15,2,7.5,0.62
Le Croque-mort,The Undertaker,1,12,0.08,8%,14.0,1.17,14,1,14.0,1.17
Désintégrateur Magnétique,Magnetic Disintegrator,1,12,0.08,8%,11.0,0.92,11,0,Gratuit,Gratuit
Amulette Omnisciente,Omnipresent Amulet,1,12,0.08,8%,11.0,0.92,11,0,Gratuit,Gratuit
Destruction Royale,Royal Destroyer,1,12,0.08,8%,11.0,0.92,11,0,Gratuit,Gratuit
Épé Sainte,Holy Sword,1,12,0.08,8%,10.0,0.83,10,0,Gratuit,Gratuit
