,Nom Anglais,nb games valide,total games,ratio,%,pts moy,pts moy total,total point,cout,pts par cout moy,pts par cout total
Faux,Scythe,10,10,1.0,100%,14.3,14.3,143,3,4.77,4.77
Armure d'Obsidienne,Obsidian Battle Plate,7,10,0.7,70%,20.0,14.0,140,2,10.0,7.0
Économe Sagesse du Trésorier,Treasurer's Wisdom,6,10,0.6,60%,17.0,10.2,102,2,8.5,5.1
Ascension Divine,Divine Ascent,4,10,0.4,40%,25.0,10.0,100,3,8.33,3.33
Esprit de l'Écuyer,Spirit of the Squire,7,10,0.7,70%,13.71,9.6,96,3,4.57,3.2
Lame Affutée,Sharp Blade,8,10,0.8,80%,9.38,7.5,75,3,3.13,2.5
Hache Frénétique,Berseker Ax,5,10,0.5,50%,14.0,7.0,70,2,7.0,3.5
Sabre Versatile,Versatil Saber,6,10,0.6,60%,11.0,6.6,66,1,11.0,6.6
Lame Insatiable,Fast Furious Blade,4,10,0.4,40%,16.0,6.4,64,2,8.0,3.2
Coup de Mort,Death Helper,6,10,0.6,60%,10.0,6.0,60,1,10.0,6.0
Épée Obscure,Swords of Darkness,4,10,0.4,40%,15.0,6.0,60,1,15.0,6.0
Aveuglement,Incapacitor,9,10,0.9,90%,6.33,5.7,57,3,2.11,1.9
Parchemin Secret,Secret Scroll,3,10,0.3,30%,18.0,5.4,54,2,9.0,2.7
Totem du Gardien,Guardian Totem,10,10,1.0,100%,4.5,4.5,45,3,1.5,1.5
Épées Jumelles,Twin Swords,4,10,0.4,40%,10.0,4.0,40,1,10.0,4.0
Explosion Arcanique,Arcane Explosive,3,10,0.3,30%,12.0,3.6,36,1,12.0,3.6
Frappe Chirurgicale,Accurate Sword,2,10,0.2,20%,16.0,3.2,32,1,16.0,3.2
Elan de Fureur,Rampage Momentum,2,10,0.2,20%,15.0,3.0,30,2,7.5,1.5
Couronne du Roi Nain,Crown of the Dwarf King,2,10,0.2,20%,13.0,2.6,26,0,Gratuit,Gratuit
Faux Assoiffées,Thirsty Scythes,1,10,0.1,10%,25.0,2.5,25,3,8.33,0.83
Danse Macabre,Dance of Death,3,10,0.3,30%,8.0,2.4,24,1,8.0,2.4
Assistance Divine,Sacred Help,1,10,0.1,10%,20.0,2.0,20,2,10.0,1.0
Tombeau Rocheux,Rock Tomb,2,10,0.2,20%,10.0,2.0,20,1,10.0,2.0
Chasseresse d'Âmes,Huntress of Souls,1,10,0.1,10%,19.0,1.9,19,1,19.0,1.9
Marteleur précis,Precise Hammer,1,10,0.1,10%,18.0,1.8,18,1,18.0,1.8
Esprit omniprésent,Omnipresent Spirit,1,10,0.1,10%,18.0,1.8,18,2,9.0,0.9
Enchaînement Éclair,Unstoppable Lightning,1,10,0.1,10%,18.0,1.8,18,1,18.0,1.8
Mental d'Acier,Steel Aura,1,10,0.1,10%,18.0,1.8,18,2,9.0,0.9
Griffes Démoniaques,Demon Claws,1,10,0.1,10%,17.0,1.7,17,1,17.0,1.7
Masse de Siège,Siege Mace,1,10,0.1,10%,16.0,1.6,16,0,Gratuit,Gratuit
Esprit Guerrier,Spirit of the Warrior,1,10,0.1,10%,16.0,1.6,16,1,16.0,1.6
Griffes Sauvages,Wild Claw,6,10,0.6,60%,2.67,1.6,16,3,0.89,0.53
Lance Doublée,Dual Spear,2,10,0.2,20%,8.0,1.6,16,0,Gratuit,Gratuit
Soif de Sang,Thirsty Dagger,1,10,0.1,10%,15.0,1.5,15,0,Gratuit,Gratuit
Instinct Sanguinaire,Bloody Instinct,1,10,0.1,10%,15.0,1.5,15,2,7.5,0.75
Armure d'Immortel,Immortal Breastplate,1,10,0.1,10%,14.0,1.4,14,1,14.0,1.4
Le Croque-mort,The Undertaker,1,10,0.1,10%,14.0,1.4,14,1,14.0,1.4
Désintégrateur Magnétique,Magnetic Disintegrator,1,10,0.1,10%,11.0,1.1,11,0,Gratuit,Gratuit
Amulette Omnisciente,Omnipresent Amulet,1,10,0.1,10%,11.0,1.1,11,0,Gratuit,Gratuit
Destruction Royale,Royal Destroyer,1,10,0.1,10%,11.0,1.1,11,0,Gratuit,Gratuit
Épé Sainte,Holy Sword,1,10,0.1,10%,10.0,1.0,10,0,Gratuit,Gratuit
