,Nom Anglais,nb games valide,total games,ratio,%,pts moy,pts moy total,total point,cout,pts par cout moy,pts par cout total
Armure d'Obsidienne,Obsidian Battle Plate,7,9,0.78,78%,20.0,15.56,140,2,10.0,7.78
Faux,Scythe,9,9,1.0,100%,14.44,14.44,130,3,4.81,4.81
Économe Sagesse du Trésorier,Treasurer's Wisdom,6,9,0.67,67%,17.0,11.33,102,2,8.5,5.67
Ascension Divine,Divine Ascent,4,9,0.44,44%,25.0,11.11,100,3,8.33,3.7
Esprit de l'Écuyer,Spirit of the Squire,7,9,0.78,78%,13.71,10.67,96,3,4.57,3.56
Lame Affutée,Sharp Blade,8,9,0.89,89%,9.38,8.33,75,3,3.13,2.78
Sabre Versatile,Versatil Saber,6,9,0.67,67%,11.0,7.33,66,1,11.0,7.33
Lame Insatiable,Fast Furious Blade,4,9,0.44,44%,16.0,7.11,64,2,8.0,3.56
Coup de Mort,Death Helper,6,9,0.67,67%,10.0,6.67,60,1,10.0,6.67
Épée Obscure,Swords of Darkness,4,9,0.44,44%,15.0,6.67,60,1,15.0,6.67
Aveuglement,Incapacitor,9,9,1.0,100%,6.33,6.33,57,3,2.11,2.11
Hache Frénétique,Berseker Ax,4,9,0.44,44%,14.0,6.22,56,2,7.0,3.11
Parchemin Secret,Secret Scroll,3,9,0.33,33%,18.0,6.0,54,2,9.0,3.0
Totem du Gardien,Guardian Totem,9,9,1.0,100%,4.56,4.56,41,3,1.52,1.52
Épées Jumelles,Twin Swords,4,9,0.44,44%,10.0,4.44,40,1,10.0,4.44
Explosion Arcanique,Arcane Explosive,3,9,0.33,33%,12.0,4.0,36,1,12.0,4.0
Frappe Chirurgicale,Accurate Sword,2,9,0.22,22%,16.0,3.56,32,1,16.0,3.56
Elan de Fureur,Rampage Momentum,2,9,0.22,22%,15.0,3.33,30,2,7.5,1.67
Couronne du Roi Nain,Crown of the Dwarf King,2,9,0.22,22%,13.0,2.89,26,0,Gratuit,Gratuit
Faux Assoiffées,Thirsty Scythes,1,9,0.11,11%,25.0,2.78,25,3,8.33,0.93
Danse Macabre,Dance of Death,3,9,0.33,33%,8.0,2.67,24,1,8.0,2.67
Assistance Divine,Sacred Help,1,9,0.11,11%,20.0,2.22,20,2,10.0,1.11
Tombeau Rocheux,Rock Tomb,2,9,0.22,22%,10.0,2.22,20,1,10.0,2.22
Chasseresse d'Âmes,Huntress of Souls,1,9,0.11,11%,19.0,2.11,19,1,19.0,2.11
Marteleur précis,Precise Hammer,1,9,0.11,11%,18.0,2.0,18,1,18.0,2.0
Esprit omniprésent,Omnipresent Spirit,1,9,0.11,11%,18.0,2.0,18,2,9.0,1.0
Enchaînement Éclair,Unstoppable Lightning,1,9,0.11,11%,18.0,2.0,18,1,18.0,2.0
Mental d'Acier,Steel Aura,1,9,0.11,11%,18.0,2.0,18,2,9.0,1.0
Griffes Démoniaques,Demon Claws,1,9,0.11,11%,17.0,1.89,17,1,17.0,1.89
Masse de Siège,Siege Mace,1,9,0.11,11%,16.0,1.78,16,0,Gratuit,Gratuit
Esprit Guerrier,Spirit of the Warrior,1,9,0.11,11%,16.0,1.78,16,1,16.0,1.78
Griffes Sauvages,Wild Claw,6,9,0.67,67%,2.67,1.78,16,3,0.89,0.59
Lance Doublée,Dual Spear,2,9,0.22,22%,8.0,1.78,16,0,Gratuit,Gratuit
Soif de Sang,Thirsty Dagger,1,9,0.11,11%,15.0,1.67,15,0,Gratuit,Gratuit
Instinct Sanguinaire,Bloody Instinct,1,9,0.11,11%,15.0,1.67,15,2,7.5,0.83
Armure d'Immortel,Immortal Breastplate,1,9,0.11,11%,14.0,1.56,14,1,14.0,1.56
Le Croque-mort,The Undertaker,1,9,0.11,11%,14.0,1.56,14,1,14.0,1.56
Désintégrateur Magnétique,Magnetic Disintegrator,1,9,0.11,11%,11.0,1.22,11,0,Gratuit,Gratuit
Amulette Omnisciente,Omnipresent Amulet,1,9,0.11,11%,11.0,1.22,11,0,Gratuit,Gratuit
Destruction Royale,Royal Destroyer,1,9,0.11,11%,11.0,1.22,11,0,Gratuit,Gratuit
Épé Sainte,Holy Sword,1,9,0.11,11%,10.0,1.11,10,0,Gratuit,Gratuit
