,Nom Anglais,nb games valide,total games,ratio,%,pts moy,pts moy total,total point,cout,pts par cout moy,pts par cout total
Armure d'Obsidienne,Obsidian Battle Plate,3,4,0.75,75%,20.0,15.0,60,2,10.0,7.5
Faux,Scythe,4,4,1.0,100%,15.0,15.0,60,3,5.0,5.0
Économe Sagesse du Trésorier,Treasurer's Wisdom,3,4,0.75,75%,17.0,12.75,51,2,8.5,6.38
Ascension Divine,Divine Ascent,2,4,0.5,50%,25.0,12.5,50,3,8.33,4.17
Esprit de l'Écuyer,Spirit of the Squire,2,4,0.5,50%,18.0,9.0,36,3,6.0,3.0
Lame Insatiable,Fast Furious Blade,2,4,0.5,50%,16.0,8.0,32,2,8.0,4.0
Épée Obscure,Swords of Darkness,2,4,0.5,50%,15.0,7.5,30,1,15.0,7.5
Hache Frénétique,Berseker Ax,2,4,0.5,50%,14.0,7.0,28,2,7.0,3.5
Faux Assoiffées,Thirsty Scythes,1,4,0.25,25%,25.0,6.25,25,3,8.33,2.08
Explosion Arcanique,Arcane Explosive,2,4,0.5,50%,12.0,6.0,24,1,12.0,6.0
Lame Affutée,Sharp Blade,4,4,1.0,100%,6.0,6.0,24,3,2.0,2.0
Sabre Versatile,Versatil Saber,2,4,0.5,50%,11.0,5.5,22,1,11.0,5.5
Assistance Divine,Sacred Help,1,4,0.25,25%,20.0,5.0,20,2,10.0,2.5
Coup de Mort,Death Helper,2,4,0.5,50%,10.0,5.0,20,1,10.0,5.0
Totem du Gardien,Guardian Totem,4,4,1.0,100%,5.0,5.0,20,3,1.67,1.67
Épées Jumelles,Twin Swords,2,4,0.5,50%,10.0,5.0,20,1,10.0,5.0
Aveuglement,Incapacitor,4,4,1.0,100%,4.5,4.5,18,3,1.5,1.5
Parchemin Secret,Secret Scroll,1,4,0.25,25%,18.0,4.5,18,2,9.0,2.25
Mental d'Acier,Steel Aura,1,4,0.25,25%,18.0,4.5,18,2,9.0,2.25
Frappe Chirurgicale,Accurate Sword,1,4,0.25,25%,16.0,4.0,16,1,16.0,4.0
Couronne du Roi Nain,Crown of the Dwarf King,1,4,0.25,25%,13.0,3.25,13,0,Gratuit,Gratuit
Danse Macabre,Dance of Death,1,4,0.25,25%,8.0,2.0,8,1,8.0,2.0
Lance Doublée,Dual Spear,1,4,0.25,25%,8.0,2.0,8,0,Gratuit,Gratuit
Griffes Sauvages,Wild Claw,3,4,0.75,75%,2.33,1.75,7,3,0.78,0.58
