,Nom Anglais,nb games valide,total games,ratio,%,pts moy,pts moy total,total point,cout,pts par cout moy,pts par cout total,pts par cout moy+1,pts par cout total+1
Totem Équivalent,Equivalent Totem,13,13,1.0,100%,16.0,16.0,208,2,8.0,8.0,5.33,5.33
Faux,Scythe,13,13,1.0,100%,13.92,13.92,181,3,4.64,4.64,3.48,3.48
Armure d'Obsidienne,Obsidian Battle Plate,8,13,0.62,62%,20.0,12.31,160,2,10.0,6.16,6.67,4.1
Économe Sagesse du Trésorier,Treasurer's Wisdom,5,13,0.38,38%,17.0,6.54,85,2,8.5,3.27,5.67,2.18
Lame Affutée,Sharp Blade,11,13,0.85,85%,7.64,6.46,84,3,2.55,2.15,1.91,1.61
Marteau Collecteur,Collecting Hammer,6,13,0.46,46%,12.5,5.77,75,2,6.25,2.88,4.17,1.92
Hache Frénétique,Berseker Ax,5,13,0.38,38%,14.0,5.38,70,2,7.0,2.69,4.67,1.79
Épée Obscure,Swords of Darkness,4,13,0.31,31%,17.0,5.23,68,1,17.0,5.23,8.5,2.62
Aveuglement,Incapacitor,10,13,0.77,77%,6.0,4.62,60,3,2.0,1.54,1.5,1.16
Assistance Divine,Sacred Help,3,13,0.23,23%,20.0,4.62,60,2,10.0,2.31,6.67,1.54
Armure d'Immortel,Immortal Breastplate,4,13,0.31,31%,14.5,4.46,58,1,14.5,4.46,7.25,2.23
Chasseur d'Âmes,Soul Hunter,3,13,0.23,23%,18.33,4.23,55,1,18.33,4.23,9.16,2.12
Être de Lumière,Being of Light,3,13,0.23,23%,18.0,4.15,54,1,18.0,4.15,9.0,2.08
Ascension Divine,Divine Ascent,2,13,0.15,15%,25.0,3.85,50,3,8.33,1.28,6.25,0.96
Esprit de l'Écuyer,Spirit of the Squire,7,13,0.54,54%,6.86,3.69,48,3,2.29,1.23,1.72,0.92
Sabre Versatile,Versatil Saber,4,13,0.31,31%,11.0,3.38,44,1,11.0,3.38,5.5,1.69
Aura Légendaire,Legend Aura,1,13,0.08,8%,40.0,3.08,40,3,13.33,1.03,10.0,0.77
Tombeau Rocheux,Rock Tomb,4,13,0.31,31%,10.0,3.08,40,1,10.0,3.08,5.0,1.54
Totem du Gardien,Guardian Totem,9,13,0.69,69%,4.33,3.0,39,3,1.44,1.0,1.08,0.75
Esprit omniprésent,Omnipresent Spirit,2,13,0.15,15%,18.0,2.77,36,2,9.0,1.39,6.0,0.92
Marteleur précis,Precise Hammer,2,13,0.15,15%,18.0,2.77,36,1,18.0,2.77,9.0,1.39
Enchaînement Éclair,Unstoppable Lightning,2,13,0.15,15%,18.0,2.77,36,1,18.0,2.77,9.0,1.39
Mental d'Acier,Steel Aura,2,13,0.15,15%,18.0,2.77,36,2,9.0,1.39,6.0,0.92
Faux Parfaite,Perfect Scythe,2,13,0.15,15%,15.0,2.31,30,0,Gratuit,Gratuit,15.0,2.31
Elan de Fureur,Rampage Momentum,2,13,0.15,15%,15.0,2.31,30,2,7.5,1.16,5.0,0.77
Gantelet Impérieux,Imperious Gauntlet,1,13,0.08,8%,30.0,2.31,30,1,30.0,2.31,15.0,1.16
Soif de Sang,Thirsty Dagger,2,13,0.15,15%,15.0,2.31,30,0,Gratuit,Gratuit,15.0,2.31
Faux Assoiffées,Thirsty Scythes,1,13,0.08,8%,25.0,1.92,25,3,8.33,0.64,6.25,0.48
Danse Macabre,Dance of Death,3,13,0.23,23%,8.0,1.85,24,1,8.0,1.85,4.0,0.93
Explosion Arcanique,Arcane Explosive,2,13,0.15,15%,12.0,1.85,24,1,12.0,1.85,6.0,0.93
Masse Colossale,Colossal Mace,2,13,0.15,15%,11.0,1.69,22,0,Gratuit,Gratuit,11.0,1.69
Le Marionnettiste,The Puppeteer,1,13,0.08,8%,20.0,1.54,20,2,10.0,0.77,6.67,0.51
Chasseresse d'Âmes,Huntress of Souls,1,13,0.08,8%,19.0,1.46,19,1,19.0,1.46,9.5,0.73
Parchemin Secret,Secret Scroll,1,13,0.08,8%,18.0,1.38,18,2,9.0,0.69,6.0,0.46
Griffes Démoniaques,Demon Claws,1,13,0.08,8%,17.0,1.31,17,1,17.0,1.31,8.5,0.66
Œil de Lynx,Hawk's Eye,2,13,0.15,15%,8.0,1.23,16,0,Gratuit,Gratuit,8.0,1.23
Lame Insatiable,Fast Furious Blade,1,13,0.08,8%,16.0,1.23,16,2,8.0,0.61,5.33,0.41
Masse de Siège,Siege Mace,1,13,0.08,8%,16.0,1.23,16,0,Gratuit,Gratuit,16.0,1.23
Couronne du Roi Nain,Crown of the Dwarf King,1,13,0.08,8%,13.0,1.0,13,0,Gratuit,Gratuit,13.0,1.0
Force Divine,Divine Impetu,1,13,0.08,8%,11.0,0.85,11,0,Gratuit,Gratuit,11.0,0.85
Griffes Sauvages,Wild Claw,7,13,0.54,54%,1.57,0.85,11,3,0.52,0.28,0.39,0.21
Amulette Omnisciente,Omnipresent Amulet,1,13,0.08,8%,11.0,0.85,11,0,Gratuit,Gratuit,11.0,0.85
Désintégrateur Magnétique,Magnetic Disintegrator,1,13,0.08,8%,11.0,0.85,11,0,Gratuit,Gratuit,11.0,0.85
Coup de Mort,Death Helper,1,13,0.08,8%,10.0,0.77,10,1,10.0,0.77,5.0,0.39
