,Nom Anglais,nb games valide,total games,ratio,%,pts moy,pts moy total,total point,cout,pts par cout moy,pts par cout total,pts par cout moy+1,pts par cout total+1
Totem Équivalent,Equivalent Totem,14,14,1.0,100%,16.07,16.07,225,2,8.04,8.04,5.36,5.36
Faux,Scythe,14,14,1.0,100%,13.93,13.93,195,3,4.64,4.64,3.48,3.48
Armure d'Obsidienne,Obsidian Battle Plate,8,14,0.57,57%,20.0,11.43,160,2,10.0,5.71,6.67,3.81
Lame Affutée,Sharp Blade,12,14,0.86,86%,7.25,6.21,87,3,2.42,2.07,1.81,1.55
Économe Sagesse du Trésorier,Treasurer's Wisdom,5,14,0.36,36%,17.0,6.07,85,2,8.5,3.04,5.67,2.02
Hache Frénétique,Berseker Ax,6,14,0.43,43%,14.0,6.0,84,2,7.0,3.0,4.67,2.0
Assistance Divine,Sacred Help,4,14,0.29,29%,20.0,5.71,80,2,10.0,2.85,6.67,1.9
Marteau Collecteur,Collecting Hammer,6,14,0.43,43%,12.5,5.36,75,2,6.25,2.68,4.17,1.79
Épée Obscure,Swords of Darkness,4,14,0.29,29%,17.0,4.86,68,1,17.0,4.86,8.5,2.43
Aveuglement,Incapacitor,11,14,0.79,79%,5.73,4.5,63,3,1.91,1.5,1.43,1.12
Gantelet Impérieux,Imperious Gauntlet,2,14,0.14,14%,30.0,4.29,60,1,30.0,4.29,15.0,2.15
Armure d'Immortel,Immortal Breastplate,4,14,0.29,29%,14.5,4.14,58,1,14.5,4.14,7.25,2.07
Chasseur d'Âmes,Soul Hunter,3,14,0.21,21%,18.33,3.93,55,1,18.33,3.93,9.16,1.97
Être de Lumière,Being of Light,3,14,0.21,21%,18.0,3.86,54,1,18.0,3.86,9.0,1.93
Esprit de l'Écuyer,Spirit of the Squire,8,14,0.57,57%,6.75,3.86,54,3,2.25,1.29,1.69,0.96
Ascension Divine,Divine Ascent,2,14,0.14,14%,25.0,3.57,50,3,8.33,1.19,6.25,0.89
Sabre Versatile,Versatil Saber,4,14,0.29,29%,11.0,3.14,44,1,11.0,3.14,5.5,1.57
Aura Légendaire,Legend Aura,1,14,0.07,7%,40.0,2.86,40,3,13.33,0.95,10.0,0.71
Tombeau Rocheux,Rock Tomb,4,14,0.29,29%,10.0,2.86,40,1,10.0,2.86,5.0,1.43
Totem du Gardien,Guardian Totem,9,14,0.64,64%,4.33,2.79,39,3,1.44,0.93,1.08,0.7
Esprit omniprésent,Omnipresent Spirit,2,14,0.14,14%,18.0,2.57,36,2,9.0,1.28,6.0,0.86
Enchaînement Éclair,Unstoppable Lightning,2,14,0.14,14%,18.0,2.57,36,1,18.0,2.57,9.0,1.28
Mental d'Acier,Steel Aura,2,14,0.14,14%,18.0,2.57,36,2,9.0,1.28,6.0,0.86
Marteleur précis,Precise Hammer,2,14,0.14,14%,18.0,2.57,36,1,18.0,2.57,9.0,1.28
Faux Parfaite,Perfect Scythe,2,14,0.14,14%,15.0,2.14,30,0,Gratuit,Gratuit,15.0,2.14
Elan de Fureur,Rampage Momentum,2,14,0.14,14%,15.0,2.14,30,2,7.5,1.07,5.0,0.71
Soif de Sang,Thirsty Dagger,2,14,0.14,14%,15.0,2.14,30,0,Gratuit,Gratuit,15.0,2.14
Faux Assoiffées,Thirsty Scythes,1,14,0.07,7%,25.0,1.79,25,3,8.33,0.6,6.25,0.45
Explosion Arcanique,Arcane Explosive,2,14,0.14,14%,12.0,1.71,24,1,12.0,1.71,6.0,0.85
Danse Macabre,Dance of Death,3,14,0.21,21%,8.0,1.71,24,1,8.0,1.71,4.0,0.85
Masse Colossale,Colossal Mace,2,14,0.14,14%,11.0,1.57,22,0,Gratuit,Gratuit,11.0,1.57
Le Marionnettiste,The Puppeteer,1,14,0.07,7%,20.0,1.43,20,2,10.0,0.71,6.67,0.48
Chasseresse d'Âmes,Huntress of Souls,1,14,0.07,7%,19.0,1.36,19,1,19.0,1.36,9.5,0.68
Parchemin Secret,Secret Scroll,1,14,0.07,7%,18.0,1.29,18,2,9.0,0.65,6.0,0.43
Griffes Démoniaques,Demon Claws,1,14,0.07,7%,17.0,1.21,17,1,17.0,1.21,8.5,0.6
Œil de Lynx,Hawk's Eye,2,14,0.14,14%,8.0,1.14,16,0,Gratuit,Gratuit,8.0,1.14
Lame Insatiable,Fast Furious Blade,1,14,0.07,7%,16.0,1.14,16,2,8.0,0.57,5.33,0.38
Masse de Siège,Siege Mace,1,14,0.07,7%,16.0,1.14,16,0,Gratuit,Gratuit,16.0,1.14
Couronne du Roi Nain,Crown of the Dwarf King,1,14,0.07,7%,13.0,0.93,13,0,Gratuit,Gratuit,13.0,0.93
Force Divine,Divine Impetu,1,14,0.07,7%,11.0,0.79,11,0,Gratuit,Gratuit,11.0,0.79
Griffes Sauvages,Wild Claw,7,14,0.5,50%,1.57,0.79,11,3,0.52,0.26,0.39,0.2
Amulette Omnisciente,Omnipresent Amulet,1,14,0.07,7%,11.0,0.79,11,0,Gratuit,Gratuit,11.0,0.79
Désintégrateur Magnétique,Magnetic Disintegrator,1,14,0.07,7%,11.0,0.79,11,0,Gratuit,Gratuit,11.0,0.79
Coup de Mort,Death Helper,1,14,0.07,7%,10.0,0.71,10,1,10.0,0.71,5.0,0.35
