,Nom Anglais,nb games valide,total games,ratio,%,pts moy,pts moy total,total point,cout,pts par cout moy,pts par cout total,pts par cout moy+1,pts par cout total+1
Totem Équivalent,Equivalent Totem,8,8,1.0,100%,16.25,16.25,130,2,8.12,8.12,5.42,5.42
Faux,Scythe,8,8,1.0,100%,14.75,14.75,118,3,4.92,4.92,3.69,3.69
Armure d'Obsidienne,Obsidian Battle Plate,5,8,0.62,62%,20.0,12.5,100,2,10.0,6.25,6.67,4.17
Économe Sagesse du Trésorier,Treasurer's Wisdom,5,8,0.62,62%,17.0,10.62,85,2,8.5,5.31,5.67,3.54
Lame Affutée,Sharp Blade,6,8,0.75,75%,10.0,7.5,60,3,3.33,2.5,2.5,1.88
Marteau Collecteur,Collecting Hammer,4,8,0.5,50%,13.5,6.75,54,2,6.75,3.38,4.5,2.25
Épée Obscure,Swords of Darkness,3,8,0.38,38%,17.0,6.38,51,1,17.0,6.38,8.5,3.19
Ascension Divine,Divine Ascent,2,8,0.25,25%,25.0,6.25,50,3,8.33,2.08,6.25,1.56
Armure d'Immortel,Immortal Breastplate,3,8,0.38,38%,14.0,5.25,42,1,14.0,5.25,7.0,2.62
Hache Frénétique,Berseker Ax,3,8,0.38,38%,14.0,5.25,42,2,7.0,2.62,4.67,1.75
Assistance Divine,Sacred Help,2,8,0.25,25%,20.0,5.0,40,2,10.0,2.5,6.67,1.67
Aura Légendaire,Legend Aura,1,8,0.12,12%,40.0,5.0,40,3,13.33,1.67,10.0,1.25
Aveuglement,Incapacitor,5,8,0.62,62%,7.8,4.88,39,3,2.6,1.63,1.95,1.22
Esprit omniprésent,Omnipresent Spirit,2,8,0.25,25%,18.0,4.5,36,2,9.0,2.25,6.0,1.5
Esprit de l'Écuyer,Spirit of the Squire,5,8,0.62,62%,7.2,4.5,36,3,2.4,1.5,1.8,1.12
Enchaînement Éclair,Unstoppable Lightning,2,8,0.25,25%,18.0,4.5,36,1,18.0,4.5,9.0,2.25
Être de Lumière,Being of Light,2,8,0.25,25%,18.0,4.5,36,1,18.0,4.5,9.0,2.25
Mental d'Acier,Steel Aura,2,8,0.25,25%,18.0,4.5,36,2,9.0,2.25,6.0,1.5
Marteleur précis,Precise Hammer,2,8,0.25,25%,18.0,4.5,36,1,18.0,4.5,9.0,2.25
Totem du Gardien,Guardian Totem,8,8,1.0,100%,4.38,4.38,35,3,1.46,1.46,1.09,1.09
Sabre Versatile,Versatil Saber,3,8,0.38,38%,11.0,4.12,33,1,11.0,4.12,5.5,2.06
Elan de Fureur,Rampage Momentum,2,8,0.25,25%,15.0,3.75,30,2,7.5,1.88,5.0,1.25
Faux Assoiffées,Thirsty Scythes,1,8,0.12,12%,25.0,3.12,25,3,8.33,1.04,6.25,0.78
Explosion Arcanique,Arcane Explosive,2,8,0.25,25%,12.0,3.0,24,1,12.0,3.0,6.0,1.5
Masse Colossale,Colossal Mace,2,8,0.25,25%,11.0,2.75,22,0,Gratuit,Gratuit,11.0,2.75
Tombeau Rocheux,Rock Tomb,2,8,0.25,25%,10.0,2.5,20,1,10.0,2.5,5.0,1.25
Chasseresse d'Âmes,Huntress of Souls,1,8,0.12,12%,19.0,2.38,19,1,19.0,2.38,9.5,1.19
Parchemin Secret,Secret Scroll,1,8,0.12,12%,18.0,2.25,18,2,9.0,1.12,6.0,0.75
Griffes Démoniaques,Demon Claws,1,8,0.12,12%,17.0,2.12,17,1,17.0,2.12,8.5,1.06
Œil de Lynx,Hawk's Eye,2,8,0.25,25%,8.0,2.0,16,0,Gratuit,Gratuit,8.0,2.0
Lame Insatiable,Fast Furious Blade,1,8,0.12,12%,16.0,2.0,16,2,8.0,1.0,5.33,0.67
Danse Macabre,Dance of Death,2,8,0.25,25%,8.0,2.0,16,1,8.0,2.0,4.0,1.0
Chasseur d'Âmes,Soul Hunter,1,8,0.12,12%,15.0,1.88,15,1,15.0,1.88,7.5,0.94
Faux Parfaite,Perfect Scythe,1,8,0.12,12%,15.0,1.88,15,0,Gratuit,Gratuit,15.0,1.88
Couronne du Roi Nain,Crown of the Dwarf King,1,8,0.12,12%,13.0,1.62,13,0,Gratuit,Gratuit,13.0,1.62
Force Divine,Divine Impetu,1,8,0.12,12%,11.0,1.38,11,0,Gratuit,Gratuit,11.0,1.38
Amulette Omnisciente,Omnipresent Amulet,1,8,0.12,12%,11.0,1.38,11,0,Gratuit,Gratuit,11.0,1.38
Désintégrateur Magnétique,Magnetic Disintegrator,1,8,0.12,12%,11.0,1.38,11,0,Gratuit,Gratuit,11.0,1.38
Coup de Mort,Death Helper,1,8,0.12,12%,10.0,1.25,10,1,10.0,1.25,5.0,0.62
Griffes Sauvages,Wild Claw,6,8,0.75,75%,1.67,1.25,10,3,0.56,0.42,0.42,0.31
