,Nom Anglais,nb games valide,total games,ratio,%,pts moy,pts moy total,total point,cout,pts par cout moy,pts par cout total
Marteleur précis,Precise Hammer,1,1,1.0,100%,18.0,18.0,18,1,18.0,18.0
Totem Équivalent,Equivalent Totem,1,1,1.0,100%,17.0,17.0,17,1,17.0,17.0
Faux,Scythe,1,1,1.0,100%,14.0,14.0,14,3,4.67,4.67
Hache Frénétique,Berseker Ax,1,1,1.0,100%,14.0,14.0,14,2,7.0,7.0
Marteau Collecteur,Collecting Hammer,1,1,1.0,100%,12.0,12.0,12,2,6.0,6.0
Esprit de l'Écuyer,Spirit of the Squire,1,1,1.0,100%,6.0,6.0,6,3,2.0,2.0
Totem du Gardien,Guardian Totem,1,1,1.0,100%,6.0,6.0,6,3,2.0,2.0
Lame Affutée,Sharp Blade,1,1,1.0,100%,3.0,3.0,3,3,1.0,1.0
Griffes Sauvages,Wild Claw,1,1,1.0,100%,1.0,1.0,1,3,0.33,0.33
