,Nom Anglais,nb games valide,total games,ratio,%,pts moy,pts moy total,total point,cout,pts par cout moy,pts par cout total
Faux,Scythe,16,16,1.0,100%,11.56,11.56,185,3,3.85,3.85
Armure d'Obsidienne,Obsidian Battle Plate,6,16,0.38,38%,20.0,7.5,120,2,10.0,3.75
Esprit de l'Écuyer,Spirit of the Squire,12,16,0.75,75%,8.0,6.0,96,3,2.67,2.0
Aveuglement,Incapacitor,12,16,0.75,75%,6.75,5.06,81,3,2.25,1.69
Totem du Gardien,Guardian Totem,16,16,1.0,100%,4.81,4.81,77,3,1.6,1.6
Ascension Divine,Divine Ascent,3,16,0.19,19%,25.0,4.69,75,3,8.33,1.56
Soif de Sang,Thirsty Dagger,4,16,0.25,25%,15.0,3.75,60,0,Gratuit,Gratuit
Sabre Versatile,Versatil Saber,5,16,0.31,31%,11.0,3.44,55,1,11.0,3.44
Faux Assoiffées,Thirsty Scythes,2,16,0.12,12%,25.0,3.12,50,3,8.33,1.04
Lame Affutée,Sharp Blade,9,16,0.56,56%,5.33,3.0,48,3,1.78,1.0
Instinct Sanguinaire,Bloody Instinct,3,16,0.19,19%,15.0,2.81,45,2,7.5,1.41
Hache Frénétique,Berseker Ax,3,16,0.19,19%,14.0,2.62,42,2,7.0,1.31
Le Marionnettiste,The Puppeteer,2,16,0.12,12%,20.0,2.5,40,2,10.0,1.25
Économe Sagesse du Trésorier,Treasurer's Wisdom,2,16,0.12,12%,17.0,2.12,34,2,8.5,1.06
Désintégrateur Magnétique,Magnetic Disintegrator,3,16,0.19,19%,11.0,2.06,33,0,Gratuit,Gratuit
Esprit Guerrier,Spirit of the Warrior,2,16,0.12,12%,16.0,2.0,32,1,16.0,2.0
Coup de Mort,Death Helper,3,16,0.19,19%,10.0,1.88,30,1,10.0,1.88
Amulette Omnisciente,Omnipresent Amulet,2,16,0.12,12%,11.0,1.38,22,0,Gratuit,Gratuit
Destruction Royale,Royal Destroyer,2,16,0.12,12%,11.0,1.38,22,0,Gratuit,Gratuit
Glaive Vindicatif,Large Sword of Hate,1,16,0.06,6%,20.0,1.25,20,1,20.0,1.25
Parchemin Secret,Secret Scroll,1,16,0.06,6%,18.0,1.12,18,2,9.0,0.56
Griffes Sauvages,Wild Claw,8,16,0.5,50%,2.25,1.12,18,3,0.75,0.37
Frappe Chirurgicale,Accurate Sword,1,16,0.06,6%,16.0,1.0,16,1,16.0,1.0
Lame Insatiable,Fast Furious Blade,1,16,0.06,6%,16.0,1.0,16,2,8.0,0.5
Elan de Fureur,Rampage Momentum,1,16,0.06,6%,15.0,0.94,15,2,7.5,0.47
Épée Obscure,Swords of Darkness,1,16,0.06,6%,15.0,0.94,15,1,15.0,0.94
Chasseur d'Âmes,Soul Hunter,1,16,0.06,6%,15.0,0.94,15,1,15.0,0.94
Esquive Salvatrice,Evasive Protection,1,16,0.06,6%,15.0,0.94,15,0,Gratuit,Gratuit
Armure d'Immortel,Immortal Breastplate,1,16,0.06,6%,14.0,0.88,14,1,14.0,0.88
Explosion Arcanique,Arcane Explosive,1,16,0.06,6%,12.0,0.75,12,1,12.0,0.75
Force Divine,Divine Impetu,1,16,0.06,6%,11.0,0.69,11,0,Gratuit,Gratuit
Tombeau Rocheux,Rock Tomb,1,16,0.06,6%,10.0,0.62,10,1,10.0,0.62
Épé Sainte,Holy Sword,1,16,0.06,6%,10.0,0.62,10,0,Gratuit,Gratuit
Épées Jumelles,Twin Swords,1,16,0.06,6%,10.0,0.62,10,1,10.0,0.62
Danse Macabre,Dance of Death,1,16,0.06,6%,8.0,0.5,8,1,8.0,0.5
Lance Doublée,Dual Spear,1,16,0.06,6%,8.0,0.5,8,0,Gratuit,Gratuit
Œil de Lynx,Hawk's Eye,1,16,0.06,6%,8.0,0.5,8,0,Gratuit,Gratuit
