,Nom Anglais,nb games valide,total games,ratio,%,pts moy,pts moy total,total point,cout,pts par cout moy,pts par cout total,pts par cout moy+1,pts par cout total+1
Totem Équivalent,Equivalent Totem,8,8,1.0,100%,15.38,15.38,123,3,5.13,5.13,3.85,3.85
Faux,Scythe,8,8,1.0,100%,12.5,12.5,100,3,4.17,4.17,3.12,3.12
Assistance Divine,Sacred Help,4,8,0.5,50%,20.0,10.0,80,2,10.0,5.0,6.67,3.33
Armure d'Obsidienne,Obsidian Battle Plate,3,8,0.38,38%,20.0,7.5,60,2,10.0,3.75,6.67,2.5
Marteau Collecteur,Collecting Hammer,4,8,0.5,50%,14.0,7.0,56,2,7.0,3.5,4.67,2.33
Lame Affutée,Sharp Blade,6,8,0.75,75%,8.5,6.38,51,3,2.83,2.13,2.12,1.59
Hache Frénétique,Berseker Ax,3,8,0.38,38%,16.0,6.0,48,2,8.0,3.0,5.33,2.0
Épée Obscure,Swords of Darkness,2,8,0.25,25%,20.0,5.0,40,1,20.0,5.0,10.0,2.5
Le Marionnettiste,The Puppeteer,2,8,0.25,25%,20.0,5.0,40,2,10.0,2.5,6.67,1.67
Esprit de l'Écuyer,Spirit of the Squire,6,8,0.75,75%,6.0,4.5,36,3,2.0,1.5,1.5,1.12
Mental d'Acier,Steel Aura,2,8,0.25,25%,18.0,4.5,36,2,9.0,2.25,6.0,1.5
Explosion Arcanique,Arcane Explosive,3,8,0.38,38%,12.0,4.5,36,1,12.0,4.5,6.0,2.25
Totem du Gardien,Guardian Totem,8,8,1.0,100%,4.38,4.38,35,3,1.46,1.46,1.09,1.09
Aveuglement,Incapacitor,6,8,0.75,75%,5.5,4.12,33,3,1.83,1.37,1.38,1.03
Faux Parfaite,Perfect Scythe,2,8,0.25,25%,15.0,3.75,30,0,Gratuit,Gratuit,15.0,3.75
Faux Assoiffées,Thirsty Scythes,1,8,0.12,12%,25.0,3.12,25,3,8.33,1.04,6.25,0.78
Ascension Divine,Divine Ascent,1,8,0.12,12%,25.0,3.12,25,3,8.33,1.04,6.25,0.78
Gantelet Impérieux,Imperious Gauntlet,1,8,0.12,12%,22.0,2.75,22,1,22.0,2.75,11.0,1.38
Enchaînement Éclair,Unstoppable Lightning,1,8,0.12,12%,22.0,2.75,22,2,11.0,1.38,7.33,0.92
Être de Lumière,Being of Light,1,8,0.12,12%,20.0,2.5,20,1,20.0,2.5,10.0,1.25
Danse Macabre,Dance of Death,2,8,0.25,25%,10.0,2.5,20,1,10.0,2.5,5.0,1.25
Parchemin Secret,Secret Scroll,1,8,0.12,12%,18.0,2.25,18,2,9.0,1.12,6.0,0.75
Esprit omniprésent,Omnipresent Spirit,1,8,0.12,12%,18.0,2.25,18,2,9.0,1.12,6.0,0.75
Sabre Versatile,Versatil Saber,1,8,0.12,12%,18.0,2.25,18,1,18.0,2.25,9.0,1.12
Lame Insatiable,Fast Furious Blade,1,8,0.12,12%,18.0,2.25,18,2,9.0,1.12,6.0,0.75
Marteleur précis,Precise Hammer,1,8,0.12,12%,18.0,2.25,18,1,18.0,2.25,9.0,1.12
Esprit Guerrier,Spirit of the Warrior,1,8,0.12,12%,16.0,2.0,16,1,16.0,2.0,8.0,1.0
Épé Sainte,Holy Sword,1,8,0.12,12%,15.0,1.88,15,0,Gratuit,Gratuit,15.0,1.88
Elan de Fureur,Rampage Momentum,1,8,0.12,12%,15.0,1.88,15,1,15.0,1.88,7.5,0.94
Masse Colossale,Colossal Mace,1,8,0.12,12%,15.0,1.88,15,0,Gratuit,Gratuit,15.0,1.88
Couronne du Roi Nain,Crown of the Dwarf King,1,8,0.12,12%,13.0,1.62,13,0,Gratuit,Gratuit,13.0,1.62
Œil de Lynx,Hawk's Eye,1,8,0.12,12%,8.0,1.0,8,0,Gratuit,Gratuit,8.0,1.0
Griffes Sauvages,Wild Claw,3,8,0.38,38%,1.67,0.62,5,3,0.56,0.21,0.42,0.15
