,Nom Anglais,nb games valide,total games,ratio,%,pts moy,pts moy total,total point,cout,pts par cout moy,pts par cout total,pts par cout moy+1,pts par cout total+1
Ascension Divine,Divine Ascent,4,4,1.0,100%,25.0,25.0,100,3,8.33,8.33,6.25,6.25
Armure d'Obsidienne,Obsidian Battle Plate,4,4,1.0,100%,20.0,20.0,80,2,10.0,10.0,6.67,6.67
Totem Équivalent,Equivalent Totem,4,4,1.0,100%,18.0,18.0,72,2,9.0,9.0,6.0,6.0
Faux,Scythe,4,4,1.0,100%,16.25,16.25,65,3,5.42,5.42,4.06,4.06
Économe Sagesse du Trésorier,Treasurer's Wisdom,3,4,0.75,75%,17.0,12.75,51,2,8.5,6.38,5.67,4.25
Épée Obscure,Swords of Darkness,3,4,0.75,75%,17.0,12.75,51,1,17.0,12.75,8.5,6.38
Chasseur d'Âmes,Soul Hunter,3,4,0.75,75%,15.0,11.25,45,1,15.0,11.25,7.5,5.62
Lame Affutée,Sharp Blade,4,4,1.0,100%,10.5,10.5,42,3,3.5,3.5,2.62,2.62
Hache Frénétique,Berseker Ax,3,4,0.75,75%,14.0,10.5,42,2,7.0,5.25,4.67,3.5
Esprit de l'Écuyer,Spirit of the Squire,3,4,0.75,75%,12.0,9.0,36,3,4.0,3.0,3.0,2.25
Parchemin Secret,Secret Scroll,2,4,0.5,50%,18.0,9.0,36,2,9.0,4.5,6.0,3.0
Gantelet Impérieux,Imperious Gauntlet,1,4,0.25,25%,30.0,7.5,30,1,30.0,7.5,15.0,3.75
Marteau Collecteur,Collecting Hammer,3,4,0.75,75%,10.0,7.5,30,2,5.0,3.75,3.33,2.5
Armure d'Immortel,Immortal Breastplate,2,4,0.5,50%,14.0,7.0,28,1,14.0,7.0,7.0,3.5
Faux Assoiffées,Thirsty Scythes,1,4,0.25,25%,25.0,6.25,25,3,8.33,2.08,6.25,1.56
Explosion Arcanique,Arcane Explosive,2,4,0.5,50%,12.0,6.0,24,1,12.0,6.0,6.0,3.0
Sabre Versatile,Versatil Saber,2,4,0.5,50%,11.0,5.5,22,1,11.0,5.5,5.5,2.75
Le Marionnettiste,The Puppeteer,1,4,0.25,25%,20.0,5.0,20,2,10.0,2.5,6.67,1.67
Tombeau Rocheux,Rock Tomb,2,4,0.5,50%,10.0,5.0,20,1,10.0,5.0,5.0,2.5
Épé Sainte,Holy Sword,2,4,0.5,50%,10.0,5.0,20,0,Gratuit,Gratuit,10.0,5.0
Pillard Féroce,Savage Looter,1,4,0.25,25%,20.0,5.0,20,1,20.0,5.0,10.0,2.5
Chasseresse d'Âmes,Huntress of Souls,1,4,0.25,25%,19.0,4.75,19,1,19.0,4.75,9.5,2.38
Totem du Gardien,Guardian Totem,4,4,1.0,100%,4.5,4.5,18,3,1.5,1.5,1.12,1.12
Aveuglement,Incapacitor,4,4,1.0,100%,4.5,4.5,18,3,1.5,1.5,1.12,1.12
Griffes Démoniaques,Demon Claws,1,4,0.25,25%,17.0,4.25,17,1,17.0,4.25,8.5,2.12
Danse Macabre,Dance of Death,2,4,0.5,50%,8.0,4.0,16,1,8.0,4.0,4.0,2.0
Lame Insatiable,Fast Furious Blade,1,4,0.25,25%,16.0,4.0,16,2,8.0,2.0,5.33,1.33
Elan de Fureur,Rampage Momentum,1,4,0.25,25%,15.0,3.75,15,2,7.5,1.88,5.0,1.25
Faux Parfaite,Perfect Scythe,1,4,0.25,25%,15.0,3.75,15,0,Gratuit,Gratuit,15.0,3.75
Couronne du Roi Nain,Crown of the Dwarf King,1,4,0.25,25%,13.0,3.25,13,0,Gratuit,Gratuit,13.0,3.25
Désintégrateur Magnétique,Magnetic Disintegrator,1,4,0.25,25%,11.0,2.75,11,0,Gratuit,Gratuit,11.0,2.75
Coup de Mort,Death Helper,1,4,0.25,25%,10.0,2.5,10,1,10.0,2.5,5.0,1.25
Griffes Sauvages,Wild Claw,3,4,0.75,75%,1.33,1.0,4,3,0.44,0.33,0.33,0.25
