,Nom Anglais,nb games valide,total games,ratio,%,pts moy,pts moy total,total point,cout,pts par cout moy,pts par cout total,pts par cout moy+1,pts par cout total+1
Ascension Divine,Divine Ascent,6,6,1.0,100%,25.0,25.0,150,3,8.33,8.33,6.25,6.25
Armure d'Obsidienne,Obsidian Battle Plate,6,6,1.0,100%,20.0,20.0,120,2,10.0,10.0,6.67,6.67
Totem Équivalent,Equivalent Totem,6,6,1.0,100%,18.0,18.0,108,2,9.0,9.0,6.0,6.0
Faux,Scythe,6,6,1.0,100%,17.83,17.83,107,3,5.94,5.94,4.46,4.46
Économe Sagesse du Trésorier,Treasurer's Wisdom,5,6,0.83,83%,17.0,14.17,85,2,8.5,7.08,5.67,4.72
Faux Assoiffées,Thirsty Scythes,3,6,0.5,50%,25.0,12.5,75,3,8.33,4.17,6.25,3.12
Chasseur d'Âmes,Soul Hunter,4,6,0.67,67%,15.0,10.0,60,1,15.0,10.0,7.5,5.0
Lame Affutée,Sharp Blade,6,6,1.0,100%,9.5,9.5,57,3,3.17,3.17,2.38,2.38
Hache Frénétique,Berseker Ax,4,6,0.67,67%,14.0,9.33,56,2,7.0,4.67,4.67,3.11
Épée Obscure,Swords of Darkness,3,6,0.5,50%,17.0,8.5,51,1,17.0,8.5,8.5,4.25
Esprit de l'Écuyer,Spirit of the Squire,4,6,0.67,67%,11.25,7.5,45,3,3.75,2.5,2.81,1.88
Armure d'Immortel,Immortal Breastplate,3,6,0.5,50%,14.0,7.0,42,1,14.0,7.0,7.0,3.5
Le Marionnettiste,The Puppeteer,2,6,0.33,33%,20.0,6.67,40,2,10.0,3.33,6.67,2.22
Assistance Divine,Sacred Help,2,6,0.33,33%,20.0,6.67,40,2,10.0,3.33,6.67,2.22
Chasseresse d'Âmes,Huntress of Souls,2,6,0.33,33%,19.0,6.33,38,1,19.0,6.33,9.5,3.17
Parchemin Secret,Secret Scroll,2,6,0.33,33%,18.0,6.0,36,2,9.0,3.0,6.0,2.0
Explosion Arcanique,Arcane Explosive,3,6,0.5,50%,12.0,6.0,36,1,12.0,6.0,6.0,3.0
Griffes Démoniaques,Demon Claws,2,6,0.33,33%,17.0,5.67,34,1,17.0,5.67,8.5,2.83
Aveuglement,Incapacitor,6,6,1.0,100%,5.5,5.5,33,3,1.83,1.83,1.38,1.38
Sabre Versatile,Versatil Saber,3,6,0.5,50%,11.0,5.5,33,1,11.0,5.5,5.5,2.75
Lame Insatiable,Fast Furious Blade,2,6,0.33,33%,16.0,5.33,32,2,8.0,2.67,5.33,1.78
Marteau Collecteur,Collecting Hammer,3,6,0.5,50%,10.0,5.0,30,2,5.0,2.5,3.33,1.67
Faux Parfaite,Perfect Scythe,2,6,0.33,33%,15.0,5.0,30,0,Gratuit,Gratuit,15.0,5.0
Tombeau Rocheux,Rock Tomb,3,6,0.5,50%,10.0,5.0,30,1,10.0,5.0,5.0,2.5
Gantelet Impérieux,Imperious Gauntlet,1,6,0.17,17%,30.0,5.0,30,1,30.0,5.0,15.0,2.5
Totem du Gardien,Guardian Totem,6,6,1.0,100%,4.67,4.67,28,3,1.56,1.56,1.17,1.17
Désintégrateur Magnétique,Magnetic Disintegrator,2,6,0.33,33%,11.0,3.67,22,0,Gratuit,Gratuit,11.0,3.67
Pillard Féroce,Savage Looter,1,6,0.17,17%,20.0,3.33,20,1,20.0,3.33,10.0,1.67
Épé Sainte,Holy Sword,2,6,0.33,33%,10.0,3.33,20,0,Gratuit,Gratuit,10.0,3.33
Danse Macabre,Dance of Death,2,6,0.33,33%,8.0,2.67,16,1,8.0,2.67,4.0,1.33
Elan de Fureur,Rampage Momentum,1,6,0.17,17%,15.0,2.5,15,2,7.5,1.25,5.0,0.83
Couronne du Roi Nain,Crown of the Dwarf King,1,6,0.17,17%,13.0,2.17,13,0,Gratuit,Gratuit,13.0,2.17
Coup de Mort,Death Helper,1,6,0.17,17%,10.0,1.67,10,1,10.0,1.67,5.0,0.83
Œil de Lynx,Hawk's Eye,1,6,0.17,17%,8.0,1.33,8,0,Gratuit,Gratuit,8.0,1.33
Griffes Sauvages,Wild Claw,5,6,0.83,83%,1.4,1.17,7,3,0.47,0.39,0.35,0.29
