,Nom Anglais,nb games valide,total games,ratio,%,pts moy,pts moy total,total point,cout,pts par cout moy,pts par cout total,pts par cout moy+1,pts par cout total+1
Ascension Divine,Divine Ascent,9,11,0.82,82%,25.0,20.45,225,3,8.33,6.82,6.25,5.11
Armure d'Obsidienne,Obsidian Battle Plate,10,11,0.91,91%,20.0,18.18,200,2,10.0,9.09,6.67,6.06
Totem Équivalent,Equivalent Totem,11,11,1.0,100%,17.73,17.73,195,2,8.87,8.87,5.91,5.91
Faux,Scythe,11,11,1.0,100%,16.45,16.45,181,3,5.48,5.48,4.11,4.11
Économe Sagesse du Trésorier,Treasurer's Wisdom,8,11,0.73,73%,17.0,12.36,136,2,8.5,6.18,5.67,4.12
Assistance Divine,Sacred Help,5,11,0.45,45%,20.0,9.09,100,2,10.0,4.54,6.67,3.03
Hache Frénétique,Berseker Ax,7,11,0.64,64%,14.0,8.91,98,2,7.0,4.46,4.67,2.97
Armure d'Immortel,Immortal Breastplate,6,11,0.55,55%,14.67,8.0,88,1,14.67,8.0,7.33,4.0
Lame Affutée,Sharp Blade,10,11,0.91,91%,8.7,7.91,87,3,2.9,2.64,2.17,1.98
Chasseur d'Âmes,Soul Hunter,5,11,0.45,45%,16.0,7.27,80,1,16.0,7.27,8.0,3.63
Esprit de l'Écuyer,Spirit of the Squire,8,11,0.73,73%,9.75,7.09,78,3,3.25,2.36,2.44,1.77
Faux Assoiffées,Thirsty Scythes,3,11,0.27,27%,25.0,6.82,75,3,8.33,2.27,6.25,1.71
Marteau Collecteur,Collecting Hammer,6,11,0.55,55%,11.67,6.36,70,2,5.83,3.18,3.89,2.12
Sabre Versatile,Versatil Saber,6,11,0.55,55%,11.0,6.0,66,1,11.0,6.0,5.5,3.0
Explosion Arcanique,Arcane Explosive,5,11,0.45,45%,12.0,5.45,60,1,12.0,5.45,6.0,2.73
Le Marionnettiste,The Puppeteer,3,11,0.27,27%,20.0,5.45,60,2,10.0,2.73,6.67,1.82
Épée Obscure,Swords of Darkness,3,11,0.27,27%,17.0,4.64,51,1,17.0,4.64,8.5,2.32
Aveuglement,Incapacitor,8,11,0.73,73%,5.62,4.09,45,3,1.87,1.36,1.41,1.02
Tombeau Rocheux,Rock Tomb,4,11,0.36,36%,10.0,3.64,40,1,10.0,3.64,5.0,1.82
Totem du Gardien,Guardian Totem,9,11,0.82,82%,4.33,3.55,39,3,1.44,1.18,1.08,0.89
Chasseresse d'Âmes,Huntress of Souls,2,11,0.18,18%,19.0,3.45,38,1,19.0,3.45,9.5,1.73
Parchemin Secret,Secret Scroll,2,11,0.18,18%,18.0,3.27,36,2,9.0,1.64,6.0,1.09
Être de Lumière,Being of Light,2,11,0.18,18%,18.0,3.27,36,1,18.0,3.27,9.0,1.64
Marteleur précis,Precise Hammer,2,11,0.18,18%,18.0,3.27,36,1,18.0,3.27,9.0,1.64
Griffes Démoniaques,Demon Claws,2,11,0.18,18%,17.0,3.09,34,1,17.0,3.09,8.5,1.54
Lame Insatiable,Fast Furious Blade,2,11,0.18,18%,16.0,2.91,32,2,8.0,1.46,5.33,0.97
Faux Parfaite,Perfect Scythe,2,11,0.18,18%,15.0,2.73,30,0,Gratuit,Gratuit,15.0,2.73
Gantelet Impérieux,Imperious Gauntlet,1,11,0.09,9%,30.0,2.73,30,1,30.0,2.73,15.0,1.36
Coup de Mort,Death Helper,2,11,0.18,18%,11.5,2.09,23,1,11.5,2.09,5.75,1.04
Désintégrateur Magnétique,Magnetic Disintegrator,2,11,0.18,18%,11.0,2.0,22,0,Gratuit,Gratuit,11.0,2.0
Pillard Féroce,Savage Looter,1,11,0.09,9%,20.0,1.82,20,1,20.0,1.82,10.0,0.91
Épé Sainte,Holy Sword,2,11,0.18,18%,10.0,1.82,20,0,Gratuit,Gratuit,10.0,1.82
Esprit Guerrier,Spirit of the Warrior,1,11,0.09,9%,16.0,1.45,16,1,16.0,1.45,8.0,0.72
Danse Macabre,Dance of Death,2,11,0.18,18%,8.0,1.45,16,1,8.0,1.45,4.0,0.72
Force Divine,Divine Impetu,1,11,0.09,9%,15.0,1.36,15,0,Gratuit,Gratuit,15.0,1.36
Elan de Fureur,Rampage Momentum,1,11,0.09,9%,15.0,1.36,15,2,7.5,0.68,5.0,0.45
Griffes Sauvages,Wild Claw,9,11,0.82,82%,1.44,1.18,13,3,0.48,0.39,0.36,0.29
Couronne du Roi Nain,Crown of the Dwarf King,1,11,0.09,9%,13.0,1.18,13,0,Gratuit,Gratuit,13.0,1.18
Œil de Lynx,Hawk's Eye,1,11,0.09,9%,8.0,0.73,8,0,Gratuit,Gratuit,8.0,0.73
