,Nom Anglais,nb games valide,total games,ratio,%,pts moy,pts moy total,total point,cout,pts par cout moy,pts par cout total,pts par cout moy+1,pts par cout total+1
Totem Équivalent,Equivalent Totem,2,2,1.0,100%,17.0,17.0,34,3,5.67,5.67,4.25,4.25
Faux,Scythe,2,2,1.0,100%,14.5,14.5,29,3,4.83,4.83,3.62,3.62
Ascension Divine,Divine Ascent,1,2,0.5,50%,25.0,12.5,25,3,8.33,4.17,6.25,3.12
Enchaînement Éclair,Unstoppable Lightning,1,2,0.5,50%,22.0,11.0,22,2,11.0,5.5,7.33,3.67
Esprit de l'Écuyer,Spirit of the Squire,2,2,1.0,100%,10.5,10.5,21,3,3.5,3.5,2.62,2.62
Épée Obscure,Swords of Darkness,1,2,0.5,50%,20.0,10.0,20,1,20.0,10.0,10.0,5.0
Armure d'Obsidienne,Obsidian Battle Plate,1,2,0.5,50%,20.0,10.0,20,2,10.0,5.0,6.67,3.33
Chasseur d'Âmes,Soul Hunter,1,2,0.5,50%,20.0,10.0,20,1,20.0,10.0,10.0,5.0
Sabre Versatile,Versatil Saber,1,2,0.5,50%,18.0,9.0,18,1,18.0,9.0,9.0,4.5
Lame Affutée,Sharp Blade,2,2,1.0,100%,9.0,9.0,18,3,3.0,3.0,2.25,2.25
Elan de Fureur,Rampage Momentum,1,2,0.5,50%,15.0,7.5,15,1,15.0,7.5,7.5,3.75
Aveuglement,Incapacitor,2,2,1.0,100%,7.5,7.5,15,3,2.5,2.5,1.88,1.88
Faux Parfaite,Perfect Scythe,1,2,0.5,50%,15.0,7.5,15,0,Gratuit,Gratuit,15.0,7.5
Marteau Collecteur,Collecting Hammer,1,2,0.5,50%,14.0,7.0,14,2,7.0,3.5,4.67,2.33
Coup de Mort,Death Helper,1,2,0.5,50%,13.0,6.5,13,1,13.0,6.5,6.5,3.25
Explosion Arcanique,Arcane Explosive,1,2,0.5,50%,12.0,6.0,12,1,12.0,6.0,6.0,3.0
Danse Macabre,Dance of Death,1,2,0.5,50%,10.0,5.0,10,1,10.0,5.0,5.0,2.5
Totem du Gardien,Guardian Totem,2,2,1.0,100%,2.5,2.5,5,3,0.83,0.83,0.62,0.62
