,Nom Anglais,nb games valide,total games,ratio,%,pts moy,pts moy total,total point,cout,pts par cout moy,pts par cout total,pts par cout moy+1,pts par cout total+1
Armure d'Obsidienne,Obsidian Battle Plate,7,8,0.88,88%,20.0,17.5,140,2,10.0,8.75,6.67,5.83
Totem Équivalent,Equivalent Totem,8,8,1.0,100%,16.62,16.62,133,2,8.31,8.31,5.54,5.54
Faux,Scythe,8,8,1.0,100%,13.88,13.88,111,3,4.63,4.63,3.47,3.47
Faux Parfaite,Perfect Scythe,6,8,0.75,75%,15.0,11.25,90,0,Gratuit,Gratuit,15.0,11.25
Explosion Arcanique,Arcane Explosive,6,8,0.75,75%,12.0,9.0,72,1,12.0,9.0,6.0,4.5
Économe Sagesse du Trésorier,Treasurer's Wisdom,4,8,0.5,50%,17.0,8.5,68,2,8.5,4.25,5.67,2.83
Esprit de l'Écuyer,Spirit of the Squire,6,8,0.75,75%,11.0,8.25,66,3,3.67,2.75,2.75,2.06
Gantelet Impérieux,Imperious Gauntlet,2,8,0.25,25%,30.0,7.5,60,1,30.0,7.5,15.0,3.75
Armure d'Immortel,Immortal Breastplate,4,8,0.5,50%,14.0,7.0,56,1,14.0,7.0,7.0,3.5
Lame Affutée,Sharp Blade,8,8,1.0,100%,6.38,6.38,51,3,2.13,2.13,1.59,1.59
Ascension Divine,Divine Ascent,2,8,0.25,25%,25.0,6.25,50,3,8.33,2.08,6.25,1.56
Chasseur d'Âmes,Soul Hunter,3,8,0.38,38%,15.0,5.62,45,1,15.0,5.62,7.5,2.81
Sabre Versatile,Versatil Saber,4,8,0.5,50%,11.0,5.5,44,1,11.0,5.5,5.5,2.75
Hache Frénétique,Berseker Ax,3,8,0.38,38%,14.0,5.25,42,2,7.0,2.62,4.67,1.75
Coup de Mort,Death Helper,4,8,0.5,50%,10.0,5.0,40,1,10.0,5.0,5.0,2.5
Marteau Collecteur,Collecting Hammer,3,8,0.38,38%,12.0,4.5,36,2,6.0,2.25,4.0,1.5
Marteleur précis,Precise Hammer,2,8,0.25,25%,18.0,4.5,36,1,18.0,4.5,9.0,2.25
Aveuglement,Incapacitor,7,8,0.88,88%,4.71,4.12,33,3,1.57,1.37,1.18,1.03
Soif de Sang,Thirsty Dagger,2,8,0.25,25%,15.0,3.75,30,0,Gratuit,Gratuit,15.0,3.75
Masse Colossale,Colossal Mace,2,8,0.25,25%,11.0,2.75,22,0,Gratuit,Gratuit,11.0,2.75
Tombeau Rocheux,Rock Tomb,2,8,0.25,25%,10.0,2.5,20,1,10.0,2.5,5.0,1.25
Assistance Divine,Sacred Help,1,8,0.12,12%,20.0,2.5,20,2,10.0,1.25,6.67,0.83
Totem du Gardien,Guardian Totem,8,8,1.0,100%,2.38,2.38,19,3,0.79,0.79,0.59,0.59
Être de Lumière,Being of Light,1,8,0.12,12%,18.0,2.25,18,1,18.0,2.25,9.0,1.12
Lame Insatiable,Fast Furious Blade,1,8,0.12,12%,16.0,2.0,16,2,8.0,1.0,5.33,0.67
Danse Macabre,Dance of Death,2,8,0.25,25%,8.0,2.0,16,1,8.0,2.0,4.0,1.0
Elan de Fureur,Rampage Momentum,1,8,0.12,12%,15.0,1.88,15,2,7.5,0.94,5.0,0.63
Force Divine,Divine Impetu,1,8,0.12,12%,11.0,1.38,11,0,Gratuit,Gratuit,11.0,1.38
Griffes Sauvages,Wild Claw,1,8,0.12,12%,1.0,0.12,1,3,0.33,0.04,0.25,0.03
