,Nom Anglais,nb games valide,total games,ratio,%,pts moy,pts moy total,total point,cout,pts par cout moy,pts par cout total
Armure d'Obsidienne,Obsidian Battle Plate,1,1,1.0,100%,20.0,20.0,20,2,10.0,10.0
Marteleur précis,Precise Hammer,1,1,1.0,100%,18.0,18.0,18,1,18.0,18.0
Marteau Collecteur,Collecting Hammer,1,1,1.0,100%,18.0,18.0,18,2,9.0,9.0
Totem Équivalent,Equivalent Totem,1,1,1.0,100%,16.0,16.0,16,1,16.0,16.0
Faux Parfaite,Perfect Scythe,1,1,1.0,100%,15.0,15.0,15,0,Gratuit,Gratuit
Chasseur d'Âmes,Soul Hunter,1,1,1.0,100%,15.0,15.0,15,1,15.0,15.0
Faux,Scythe,1,1,1.0,100%,14.0,14.0,14,3,4.67,4.67
Lame Affutée,Sharp Blade,1,1,1.0,100%,6.0,6.0,6,3,2.0,2.0
Aveuglement,Incapacitor,1,1,1.0,100%,3.0,3.0,3,3,1.0,1.0
Totem du Gardien,Guardian Totem,1,1,1.0,100%,1.0,1.0,1,3,0.33,0.33
