,Nom Anglais,nb games valide,total games,ratio,%,pts moy,pts moy total,total point,cout,pts par cout moy,pts par cout total
Totem Équivalent,Equivalent Totem,4,4,1.0,100%,16.5,16.5,66,2,8.25,8.25
Armure d'Obsidienne,Obsidian Battle Plate,3,4,0.75,75%,20.0,15.0,60,2,10.0,7.5
Faux,Scythe,4,4,1.0,100%,14.5,14.5,58,3,4.83,4.83
Faux Parfaite,Perfect Scythe,3,4,0.75,75%,15.0,11.25,45,0,Gratuit,Gratuit
Explosion Arcanique,Arcane Explosive,3,4,0.75,75%,12.0,9.0,36,1,12.0,9.0
Économe Sagesse du Trésorier,Treasurer's Wisdom,2,4,0.5,50%,17.0,8.5,34,2,8.5,4.25
Gantelet Impérieux,Imperious Gauntlet,1,4,0.25,25%,30.0,7.5,30,1,30.0,7.5
Chasseur d'Âmes,Soul Hunter,2,4,0.5,50%,15.0,7.5,30,1,15.0,7.5
Ascension Divine,Divine Ascent,1,4,0.25,25%,25.0,6.25,25,3,8.33,2.08
Marteau Collecteur,Collecting Hammer,2,4,0.5,50%,12.0,6.0,24,2,6.0,3.0
Lame Affutée,Sharp Blade,4,4,1.0,100%,5.25,5.25,21,3,1.75,1.75
Marteleur précis,Precise Hammer,1,4,0.25,25%,18.0,4.5,18,1,18.0,4.5
Lame Insatiable,Fast Furious Blade,1,4,0.25,25%,16.0,4.0,16,2,8.0,2.0
Aveuglement,Incapacitor,3,4,0.75,75%,5.0,3.75,15,3,1.67,1.25
Soif de Sang,Thirsty Dagger,1,4,0.25,25%,15.0,3.75,15,0,Gratuit,Gratuit
Esprit de l'Écuyer,Spirit of the Squire,2,4,0.5,50%,7.5,3.75,15,3,2.5,1.25
Armure d'Immortel,Immortal Breastplate,1,4,0.25,25%,14.0,3.5,14,1,14.0,3.5
Sabre Versatile,Versatil Saber,1,4,0.25,25%,11.0,2.75,11,1,11.0,2.75
Coup de Mort,Death Helper,1,4,0.25,25%,10.0,2.5,10,1,10.0,2.5
Totem du Gardien,Guardian Totem,4,4,1.0,100%,2.25,2.25,9,3,0.75,0.75
Griffes Sauvages,Wild Claw,1,4,0.25,25%,1.0,0.25,1,3,0.33,0.08
