,Nom Anglais,nb games valide,total games,ratio,%,pts moy,pts moy total,total point,cout,pts par cout moy,pts par cout total,pts par cout moy+1,pts par cout total+1
Totem Équivalent,Equivalent Totem,6,6,1.0,100%,16.67,16.67,100,2,8.34,8.34,5.56,5.56
Armure d'Obsidienne,Obsidian Battle Plate,5,6,0.83,83%,20.0,16.67,100,2,10.0,8.34,6.67,5.56
Faux,Scythe,6,6,1.0,100%,14.0,14.0,84,3,4.67,4.67,3.5,3.5
Faux Parfaite,Perfect Scythe,4,6,0.67,67%,15.0,10.0,60,0,Gratuit,Gratuit,15.0,10.0
Économe Sagesse du Trésorier,Treasurer's Wisdom,3,6,0.5,50%,17.0,8.5,51,2,8.5,4.25,5.67,2.83
Ascension Divine,Divine Ascent,2,6,0.33,33%,25.0,8.33,50,3,8.33,2.78,6.25,2.08
Explosion Arcanique,Arcane Explosive,4,6,0.67,67%,12.0,8.0,48,1,12.0,8.0,6.0,4.0
Esprit de l'Écuyer,Spirit of the Squire,4,6,0.67,67%,9.75,6.5,39,3,3.25,2.17,2.44,1.62
Lame Affutée,Sharp Blade,6,6,1.0,100%,6.0,6.0,36,3,2.0,2.0,1.5,1.5
Chasseur d'Âmes,Soul Hunter,2,6,0.33,33%,15.0,5.0,30,1,15.0,5.0,7.5,2.5
Gantelet Impérieux,Imperious Gauntlet,1,6,0.17,17%,30.0,5.0,30,1,30.0,5.0,15.0,2.5
Armure d'Immortel,Immortal Breastplate,2,6,0.33,33%,14.0,4.67,28,1,14.0,4.67,7.0,2.33
Aveuglement,Incapacitor,5,6,0.83,83%,5.4,4.5,27,3,1.8,1.5,1.35,1.12
Marteau Collecteur,Collecting Hammer,2,6,0.33,33%,12.0,4.0,24,2,6.0,2.0,4.0,1.33
Sabre Versatile,Versatil Saber,2,6,0.33,33%,11.0,3.67,22,1,11.0,3.67,5.5,1.83
Assistance Divine,Sacred Help,1,6,0.17,17%,20.0,3.33,20,2,10.0,1.67,6.67,1.11
Coup de Mort,Death Helper,2,6,0.33,33%,10.0,3.33,20,1,10.0,3.33,5.0,1.67
Marteleur précis,Precise Hammer,1,6,0.17,17%,18.0,3.0,18,1,18.0,3.0,9.0,1.5
Lame Insatiable,Fast Furious Blade,1,6,0.17,17%,16.0,2.67,16,2,8.0,1.33,5.33,0.89
Totem du Gardien,Guardian Totem,6,6,1.0,100%,2.67,2.67,16,3,0.89,0.89,0.67,0.67
Soif de Sang,Thirsty Dagger,1,6,0.17,17%,15.0,2.5,15,0,Gratuit,Gratuit,15.0,2.5
Hache Frénétique,Berseker Ax,1,6,0.17,17%,14.0,2.33,14,2,7.0,1.17,4.67,0.78
Force Divine,Divine Impetu,1,6,0.17,17%,11.0,1.83,11,0,Gratuit,Gratuit,11.0,1.83
Danse Macabre,Dance of Death,1,6,0.17,17%,8.0,1.33,8,1,8.0,1.33,4.0,0.67
Griffes Sauvages,Wild Claw,1,6,0.17,17%,1.0,0.17,1,3,0.33,0.06,0.25,0.04
