,Nom Anglais,nb games valide,total games,ratio,%,pts moy,pts moy total,total point,cout,pts par cout moy,pts par cout total
Armure d'Obsidienne,Obsidian Battle Plate,2,2,1.0,100%,20.0,20.0,40,2,10.0,10.0
Totem Équivalent,Equivalent Totem,2,2,1.0,100%,17.0,17.0,34,1,17.0,17.0
Gantelet Impérieux,Imperious Gauntlet,1,2,0.5,50%,30.0,15.0,30,1,30.0,15.0
Faux Parfaite,Perfect Scythe,2,2,1.0,100%,15.0,15.0,30,0,Gratuit,Gratuit
Chasseur d'Âmes,Soul Hunter,2,2,1.0,100%,15.0,15.0,30,1,15.0,15.0
Faux,Scythe,2,2,1.0,100%,14.5,14.5,29,3,4.83,4.83
Ascension Divine,Divine Ascent,1,2,0.5,50%,25.0,12.5,25,3,8.33,4.17
Marteau Collecteur,Collecting Hammer,2,2,1.0,100%,12.0,12.0,24,2,6.0,6.0
Marteleur précis,Precise Hammer,1,2,0.5,50%,18.0,9.0,18,1,18.0,9.0
Économe Sagesse du Trésorier,Treasurer's Wisdom,1,2,0.5,50%,17.0,8.5,17,2,8.5,4.25
Armure d'Immortel,Immortal Breastplate,1,2,0.5,50%,14.0,7.0,14,1,14.0,7.0
Esprit de l'Écuyer,Spirit of the Squire,1,2,0.5,50%,12.0,6.0,12,3,4.0,2.0
Explosion Arcanique,Arcane Explosive,1,2,0.5,50%,12.0,6.0,12,1,12.0,6.0
Sabre Versatile,Versatil Saber,1,2,0.5,50%,11.0,5.5,11,1,11.0,5.5
Coup de Mort,Death Helper,1,2,0.5,50%,10.0,5.0,10,1,10.0,5.0
Lame Affutée,Sharp Blade,2,2,1.0,100%,4.5,4.5,9,3,1.5,1.5
Aveuglement,Incapacitor,2,2,1.0,100%,4.5,4.5,9,3,1.5,1.5
Totem du Gardien,Guardian Totem,2,2,1.0,100%,1.5,1.5,3,3,0.5,0.5
