,Nom Anglais,nb games valide,total games,ratio,%,pts moy,pts moy total,total point,cout,pts par cout moy,pts par cout total
Faux,Scythe,16,16,1.0,100%,15.69,15.69,251,3,5.23,5.23
Armure d'Obsidienne,Obsidian Battle Plate,12,16,0.75,75%,20.0,15.0,240,2,10.0,7.5
Ascension Divine,Divine Ascent,8,16,0.5,50%,25.0,12.5,200,3,8.33,4.17
Aveuglement,Incapacitor,16,16,1.0,100%,10.88,10.88,174,3,3.63,3.63
Économe Sagesse du Trésorier,Treasurer's Wisdom,10,16,0.62,62%,17.0,10.62,170,2,8.5,5.31
Hache Frénétique,Berseker Ax,12,16,0.75,75%,14.0,10.5,168,2,7.0,5.25
Esprit de l'Écuyer,Spirit of the Squire,14,16,0.88,88%,9.64,8.44,135,3,3.21,2.81
Lame Insatiable,Fast Furious Blade,7,16,0.44,44%,16.0,7.0,112,2,8.0,3.5
Faux Assoiffées,Thirsty Scythes,4,16,0.25,25%,25.0,6.25,100,3,8.33,2.08
Assistance Divine,Sacred Help,5,16,0.31,31%,20.0,6.25,100,2,10.0,3.12
Lame Affutée,Sharp Blade,13,16,0.81,81%,7.62,6.19,99,3,2.54,2.06
Explosion Arcanique,Arcane Explosive,8,16,0.5,50%,12.0,6.0,96,1,12.0,6.0
Chasseur d'Âmes,Soul Hunter,6,16,0.38,38%,15.0,5.62,90,1,15.0,5.62
Parchemin Secret,Secret Scroll,5,16,0.31,31%,18.0,5.62,90,2,9.0,2.81
Sabre Versatile,Versatil Saber,8,16,0.5,50%,11.0,5.5,88,1,11.0,5.5
Tombeau Rocheux,Rock Tomb,8,16,0.5,50%,10.0,5.0,80,1,10.0,5.0
Totem du Gardien,Guardian Totem,16,16,1.0,100%,4.56,4.56,73,3,1.52,1.52
Couronne du Roi Nain,Crown of the Dwarf King,5,16,0.31,31%,13.0,4.06,65,0,Gratuit,Gratuit
Coup de Mort,Death Helper,6,16,0.38,38%,10.0,3.75,60,1,10.0,3.75
Désintégrateur Magnétique,Magnetic Disintegrator,5,16,0.31,31%,11.0,3.44,55,0,Gratuit,Gratuit
Frappe Chirurgicale,Accurate Sword,3,16,0.19,19%,16.0,3.0,48,1,16.0,3.0
Masse Colossale,Colossal Mace,4,16,0.25,25%,11.0,2.75,44,0,Gratuit,Gratuit
Destruction Royale,Royal Destroyer,4,16,0.25,25%,11.0,2.75,44,0,Gratuit,Gratuit
Armure d'Immortel,Immortal Breastplate,3,16,0.19,19%,14.0,2.62,42,1,14.0,2.62
Glaive Vindicatif,Large Sword of Hate,2,16,0.12,12%,20.0,2.5,40,1,20.0,2.5
Œil de Lynx,Hawk's Eye,5,16,0.31,31%,8.0,2.5,40,0,Gratuit,Gratuit
Décharge Élémentaire,Elemental Discharge,2,16,0.12,12%,18.0,2.25,36,1,18.0,2.25
Mental d'Acier,Steel Aura,2,16,0.12,12%,18.0,2.25,36,2,9.0,1.12
Marteleur précis,Precise Hammer,2,16,0.12,12%,18.0,2.25,36,1,18.0,2.25
Esprit Guerrier,Spirit of the Warrior,2,16,0.12,12%,16.0,2.0,32,1,16.0,2.0
Bâton Élémentaire,Earthly Staff,2,16,0.12,12%,15.0,1.88,30,0,Gratuit,Gratuit
Triple Météore,Trimeteor,1,16,0.06,6%,30.0,1.88,30,0,Gratuit,Gratuit
Esquive Salvatrice,Evasive Protection,2,16,0.12,12%,15.0,1.88,30,0,Gratuit,Gratuit
Griffes Sauvages,Wild Claw,13,16,0.81,81%,2.15,1.75,28,3,0.72,0.58
Danse Macabre,Dance of Death,3,16,0.19,19%,8.0,1.5,24,1,8.0,1.5
Bâton de Conquête,Conquering Staff,1,16,0.06,6%,24.0,1.5,24,2,12.0,0.75
Amulette Omnisciente,Omnipresent Amulet,2,16,0.12,12%,11.0,1.38,22,0,Gratuit,Gratuit
Pillard Féroce,Savage Looter,1,16,0.06,6%,20.0,1.25,20,1,20.0,1.25
Épé Sainte,Holy Sword,2,16,0.12,12%,10.0,1.25,20,0,Gratuit,Gratuit
Lance Triplée,Triple Spear,1,16,0.06,6%,20.0,1.25,20,0,Gratuit,Gratuit
Chasseresse d'Âmes,Huntress of Souls,1,16,0.06,6%,19.0,1.19,19,1,19.0,1.19
Enchaînement Éclair,Unstoppable Lightning,1,16,0.06,6%,18.0,1.12,18,1,18.0,1.12
Griffes Démoniaques,Demon Claws,1,16,0.06,6%,17.0,1.06,17,1,17.0,1.06
Adrénaline Arcanique,Arcane Adrenaline,1,16,0.06,6%,16.0,1.0,16,1,16.0,1.0
Elan de Fureur,Rampage Momentum,1,16,0.06,6%,15.0,0.94,15,2,7.5,0.47
Soif de Sang,Thirsty Dagger,1,16,0.06,6%,15.0,0.94,15,0,Gratuit,Gratuit
Instinct Sanguinaire,Bloody Instinct,1,16,0.06,6%,15.0,0.94,15,2,7.5,0.47
Épée Obscure,Swords of Darkness,1,16,0.06,6%,15.0,0.94,15,1,15.0,0.94
Le Croque-mort,The Undertaker,1,16,0.06,6%,14.0,0.88,14,1,14.0,0.88
Force Divine,Divine Impetu,1,16,0.06,6%,11.0,0.69,11,0,Gratuit,Gratuit
Épées Jumelles,Twin Swords,1,16,0.06,6%,10.0,0.62,10,1,10.0,0.62
