,Nom Anglais,nb games valide,total games,ratio,%,pts moy,pts moy total,total point,cout,pts par cout moy,pts par cout total,pts par cout moy+1,pts par cout total+1
Totem Équivalent,Equivalent Totem,9,9,1.0,100%,16.78,16.78,151,2,8.39,8.39,5.59,5.59
Faux,Scythe,9,9,1.0,100%,16.0,16.0,144,3,5.33,5.33,4.0,4.0
Être de Lumière,Being of Light,6,9,0.67,67%,18.0,12.0,108,1,18.0,12.0,9.0,6.0
Assistance Divine,Sacred Help,5,9,0.56,56%,20.0,11.11,100,2,10.0,5.55,6.67,3.7
Ascension Divine,Divine Ascent,4,9,0.44,44%,25.0,11.11,100,3,8.33,3.7,6.25,2.78
Armure d'Obsidienne,Obsidian Battle Plate,5,9,0.56,56%,20.0,11.11,100,2,10.0,5.55,6.67,3.7
Hache Frénétique,Berseker Ax,7,9,0.78,78%,14.0,10.89,98,2,7.0,5.45,4.67,3.63
Faux Parfaite,Perfect Scythe,6,9,0.67,67%,15.0,10.0,90,0,Gratuit,Gratuit,15.0,10.0
Gantelet Impérieux,Imperious Gauntlet,3,9,0.33,33%,30.0,10.0,90,1,30.0,10.0,15.0,5.0
Économe Sagesse du Trésorier,Treasurer's Wisdom,5,9,0.56,56%,17.0,9.44,85,2,8.5,4.72,5.67,3.15
Lame Insatiable,Fast Furious Blade,5,9,0.56,56%,16.0,8.89,80,2,8.0,4.45,5.33,2.96
Lame Affutée,Sharp Blade,8,9,0.89,89%,9.75,8.67,78,3,3.25,2.89,2.44,2.17
Faux Assoiffées,Thirsty Scythes,3,9,0.33,33%,25.0,8.33,75,3,8.33,2.78,6.25,2.08
Marteau Collecteur,Collecting Hammer,5,9,0.56,56%,14.4,8.0,72,2,7.2,4.0,4.8,2.67
Parchemin Secret,Secret Scroll,4,9,0.44,44%,18.0,8.0,72,2,9.0,4.0,6.0,2.67
Explosion Arcanique,Arcane Explosive,6,9,0.67,67%,12.0,8.0,72,1,12.0,8.0,6.0,4.0
Esprit Guerrier,Spirit of the Warrior,4,9,0.44,44%,16.0,7.11,64,1,16.0,7.11,8.0,3.56
Tombeau Rocheux,Rock Tomb,6,9,0.67,67%,10.0,6.67,60,1,10.0,6.67,5.0,3.33
Esprit de l'Écuyer,Spirit of the Squire,6,9,0.67,67%,8.5,5.67,51,3,2.83,1.89,2.12,1.42
Aveuglement,Incapacitor,7,9,0.78,78%,7.29,5.67,51,3,2.43,1.89,1.82,1.42
Chasseur d'Âmes,Soul Hunter,3,9,0.33,33%,15.0,5.0,45,1,15.0,5.0,7.5,2.5
Elan de Fureur,Rampage Momentum,3,9,0.33,33%,15.0,5.0,45,2,7.5,2.5,5.0,1.67
Masse Colossale,Colossal Mace,4,9,0.44,44%,11.0,4.89,44,0,Gratuit,Gratuit,11.0,4.89
Chasseresse d'Âmes,Huntress of Souls,2,9,0.22,22%,19.0,4.22,38,1,19.0,4.22,9.5,2.11
Mental d'Acier,Steel Aura,2,9,0.22,22%,18.0,4.0,36,2,9.0,2.0,6.0,1.33
Totem du Gardien,Guardian Totem,9,9,1.0,100%,3.89,3.89,35,3,1.3,1.3,0.97,0.97
Griffes Démoniaques,Demon Claws,2,9,0.22,22%,17.0,3.78,34,1,17.0,3.78,8.5,1.89
Sabre Versatile,Versatil Saber,3,9,0.33,33%,11.0,3.67,33,1,11.0,3.67,5.5,1.83
Désintégrateur Magnétique,Magnetic Disintegrator,3,9,0.33,33%,11.0,3.67,33,0,Gratuit,Gratuit,11.0,3.67
Coup de Mort,Death Helper,3,9,0.33,33%,11.0,3.67,33,1,11.0,3.67,5.5,1.83
Danse Macabre,Dance of Death,4,9,0.44,44%,8.0,3.56,32,1,8.0,3.56,4.0,1.78
Armure d'Immortel,Immortal Breastplate,2,9,0.22,22%,14.0,3.11,28,1,14.0,3.11,7.0,1.55
Griffes Sauvages,Wild Claw,8,9,0.89,89%,2.62,2.33,21,3,0.87,0.78,0.66,0.58
Le Marionnettiste,The Puppeteer,1,9,0.11,11%,20.0,2.22,20,2,10.0,1.11,6.67,0.74
Pillard Féroce,Savage Looter,1,9,0.11,11%,20.0,2.22,20,1,20.0,2.22,10.0,1.11
Décharge Élémentaire,Elemental Discharge,1,9,0.11,11%,18.0,2.0,18,1,18.0,2.0,9.0,1.0
Enchaînement Éclair,Unstoppable Lightning,1,9,0.11,11%,18.0,2.0,18,1,18.0,2.0,9.0,1.0
Marteleur précis,Precise Hammer,1,9,0.11,11%,18.0,2.0,18,1,18.0,2.0,9.0,1.0
Épée Obscure,Swords of Darkness,1,9,0.11,11%,17.0,1.89,17,1,17.0,1.89,8.5,0.94
Masse de Siège,Siege Mace,1,9,0.11,11%,16.0,1.78,16,0,Gratuit,Gratuit,16.0,1.78
Œil de Lynx,Hawk's Eye,2,9,0.22,22%,8.0,1.78,16,0,Gratuit,Gratuit,8.0,1.78
Couronne du Roi Nain,Crown of the Dwarf King,1,9,0.11,11%,13.0,1.44,13,0,Gratuit,Gratuit,13.0,1.44
Force Divine,Divine Impetu,1,9,0.11,11%,11.0,1.22,11,0,Gratuit,Gratuit,11.0,1.22
Épé Sainte,Holy Sword,1,9,0.11,11%,10.0,1.11,10,0,Gratuit,Gratuit,10.0,1.11
