,Nom Anglais,nb games valide,total games,ratio,%,pts moy,pts moy total,total point,cout,pts par cout moy,pts par cout total
Être de Lumière,Being of Light,3,3,1.0,100%,18.0,18.0,54,1,18.0,18.0
Totem Équivalent,Equivalent Totem,3,3,1.0,100%,15.67,15.67,47,1,15.67,15.67
Assistance Divine,Sacred Help,2,3,0.67,67%,20.0,13.33,40,2,10.0,6.67
Armure d'Obsidienne,Obsidian Battle Plate,2,3,0.67,67%,20.0,13.33,40,2,10.0,6.67
Faux,Scythe,3,3,1.0,100%,12.67,12.67,38,3,4.22,4.22
Parchemin Secret,Secret Scroll,2,3,0.67,67%,18.0,12.0,36,2,9.0,6.0
Lame Affutée,Sharp Blade,3,3,1.0,100%,11.0,11.0,33,3,3.67,3.67
Esprit Guerrier,Spirit of the Warrior,2,3,0.67,67%,16.0,10.67,32,1,16.0,10.67
Elan de Fureur,Rampage Momentum,2,3,0.67,67%,15.0,10.0,30,2,7.5,5.0
Faux Parfaite,Perfect Scythe,2,3,0.67,67%,15.0,10.0,30,0,Gratuit,Gratuit
Hache Frénétique,Berseker Ax,2,3,0.67,67%,14.0,9.33,28,2,7.0,4.67
Explosion Arcanique,Arcane Explosive,2,3,0.67,67%,12.0,8.0,24,1,12.0,8.0
Marteau Collecteur,Collecting Hammer,2,3,0.67,67%,12.0,8.0,24,2,6.0,4.0
Sabre Versatile,Versatil Saber,2,3,0.67,67%,11.0,7.33,22,1,11.0,7.33
Le Marionnettiste,The Puppeteer,1,3,0.33,33%,20.0,6.67,20,2,10.0,3.33
Décharge Élémentaire,Elemental Discharge,1,3,0.33,33%,18.0,6.0,18,1,18.0,6.0
Esprit de l'Écuyer,Spirit of the Squire,2,3,0.67,67%,9.0,6.0,18,3,3.0,2.0
Mental d'Acier,Steel Aura,1,3,0.33,33%,18.0,6.0,18,2,9.0,3.0
Économe Sagesse du Trésorier,Treasurer's Wisdom,1,3,0.33,33%,17.0,5.67,17,2,8.5,2.83
Lame Insatiable,Fast Furious Blade,1,3,0.33,33%,16.0,5.33,16,2,8.0,2.67
Danse Macabre,Dance of Death,2,3,0.67,67%,8.0,5.33,16,1,8.0,5.33
Chasseur d'Âmes,Soul Hunter,1,3,0.33,33%,15.0,5.0,15,1,15.0,5.0
Armure d'Immortel,Immortal Breastplate,1,3,0.33,33%,14.0,4.67,14,1,14.0,4.67
Désintégrateur Magnétique,Magnetic Disintegrator,1,3,0.33,33%,11.0,3.67,11,0,Gratuit,Gratuit
Masse Colossale,Colossal Mace,1,3,0.33,33%,11.0,3.67,11,0,Gratuit,Gratuit
Totem du Gardien,Guardian Totem,3,3,1.0,100%,3.33,3.33,10,3,1.11,1.11
Tombeau Rocheux,Rock Tomb,1,3,0.33,33%,10.0,3.33,10,1,10.0,3.33
Épé Sainte,Holy Sword,1,3,0.33,33%,10.0,3.33,10,0,Gratuit,Gratuit
Coup de Mort,Death Helper,1,3,0.33,33%,10.0,3.33,10,1,10.0,3.33
Aveuglement,Incapacitor,1,3,0.33,33%,6.0,2.0,6,3,2.0,0.67
Griffes Sauvages,Wild Claw,2,3,0.67,67%,1.0,0.67,2,3,0.33,0.22
