,Nom Anglais,nb games valide,total games,ratio,%,pts moy,pts moy total,total point,cout,pts par cout moy,pts par cout total,pts par cout moy+1,pts par cout total+1
Totem Équivalent,Equivalent Totem,2,2,1.0,100%,16.0,16.0,32,3,5.33,5.33,4.0,4.0
Hache Frénétique,Berseker Ax,2,2,1.0,100%,16.0,16.0,32,2,8.0,8.0,5.33,5.33
Faux,Scythe,2,2,1.0,100%,15.0,15.0,30,3,5.0,5.0,3.75,3.75
Marteau Collecteur,Collecting Hammer,2,2,1.0,100%,14.0,14.0,28,2,7.0,7.0,4.67,4.67
Faux Assoiffées,Thirsty Scythes,1,2,0.5,50%,25.0,12.5,25,3,8.33,4.17,6.25,3.12
Ascension Divine,Divine Ascent,1,2,0.5,50%,25.0,12.5,25,3,8.33,4.17,6.25,3.12
Gantelet Impérieux,Imperious Gauntlet,1,2,0.5,50%,22.0,11.0,22,1,22.0,11.0,11.0,5.5
Armure d'Obsidienne,Obsidian Battle Plate,1,2,0.5,50%,20.0,10.0,20,2,10.0,5.0,6.67,3.33
Assistance Divine,Sacred Help,1,2,0.5,50%,20.0,10.0,20,2,10.0,5.0,6.67,3.33
Le Marionnettiste,The Puppeteer,1,2,0.5,50%,20.0,10.0,20,2,10.0,5.0,6.67,3.33
Marteleur précis,Precise Hammer,1,2,0.5,50%,18.0,9.0,18,1,18.0,9.0,9.0,4.5
Faux Parfaite,Perfect Scythe,1,2,0.5,50%,15.0,7.5,15,0,Gratuit,Gratuit,15.0,7.5
Aveuglement,Incapacitor,2,2,1.0,100%,6.0,6.0,12,3,2.0,2.0,1.5,1.5
Œil de Lynx,Hawk's Eye,1,2,0.5,50%,8.0,4.0,8,0,Gratuit,Gratuit,8.0,4.0
Totem du Gardien,Guardian Totem,2,2,1.0,100%,4.0,4.0,8,3,1.33,1.33,1.0,1.0
Esprit de l'Écuyer,Spirit of the Squire,2,2,1.0,100%,3.0,3.0,6,3,1.0,1.0,0.75,0.75
Lame Affutée,Sharp Blade,1,2,0.5,50%,3.0,1.5,3,3,1.0,0.5,0.75,0.38
Griffes Sauvages,Wild Claw,1,2,0.5,50%,3.0,1.5,3,3,1.0,0.5,0.75,0.38
