,Nom Anglais,nb games valide,total games,ratio,%,pts moy,pts moy total,total point,cout,pts par cout moy,pts par cout total
Faux,Scythe,15,15,1.0,100%,16.0,16.0,240,3,5.33,5.33
Armure d'Obsidienne,Obsidian Battle Plate,12,15,0.8,80%,20.0,16.0,240,2,10.0,8.0
Ascension Divine,Divine Ascent,8,15,0.53,53%,25.0,13.33,200,3,8.33,4.44
Économe Sagesse du Trésorier,Treasurer's Wisdom,10,15,0.67,67%,17.0,11.33,170,2,8.5,5.67
Hache Frénétique,Berseker Ax,12,15,0.8,80%,14.0,11.2,168,2,7.0,5.6
Aveuglement,Incapacitor,15,15,1.0,100%,11.2,11.2,168,3,3.73,3.73
Esprit de l'Écuyer,Spirit of the Squire,14,15,0.93,93%,9.64,9.0,135,3,3.21,3.0
Lame Insatiable,Fast Furious Blade,7,15,0.47,47%,16.0,7.47,112,2,8.0,3.73
Faux Assoiffées,Thirsty Scythes,4,15,0.27,27%,25.0,6.67,100,3,8.33,2.22
Assistance Divine,Sacred Help,5,15,0.33,33%,20.0,6.67,100,2,10.0,3.33
Lame Affutée,Sharp Blade,13,15,0.87,87%,7.62,6.6,99,3,2.54,2.2
Explosion Arcanique,Arcane Explosive,8,15,0.53,53%,12.0,6.4,96,1,12.0,6.4
Chasseur d'Âmes,Soul Hunter,6,15,0.4,40%,15.0,6.0,90,1,15.0,6.0
Parchemin Secret,Secret Scroll,5,15,0.33,33%,18.0,6.0,90,2,9.0,3.0
Sabre Versatile,Versatil Saber,8,15,0.53,53%,11.0,5.87,88,1,11.0,5.87
Tombeau Rocheux,Rock Tomb,8,15,0.53,53%,10.0,5.33,80,1,10.0,5.33
Totem du Gardien,Guardian Totem,15,15,1.0,100%,4.73,4.73,71,3,1.58,1.58
Couronne du Roi Nain,Crown of the Dwarf King,5,15,0.33,33%,13.0,4.33,65,0,Gratuit,Gratuit
Coup de Mort,Death Helper,6,15,0.4,40%,10.0,4.0,60,1,10.0,4.0
Désintégrateur Magnétique,Magnetic Disintegrator,5,15,0.33,33%,11.0,3.67,55,0,Gratuit,Gratuit
Frappe Chirurgicale,Accurate Sword,3,15,0.2,20%,16.0,3.2,48,1,16.0,3.2
Masse Colossale,Colossal Mace,4,15,0.27,27%,11.0,2.93,44,0,Gratuit,Gratuit
Destruction Royale,Royal Destroyer,4,15,0.27,27%,11.0,2.93,44,0,Gratuit,Gratuit
Armure d'Immortel,Immortal Breastplate,3,15,0.2,20%,14.0,2.8,42,1,14.0,2.8
Glaive Vindicatif,Large Sword of Hate,2,15,0.13,13%,20.0,2.67,40,1,20.0,2.67
Œil de Lynx,Hawk's Eye,5,15,0.33,33%,8.0,2.67,40,0,Gratuit,Gratuit
Décharge Élémentaire,Elemental Discharge,2,15,0.13,13%,18.0,2.4,36,1,18.0,2.4
Mental d'Acier,Steel Aura,2,15,0.13,13%,18.0,2.4,36,2,9.0,1.2
Marteleur précis,Precise Hammer,2,15,0.13,13%,18.0,2.4,36,1,18.0,2.4
Esprit Guerrier,Spirit of the Warrior,2,15,0.13,13%,16.0,2.13,32,1,16.0,2.13
Bâton Élémentaire,Earthly Staff,2,15,0.13,13%,15.0,2.0,30,0,Gratuit,Gratuit
Triple Météore,Trimeteor,1,15,0.07,7%,30.0,2.0,30,0,Gratuit,Gratuit
Esquive Salvatrice,Evasive Protection,2,15,0.13,13%,15.0,2.0,30,0,Gratuit,Gratuit
Griffes Sauvages,Wild Claw,12,15,0.8,80%,2.17,1.73,26,3,0.72,0.58
Danse Macabre,Dance of Death,3,15,0.2,20%,8.0,1.6,24,1,8.0,1.6
Bâton de Conquête,Conquering Staff,1,15,0.07,7%,24.0,1.6,24,2,12.0,0.8
Amulette Omnisciente,Omnipresent Amulet,2,15,0.13,13%,11.0,1.47,22,0,Gratuit,Gratuit
Pillard Féroce,Savage Looter,1,15,0.07,7%,20.0,1.33,20,1,20.0,1.33
Épé Sainte,Holy Sword,2,15,0.13,13%,10.0,1.33,20,0,Gratuit,Gratuit
Lance Triplée,Triple Spear,1,15,0.07,7%,20.0,1.33,20,0,Gratuit,Gratuit
Chasseresse d'Âmes,Huntress of Souls,1,15,0.07,7%,19.0,1.27,19,1,19.0,1.27
Enchaînement Éclair,Unstoppable Lightning,1,15,0.07,7%,18.0,1.2,18,1,18.0,1.2
Griffes Démoniaques,Demon Claws,1,15,0.07,7%,17.0,1.13,17,1,17.0,1.13
Adrénaline Arcanique,Arcane Adrenaline,1,15,0.07,7%,16.0,1.07,16,1,16.0,1.07
Elan de Fureur,Rampage Momentum,1,15,0.07,7%,15.0,1.0,15,2,7.5,0.5
Soif de Sang,Thirsty Dagger,1,15,0.07,7%,15.0,1.0,15,0,Gratuit,Gratuit
Instinct Sanguinaire,Bloody Instinct,1,15,0.07,7%,15.0,1.0,15,2,7.5,0.5
Épée Obscure,Swords of Darkness,1,15,0.07,7%,15.0,1.0,15,1,15.0,1.0
Le Croque-mort,The Undertaker,1,15,0.07,7%,14.0,0.93,14,1,14.0,0.93
Force Divine,Divine Impetu,1,15,0.07,7%,11.0,0.73,11,0,Gratuit,Gratuit
Épées Jumelles,Twin Swords,1,15,0.07,7%,10.0,0.67,10,1,10.0,0.67
