,Nom Anglais,nb games valide,total games,ratio,%,pts moy,pts moy total,total point,cout,pts par cout moy,pts par cout total
Armure d'Obsidienne,Obsidian Battle Plate,8,9,0.89,89%,20.0,17.78,160,2,10.0,8.89
Faux,Scythe,9,9,1.0,100%,17.0,17.0,153,3,5.67,5.67
Ascension Divine,Divine Ascent,5,9,0.56,56%,25.0,13.89,125,3,8.33,4.63
Économe Sagesse du Trésorier,Treasurer's Wisdom,7,9,0.78,78%,17.0,13.22,119,2,8.5,6.61
Aveuglement,Incapacitor,9,9,1.0,100%,11.67,11.67,105,3,3.89,3.89
Hache Frénétique,Berseker Ax,7,9,0.78,78%,14.0,10.89,98,2,7.0,5.45
Esprit de l'Écuyer,Spirit of the Squire,8,9,0.89,89%,11.62,10.33,93,3,3.87,3.44
Assistance Divine,Sacred Help,4,9,0.44,44%,20.0,8.89,80,2,10.0,4.45
Lame Insatiable,Fast Furious Blade,5,9,0.56,56%,16.0,8.89,80,2,8.0,4.45
Faux Assoiffées,Thirsty Scythes,3,9,0.33,33%,25.0,8.33,75,3,8.33,2.78
Sabre Versatile,Versatil Saber,6,9,0.67,67%,11.0,7.33,66,1,11.0,7.33
Lame Affutée,Sharp Blade,8,9,0.89,89%,7.88,7.0,63,3,2.63,2.33
Chasseur d'Âmes,Soul Hunter,4,9,0.44,44%,15.0,6.67,60,1,15.0,6.67
Parchemin Secret,Secret Scroll,3,9,0.33,33%,18.0,6.0,54,2,9.0,3.0
Tombeau Rocheux,Rock Tomb,5,9,0.56,56%,10.0,5.56,50,1,10.0,5.56
Explosion Arcanique,Arcane Explosive,4,9,0.44,44%,12.0,5.33,48,1,12.0,5.33
Totem du Gardien,Guardian Totem,9,9,1.0,100%,4.89,4.89,44,3,1.63,1.63
Coup de Mort,Death Helper,4,9,0.44,44%,10.0,4.44,40,1,10.0,4.44
Glaive Vindicatif,Large Sword of Hate,2,9,0.22,22%,20.0,4.44,40,1,20.0,4.44
Couronne du Roi Nain,Crown of the Dwarf King,3,9,0.33,33%,13.0,4.33,39,0,Gratuit,Gratuit
Masse Colossale,Colossal Mace,3,9,0.33,33%,11.0,3.67,33,0,Gratuit,Gratuit
Désintégrateur Magnétique,Magnetic Disintegrator,3,9,0.33,33%,11.0,3.67,33,0,Gratuit,Gratuit
Frappe Chirurgicale,Accurate Sword,2,9,0.22,22%,16.0,3.56,32,1,16.0,3.56
Esprit Guerrier,Spirit of the Warrior,2,9,0.22,22%,16.0,3.56,32,1,16.0,3.56
Œil de Lynx,Hawk's Eye,4,9,0.44,44%,8.0,3.56,32,0,Gratuit,Gratuit
Esquive Salvatrice,Evasive Protection,2,9,0.22,22%,15.0,3.33,30,0,Gratuit,Gratuit
Armure d'Immortel,Immortal Breastplate,2,9,0.22,22%,14.0,3.11,28,1,14.0,3.11
Bâton de Conquête,Conquering Staff,1,9,0.11,11%,24.0,2.67,24,2,12.0,1.33
Destruction Royale,Royal Destroyer,2,9,0.22,22%,11.0,2.44,22,0,Gratuit,Gratuit
Pillard Féroce,Savage Looter,1,9,0.11,11%,20.0,2.22,20,1,20.0,2.22
Chasseresse d'Âmes,Huntress of Souls,1,9,0.11,11%,19.0,2.11,19,1,19.0,2.11
Décharge Élémentaire,Elemental Discharge,1,9,0.11,11%,18.0,2.0,18,1,18.0,2.0
Mental d'Acier,Steel Aura,1,9,0.11,11%,18.0,2.0,18,2,9.0,1.0
Griffes Sauvages,Wild Claw,8,9,0.89,89%,2.25,2.0,18,3,0.75,0.67
Marteleur précis,Precise Hammer,1,9,0.11,11%,18.0,2.0,18,1,18.0,2.0
Griffes Démoniaques,Demon Claws,1,9,0.11,11%,17.0,1.89,17,1,17.0,1.89
Danse Macabre,Dance of Death,2,9,0.22,22%,8.0,1.78,16,1,8.0,1.78
Adrénaline Arcanique,Arcane Adrenaline,1,9,0.11,11%,16.0,1.78,16,1,16.0,1.78
Instinct Sanguinaire,Bloody Instinct,1,9,0.11,11%,15.0,1.67,15,2,7.5,0.83
Soif de Sang,Thirsty Dagger,1,9,0.11,11%,15.0,1.67,15,0,Gratuit,Gratuit
Bâton Élémentaire,Earthly Staff,1,9,0.11,11%,15.0,1.67,15,0,Gratuit,Gratuit
Force Divine,Divine Impetu,1,9,0.11,11%,11.0,1.22,11,0,Gratuit,Gratuit
Amulette Omnisciente,Omnipresent Amulet,1,9,0.11,11%,11.0,1.22,11,0,Gratuit,Gratuit
Épé Sainte,Holy Sword,1,9,0.11,11%,10.0,1.11,10,0,Gratuit,Gratuit
