,Nom Anglais,nb games valide,total games,ratio,%,pts moy,pts moy total,total point,cout,pts par cout moy,pts par cout total
Faux,Scythe,16,16,1.0,100%,14.25,14.25,228,3,4.75,4.75
Lame Affutée,Sharp Blade,15,16,0.94,94%,10.8,10.12,162,3,3.6,3.37
Aveuglement,Incapacitor,16,16,1.0,100%,9.75,9.75,156,3,3.25,3.25
Ascension Divine,Divine Ascent,5,16,0.31,31%,25.0,7.81,125,3,8.33,2.6
Économe Sagesse du Trésorier,Treasurer's Wisdom,7,16,0.44,44%,17.0,7.44,119,2,8.5,3.72
Hache Frénétique,Berseker Ax,8,16,0.5,50%,14.0,7.0,112,2,7.0,3.5
Esprit de l'Écuyer,Spirit of the Squire,13,16,0.81,81%,8.54,6.94,111,3,2.85,2.31
Armure d'Obsidienne,Obsidian Battle Plate,5,16,0.31,31%,20.0,6.25,100,2,10.0,3.12
Épée Obscure,Swords of Darkness,6,16,0.38,38%,15.0,5.62,90,1,15.0,5.62
Explosion Arcanique,Arcane Explosive,7,16,0.44,44%,12.0,5.25,84,1,12.0,5.25
Faux Assoiffées,Thirsty Scythes,3,16,0.19,19%,25.0,4.69,75,3,8.33,1.56
Totem du Gardien,Guardian Totem,16,16,1.0,100%,4.62,4.62,74,3,1.54,1.54
Mental d'Acier,Steel Aura,4,16,0.25,25%,18.0,4.5,72,2,9.0,2.25
Épées Jumelles,Twin Swords,6,16,0.38,38%,11.67,4.38,70,1,11.67,4.38
Lame Insatiable,Fast Furious Blade,4,16,0.25,25%,16.0,4.0,64,2,8.0,2.0
Pillard Féroce,Savage Looter,3,16,0.19,19%,20.0,3.75,60,1,20.0,3.75
Chasseur d'Âmes,Soul Hunter,4,16,0.25,25%,15.0,3.75,60,1,15.0,3.75
Œil de Lynx,Hawk's Eye,6,16,0.38,38%,8.0,3.0,48,0,Gratuit,Gratuit
Danse Macabre,Dance of Death,6,16,0.38,38%,8.0,3.0,48,1,8.0,3.0
Elan de Fureur,Rampage Momentum,3,16,0.19,19%,15.0,2.81,45,2,7.5,1.41
Instinct Sanguinaire,Bloody Instinct,3,16,0.19,19%,15.0,2.81,45,2,7.5,1.41
Griffes Sauvages,Wild Claw,15,16,0.94,94%,2.8,2.62,42,3,0.93,0.87
Armure d'Immortel,Immortal Breastplate,3,16,0.19,19%,14.0,2.62,42,1,14.0,2.62
Assistance Divine,Sacred Help,2,16,0.12,12%,20.0,2.5,40,2,10.0,1.25
Glaive Vindicatif,Large Sword of Hate,2,16,0.12,12%,20.0,2.5,40,1,20.0,2.5
Enchaînement Éclair,Unstoppable Lightning,2,16,0.12,12%,18.0,2.25,36,1,18.0,2.25
Frappe Chirurgicale,Accurate Sword,2,16,0.12,12%,16.0,2.0,32,1,16.0,2.0
Coup de Mort,Death Helper,3,16,0.19,19%,10.0,1.88,30,1,10.0,1.88
Tombeau Rocheux,Rock Tomb,3,16,0.19,19%,10.0,1.88,30,1,10.0,1.88
Le Croque-mort,The Undertaker,2,16,0.12,12%,14.0,1.75,28,1,14.0,1.75
Sabre Versatile,Versatil Saber,2,16,0.12,12%,11.0,1.38,22,1,11.0,1.38
Force Divine,Divine Impetu,2,16,0.12,12%,11.0,1.38,22,0,Gratuit,Gratuit
Masse Colossale,Colossal Mace,2,16,0.12,12%,11.0,1.38,22,0,Gratuit,Gratuit
Chasseresse d'Âmes,Huntress of Souls,1,16,0.06,6%,19.0,1.19,19,1,19.0,1.19
Être de Lumière,Being of Light,1,16,0.06,6%,18.0,1.12,18,1,18.0,1.12
Parchemin Secret,Secret Scroll,1,16,0.06,6%,18.0,1.12,18,2,9.0,0.56
Esprit omniprésent,Omnipresent Spirit,1,16,0.06,6%,18.0,1.12,18,2,9.0,0.56
Marteleur précis,Precise Hammer,1,16,0.06,6%,18.0,1.12,18,1,18.0,1.12
Griffes Démoniaques,Demon Claws,1,16,0.06,6%,17.0,1.06,17,1,17.0,1.06
Esprit Guerrier,Spirit of the Warrior,1,16,0.06,6%,16.0,1.0,16,1,16.0,1.0
Masse de Siège,Siege Mace,1,16,0.06,6%,16.0,1.0,16,0,Gratuit,Gratuit
Adrénaline Arcanique,Arcane Adrenaline,1,16,0.06,6%,16.0,1.0,16,1,16.0,1.0
Soif de Sang,Thirsty Dagger,1,16,0.06,6%,15.0,0.94,15,0,Gratuit,Gratuit
Bâton Élémentaire,Earthly Staff,1,16,0.06,6%,15.0,0.94,15,0,Gratuit,Gratuit
Esquive Salvatrice,Evasive Protection,1,16,0.06,6%,15.0,0.94,15,0,Gratuit,Gratuit
Couronne du Roi Nain,Crown of the Dwarf King,1,16,0.06,6%,13.0,0.81,13,0,Gratuit,Gratuit
Destruction Royale,Royal Destroyer,1,16,0.06,6%,11.0,0.69,11,0,Gratuit,Gratuit
Désintégrateur Magnétique,Magnetic Disintegrator,1,16,0.06,6%,11.0,0.69,11,0,Gratuit,Gratuit
Épé Sainte,Holy Sword,1,16,0.06,6%,10.0,0.62,10,0,Gratuit,Gratuit
