,Nom Anglais,nb games valide,total games,ratio,%,pts moy,pts moy total,total point,cout,pts par cout moy,pts par cout total
Faux,Scythe,12,12,1.0,100%,14.5,14.5,174,3,4.83,4.83
Lame Affutée,Sharp Blade,11,12,0.92,92%,10.91,10.0,120,3,3.64,3.33
Aveuglement,Incapacitor,12,12,1.0,100%,9.5,9.5,114,3,3.17,3.17
Ascension Divine,Divine Ascent,4,12,0.33,33%,25.0,8.33,100,3,8.33,2.78
Épée Obscure,Swords of Darkness,6,12,0.5,50%,15.0,7.5,90,1,15.0,7.5
Économe Sagesse du Trésorier,Treasurer's Wisdom,5,12,0.42,42%,17.0,7.08,85,2,8.5,3.54
Hache Frénétique,Berseker Ax,6,12,0.5,50%,14.0,7.0,84,2,7.0,3.5
Armure d'Obsidienne,Obsidian Battle Plate,4,12,0.33,33%,20.0,6.67,80,2,10.0,3.33
Esprit de l'Écuyer,Spirit of the Squire,9,12,0.75,75%,8.67,6.5,78,3,2.89,2.17
Faux Assoiffées,Thirsty Scythes,3,12,0.25,25%,25.0,6.25,75,3,8.33,2.08
Mental d'Acier,Steel Aura,4,12,0.33,33%,18.0,6.0,72,2,9.0,3.0
Épées Jumelles,Twin Swords,6,12,0.5,50%,11.67,5.83,70,1,11.67,5.83
Lame Insatiable,Fast Furious Blade,4,12,0.33,33%,16.0,5.33,64,2,8.0,2.67
Explosion Arcanique,Arcane Explosive,5,12,0.42,42%,12.0,5.0,60,1,12.0,5.0
Chasseur d'Âmes,Soul Hunter,4,12,0.33,33%,15.0,5.0,60,1,15.0,5.0
Totem du Gardien,Guardian Totem,12,12,1.0,100%,4.75,4.75,57,3,1.58,1.58
Glaive Vindicatif,Large Sword of Hate,2,12,0.17,17%,20.0,3.33,40,1,20.0,3.33
Danse Macabre,Dance of Death,5,12,0.42,42%,8.0,3.33,40,1,8.0,3.33
Pillard Féroce,Savage Looter,2,12,0.17,17%,20.0,3.33,40,1,20.0,3.33
Œil de Lynx,Hawk's Eye,4,12,0.33,33%,8.0,2.67,32,0,Gratuit,Gratuit
Frappe Chirurgicale,Accurate Sword,2,12,0.17,17%,16.0,2.67,32,1,16.0,2.67
Instinct Sanguinaire,Bloody Instinct,2,12,0.17,17%,15.0,2.5,30,2,7.5,1.25
Elan de Fureur,Rampage Momentum,2,12,0.17,17%,15.0,2.5,30,2,7.5,1.25
Griffes Sauvages,Wild Claw,11,12,0.92,92%,2.64,2.42,29,3,0.88,0.81
Armure d'Immortel,Immortal Breastplate,2,12,0.17,17%,14.0,2.33,28,1,14.0,2.33
Force Divine,Divine Impetu,2,12,0.17,17%,11.0,1.83,22,0,Gratuit,Gratuit
Masse Colossale,Colossal Mace,2,12,0.17,17%,11.0,1.83,22,0,Gratuit,Gratuit
Coup de Mort,Death Helper,2,12,0.17,17%,10.0,1.67,20,1,10.0,1.67
Tombeau Rocheux,Rock Tomb,2,12,0.17,17%,10.0,1.67,20,1,10.0,1.67
Assistance Divine,Sacred Help,1,12,0.08,8%,20.0,1.67,20,2,10.0,0.83
Chasseresse d'Âmes,Huntress of Souls,1,12,0.08,8%,19.0,1.58,19,1,19.0,1.58
Parchemin Secret,Secret Scroll,1,12,0.08,8%,18.0,1.5,18,2,9.0,0.75
Être de Lumière,Being of Light,1,12,0.08,8%,18.0,1.5,18,1,18.0,1.5
Esprit omniprésent,Omnipresent Spirit,1,12,0.08,8%,18.0,1.5,18,2,9.0,0.75
Enchaînement Éclair,Unstoppable Lightning,1,12,0.08,8%,18.0,1.5,18,1,18.0,1.5
Marteleur précis,Precise Hammer,1,12,0.08,8%,18.0,1.5,18,1,18.0,1.5
Griffes Démoniaques,Demon Claws,1,12,0.08,8%,17.0,1.42,17,1,17.0,1.42
Esprit Guerrier,Spirit of the Warrior,1,12,0.08,8%,16.0,1.33,16,1,16.0,1.33
Adrénaline Arcanique,Arcane Adrenaline,1,12,0.08,8%,16.0,1.33,16,1,16.0,1.33
Soif de Sang,Thirsty Dagger,1,12,0.08,8%,15.0,1.25,15,0,Gratuit,Gratuit
Bâton Élémentaire,Earthly Staff,1,12,0.08,8%,15.0,1.25,15,0,Gratuit,Gratuit
Le Croque-mort,The Undertaker,1,12,0.08,8%,14.0,1.17,14,1,14.0,1.17
Couronne du Roi Nain,Crown of the Dwarf King,1,12,0.08,8%,13.0,1.08,13,0,Gratuit,Gratuit
Sabre Versatile,Versatil Saber,1,12,0.08,8%,11.0,0.92,11,1,11.0,0.92
Destruction Royale,Royal Destroyer,1,12,0.08,8%,11.0,0.92,11,0,Gratuit,Gratuit
Désintégrateur Magnétique,Magnetic Disintegrator,1,12,0.08,8%,11.0,0.92,11,0,Gratuit,Gratuit
Épé Sainte,Holy Sword,1,12,0.08,8%,10.0,0.83,10,0,Gratuit,Gratuit
