,Nom Anglais,nb games valide,total games,ratio,%,pts moy,pts moy total,total point,cout,pts par cout moy,pts par cout total
Faux,Scythe,14,14,1.0,100%,14.36,14.36,201,3,4.79,4.79
Lame Affutée,Sharp Blade,13,14,0.93,93%,10.62,9.86,138,3,3.54,3.29
Aveuglement,Incapacitor,14,14,1.0,100%,9.21,9.21,129,3,3.07,3.07
Ascension Divine,Divine Ascent,5,14,0.36,36%,25.0,8.93,125,3,8.33,2.98
Économe Sagesse du Trésorier,Treasurer's Wisdom,6,14,0.43,43%,17.0,7.29,102,2,8.5,3.65
Armure d'Obsidienne,Obsidian Battle Plate,5,14,0.36,36%,20.0,7.14,100,2,10.0,3.57
Hache Frénétique,Berseker Ax,7,14,0.5,50%,14.0,7.0,98,2,7.0,3.5
Esprit de l'Écuyer,Spirit of the Squire,11,14,0.79,79%,8.45,6.64,93,3,2.82,2.21
Épée Obscure,Swords of Darkness,6,14,0.43,43%,15.0,6.43,90,1,15.0,6.43
Faux Assoiffées,Thirsty Scythes,3,14,0.21,21%,25.0,5.36,75,3,8.33,1.79
Mental d'Acier,Steel Aura,4,14,0.29,29%,18.0,5.14,72,2,9.0,2.57
Explosion Arcanique,Arcane Explosive,6,14,0.43,43%,12.0,5.14,72,1,12.0,5.14
Épées Jumelles,Twin Swords,6,14,0.43,43%,11.67,5.0,70,1,11.67,5.0
Totem du Gardien,Guardian Totem,14,14,1.0,100%,4.71,4.71,66,3,1.57,1.57
Lame Insatiable,Fast Furious Blade,4,14,0.29,29%,16.0,4.57,64,2,8.0,2.29
Chasseur d'Âmes,Soul Hunter,4,14,0.29,29%,15.0,4.29,60,1,15.0,4.29
Pillard Féroce,Savage Looter,3,14,0.21,21%,20.0,4.29,60,1,20.0,4.29
Instinct Sanguinaire,Bloody Instinct,3,14,0.21,21%,15.0,3.21,45,2,7.5,1.6
Armure d'Immortel,Immortal Breastplate,3,14,0.21,21%,14.0,3.0,42,1,14.0,3.0
Glaive Vindicatif,Large Sword of Hate,2,14,0.14,14%,20.0,2.86,40,1,20.0,2.86
Assistance Divine,Sacred Help,2,14,0.14,14%,20.0,2.86,40,2,10.0,1.43
Œil de Lynx,Hawk's Eye,5,14,0.36,36%,8.0,2.86,40,0,Gratuit,Gratuit
Danse Macabre,Dance of Death,5,14,0.36,36%,8.0,2.86,40,1,8.0,2.86
Griffes Sauvages,Wild Claw,13,14,0.93,93%,2.69,2.5,35,3,0.9,0.83
Frappe Chirurgicale,Accurate Sword,2,14,0.14,14%,16.0,2.29,32,1,16.0,2.29
Elan de Fureur,Rampage Momentum,2,14,0.14,14%,15.0,2.14,30,2,7.5,1.07
Masse Colossale,Colossal Mace,2,14,0.14,14%,11.0,1.57,22,0,Gratuit,Gratuit
Force Divine,Divine Impetu,2,14,0.14,14%,11.0,1.57,22,0,Gratuit,Gratuit
Sabre Versatile,Versatil Saber,2,14,0.14,14%,11.0,1.57,22,1,11.0,1.57
Tombeau Rocheux,Rock Tomb,2,14,0.14,14%,10.0,1.43,20,1,10.0,1.43
Coup de Mort,Death Helper,2,14,0.14,14%,10.0,1.43,20,1,10.0,1.43
Chasseresse d'Âmes,Huntress of Souls,1,14,0.07,7%,19.0,1.36,19,1,19.0,1.36
Marteleur précis,Precise Hammer,1,14,0.07,7%,18.0,1.29,18,1,18.0,1.29
Être de Lumière,Being of Light,1,14,0.07,7%,18.0,1.29,18,1,18.0,1.29
Esprit omniprésent,Omnipresent Spirit,1,14,0.07,7%,18.0,1.29,18,2,9.0,0.65
Enchaînement Éclair,Unstoppable Lightning,1,14,0.07,7%,18.0,1.29,18,1,18.0,1.29
Parchemin Secret,Secret Scroll,1,14,0.07,7%,18.0,1.29,18,2,9.0,0.65
Griffes Démoniaques,Demon Claws,1,14,0.07,7%,17.0,1.21,17,1,17.0,1.21
Esprit Guerrier,Spirit of the Warrior,1,14,0.07,7%,16.0,1.14,16,1,16.0,1.14
Adrénaline Arcanique,Arcane Adrenaline,1,14,0.07,7%,16.0,1.14,16,1,16.0,1.14
Soif de Sang,Thirsty Dagger,1,14,0.07,7%,15.0,1.07,15,0,Gratuit,Gratuit
Bâton Élémentaire,Earthly Staff,1,14,0.07,7%,15.0,1.07,15,0,Gratuit,Gratuit
Esquive Salvatrice,Evasive Protection,1,14,0.07,7%,15.0,1.07,15,0,Gratuit,Gratuit
Le Croque-mort,The Undertaker,1,14,0.07,7%,14.0,1.0,14,1,14.0,1.0
Couronne du Roi Nain,Crown of the Dwarf King,1,14,0.07,7%,13.0,0.93,13,0,Gratuit,Gratuit
Destruction Royale,Royal Destroyer,1,14,0.07,7%,11.0,0.79,11,0,Gratuit,Gratuit
Désintégrateur Magnétique,Magnetic Disintegrator,1,14,0.07,7%,11.0,0.79,11,0,Gratuit,Gratuit
Épé Sainte,Holy Sword,1,14,0.07,7%,10.0,0.71,10,0,Gratuit,Gratuit
