,Nom Anglais,nb games valide,total games,ratio,%,pts moy,pts moy total,total point,cout,pts par cout moy,pts par cout total
Faux,Scythe,10,10,1.0,100%,15.0,15.0,150,3,5.0,5.0
Ascension Divine,Divine Ascent,4,10,0.4,40%,25.0,10.0,100,3,8.33,3.33
Aveuglement,Incapacitor,10,10,1.0,100%,9.3,9.3,93,3,3.1,3.1
Lame Affutée,Sharp Blade,9,10,0.9,90%,10.0,9.0,90,3,3.33,3.0
Armure d'Obsidienne,Obsidian Battle Plate,4,10,0.4,40%,20.0,8.0,80,2,10.0,4.0
Faux Assoiffées,Thirsty Scythes,3,10,0.3,30%,25.0,7.5,75,3,8.33,2.5
Épée Obscure,Swords of Darkness,5,10,0.5,50%,15.0,7.5,75,1,15.0,7.5
Mental d'Acier,Steel Aura,4,10,0.4,40%,18.0,7.2,72,2,9.0,3.6
Économe Sagesse du Trésorier,Treasurer's Wisdom,4,10,0.4,40%,17.0,6.8,68,2,8.5,3.4
Lame Insatiable,Fast Furious Blade,4,10,0.4,40%,16.0,6.4,64,2,8.0,3.2
Esprit de l'Écuyer,Spirit of the Squire,7,10,0.7,70%,9.0,6.3,63,3,3.0,2.1
Épées Jumelles,Twin Swords,5,10,0.5,50%,12.0,6.0,60,1,12.0,6.0
Explosion Arcanique,Arcane Explosive,5,10,0.5,50%,12.0,6.0,60,1,12.0,6.0
Hache Frénétique,Berseker Ax,4,10,0.4,40%,14.0,5.6,56,2,7.0,2.8
Totem du Gardien,Guardian Totem,10,10,1.0,100%,4.7,4.7,47,3,1.57,1.57
Chasseur d'Âmes,Soul Hunter,3,10,0.3,30%,15.0,4.5,45,1,15.0,4.5
Glaive Vindicatif,Large Sword of Hate,2,10,0.2,20%,20.0,4.0,40,1,20.0,4.0
Pillard Féroce,Savage Looter,2,10,0.2,20%,20.0,4.0,40,1,20.0,4.0
Frappe Chirurgicale,Accurate Sword,2,10,0.2,20%,16.0,3.2,32,1,16.0,3.2
Danse Macabre,Dance of Death,4,10,0.4,40%,8.0,3.2,32,1,8.0,3.2
Instinct Sanguinaire,Bloody Instinct,2,10,0.2,20%,15.0,3.0,30,2,7.5,1.5
Elan de Fureur,Rampage Momentum,2,10,0.2,20%,15.0,3.0,30,2,7.5,1.5
Armure d'Immortel,Immortal Breastplate,2,10,0.2,20%,14.0,2.8,28,1,14.0,2.8
Griffes Sauvages,Wild Claw,10,10,1.0,100%,2.7,2.7,27,3,0.9,0.9
Œil de Lynx,Hawk's Eye,3,10,0.3,30%,8.0,2.4,24,0,Gratuit,Gratuit
Force Divine,Divine Impetu,2,10,0.2,20%,11.0,2.2,22,0,Gratuit,Gratuit
Masse Colossale,Colossal Mace,2,10,0.2,20%,11.0,2.2,22,0,Gratuit,Gratuit
Tombeau Rocheux,Rock Tomb,2,10,0.2,20%,10.0,2.0,20,1,10.0,2.0
Assistance Divine,Sacred Help,1,10,0.1,10%,20.0,2.0,20,2,10.0,1.0
Coup de Mort,Death Helper,2,10,0.2,20%,10.0,2.0,20,1,10.0,2.0
Chasseresse d'Âmes,Huntress of Souls,1,10,0.1,10%,19.0,1.9,19,1,19.0,1.9
Parchemin Secret,Secret Scroll,1,10,0.1,10%,18.0,1.8,18,2,9.0,0.9
Être de Lumière,Being of Light,1,10,0.1,10%,18.0,1.8,18,1,18.0,1.8
Marteleur précis,Precise Hammer,1,10,0.1,10%,18.0,1.8,18,1,18.0,1.8
Esprit omniprésent,Omnipresent Spirit,1,10,0.1,10%,18.0,1.8,18,2,9.0,0.9
Enchaînement Éclair,Unstoppable Lightning,1,10,0.1,10%,18.0,1.8,18,1,18.0,1.8
Griffes Démoniaques,Demon Claws,1,10,0.1,10%,17.0,1.7,17,1,17.0,1.7
Esprit Guerrier,Spirit of the Warrior,1,10,0.1,10%,16.0,1.6,16,1,16.0,1.6
Adrénaline Arcanique,Arcane Adrenaline,1,10,0.1,10%,16.0,1.6,16,1,16.0,1.6
Soif de Sang,Thirsty Dagger,1,10,0.1,10%,15.0,1.5,15,0,Gratuit,Gratuit
Bâton Élémentaire,Earthly Staff,1,10,0.1,10%,15.0,1.5,15,0,Gratuit,Gratuit
Couronne du Roi Nain,Crown of the Dwarf King,1,10,0.1,10%,13.0,1.3,13,0,Gratuit,Gratuit
Sabre Versatile,Versatil Saber,1,10,0.1,10%,11.0,1.1,11,1,11.0,1.1
Destruction Royale,Royal Destroyer,1,10,0.1,10%,11.0,1.1,11,0,Gratuit,Gratuit
Désintégrateur Magnétique,Magnetic Disintegrator,1,10,0.1,10%,11.0,1.1,11,0,Gratuit,Gratuit
Épé Sainte,Holy Sword,1,10,0.1,10%,10.0,1.0,10,0,Gratuit,Gratuit
