,Nom Anglais,nb games valide,total games,ratio,%,pts moy,pts moy total,total point,cout,pts par cout moy,pts par cout total,pts par cout moy+1,pts par cout total+1
Armure d'Obsidienne,Obsidian Battle Plate,7,8,0.88,88%,20.0,17.5,140,2,10.0,8.75,6.67,5.83
Totem Équivalent,Equivalent Totem,8,8,1.0,100%,16.88,16.88,135,2,8.44,8.44,5.63,5.63
Faux,Scythe,8,8,1.0,100%,15.12,15.12,121,3,5.04,5.04,3.78,3.78
Ascension Divine,Divine Ascent,4,8,0.5,50%,25.0,12.5,100,3,8.33,4.17,6.25,3.12
Économe Sagesse du Trésorier,Treasurer's Wisdom,5,8,0.62,62%,17.0,10.62,85,2,8.5,5.31,5.67,3.54
Lame Affutée,Sharp Blade,7,8,0.88,88%,10.29,9.0,72,3,3.43,3.0,2.57,2.25
Esprit de l'Écuyer,Spirit of the Squire,7,8,0.88,88%,10.29,9.0,72,3,3.43,3.0,2.57,2.25
Armure d'Immortel,Immortal Breastplate,5,8,0.62,62%,14.0,8.75,70,1,14.0,8.75,7.0,4.38
Sabre Versatile,Versatil Saber,6,8,0.75,75%,11.0,8.25,66,1,11.0,8.25,5.5,4.12
Assistance Divine,Sacred Help,3,8,0.38,38%,20.0,7.5,60,2,10.0,3.75,6.67,2.5
Faux Parfaite,Perfect Scythe,4,8,0.5,50%,15.0,7.5,60,0,Gratuit,Gratuit,15.0,7.5
Être de Lumière,Being of Light,3,8,0.38,38%,18.0,6.75,54,1,18.0,6.75,9.0,3.38
Faux Assoiffées,Thirsty Scythes,2,8,0.25,25%,25.0,6.25,50,3,8.33,2.08,6.25,1.56
Aveuglement,Incapacitor,8,8,1.0,100%,5.62,5.62,45,3,1.87,1.87,1.41,1.41
Hache Frénétique,Berseker Ax,3,8,0.38,38%,14.0,5.25,42,2,7.0,2.62,4.67,1.75
Marteleur précis,Precise Hammer,2,8,0.25,25%,18.0,4.5,36,1,18.0,4.5,9.0,2.25
Explosion Arcanique,Arcane Explosive,3,8,0.38,38%,12.0,4.5,36,1,12.0,4.5,6.0,2.25
Marteau Collecteur,Collecting Hammer,4,8,0.5,50%,9.0,4.5,36,2,4.5,2.25,3.0,1.5
Épée Obscure,Swords of Darkness,2,8,0.25,25%,17.0,4.25,34,1,17.0,4.25,8.5,2.12
Totem du Gardien,Guardian Totem,8,8,1.0,100%,4.12,4.12,33,3,1.37,1.37,1.03,1.03
Tombeau Rocheux,Rock Tomb,3,8,0.38,38%,10.0,3.75,30,1,10.0,3.75,5.0,1.88
Coup de Mort,Death Helper,3,8,0.38,38%,10.0,3.75,30,1,10.0,3.75,5.0,1.88
Chasseur d'Âmes,Soul Hunter,2,8,0.25,25%,15.0,3.75,30,1,15.0,3.75,7.5,1.88
Gantelet Impérieux,Imperious Gauntlet,1,8,0.12,12%,30.0,3.75,30,1,30.0,3.75,15.0,1.88
Elan de Fureur,Rampage Momentum,2,8,0.25,25%,15.0,3.75,30,2,7.5,1.88,5.0,1.25
Danse Macabre,Dance of Death,3,8,0.38,38%,8.0,3.0,24,1,8.0,3.0,4.0,1.5
Désintégrateur Magnétique,Magnetic Disintegrator,2,8,0.25,25%,11.0,2.75,22,0,Gratuit,Gratuit,11.0,2.75
Le Marionnettiste,The Puppeteer,1,8,0.12,12%,20.0,2.5,20,2,10.0,1.25,6.67,0.83
Chasseresse d'Âmes,Huntress of Souls,1,8,0.12,12%,19.0,2.38,19,1,19.0,2.38,9.5,1.19
Mental d'Acier,Steel Aura,1,8,0.12,12%,18.0,2.25,18,2,9.0,1.12,6.0,0.75
Griffes Démoniaques,Demon Claws,1,8,0.12,12%,17.0,2.12,17,1,17.0,2.12,8.5,1.06
Lame Insatiable,Fast Furious Blade,1,8,0.12,12%,16.0,2.0,16,2,8.0,1.0,5.33,0.67
Force Divine,Divine Impetu,1,8,0.12,12%,11.0,1.38,11,0,Gratuit,Gratuit,11.0,1.38
Masse Colossale,Colossal Mace,1,8,0.12,12%,11.0,1.38,11,0,Gratuit,Gratuit,11.0,1.38
Épé Sainte,Holy Sword,1,8,0.12,12%,10.0,1.25,10,0,Gratuit,Gratuit,10.0,1.25
Œil de Lynx,Hawk's Eye,1,8,0.12,12%,8.0,1.0,8,0,Gratuit,Gratuit,8.0,1.0
Griffes Sauvages,Wild Claw,3,8,0.38,38%,1.0,0.38,3,3,0.33,0.13,0.25,0.1
