,Nom Anglais,nb games valide,total games,ratio,%,pts moy,pts moy total,total point,cout,pts par cout moy,pts par cout total,pts par cout moy+1,pts par cout total+1
Armure d'Obsidienne,Obsidian Battle Plate,6,7,0.86,86%,20.0,17.14,120,2,10.0,8.57,6.67,5.71
Totem Équivalent,Equivalent Totem,7,7,1.0,100%,16.71,16.71,117,2,8.36,8.36,5.57,5.57
Faux,Scythe,7,7,1.0,100%,15.0,15.0,105,3,5.0,5.0,3.75,3.75
Ascension Divine,Divine Ascent,3,7,0.43,43%,25.0,10.71,75,3,8.33,3.57,6.25,2.68
Esprit de l'Écuyer,Spirit of the Squire,7,7,1.0,100%,10.29,10.29,72,3,3.43,3.43,2.57,2.57
Économe Sagesse du Trésorier,Treasurer's Wisdom,4,7,0.57,57%,17.0,9.71,68,2,8.5,4.86,5.67,3.24
Sabre Versatile,Versatil Saber,6,7,0.86,86%,11.0,9.43,66,1,11.0,9.43,5.5,4.71
Faux Parfaite,Perfect Scythe,4,7,0.57,57%,15.0,8.57,60,0,Gratuit,Gratuit,15.0,8.57
Assistance Divine,Sacred Help,3,7,0.43,43%,20.0,8.57,60,2,10.0,4.29,6.67,2.86
Lame Affutée,Sharp Blade,6,7,0.86,86%,10.0,8.57,60,3,3.33,2.86,2.5,2.14
Armure d'Immortel,Immortal Breastplate,4,7,0.57,57%,14.0,8.0,56,1,14.0,8.0,7.0,4.0
Être de Lumière,Being of Light,3,7,0.43,43%,18.0,7.71,54,1,18.0,7.71,9.0,3.85
Faux Assoiffées,Thirsty Scythes,2,7,0.29,29%,25.0,7.14,50,3,8.33,2.38,6.25,1.78
Aveuglement,Incapacitor,7,7,1.0,100%,5.57,5.57,39,3,1.86,1.86,1.39,1.39
Marteleur précis,Precise Hammer,2,7,0.29,29%,18.0,5.14,36,1,18.0,5.14,9.0,2.57
Épée Obscure,Swords of Darkness,2,7,0.29,29%,17.0,4.86,34,1,17.0,4.86,8.5,2.43
Totem du Gardien,Guardian Totem,7,7,1.0,100%,4.29,4.29,30,3,1.43,1.43,1.07,1.07
Coup de Mort,Death Helper,3,7,0.43,43%,10.0,4.29,30,1,10.0,4.29,5.0,2.15
Gantelet Impérieux,Imperious Gauntlet,1,7,0.14,14%,30.0,4.29,30,1,30.0,4.29,15.0,2.15
Marteau Collecteur,Collecting Hammer,3,7,0.43,43%,10.0,4.29,30,2,5.0,2.15,3.33,1.43
Hache Frénétique,Berseker Ax,2,7,0.29,29%,14.0,4.0,28,2,7.0,2.0,4.67,1.33
Explosion Arcanique,Arcane Explosive,2,7,0.29,29%,12.0,3.43,24,1,12.0,3.43,6.0,1.72
Tombeau Rocheux,Rock Tomb,2,7,0.29,29%,10.0,2.86,20,1,10.0,2.86,5.0,1.43
Le Marionnettiste,The Puppeteer,1,7,0.14,14%,20.0,2.86,20,2,10.0,1.43,6.67,0.95
Chasseresse d'Âmes,Huntress of Souls,1,7,0.14,14%,19.0,2.71,19,1,19.0,2.71,9.5,1.35
Mental d'Acier,Steel Aura,1,7,0.14,14%,18.0,2.57,18,2,9.0,1.28,6.0,0.86
Griffes Démoniaques,Demon Claws,1,7,0.14,14%,17.0,2.43,17,1,17.0,2.43,8.5,1.22
Lame Insatiable,Fast Furious Blade,1,7,0.14,14%,16.0,2.29,16,2,8.0,1.15,5.33,0.76
Danse Macabre,Dance of Death,2,7,0.29,29%,8.0,2.29,16,1,8.0,2.29,4.0,1.15
Elan de Fureur,Rampage Momentum,1,7,0.14,14%,15.0,2.14,15,2,7.5,1.07,5.0,0.71
Chasseur d'Âmes,Soul Hunter,1,7,0.14,14%,15.0,2.14,15,1,15.0,2.14,7.5,1.07
Désintégrateur Magnétique,Magnetic Disintegrator,1,7,0.14,14%,11.0,1.57,11,0,Gratuit,Gratuit,11.0,1.57
Force Divine,Divine Impetu,1,7,0.14,14%,11.0,1.57,11,0,Gratuit,Gratuit,11.0,1.57
Œil de Lynx,Hawk's Eye,1,7,0.14,14%,8.0,1.14,8,0,Gratuit,Gratuit,8.0,1.14
Griffes Sauvages,Wild Claw,2,7,0.29,29%,1.0,0.29,2,3,0.33,0.1,0.25,0.07
