,Nom Anglais,nb games valide,total games,ratio,%,pts moy,pts moy total,total point,cout,pts par cout moy,pts par cout total,pts par cout moy+1,pts par cout total+1
Armure d'Obsidienne,Obsidian Battle Plate,13,15,0.87,87%,20.0,17.33,260,2,10.0,8.66,6.67,5.78
Totem Équivalent,Equivalent Totem,15,15,1.0,100%,16.73,16.73,251,2,8.37,8.37,5.58,5.58
Faux,Scythe,15,15,1.0,100%,14.8,14.8,222,3,4.93,4.93,3.7,3.7
Ascension Divine,Divine Ascent,6,15,0.4,40%,25.0,10.0,150,3,8.33,3.33,6.25,2.5
Économe Sagesse du Trésorier,Treasurer's Wisdom,8,15,0.53,53%,17.0,9.07,136,2,8.5,4.54,5.67,3.02
Armure d'Immortel,Immortal Breastplate,8,15,0.53,53%,14.75,7.87,118,1,14.75,7.87,7.38,3.94
Esprit de l'Écuyer,Spirit of the Squire,13,15,0.87,87%,8.31,7.2,108,3,2.77,2.4,2.08,1.8
Assistance Divine,Sacred Help,5,15,0.33,33%,20.0,6.67,100,2,10.0,3.33,6.67,2.22
Sabre Versatile,Versatil Saber,9,15,0.6,60%,11.0,6.6,99,1,11.0,6.6,5.5,3.3
Lame Affutée,Sharp Blade,12,15,0.8,80%,8.25,6.6,99,3,2.75,2.2,2.06,1.65
Faux Parfaite,Perfect Scythe,6,15,0.4,40%,15.0,6.0,90,0,Gratuit,Gratuit,15.0,6.0
Faux Assoiffées,Thirsty Scythes,3,15,0.2,20%,25.0,5.0,75,3,8.33,1.67,6.25,1.25
Aveuglement,Incapacitor,14,15,0.93,93%,5.14,4.8,72,3,1.71,1.6,1.28,1.2
Explosion Arcanique,Arcane Explosive,6,15,0.4,40%,12.0,4.8,72,1,12.0,4.8,6.0,2.4
Marteau Collecteur,Collecting Hammer,7,15,0.47,47%,10.14,4.73,71,2,5.07,2.37,3.38,1.58
Gantelet Impérieux,Imperious Gauntlet,2,15,0.13,13%,30.0,4.0,60,1,30.0,4.0,15.0,2.0
Hache Frénétique,Berseker Ax,4,15,0.27,27%,14.0,3.73,56,2,7.0,1.86,4.67,1.24
Désintégrateur Magnétique,Magnetic Disintegrator,5,15,0.33,33%,11.0,3.67,55,0,Gratuit,Gratuit,11.0,3.67
Être de Lumière,Being of Light,3,15,0.2,20%,18.0,3.6,54,1,18.0,3.6,9.0,1.8
Mental d'Acier,Steel Aura,3,15,0.2,20%,18.0,3.6,54,2,9.0,1.8,6.0,1.2
Masse Colossale,Colossal Mace,3,15,0.2,20%,13.67,2.73,41,0,Gratuit,Gratuit,13.67,2.73
Tombeau Rocheux,Rock Tomb,4,15,0.27,27%,10.0,2.67,40,1,10.0,2.67,5.0,1.33
Le Marionnettiste,The Puppeteer,2,15,0.13,13%,20.0,2.67,40,2,10.0,1.33,6.67,0.89
Totem du Gardien,Guardian Totem,10,15,0.67,67%,4.0,2.67,40,3,1.33,0.89,1.0,0.67
Marteleur précis,Precise Hammer,2,15,0.13,13%,18.0,2.4,36,1,18.0,2.4,9.0,1.2
Épée Obscure,Swords of Darkness,2,15,0.13,13%,17.0,2.27,34,1,17.0,2.27,8.5,1.14
Danse Macabre,Dance of Death,4,15,0.27,27%,8.0,2.13,32,1,8.0,2.13,4.0,1.06
Elan de Fureur,Rampage Momentum,2,15,0.13,13%,15.0,2.0,30,2,7.5,1.0,5.0,0.67
Coup de Mort,Death Helper,3,15,0.2,20%,10.0,2.0,30,1,10.0,2.0,5.0,1.0
Chasseur d'Âmes,Soul Hunter,2,15,0.13,13%,15.0,2.0,30,1,15.0,2.0,7.5,1.0
Chasseresse d'Âmes,Huntress of Souls,1,15,0.07,7%,19.0,1.27,19,1,19.0,1.27,9.5,0.64
Œil de Lynx,Hawk's Eye,2,15,0.13,13%,9.0,1.2,18,0,Gratuit,Gratuit,9.0,1.2
Griffes Démoniaques,Demon Claws,1,15,0.07,7%,17.0,1.13,17,1,17.0,1.13,8.5,0.56
Lame Insatiable,Fast Furious Blade,1,15,0.07,7%,16.0,1.07,16,2,8.0,0.54,5.33,0.36
Force Divine,Divine Impetu,1,15,0.07,7%,11.0,0.73,11,0,Gratuit,Gratuit,11.0,0.73
Épé Sainte,Holy Sword,1,15,0.07,7%,10.0,0.67,10,0,Gratuit,Gratuit,10.0,0.67
Griffes Sauvages,Wild Claw,3,15,0.2,20%,1.0,0.2,3,3,0.33,0.07,0.25,0.05
