,Nom Anglais,nb games valide,total games,ratio,%,pts moy,pts moy total,total point,cout,pts par cout moy,pts par cout total
Armure d'Obsidienne,Obsidian Battle Plate,9,13,0.69,69%,20.0,13.85,180,2,10.0,6.92
Faux,Scythe,13,13,1.0,100%,13.69,13.69,178,3,4.56,4.56
Lame Insatiable,Fast Furious Blade,8,13,0.62,62%,16.0,9.85,128,2,8.0,4.92
Hache Frénétique,Berseker Ax,9,13,0.69,69%,14.0,9.69,126,2,7.0,4.84
Esprit de l'Écuyer,Spirit of the Squire,12,13,0.92,92%,9.5,8.77,114,3,3.17,2.92
Explosion Arcanique,Arcane Explosive,9,13,0.69,69%,12.0,8.31,108,1,12.0,8.31
Lame Affutée,Sharp Blade,11,13,0.85,85%,8.18,6.92,90,3,2.73,2.31
Économe Sagesse du Trésorier,Treasurer's Wisdom,5,13,0.38,38%,17.0,6.54,85,2,8.5,3.27
Armure d'Immortel,Immortal Breastplate,5,13,0.38,38%,14.0,5.38,70,1,14.0,5.38
Aveuglement,Incapacitor,10,13,0.77,77%,6.6,5.08,66,3,2.2,1.69
Tombeau Rocheux,Rock Tomb,6,13,0.46,46%,10.0,4.62,60,1,10.0,4.62
Chasseur d'Âmes,Soul Hunter,4,13,0.31,31%,15.0,4.62,60,1,15.0,4.62
Esquive Salvatrice,Evasive Protection,4,13,0.31,31%,15.0,4.62,60,0,Gratuit,Gratuit
Le Marionnettiste,The Puppeteer,3,13,0.23,23%,20.0,4.62,60,2,10.0,2.31
Masse Colossale,Colossal Mace,5,13,0.38,38%,11.0,4.23,55,0,Gratuit,Gratuit
Sabre Versatile,Versatil Saber,5,13,0.38,38%,11.0,4.23,55,1,11.0,4.23
Parchemin Secret,Secret Scroll,3,13,0.23,23%,18.0,4.15,54,2,9.0,2.08
Ascension Divine,Divine Ascent,2,13,0.15,15%,25.0,3.85,50,3,8.33,1.28
Coup de Mort,Death Helper,5,13,0.38,38%,10.0,3.85,50,1,10.0,3.85
Totem du Gardien,Guardian Totem,13,13,1.0,100%,3.69,3.69,48,3,1.23,1.23
Frappe Chirurgicale,Accurate Sword,3,13,0.23,23%,16.0,3.69,48,1,16.0,3.69
Glaive Vindicatif,Large Sword of Hate,2,13,0.15,15%,20.0,3.08,40,1,20.0,3.08
Couronne du Roi Nain,Crown of the Dwarf King,3,13,0.23,23%,13.0,3.0,39,0,Gratuit,Gratuit
Épée Obscure,Swords of Darkness,2,13,0.15,15%,15.0,2.31,30,1,15.0,2.31
Bâton Élémentaire,Earthly Staff,2,13,0.15,15%,15.0,2.31,30,0,Gratuit,Gratuit
Faux Assoiffées,Thirsty Scythes,1,13,0.08,8%,25.0,1.92,25,3,8.33,0.64
Griffes Sauvages,Wild Claw,10,13,0.77,77%,2.3,1.77,23,3,0.77,0.59
Désintégrateur Magnétique,Magnetic Disintegrator,2,13,0.15,15%,11.0,1.69,22,0,Gratuit,Gratuit
Destruction Royale,Royal Destroyer,2,13,0.15,15%,11.0,1.69,22,0,Gratuit,Gratuit
Amulette Omnisciente,Omnipresent Amulet,2,13,0.15,15%,11.0,1.69,22,0,Gratuit,Gratuit
Pillard Féroce,Savage Looter,1,13,0.08,8%,20.0,1.54,20,1,20.0,1.54
Épées Jumelles,Twin Swords,2,13,0.15,15%,10.0,1.54,20,1,10.0,1.54
Assistance Divine,Sacred Help,1,13,0.08,8%,20.0,1.54,20,2,10.0,0.77
Chasseresse d'Âmes,Huntress of Souls,1,13,0.08,8%,19.0,1.46,19,1,19.0,1.46
Décharge Élémentaire,Elemental Discharge,1,13,0.08,8%,18.0,1.38,18,1,18.0,1.38
Mental d'Acier,Steel Aura,1,13,0.08,8%,18.0,1.38,18,2,9.0,0.69
Être de Lumière,Being of Light,1,13,0.08,8%,18.0,1.38,18,1,18.0,1.38
Marteleur précis,Precise Hammer,1,13,0.08,8%,18.0,1.38,18,1,18.0,1.38
Griffes Démoniaques,Demon Claws,1,13,0.08,8%,17.0,1.31,17,1,17.0,1.31
Adrénaline Arcanique,Arcane Adrenaline,1,13,0.08,8%,16.0,1.23,16,1,16.0,1.23
Lance Doublée,Dual Spear,2,13,0.15,15%,8.0,1.23,16,0,Gratuit,Gratuit
Danse Macabre,Dance of Death,2,13,0.15,15%,8.0,1.23,16,1,8.0,1.23
Esprit Guerrier,Spirit of the Warrior,1,13,0.08,8%,16.0,1.23,16,1,16.0,1.23
Instinct Sanguinaire,Bloody Instinct,1,13,0.08,8%,15.0,1.15,15,2,7.5,0.57
Elan de Fureur,Rampage Momentum,1,13,0.08,8%,15.0,1.15,15,2,7.5,0.57
Le Croque-mort,The Undertaker,1,13,0.08,8%,14.0,1.08,14,1,14.0,1.08
Épé Sainte,Holy Sword,1,13,0.08,8%,10.0,0.77,10,0,Gratuit,Gratuit
