,Nom Anglais,nb games valide,total games,ratio,%,pts moy,pts moy total,total point,cout,pts par cout moy,pts par cout total,pts par cout moy+1,pts par cout total+1
Totem Équivalent,Equivalent Totem,10,10,1.0,100%,16.8,16.8,168,2,8.4,8.4,5.6,5.6
Faux,Scythe,10,10,1.0,100%,15.9,15.9,159,3,5.3,5.3,3.98,3.98
Ascension Divine,Divine Ascent,5,10,0.5,50%,25.0,12.5,125,3,8.33,4.17,6.25,3.12
Armure d'Obsidienne,Obsidian Battle Plate,5,10,0.5,50%,20.0,10.0,100,2,10.0,5.0,6.67,3.33
Marteau Collecteur,Collecting Hammer,6,10,0.6,60%,16.33,9.8,98,2,8.16,4.9,5.44,3.27
Économe Sagesse du Trésorier,Treasurer's Wisdom,5,10,0.5,50%,17.0,8.5,85,2,8.5,4.25,5.67,2.83
Explosion Arcanique,Arcane Explosive,7,10,0.7,70%,12.0,8.4,84,1,12.0,8.4,6.0,4.2
Esprit de l'Écuyer,Spirit of the Squire,9,10,0.9,90%,8.67,7.8,78,3,2.89,2.6,2.17,1.95
Faux Parfaite,Perfect Scythe,5,10,0.5,50%,15.0,7.5,75,0,Gratuit,Gratuit,15.0,7.5
Hache Frénétique,Berseker Ax,5,10,0.5,50%,14.0,7.0,70,2,7.0,3.5,4.67,2.33
Lame Affutée,Sharp Blade,8,10,0.8,80%,8.62,6.9,69,3,2.87,2.3,2.15,1.73
Gantelet Impérieux,Imperious Gauntlet,2,10,0.2,20%,30.0,6.0,60,1,30.0,6.0,15.0,3.0
Assistance Divine,Sacred Help,3,10,0.3,30%,20.0,6.0,60,2,10.0,3.0,6.67,2.0
Marteleur précis,Precise Hammer,3,10,0.3,30%,18.0,5.4,54,1,18.0,5.4,9.0,2.7
Aveuglement,Incapacitor,8,10,0.8,80%,6.75,5.4,54,3,2.25,1.8,1.69,1.35
Faux Assoiffées,Thirsty Scythes,2,10,0.2,20%,25.0,5.0,50,3,8.33,1.67,6.25,1.25
Totem du Gardien,Guardian Totem,9,10,0.9,90%,5.0,4.5,45,3,1.67,1.5,1.25,1.12
Sabre Versatile,Versatil Saber,4,10,0.4,40%,11.0,4.4,44,1,11.0,4.4,5.5,2.2
Armure d'Immortel,Immortal Breastplate,3,10,0.3,30%,14.67,4.4,44,1,14.67,4.4,7.33,2.2
Chasseresse d'Âmes,Huntress of Souls,2,10,0.2,20%,19.0,3.8,38,1,19.0,3.8,9.5,1.9
Épée Obscure,Swords of Darkness,2,10,0.2,20%,17.0,3.4,34,1,17.0,3.4,8.5,1.7
Griffes Démoniaques,Demon Claws,2,10,0.2,20%,17.0,3.4,34,1,17.0,3.4,8.5,1.7
Coup de Mort,Death Helper,3,10,0.3,30%,11.0,3.3,33,1,11.0,3.3,5.5,1.65
Masse Colossale,Colossal Mace,3,10,0.3,30%,11.0,3.3,33,0,Gratuit,Gratuit,11.0,3.3
Masse de Siège,Siege Mace,2,10,0.2,20%,16.0,3.2,32,0,Gratuit,Gratuit,16.0,3.2
Lame Insatiable,Fast Furious Blade,2,10,0.2,20%,16.0,3.2,32,2,8.0,1.6,5.33,1.07
Elan de Fureur,Rampage Momentum,2,10,0.2,20%,15.0,3.0,30,2,7.5,1.5,5.0,1.0
Tombeau Rocheux,Rock Tomb,3,10,0.3,30%,10.0,3.0,30,1,10.0,3.0,5.0,1.5
Le Marionnettiste,The Puppeteer,1,10,0.1,10%,20.0,2.0,20,2,10.0,1.0,6.67,0.67
Épé Sainte,Holy Sword,2,10,0.2,20%,10.0,2.0,20,0,Gratuit,Gratuit,10.0,2.0
Pillard Féroce,Savage Looter,1,10,0.1,10%,20.0,2.0,20,1,20.0,2.0,10.0,1.0
Parchemin Secret,Secret Scroll,1,10,0.1,10%,18.0,1.8,18,2,9.0,0.9,6.0,0.6
Enchaînement Éclair,Unstoppable Lightning,1,10,0.1,10%,18.0,1.8,18,1,18.0,1.8,9.0,0.9
Mental d'Acier,Steel Aura,1,10,0.1,10%,18.0,1.8,18,2,9.0,0.9,6.0,0.6
Griffes Sauvages,Wild Claw,7,10,0.7,70%,2.29,1.6,16,3,0.76,0.53,0.57,0.4
Danse Macabre,Dance of Death,2,10,0.2,20%,8.0,1.6,16,1,8.0,1.6,4.0,0.8
Œil de Lynx,Hawk's Eye,2,10,0.2,20%,8.0,1.6,16,0,Gratuit,Gratuit,8.0,1.6
Chasseur d'Âmes,Soul Hunter,1,10,0.1,10%,15.0,1.5,15,1,15.0,1.5,7.5,0.75
Force Divine,Divine Impetu,1,10,0.1,10%,11.0,1.1,11,0,Gratuit,Gratuit,11.0,1.1
