,Nom Anglais,nb games valide,total games,ratio,%,pts moy,pts moy total,total point,cout,pts par cout moy,pts par cout total,pts par cout moy+1,pts par cout total+1
Armure d'Obsidienne,Obsidian Battle Plate,2,2,1.0,100%,20.0,20.0,40,2,10.0,10.0,6.67,6.67
Sabre Versatile,Versatil Saber,2,2,1.0,100%,18.0,18.0,36,1,18.0,18.0,9.0,9.0
Totem Équivalent,Equivalent Totem,2,2,1.0,100%,17.5,17.5,35,3,5.83,5.83,4.38,4.38
Hache Frénétique,Berseker Ax,2,2,1.0,100%,16.0,16.0,32,2,8.0,8.0,5.33,5.33
Faux,Scythe,2,2,1.0,100%,15.0,15.0,30,3,5.0,5.0,3.75,3.75
Lame Affutée,Sharp Blade,2,2,1.0,100%,13.5,13.5,27,3,4.5,4.5,3.38,3.38
Ascension Divine,Divine Ascent,1,2,0.5,50%,25.0,12.5,25,3,8.33,4.17,6.25,3.12
Faux Assoiffées,Thirsty Scythes,1,2,0.5,50%,25.0,12.5,25,3,8.33,4.17,6.25,3.12
Bâton de Conquête,Conquering Staff,1,2,0.5,50%,24.0,12.0,24,2,12.0,6.0,8.0,4.0
Épée Obscure,Swords of Darkness,1,2,0.5,50%,20.0,10.0,20,1,20.0,10.0,10.0,5.0
Assistance Divine,Sacred Help,1,2,0.5,50%,20.0,10.0,20,2,10.0,5.0,6.67,3.33
Chasseur d'Âmes,Soul Hunter,1,2,0.5,50%,20.0,10.0,20,1,20.0,10.0,10.0,5.0
Armure d'Immortel,Immortal Breastplate,1,2,0.5,50%,20.0,10.0,20,1,20.0,10.0,10.0,5.0
Parchemin Secret,Secret Scroll,1,2,0.5,50%,18.0,9.0,18,2,9.0,4.5,6.0,3.0
Aveuglement,Incapacitor,2,2,1.0,100%,9.0,9.0,18,3,3.0,3.0,2.25,2.25
Esprit de l'Écuyer,Spirit of the Squire,2,2,1.0,100%,9.0,9.0,18,3,3.0,3.0,2.25,2.25
Esprit omniprésent,Omnipresent Spirit,1,2,0.5,50%,18.0,9.0,18,2,9.0,4.5,6.0,3.0
Esprit Guerrier,Spirit of the Warrior,1,2,0.5,50%,16.0,8.0,16,1,16.0,8.0,8.0,4.0
Épé Sainte,Holy Sword,1,2,0.5,50%,15.0,7.5,15,0,Gratuit,Gratuit,15.0,7.5
Soif de Sang,Thirsty Dagger,1,2,0.5,50%,15.0,7.5,15,0,Gratuit,Gratuit,15.0,7.5
Force Divine,Divine Impetu,1,2,0.5,50%,15.0,7.5,15,0,Gratuit,Gratuit,15.0,7.5
Masse Colossale,Colossal Mace,1,2,0.5,50%,15.0,7.5,15,0,Gratuit,Gratuit,15.0,7.5
Marteau Collecteur,Collecting Hammer,1,2,0.5,50%,14.0,7.0,14,2,7.0,3.5,4.67,2.33
Coup de Mort,Death Helper,1,2,0.5,50%,13.0,6.5,13,1,13.0,6.5,6.5,3.25
Couronne du Roi Nain,Crown of the Dwarf King,1,2,0.5,50%,13.0,6.5,13,0,Gratuit,Gratuit,13.0,6.5
Explosion Arcanique,Arcane Explosive,1,2,0.5,50%,12.0,6.0,12,1,12.0,6.0,6.0,3.0
Totem du Gardien,Guardian Totem,2,2,1.0,100%,5.5,5.5,11,3,1.83,1.83,1.38,1.38
Danse Macabre,Dance of Death,1,2,0.5,50%,10.0,5.0,10,1,10.0,5.0,5.0,2.5
Œil de Lynx,Hawk's Eye,1,2,0.5,50%,8.0,4.0,8,0,Gratuit,Gratuit,8.0,4.0
Griffes Sauvages,Wild Claw,2,2,1.0,100%,2.5,2.5,5,3,0.83,0.83,0.62,0.62
