,Nom Anglais,nb games valide,total games,ratio,%,pts moy,pts moy total,total point,cout,pts par cout moy,pts par cout total
Armure d'Obsidienne,Obsidian Battle Plate,7,10,0.7,70%,20.0,14.0,140,2,10.0,7.0
Faux,Scythe,10,10,1.0,100%,13.4,13.4,134,3,4.47,4.47
Esprit de l'Écuyer,Spirit of the Squire,9,10,0.9,90%,11.0,9.9,99,3,3.67,3.3
Hache Frénétique,Berseker Ax,7,10,0.7,70%,14.0,9.8,98,2,7.0,4.9
Explosion Arcanique,Arcane Explosive,8,10,0.8,80%,12.0,9.6,96,1,12.0,9.6
Lame Insatiable,Fast Furious Blade,5,10,0.5,50%,16.0,8.0,80,2,8.0,4.0
Lame Affutée,Sharp Blade,8,10,0.8,80%,8.62,6.9,69,3,2.87,2.3
Le Marionnettiste,The Puppeteer,3,10,0.3,30%,20.0,6.0,60,2,10.0,3.0
Chasseur d'Âmes,Soul Hunter,4,10,0.4,40%,15.0,6.0,60,1,15.0,6.0
Aveuglement,Incapacitor,8,10,0.8,80%,7.12,5.7,57,3,2.37,1.9
Armure d'Immortel,Immortal Breastplate,4,10,0.4,40%,14.0,5.6,56,1,14.0,5.6
Économe Sagesse du Trésorier,Treasurer's Wisdom,3,10,0.3,30%,17.0,5.1,51,2,8.5,2.55
Coup de Mort,Death Helper,5,10,0.5,50%,10.0,5.0,50,1,10.0,5.0
Esquive Salvatrice,Evasive Protection,3,10,0.3,30%,15.0,4.5,45,0,Gratuit,Gratuit
Sabre Versatile,Versatil Saber,4,10,0.4,40%,11.0,4.4,44,1,11.0,4.4
Masse Colossale,Colossal Mace,4,10,0.4,40%,11.0,4.4,44,0,Gratuit,Gratuit
Totem du Gardien,Guardian Totem,10,10,1.0,100%,4.0,4.0,40,3,1.33,1.33
Glaive Vindicatif,Large Sword of Hate,2,10,0.2,20%,20.0,4.0,40,1,20.0,4.0
Tombeau Rocheux,Rock Tomb,4,10,0.4,40%,10.0,4.0,40,1,10.0,4.0
Couronne du Roi Nain,Crown of the Dwarf King,3,10,0.3,30%,13.0,3.9,39,0,Gratuit,Gratuit
Parchemin Secret,Secret Scroll,2,10,0.2,20%,18.0,3.6,36,2,9.0,1.8
Épée Obscure,Swords of Darkness,2,10,0.2,20%,15.0,3.0,30,1,15.0,3.0
Bâton Élémentaire,Earthly Staff,2,10,0.2,20%,15.0,3.0,30,0,Gratuit,Gratuit
Ascension Divine,Divine Ascent,1,10,0.1,10%,25.0,2.5,25,3,8.33,0.83
Désintégrateur Magnétique,Magnetic Disintegrator,2,10,0.2,20%,11.0,2.2,22,0,Gratuit,Gratuit
Destruction Royale,Royal Destroyer,2,10,0.2,20%,11.0,2.2,22,0,Gratuit,Gratuit
Amulette Omnisciente,Omnipresent Amulet,2,10,0.2,20%,11.0,2.2,22,0,Gratuit,Gratuit
Assistance Divine,Sacred Help,1,10,0.1,10%,20.0,2.0,20,2,10.0,1.0
Pillard Féroce,Savage Looter,1,10,0.1,10%,20.0,2.0,20,1,20.0,2.0
Épées Jumelles,Twin Swords,2,10,0.2,20%,10.0,2.0,20,1,10.0,2.0
Griffes Sauvages,Wild Claw,8,10,0.8,80%,2.38,1.9,19,3,0.79,0.63
Marteleur précis,Precise Hammer,1,10,0.1,10%,18.0,1.8,18,1,18.0,1.8
Être de Lumière,Being of Light,1,10,0.1,10%,18.0,1.8,18,1,18.0,1.8
Décharge Élémentaire,Elemental Discharge,1,10,0.1,10%,18.0,1.8,18,1,18.0,1.8
Mental d'Acier,Steel Aura,1,10,0.1,10%,18.0,1.8,18,2,9.0,0.9
Adrénaline Arcanique,Arcane Adrenaline,1,10,0.1,10%,16.0,1.6,16,1,16.0,1.6
Lance Doublée,Dual Spear,2,10,0.2,20%,8.0,1.6,16,0,Gratuit,Gratuit
Danse Macabre,Dance of Death,2,10,0.2,20%,8.0,1.6,16,1,8.0,1.6
Frappe Chirurgicale,Accurate Sword,1,10,0.1,10%,16.0,1.6,16,1,16.0,1.6
Esprit Guerrier,Spirit of the Warrior,1,10,0.1,10%,16.0,1.6,16,1,16.0,1.6
Elan de Fureur,Rampage Momentum,1,10,0.1,10%,15.0,1.5,15,2,7.5,0.75
Instinct Sanguinaire,Bloody Instinct,1,10,0.1,10%,15.0,1.5,15,2,7.5,0.75
Le Croque-mort,The Undertaker,1,10,0.1,10%,14.0,1.4,14,1,14.0,1.4
Épé Sainte,Holy Sword,1,10,0.1,10%,10.0,1.0,10,0,Gratuit,Gratuit
