,Nom Anglais,nb games valide,total games,ratio,%,pts moy,pts moy total,total point,cout,pts par cout moy,pts par cout total
Faux,Scythe,12,12,1.0,100%,14.67,14.67,176,3,4.89,4.89
Armure d'Obsidienne,Obsidian Battle Plate,8,12,0.67,67%,20.0,13.33,160,2,10.0,6.67
Lame Insatiable,Fast Furious Blade,8,12,0.67,67%,16.0,10.67,128,2,8.0,5.33
Hache Frénétique,Berseker Ax,9,12,0.75,75%,14.0,10.5,126,2,7.0,5.25
Lame Affutée,Sharp Blade,11,12,0.92,92%,11.18,10.25,123,3,3.73,3.42
Économe Sagesse du Trésorier,Treasurer's Wisdom,7,12,0.58,58%,17.0,9.92,119,2,8.5,4.96
Parchemin Secret,Secret Scroll,6,12,0.5,50%,18.0,9.0,108,2,9.0,4.5
Aveuglement,Incapacitor,12,12,1.0,100%,8.25,8.25,99,3,2.75,2.75
Esprit de l'Écuyer,Spirit of the Squire,10,12,0.83,83%,9.6,8.0,96,3,3.2,2.67
Explosion Arcanique,Arcane Explosive,8,12,0.67,67%,12.0,8.0,96,1,12.0,8.0
Sabre Versatile,Versatil Saber,8,12,0.67,67%,11.0,7.33,88,1,11.0,7.33
Chasseur d'Âmes,Soul Hunter,5,12,0.42,42%,15.0,6.25,75,1,15.0,6.25
Ascension Divine,Divine Ascent,3,12,0.25,25%,25.0,6.25,75,3,8.33,2.08
Glaive Vindicatif,Large Sword of Hate,3,12,0.25,25%,20.0,5.0,60,1,20.0,5.0
Chasseresse d'Âmes,Huntress of Souls,3,12,0.25,25%,19.0,4.75,57,1,19.0,4.75
Désintégrateur Magnétique,Magnetic Disintegrator,5,12,0.42,42%,11.0,4.58,55,0,Gratuit,Gratuit
Marteleur précis,Precise Hammer,3,12,0.25,25%,18.0,4.5,54,1,18.0,4.5
Couronne du Roi Nain,Crown of the Dwarf King,4,12,0.33,33%,13.0,4.33,52,0,Gratuit,Gratuit
Griffes Démoniaques,Demon Claws,3,12,0.25,25%,17.0,4.25,51,1,17.0,4.25
Frappe Chirurgicale,Accurate Sword,3,12,0.25,25%,16.0,4.0,48,1,16.0,4.0
Danse Macabre,Dance of Death,6,12,0.5,50%,8.0,4.0,48,1,8.0,4.0
Destruction Royale,Royal Destroyer,4,12,0.33,33%,11.0,3.67,44,0,Gratuit,Gratuit
Masse Colossale,Colossal Mace,4,12,0.33,33%,11.0,3.67,44,0,Gratuit,Gratuit
Le Marionnettiste,The Puppeteer,2,12,0.17,17%,20.0,3.33,40,2,10.0,1.67
Totem du Gardien,Guardian Totem,12,12,1.0,100%,3.08,3.08,37,3,1.03,1.03
Mental d'Acier,Steel Aura,2,12,0.17,17%,18.0,3.0,36,2,9.0,1.5
Enchaînement Éclair,Unstoppable Lightning,2,12,0.17,17%,18.0,3.0,36,1,18.0,3.0
Soif de Sang,Thirsty Dagger,2,12,0.17,17%,15.0,2.5,30,0,Gratuit,Gratuit
Elan de Fureur,Rampage Momentum,2,12,0.17,17%,15.0,2.5,30,2,7.5,1.25
Bâton Élémentaire,Earthly Staff,2,12,0.17,17%,15.0,2.5,30,0,Gratuit,Gratuit
Épée Obscure,Swords of Darkness,2,12,0.17,17%,15.0,2.5,30,1,15.0,2.5
Coup de Mort,Death Helper,3,12,0.25,25%,10.0,2.5,30,1,10.0,2.5
Instinct Sanguinaire,Bloody Instinct,2,12,0.17,17%,15.0,2.5,30,2,7.5,1.25
Faux Assoiffées,Thirsty Scythes,1,12,0.08,8%,25.0,2.08,25,3,8.33,0.69
Tombeau Rocheux,Rock Tomb,2,12,0.17,17%,10.0,1.67,20,1,10.0,1.67
Épées Jumelles,Twin Swords,2,12,0.17,17%,10.0,1.67,20,1,10.0,1.67
Esprit omniprésent,Omnipresent Spirit,1,12,0.08,8%,18.0,1.5,18,2,9.0,0.75
Décharge Élémentaire,Elemental Discharge,1,12,0.08,8%,18.0,1.5,18,1,18.0,1.5
Adrénaline Arcanique,Arcane Adrenaline,1,12,0.08,8%,16.0,1.33,16,1,16.0,1.33
Esprit Guerrier,Spirit of the Warrior,1,12,0.08,8%,16.0,1.33,16,1,16.0,1.33
Le Croque-mort,The Undertaker,1,12,0.08,8%,14.0,1.17,14,1,14.0,1.17
Amulette Omnisciente,Omnipresent Amulet,1,12,0.08,8%,11.0,0.92,11,0,Gratuit,Gratuit
Griffes Sauvages,Wild Claw,8,12,0.67,67%,1.25,0.83,10,3,0.42,0.28
Épé Sainte,Holy Sword,1,12,0.08,8%,10.0,0.83,10,0,Gratuit,Gratuit
Lance Doublée,Dual Spear,1,12,0.08,8%,8.0,0.67,8,0,Gratuit,Gratuit
