,Nom Anglais,nb games valide,total games,ratio,%,pts moy,pts moy total,total point,cout,pts par cout moy,pts par cout total
Faux,Scythe,13,13,1.0,100%,14.69,14.69,191,3,4.9,4.9
Armure d'Obsidienne,Obsidian Battle Plate,9,13,0.69,69%,20.0,13.85,180,2,10.0,6.92
Économe Sagesse du Trésorier,Treasurer's Wisdom,8,13,0.62,62%,17.0,10.46,136,2,8.5,5.23
Lame Insatiable,Fast Furious Blade,8,13,0.62,62%,16.0,9.85,128,2,8.0,4.92
Lame Affutée,Sharp Blade,12,13,0.92,92%,10.5,9.69,126,3,3.5,3.23
Hache Frénétique,Berseker Ax,9,13,0.69,69%,14.0,9.69,126,2,7.0,4.84
Esprit de l'Écuyer,Spirit of the Squire,11,13,0.85,85%,10.36,8.77,114,3,3.45,2.92
Parchemin Secret,Secret Scroll,6,13,0.46,46%,18.0,8.31,108,2,9.0,4.16
Aveuglement,Incapacitor,13,13,1.0,100%,8.31,8.31,108,3,2.77,2.77
Ascension Divine,Divine Ascent,4,13,0.31,31%,25.0,7.69,100,3,8.33,2.56
Sabre Versatile,Versatil Saber,9,13,0.69,69%,11.0,7.62,99,1,11.0,7.62
Explosion Arcanique,Arcane Explosive,8,13,0.62,62%,12.0,7.38,96,1,12.0,7.38
Chasseur d'Âmes,Soul Hunter,5,13,0.38,38%,15.0,5.77,75,1,15.0,5.77
Glaive Vindicatif,Large Sword of Hate,3,13,0.23,23%,20.0,4.62,60,1,20.0,4.62
Chasseresse d'Âmes,Huntress of Souls,3,13,0.23,23%,19.0,4.38,57,1,19.0,4.38
Désintégrateur Magnétique,Magnetic Disintegrator,5,13,0.38,38%,11.0,4.23,55,0,Gratuit,Gratuit
Marteleur précis,Precise Hammer,3,13,0.23,23%,18.0,4.15,54,1,18.0,4.15
Couronne du Roi Nain,Crown of the Dwarf King,4,13,0.31,31%,13.0,4.0,52,0,Gratuit,Gratuit
Griffes Démoniaques,Demon Claws,3,13,0.23,23%,17.0,3.92,51,1,17.0,3.92
Frappe Chirurgicale,Accurate Sword,3,13,0.23,23%,16.0,3.69,48,1,16.0,3.69
Danse Macabre,Dance of Death,6,13,0.46,46%,8.0,3.69,48,1,8.0,3.69
Destruction Royale,Royal Destroyer,4,13,0.31,31%,11.0,3.38,44,0,Gratuit,Gratuit
Masse Colossale,Colossal Mace,4,13,0.31,31%,11.0,3.38,44,0,Gratuit,Gratuit
Totem du Gardien,Guardian Totem,13,13,1.0,100%,3.15,3.15,41,3,1.05,1.05
Coup de Mort,Death Helper,4,13,0.31,31%,10.0,3.08,40,1,10.0,3.08
Le Marionnettiste,The Puppeteer,2,13,0.15,15%,20.0,3.08,40,2,10.0,1.54
Enchaînement Éclair,Unstoppable Lightning,2,13,0.15,15%,18.0,2.77,36,1,18.0,2.77
Mental d'Acier,Steel Aura,2,13,0.15,15%,18.0,2.77,36,2,9.0,1.39
Soif de Sang,Thirsty Dagger,2,13,0.15,15%,15.0,2.31,30,0,Gratuit,Gratuit
Elan de Fureur,Rampage Momentum,2,13,0.15,15%,15.0,2.31,30,2,7.5,1.16
Bâton Élémentaire,Earthly Staff,2,13,0.15,15%,15.0,2.31,30,0,Gratuit,Gratuit
Épée Obscure,Swords of Darkness,2,13,0.15,15%,15.0,2.31,30,1,15.0,2.31
Instinct Sanguinaire,Bloody Instinct,2,13,0.15,15%,15.0,2.31,30,2,7.5,1.16
Faux Assoiffées,Thirsty Scythes,1,13,0.08,8%,25.0,1.92,25,3,8.33,0.64
Épées Jumelles,Twin Swords,2,13,0.15,15%,10.0,1.54,20,1,10.0,1.54
Assistance Divine,Sacred Help,1,13,0.08,8%,20.0,1.54,20,2,10.0,0.77
Tombeau Rocheux,Rock Tomb,2,13,0.15,15%,10.0,1.54,20,1,10.0,1.54
Esprit omniprésent,Omnipresent Spirit,1,13,0.08,8%,18.0,1.38,18,2,9.0,0.69
Décharge Élémentaire,Elemental Discharge,1,13,0.08,8%,18.0,1.38,18,1,18.0,1.38
Adrénaline Arcanique,Arcane Adrenaline,1,13,0.08,8%,16.0,1.23,16,1,16.0,1.23
Esprit Guerrier,Spirit of the Warrior,1,13,0.08,8%,16.0,1.23,16,1,16.0,1.23
Esquive Salvatrice,Evasive Protection,1,13,0.08,8%,15.0,1.15,15,0,Gratuit,Gratuit
Le Croque-mort,The Undertaker,1,13,0.08,8%,14.0,1.08,14,1,14.0,1.08
Armure d'Immortel,Immortal Breastplate,1,13,0.08,8%,14.0,1.08,14,1,14.0,1.08
Amulette Omnisciente,Omnipresent Amulet,1,13,0.08,8%,11.0,0.85,11,0,Gratuit,Gratuit
Griffes Sauvages,Wild Claw,8,13,0.62,62%,1.25,0.77,10,3,0.42,0.26
Épé Sainte,Holy Sword,1,13,0.08,8%,10.0,0.77,10,0,Gratuit,Gratuit
Lance Doublée,Dual Spear,1,13,0.08,8%,8.0,0.62,8,0,Gratuit,Gratuit
