,Nom Anglais,nb games valide,total games,ratio,%,pts moy,pts moy total,total point,cout,pts par cout moy,pts par cout total
Faux,Scythe,14,14,1.0,100%,14.79,14.79,207,3,4.93,4.93
Armure d'Obsidienne,Obsidian Battle Plate,9,14,0.64,64%,20.0,12.86,180,2,10.0,6.43
Lame Insatiable,Fast Furious Blade,9,14,0.64,64%,16.0,10.29,144,2,8.0,5.14
Hache Frénétique,Berseker Ax,10,14,0.71,71%,14.0,10.0,140,2,7.0,5.0
Économe Sagesse du Trésorier,Treasurer's Wisdom,8,14,0.57,57%,17.0,9.71,136,2,8.5,4.86
Lame Affutée,Sharp Blade,12,14,0.86,86%,10.5,9.0,126,3,3.5,3.0
Aveuglement,Incapacitor,14,14,1.0,100%,9.0,9.0,126,3,3.0,3.0
Esprit de l'Écuyer,Spirit of the Squire,12,14,0.86,86%,9.75,8.36,117,3,3.25,2.79
Parchemin Secret,Secret Scroll,6,14,0.43,43%,18.0,7.71,108,2,9.0,3.85
Ascension Divine,Divine Ascent,4,14,0.29,29%,25.0,7.14,100,3,8.33,2.38
Sabre Versatile,Versatil Saber,9,14,0.64,64%,11.0,7.07,99,1,11.0,7.07
Explosion Arcanique,Arcane Explosive,8,14,0.57,57%,12.0,6.86,96,1,12.0,6.86
Chasseur d'Âmes,Soul Hunter,5,14,0.36,36%,15.0,5.36,75,1,15.0,5.36
Glaive Vindicatif,Large Sword of Hate,3,14,0.21,21%,20.0,4.29,60,1,20.0,4.29
Chasseresse d'Âmes,Huntress of Souls,3,14,0.21,21%,19.0,4.07,57,1,19.0,4.07
Désintégrateur Magnétique,Magnetic Disintegrator,5,14,0.36,36%,11.0,3.93,55,0,Gratuit,Gratuit
Mental d'Acier,Steel Aura,3,14,0.21,21%,18.0,3.86,54,2,9.0,1.93
Marteleur précis,Precise Hammer,3,14,0.21,21%,18.0,3.86,54,1,18.0,3.86
Couronne du Roi Nain,Crown of the Dwarf King,4,14,0.29,29%,13.0,3.71,52,0,Gratuit,Gratuit
Griffes Démoniaques,Demon Claws,3,14,0.21,21%,17.0,3.64,51,1,17.0,3.64
Frappe Chirurgicale,Accurate Sword,3,14,0.21,21%,16.0,3.43,48,1,16.0,3.43
Danse Macabre,Dance of Death,6,14,0.43,43%,8.0,3.43,48,1,8.0,3.43
Destruction Royale,Royal Destroyer,4,14,0.29,29%,11.0,3.14,44,0,Gratuit,Gratuit
Masse Colossale,Colossal Mace,4,14,0.29,29%,11.0,3.14,44,0,Gratuit,Gratuit
Totem du Gardien,Guardian Totem,14,14,1.0,100%,3.07,3.07,43,3,1.02,1.02
Coup de Mort,Death Helper,4,14,0.29,29%,10.0,2.86,40,1,10.0,2.86
Le Marionnettiste,The Puppeteer,2,14,0.14,14%,20.0,2.86,40,2,10.0,1.43
Enchaînement Éclair,Unstoppable Lightning,2,14,0.14,14%,18.0,2.57,36,1,18.0,2.57
Soif de Sang,Thirsty Dagger,2,14,0.14,14%,15.0,2.14,30,0,Gratuit,Gratuit
Elan de Fureur,Rampage Momentum,2,14,0.14,14%,15.0,2.14,30,2,7.5,1.07
Bâton Élémentaire,Earthly Staff,2,14,0.14,14%,15.0,2.14,30,0,Gratuit,Gratuit
Épée Obscure,Swords of Darkness,2,14,0.14,14%,15.0,2.14,30,1,15.0,2.14
Instinct Sanguinaire,Bloody Instinct,2,14,0.14,14%,15.0,2.14,30,2,7.5,1.07
Faux Assoiffées,Thirsty Scythes,1,14,0.07,7%,25.0,1.79,25,3,8.33,0.6
Épées Jumelles,Twin Swords,2,14,0.14,14%,10.0,1.43,20,1,10.0,1.43
Assistance Divine,Sacred Help,1,14,0.07,7%,20.0,1.43,20,2,10.0,0.71
Tombeau Rocheux,Rock Tomb,2,14,0.14,14%,10.0,1.43,20,1,10.0,1.43
Esprit omniprésent,Omnipresent Spirit,1,14,0.07,7%,18.0,1.29,18,2,9.0,0.65
Décharge Élémentaire,Elemental Discharge,1,14,0.07,7%,18.0,1.29,18,1,18.0,1.29
Adrénaline Arcanique,Arcane Adrenaline,1,14,0.07,7%,16.0,1.14,16,1,16.0,1.14
Esprit Guerrier,Spirit of the Warrior,1,14,0.07,7%,16.0,1.14,16,1,16.0,1.14
Esquive Salvatrice,Evasive Protection,1,14,0.07,7%,15.0,1.07,15,0,Gratuit,Gratuit
Le Croque-mort,The Undertaker,1,14,0.07,7%,14.0,1.0,14,1,14.0,1.0
Armure d'Immortel,Immortal Breastplate,1,14,0.07,7%,14.0,1.0,14,1,14.0,1.0
Griffes Sauvages,Wild Claw,9,14,0.64,64%,1.44,0.93,13,3,0.48,0.31
Amulette Omnisciente,Omnipresent Amulet,1,14,0.07,7%,11.0,0.79,11,0,Gratuit,Gratuit
Épé Sainte,Holy Sword,1,14,0.07,7%,10.0,0.71,10,0,Gratuit,Gratuit
Lance Doublée,Dual Spear,1,14,0.07,7%,8.0,0.57,8,0,Gratuit,Gratuit
