,Nom Anglais,nb games valide,total games,ratio,%,pts moy,pts moy total,total point,cout,pts par cout moy,pts par cout total
Faux,Scythe,10,10,1.0,100%,14.2,14.2,142,3,4.73,4.73
Armure d'Obsidienne,Obsidian Battle Plate,7,10,0.7,70%,20.0,14.0,140,2,10.0,7.0
Lame Insatiable,Fast Furious Blade,7,10,0.7,70%,16.0,11.2,112,2,8.0,5.6
Lame Affutée,Sharp Blade,9,10,0.9,90%,11.67,10.5,105,3,3.89,3.5
Hache Frénétique,Berseker Ax,7,10,0.7,70%,14.0,9.8,98,2,7.0,4.9
Esprit de l'Écuyer,Spirit of the Squire,9,10,0.9,90%,10.0,9.0,90,3,3.33,3.0
Parchemin Secret,Secret Scroll,5,10,0.5,50%,18.0,9.0,90,2,9.0,4.5
Économe Sagesse du Trésorier,Treasurer's Wisdom,5,10,0.5,50%,17.0,8.5,85,2,8.5,4.25
Sabre Versatile,Versatil Saber,7,10,0.7,70%,11.0,7.7,77,1,11.0,7.7
Explosion Arcanique,Arcane Explosive,6,10,0.6,60%,12.0,7.2,72,1,12.0,7.2
Aveuglement,Incapacitor,10,10,1.0,100%,6.3,6.3,63,3,2.1,2.1
Chasseur d'Âmes,Soul Hunter,4,10,0.4,40%,15.0,6.0,60,1,15.0,6.0
Glaive Vindicatif,Large Sword of Hate,3,10,0.3,30%,20.0,6.0,60,1,20.0,6.0
Chasseresse d'Âmes,Huntress of Souls,3,10,0.3,30%,19.0,5.7,57,1,19.0,5.7
Marteleur précis,Precise Hammer,3,10,0.3,30%,18.0,5.4,54,1,18.0,5.4
Couronne du Roi Nain,Crown of the Dwarf King,4,10,0.4,40%,13.0,5.2,52,0,Gratuit,Gratuit
Griffes Démoniaques,Demon Claws,3,10,0.3,30%,17.0,5.1,51,1,17.0,5.1
Ascension Divine,Divine Ascent,2,10,0.2,20%,25.0,5.0,50,3,8.33,1.67
Frappe Chirurgicale,Accurate Sword,3,10,0.3,30%,16.0,4.8,48,1,16.0,4.8
Désintégrateur Magnétique,Magnetic Disintegrator,4,10,0.4,40%,11.0,4.4,44,0,Gratuit,Gratuit
Danse Macabre,Dance of Death,5,10,0.5,50%,8.0,4.0,40,1,8.0,4.0
Le Marionnettiste,The Puppeteer,2,10,0.2,20%,20.0,4.0,40,2,10.0,2.0
Mental d'Acier,Steel Aura,2,10,0.2,20%,18.0,3.6,36,2,9.0,1.8
Enchaînement Éclair,Unstoppable Lightning,2,10,0.2,20%,18.0,3.6,36,1,18.0,3.6
Destruction Royale,Royal Destroyer,3,10,0.3,30%,11.0,3.3,33,0,Gratuit,Gratuit
Totem du Gardien,Guardian Totem,10,10,1.0,100%,3.3,3.3,33,3,1.1,1.1
Masse Colossale,Colossal Mace,3,10,0.3,30%,11.0,3.3,33,0,Gratuit,Gratuit
Instinct Sanguinaire,Bloody Instinct,2,10,0.2,20%,15.0,3.0,30,2,7.5,1.5
Elan de Fureur,Rampage Momentum,2,10,0.2,20%,15.0,3.0,30,2,7.5,1.5
Soif de Sang,Thirsty Dagger,2,10,0.2,20%,15.0,3.0,30,0,Gratuit,Gratuit
Épée Obscure,Swords of Darkness,2,10,0.2,20%,15.0,3.0,30,1,15.0,3.0
Coup de Mort,Death Helper,3,10,0.3,30%,10.0,3.0,30,1,10.0,3.0
Bâton Élémentaire,Earthly Staff,2,10,0.2,20%,15.0,3.0,30,0,Gratuit,Gratuit
Tombeau Rocheux,Rock Tomb,2,10,0.2,20%,10.0,2.0,20,1,10.0,2.0
Épées Jumelles,Twin Swords,2,10,0.2,20%,10.0,2.0,20,1,10.0,2.0
Décharge Élémentaire,Elemental Discharge,1,10,0.1,10%,18.0,1.8,18,1,18.0,1.8
Esprit omniprésent,Omnipresent Spirit,1,10,0.1,10%,18.0,1.8,18,2,9.0,0.9
Esprit Guerrier,Spirit of the Warrior,1,10,0.1,10%,16.0,1.6,16,1,16.0,1.6
Adrénaline Arcanique,Arcane Adrenaline,1,10,0.1,10%,16.0,1.6,16,1,16.0,1.6
Le Croque-mort,The Undertaker,1,10,0.1,10%,14.0,1.4,14,1,14.0,1.4
Amulette Omnisciente,Omnipresent Amulet,1,10,0.1,10%,11.0,1.1,11,0,Gratuit,Gratuit
Épé Sainte,Holy Sword,1,10,0.1,10%,10.0,1.0,10,0,Gratuit,Gratuit
Griffes Sauvages,Wild Claw,7,10,0.7,70%,1.29,0.9,9,3,0.43,0.3
Lance Doublée,Dual Spear,1,10,0.1,10%,8.0,0.8,8,0,Gratuit,Gratuit
