,Nom Anglais,nb games valide,total games,ratio,%,pts moy,pts moy total,total point,cout,pts par cout moy,pts par cout total
Faux,Scythe,8,8,1.0,100%,14.62,14.62,117,3,4.87,4.87
Armure d'Obsidienne,Obsidian Battle Plate,5,8,0.62,62%,20.0,12.5,100,2,10.0,6.25
Hache Frénétique,Berseker Ax,6,8,0.75,75%,14.0,10.5,84,2,7.0,5.25
Lame Insatiable,Fast Furious Blade,5,8,0.62,62%,16.0,10.0,80,2,8.0,5.0
Lame Affutée,Sharp Blade,7,8,0.88,88%,10.29,9.0,72,3,3.43,3.0
Économe Sagesse du Trésorier,Treasurer's Wisdom,4,8,0.5,50%,17.0,8.5,68,2,8.5,4.25
Esprit de l'Écuyer,Spirit of the Squire,7,8,0.88,88%,9.43,8.25,66,3,3.14,2.75
Chasseresse d'Âmes,Huntress of Souls,3,8,0.38,38%,19.0,7.12,57,1,19.0,7.12
Sabre Versatile,Versatil Saber,5,8,0.62,62%,11.0,6.88,55,1,11.0,6.88
Parchemin Secret,Secret Scroll,3,8,0.38,38%,18.0,6.75,54,2,9.0,3.38
Marteleur précis,Precise Hammer,3,8,0.38,38%,18.0,6.75,54,1,18.0,6.75
Aveuglement,Incapacitor,8,8,1.0,100%,6.38,6.38,51,3,2.13,2.13
Griffes Démoniaques,Demon Claws,3,8,0.38,38%,17.0,6.38,51,1,17.0,6.38
Ascension Divine,Divine Ascent,2,8,0.25,25%,25.0,6.25,50,3,8.33,2.08
Frappe Chirurgicale,Accurate Sword,3,8,0.38,38%,16.0,6.0,48,1,16.0,6.0
Explosion Arcanique,Arcane Explosive,4,8,0.5,50%,12.0,6.0,48,1,12.0,6.0
Chasseur d'Âmes,Soul Hunter,3,8,0.38,38%,15.0,5.62,45,1,15.0,5.62
Glaive Vindicatif,Large Sword of Hate,2,8,0.25,25%,20.0,5.0,40,1,20.0,5.0
Couronne du Roi Nain,Crown of the Dwarf King,3,8,0.38,38%,13.0,4.88,39,0,Gratuit,Gratuit
Mental d'Acier,Steel Aura,2,8,0.25,25%,18.0,4.5,36,2,9.0,2.25
Désintégrateur Magnétique,Magnetic Disintegrator,3,8,0.38,38%,11.0,4.12,33,0,Gratuit,Gratuit
Destruction Royale,Royal Destroyer,3,8,0.38,38%,11.0,4.12,33,0,Gratuit,Gratuit
Épée Obscure,Swords of Darkness,2,8,0.25,25%,15.0,3.75,30,1,15.0,3.75
Soif de Sang,Thirsty Dagger,2,8,0.25,25%,15.0,3.75,30,0,Gratuit,Gratuit
Totem du Gardien,Guardian Totem,8,8,1.0,100%,3.62,3.62,29,3,1.21,1.21
Danse Macabre,Dance of Death,3,8,0.38,38%,8.0,3.0,24,1,8.0,3.0
Masse Colossale,Colossal Mace,2,8,0.25,25%,11.0,2.75,22,0,Gratuit,Gratuit
Coup de Mort,Death Helper,2,8,0.25,25%,10.0,2.5,20,1,10.0,2.5
Tombeau Rocheux,Rock Tomb,2,8,0.25,25%,10.0,2.5,20,1,10.0,2.5
Épées Jumelles,Twin Swords,2,8,0.25,25%,10.0,2.5,20,1,10.0,2.5
Le Marionnettiste,The Puppeteer,1,8,0.12,12%,20.0,2.5,20,2,10.0,1.25
Enchaînement Éclair,Unstoppable Lightning,1,8,0.12,12%,18.0,2.25,18,1,18.0,2.25
Décharge Élémentaire,Elemental Discharge,1,8,0.12,12%,18.0,2.25,18,1,18.0,2.25
Esprit omniprésent,Omnipresent Spirit,1,8,0.12,12%,18.0,2.25,18,2,9.0,1.12
Adrénaline Arcanique,Arcane Adrenaline,1,8,0.12,12%,16.0,2.0,16,1,16.0,2.0
Bâton Élémentaire,Earthly Staff,1,8,0.12,12%,15.0,1.88,15,0,Gratuit,Gratuit
Elan de Fureur,Rampage Momentum,1,8,0.12,12%,15.0,1.88,15,2,7.5,0.94
Instinct Sanguinaire,Bloody Instinct,1,8,0.12,12%,15.0,1.88,15,2,7.5,0.94
Le Croque-mort,The Undertaker,1,8,0.12,12%,14.0,1.75,14,1,14.0,1.75
Amulette Omnisciente,Omnipresent Amulet,1,8,0.12,12%,11.0,1.38,11,0,Gratuit,Gratuit
Épé Sainte,Holy Sword,1,8,0.12,12%,10.0,1.25,10,0,Gratuit,Gratuit
Lance Doublée,Dual Spear,1,8,0.12,12%,8.0,1.0,8,0,Gratuit,Gratuit
Griffes Sauvages,Wild Claw,5,8,0.62,62%,1.2,0.75,6,3,0.4,0.25
