,Nom Anglais,nb games valide,total games,ratio,%,pts moy,pts moy total,total point,cout,pts par cout moy,pts par cout total
Armure d'Obsidienne,Obsidian Battle Plate,5,5,1.0,100%,20.0,20.0,100,2,10.0,10.0
Bâton de Conquête,Conquering Staff,4,5,0.8,80%,24.0,19.2,96,2,12.0,9.6
Aveuglement,Incapacitor,5,5,1.0,100%,15.0,15.0,75,3,5.0,5.0
Totem du Gardien,Guardian Totem,5,5,1.0,100%,14.2,14.2,71,3,4.73,4.73
Totem Équivalent,Equivalent Totem,5,5,1.0,100%,13.2,13.2,66,2,6.6,6.6
Esprit de l'Écuyer,Spirit of the Squire,4,5,0.8,80%,14.25,11.4,57,3,4.75,3.8
Le Traqueur,The Stalker,3,5,0.6,60%,16.0,9.6,48,3,5.33,3.2
Vision Céleste,Heavenly Vision,2,5,0.4,40%,22.0,8.8,44,2,11.0,4.4
Œil de Lynx,Hawk's Eye,5,5,1.0,100%,8.0,8.0,40,0,Gratuit,Gratuit
Esprit omniprésent,Omnipresent Spirit,2,5,0.4,40%,18.0,7.2,36,2,9.0,3.6
Le Visionnaire,The Visionary,2,5,0.4,40%,18.0,7.2,36,2,9.0,3.6
Amulette Omnisciente,Omnipresent Amulet,3,5,0.6,60%,11.0,6.6,33,0,Gratuit,Gratuit
Bâton du Conquérant,Staff of Conquered Worlds,3,5,0.6,60%,11.0,6.6,33,0,Gratuit,Gratuit
Sabre Versatile,Versatil Saber,2,5,0.4,40%,11.0,4.4,22,1,11.0,4.4
Coup de Mort,Death Helper,2,5,0.4,40%,10.0,4.0,20,1,10.0,4.0
Assistance Divine,Sacred Help,1,5,0.2,20%,20.0,4.0,20,2,10.0,2.0
Marteau Collecteur,Collecting Hammer,2,5,0.4,40%,9.0,3.6,18,2,4.5,1.8
Masse de Siège,Siege Mace,1,5,0.2,20%,16.0,3.2,16,0,Gratuit,Gratuit
Soif de Sang,Thirsty Dagger,1,5,0.2,20%,15.0,3.0,15,0,Gratuit,Gratuit
Armure d'Immortel,Immortal Breastplate,1,5,0.2,20%,14.0,2.8,14,1,14.0,2.8
Lame Affutée,Sharp Blade,2,5,0.4,40%,3.0,1.2,6,3,1.0,0.4
Faux,Scythe,5,5,1.0,100%,1.2,1.2,6,3,0.4,0.4
