,Nom Anglais,nb games valide,total games,ratio,%,pts moy,pts moy total,total point,cout,pts par cout moy,pts par cout total,pts par cout moy+1,pts par cout total+1
Armure d'Obsidienne,Obsidian Battle Plate,7,7,1.0,100%,20.0,20.0,140,2,10.0,10.0,6.67,6.67
Bâton de Conquête,Conquering Staff,5,7,0.71,71%,24.0,17.14,120,2,12.0,8.57,8.0,5.71
Totem du Gardien,Guardian Totem,7,7,1.0,100%,15.29,15.29,107,3,5.1,5.1,3.82,3.82
Aveuglement,Incapacitor,7,7,1.0,100%,15.0,15.0,105,3,5.0,5.0,3.75,3.75
Totem Équivalent,Equivalent Totem,7,7,1.0,100%,13.0,13.0,91,2,6.5,6.5,4.33,4.33
Le Traqueur,The Stalker,5,7,0.71,71%,16.0,11.43,80,3,5.33,3.81,4.0,2.86
Esprit de l'Écuyer,Spirit of the Squire,6,7,0.86,86%,12.5,10.71,75,3,4.17,3.57,3.12,2.68
Vision Céleste,Heavenly Vision,3,7,0.43,43%,22.0,9.43,66,2,11.0,4.71,7.33,3.14
Œil de Lynx,Hawk's Eye,7,7,1.0,100%,8.0,8.0,56,0,Gratuit,Gratuit,8.0,8.0
Esprit omniprésent,Omnipresent Spirit,3,7,0.43,43%,18.0,7.71,54,2,9.0,3.85,6.0,2.57
Le Visionnaire,The Visionary,3,7,0.43,43%,18.0,7.71,54,2,9.0,3.85,6.0,2.57
Bâton du Conquérant,Staff of Conquered Worlds,4,7,0.57,57%,11.0,6.29,44,0,Gratuit,Gratuit,11.0,6.29
Marteau Collecteur,Collecting Hammer,4,7,0.57,57%,10.5,6.0,42,2,5.25,3.0,3.5,2.0
Assistance Divine,Sacred Help,2,7,0.29,29%,20.0,5.71,40,2,10.0,2.85,6.67,1.9
Sabre Versatile,Versatil Saber,3,7,0.43,43%,11.0,4.71,33,1,11.0,4.71,5.5,2.35
Amulette Omnisciente,Omnipresent Amulet,3,7,0.43,43%,11.0,4.71,33,0,Gratuit,Gratuit,11.0,4.71
Coup de Mort,Death Helper,2,7,0.29,29%,10.0,2.86,20,1,10.0,2.86,5.0,1.43
Masse de Siège,Siege Mace,1,7,0.14,14%,16.0,2.29,16,0,Gratuit,Gratuit,16.0,2.29
Soif de Sang,Thirsty Dagger,1,7,0.14,14%,15.0,2.14,15,0,Gratuit,Gratuit,15.0,2.14
Lame Affutée,Sharp Blade,4,7,0.57,57%,3.75,2.14,15,3,1.25,0.71,0.94,0.54
Armure d'Immortel,Immortal Breastplate,1,7,0.14,14%,14.0,2.0,14,1,14.0,2.0,7.0,1.0
Faux,Scythe,6,7,0.86,86%,1.33,1.14,8,3,0.44,0.38,0.33,0.28
