,Nom Anglais,nb games valide,total games,ratio,%,pts moy,pts moy total,total point,cout,pts par cout moy,pts par cout total
Armure d'Obsidienne,Obsidian Battle Plate,4,4,1.0,100%,20.0,20.0,80,2,10.0,10.0
Bâton de Conquête,Conquering Staff,3,4,0.75,75%,24.0,18.0,72,2,12.0,9.0
Totem du Gardien,Guardian Totem,4,4,1.0,100%,15.0,15.0,60,3,5.0,5.0
Aveuglement,Incapacitor,4,4,1.0,100%,15.0,15.0,60,3,5.0,5.0
Totem Équivalent,Equivalent Totem,4,4,1.0,100%,12.75,12.75,51,1,12.75,12.75
Le Traqueur,The Stalker,3,4,0.75,75%,16.0,12.0,48,3,5.33,4.0
Esprit de l'Écuyer,Spirit of the Squire,3,4,0.75,75%,16.0,12.0,48,3,5.33,4.0
Vision Céleste,Heavenly Vision,2,4,0.5,50%,22.0,11.0,44,2,11.0,5.5
Esprit omniprésent,Omnipresent Spirit,2,4,0.5,50%,18.0,9.0,36,2,9.0,4.5
Le Visionnaire,The Visionary,2,4,0.5,50%,18.0,9.0,36,2,9.0,4.5
Bâton du Conquérant,Staff of Conquered Worlds,3,4,0.75,75%,11.0,8.25,33,0,Gratuit,Gratuit
Œil de Lynx,Hawk's Eye,4,4,1.0,100%,8.0,8.0,32,0,Gratuit,Gratuit
Sabre Versatile,Versatil Saber,2,4,0.5,50%,11.0,5.5,22,1,11.0,5.5
Amulette Omnisciente,Omnipresent Amulet,2,4,0.5,50%,11.0,5.5,22,0,Gratuit,Gratuit
Coup de Mort,Death Helper,2,4,0.5,50%,10.0,5.0,20,1,10.0,5.0
Assistance Divine,Sacred Help,1,4,0.25,25%,20.0,5.0,20,2,10.0,2.5
Marteau Collecteur,Collecting Hammer,2,4,0.5,50%,9.0,4.5,18,2,4.5,2.25
Masse de Siège,Siege Mace,1,4,0.25,25%,16.0,4.0,16,0,Gratuit,Gratuit
Soif de Sang,Thirsty Dagger,1,4,0.25,25%,15.0,3.75,15,0,Gratuit,Gratuit
Armure d'Immortel,Immortal Breastplate,1,4,0.25,25%,14.0,3.5,14,1,14.0,3.5
Faux,Scythe,4,4,1.0,100%,1.25,1.25,5,3,0.42,0.42
Lame Affutée,Sharp Blade,1,4,0.25,25%,3.0,0.75,3,3,1.0,0.25
