,Nom Anglais,nb games valide,total games,ratio,%,pts moy,pts moy total,total point,cout,pts par cout moy,pts par cout total,pts par cout moy+1,pts par cout total+1
Armure d'Obsidienne,Obsidian Battle Plate,8,8,1.0,100%,20.0,20.0,160,2,10.0,10.0,6.67,6.67
Totem du Gardien,Guardian Totem,8,8,1.0,100%,15.12,15.12,121,3,5.04,5.04,3.78,3.78
Bâton de Conquête,Conquering Staff,5,8,0.62,62%,24.0,15.0,120,2,12.0,7.5,8.0,5.0
Aveuglement,Incapacitor,8,8,1.0,100%,14.25,14.25,114,3,4.75,4.75,3.56,3.56
Totem Équivalent,Equivalent Totem,8,8,1.0,100%,13.0,13.0,104,2,6.5,6.5,4.33,4.33
Le Traqueur,The Stalker,6,8,0.75,75%,16.0,12.0,96,3,5.33,4.0,4.0,3.0
Esprit de l'Écuyer,Spirit of the Squire,7,8,0.88,88%,11.14,9.75,78,3,3.71,3.25,2.79,2.44
Esprit omniprésent,Omnipresent Spirit,4,8,0.5,50%,18.0,9.0,72,2,9.0,4.5,6.0,3.0
Vision Céleste,Heavenly Vision,3,8,0.38,38%,22.0,8.25,66,2,11.0,4.12,7.33,2.75
Œil de Lynx,Hawk's Eye,8,8,1.0,100%,8.0,8.0,64,0,Gratuit,Gratuit,8.0,8.0
Assistance Divine,Sacred Help,3,8,0.38,38%,20.0,7.5,60,2,10.0,3.75,6.67,2.5
Le Visionnaire,The Visionary,3,8,0.38,38%,18.0,6.75,54,2,9.0,3.38,6.0,2.25
Bâton du Conquérant,Staff of Conquered Worlds,4,8,0.5,50%,11.0,5.5,44,0,Gratuit,Gratuit,11.0,5.5
Marteau Collecteur,Collecting Hammer,4,8,0.5,50%,10.5,5.25,42,2,5.25,2.62,3.5,1.75
Sabre Versatile,Versatil Saber,3,8,0.38,38%,11.0,4.12,33,1,11.0,4.12,5.5,2.06
Amulette Omnisciente,Omnipresent Amulet,3,8,0.38,38%,11.0,4.12,33,0,Gratuit,Gratuit,11.0,4.12
Coup de Mort,Death Helper,2,8,0.25,25%,10.0,2.5,20,1,10.0,2.5,5.0,1.25
Masse de Siège,Siege Mace,1,8,0.12,12%,16.0,2.0,16,0,Gratuit,Gratuit,16.0,2.0
Soif de Sang,Thirsty Dagger,1,8,0.12,12%,15.0,1.88,15,0,Gratuit,Gratuit,15.0,1.88
Lame Affutée,Sharp Blade,4,8,0.5,50%,3.75,1.88,15,3,1.25,0.63,0.94,0.47
Armure d'Immortel,Immortal Breastplate,1,8,0.12,12%,14.0,1.75,14,1,14.0,1.75,7.0,0.88
Faux,Scythe,7,8,0.88,88%,1.29,1.12,9,3,0.43,0.37,0.32,0.28
