,Nom Anglais,nb games valide,total games,ratio,%,pts moy,pts moy total,total point,cout,pts par cout moy,pts par cout total,pts par cout moy+1,pts par cout total+1
Armure d'Obsidienne,Obsidian Battle Plate,8,9,0.89,89%,20.0,17.78,160,2,10.0,8.89,6.67,5.93
Totem du Gardien,Guardian Totem,9,9,1.0,100%,15.44,15.44,139,3,5.15,5.15,3.86,3.86
Aveuglement,Incapacitor,9,9,1.0,100%,14.0,14.0,126,3,4.67,4.67,3.5,3.5
Bâton de Conquête,Conquering Staff,5,9,0.56,56%,24.0,13.33,120,2,12.0,6.67,8.0,4.44
Totem Équivalent,Equivalent Totem,9,9,1.0,100%,12.78,12.78,115,2,6.39,6.39,4.26,4.26
Le Traqueur,The Stalker,7,9,0.78,78%,16.0,12.44,112,3,5.33,4.15,4.0,3.11
Vision Céleste,Heavenly Vision,4,9,0.44,44%,22.0,9.78,88,2,11.0,4.89,7.33,3.26
Esprit de l'Écuyer,Spirit of the Squire,8,9,0.89,89%,10.12,9.0,81,3,3.37,3.0,2.53,2.25
Le Visionnaire,The Visionary,4,9,0.44,44%,18.0,8.0,72,2,9.0,4.0,6.0,2.67
Esprit omniprésent,Omnipresent Spirit,4,9,0.44,44%,18.0,8.0,72,2,9.0,4.0,6.0,2.67
Œil de Lynx,Hawk's Eye,9,9,1.0,100%,8.0,8.0,72,0,Gratuit,Gratuit,8.0,8.0
Assistance Divine,Sacred Help,3,9,0.33,33%,20.0,6.67,60,2,10.0,3.33,6.67,2.22
Bâton du Conquérant,Staff of Conquered Worlds,5,9,0.56,56%,11.0,6.11,55,0,Gratuit,Gratuit,11.0,6.11
Marteau Collecteur,Collecting Hammer,4,9,0.44,44%,10.5,4.67,42,2,5.25,2.33,3.5,1.56
Amulette Omnisciente,Omnipresent Amulet,3,9,0.33,33%,11.0,3.67,33,0,Gratuit,Gratuit,11.0,3.67
Sabre Versatile,Versatil Saber,3,9,0.33,33%,11.0,3.67,33,1,11.0,3.67,5.5,1.83
Coup de Mort,Death Helper,2,9,0.22,22%,10.0,2.22,20,1,10.0,2.22,5.0,1.11
Lame Affutée,Sharp Blade,5,9,0.56,56%,3.6,2.0,18,3,1.2,0.67,0.9,0.5
Masse de Siège,Siege Mace,1,9,0.11,11%,16.0,1.78,16,0,Gratuit,Gratuit,16.0,1.78
Soif de Sang,Thirsty Dagger,1,9,0.11,11%,15.0,1.67,15,0,Gratuit,Gratuit,15.0,1.67
Armure d'Immortel,Immortal Breastplate,1,9,0.11,11%,14.0,1.56,14,1,14.0,1.56,7.0,0.78
Faux,Scythe,8,9,0.89,89%,1.25,1.11,10,3,0.42,0.37,0.31,0.28
