,Nom Anglais,nb games valide,total games,ratio,%,pts moy,pts moy total,total point,cout,pts par cout moy,pts par cout total,pts par cout moy+1,pts par cout total+1
Esprit de l'Écuyer,Spirit of the Squire,6,6,1.0,100%,18.5,18.5,111,3,6.17,6.17,4.62,4.62
Totem du Gardien,Guardian Totem,6,6,1.0,100%,16.33,16.33,98,3,5.44,5.44,4.08,4.08
Le Traqueur,The Stalker,5,6,0.83,83%,16.0,13.33,80,3,5.33,4.44,4.0,3.33
Totem Équivalent,Equivalent Totem,6,6,1.0,100%,13.17,13.17,79,2,6.58,6.58,4.39,4.39
Aveuglement,Incapacitor,6,6,1.0,100%,13.0,13.0,78,3,4.33,4.33,3.25,3.25
Bâton de Conquête,Conquering Staff,3,6,0.5,50%,24.0,12.0,72,2,12.0,6.0,8.0,4.0
Vision Céleste,Heavenly Vision,3,6,0.5,50%,22.0,11.0,66,2,11.0,5.5,7.33,3.67
Amulette Omnisciente,Omnipresent Amulet,5,6,0.83,83%,11.0,9.17,55,0,Gratuit,Gratuit,11.0,9.17
Coup de Mort,Death Helper,5,6,0.83,83%,10.0,8.33,50,1,10.0,8.33,5.0,4.17
Œil de Lynx,Hawk's Eye,6,6,1.0,100%,8.0,8.0,48,0,Gratuit,Gratuit,8.0,8.0
Armure d'Obsidienne,Obsidian Battle Plate,2,6,0.33,33%,20.0,6.67,40,2,10.0,3.33,6.67,2.22
Esprit omniprésent,Omnipresent Spirit,2,6,0.33,33%,18.0,6.0,36,2,9.0,3.0,6.0,2.0
Le Visionnaire,The Visionary,2,6,0.33,33%,18.0,6.0,36,2,9.0,3.0,6.0,2.0
Sabre Versatile,Versatil Saber,2,6,0.33,33%,11.0,3.67,22,1,11.0,3.67,5.5,1.83
Bâton du Conquérant,Staff of Conquered Worlds,2,6,0.33,33%,11.0,3.67,22,0,Gratuit,Gratuit,11.0,3.67
Le Marionnettiste,The Puppeteer,1,6,0.17,17%,20.0,3.33,20,2,10.0,1.67,6.67,1.11
Masse de Siège,Siege Mace,1,6,0.17,17%,16.0,2.67,16,0,Gratuit,Gratuit,16.0,2.67
Lame Affutée,Sharp Blade,3,6,0.5,50%,5.0,2.5,15,3,1.67,0.83,1.25,0.62
Armure d'Immortel,Immortal Breastplate,1,6,0.17,17%,14.0,2.33,14,1,14.0,2.33,7.0,1.17
Marteau Collecteur,Collecting Hammer,1,6,0.17,17%,12.0,2.0,12,2,6.0,1.0,4.0,0.67
Force Divine,Divine Impetu,1,6,0.17,17%,11.0,1.83,11,0,Gratuit,Gratuit,11.0,1.83
Faux,Scythe,6,6,1.0,100%,1.5,1.5,9,3,0.5,0.5,0.38,0.38
