,Nom Anglais,nb games valide,total games,ratio,%,pts moy,pts moy total,total point,cout,pts par cout moy,pts par cout total,pts par cout moy+1,pts par cout total+1
Totem du Gardien,Guardian Totem,6,6,1.0,100%,17.83,17.83,107,3,5.94,5.94,4.46,4.46
Bâton de Conquête,Conquering Staff,4,6,0.67,67%,24.0,16.0,96,2,12.0,8.0,8.0,5.33
Vision Céleste,Heavenly Vision,4,6,0.67,67%,22.0,14.67,88,2,11.0,7.33,7.33,4.89
Aveuglement,Incapacitor,6,6,1.0,100%,14.5,14.5,87,3,4.83,4.83,3.62,3.62
Le Traqueur,The Stalker,5,6,0.83,83%,16.0,13.33,80,3,5.33,4.44,4.0,3.33
Totem Équivalent,Equivalent Totem,6,6,1.0,100%,12.67,12.67,76,2,6.33,6.33,4.22,4.22
Le Visionnaire,The Visionary,4,6,0.67,67%,18.0,12.0,72,2,9.0,6.0,6.0,4.0
Œil de Lynx,Hawk's Eye,6,6,1.0,100%,8.0,8.0,48,0,Gratuit,Gratuit,8.0,8.0
Esprit de l'Écuyer,Spirit of the Squire,6,6,1.0,100%,8.0,8.0,48,3,2.67,2.67,2.0,2.0
Armure d'Obsidienne,Obsidian Battle Plate,2,6,0.33,33%,20.0,6.67,40,2,10.0,3.33,6.67,2.22
Lame Affutée,Sharp Blade,3,6,0.5,50%,10.0,5.0,30,3,3.33,1.67,2.5,1.25
Marteau Collecteur,Collecting Hammer,3,6,0.5,50%,10.0,5.0,30,2,5.0,2.5,3.33,1.67
Bâton du Conquérant,Staff of Conquered Worlds,2,6,0.33,33%,11.0,3.67,22,0,Gratuit,Gratuit,11.0,3.67
Coup de Mort,Death Helper,2,6,0.33,33%,10.0,3.33,20,1,10.0,3.33,5.0,1.67
Assistance Divine,Sacred Help,1,6,0.17,17%,20.0,3.33,20,2,10.0,1.67,6.67,1.11
Esprit omniprésent,Omnipresent Spirit,1,6,0.17,17%,18.0,3.0,18,2,9.0,1.5,6.0,1.0
Être de Lumière,Being of Light,1,6,0.17,17%,18.0,3.0,18,1,18.0,3.0,9.0,1.5
Épée Obscure,Swords of Darkness,1,6,0.17,17%,17.0,2.83,17,1,17.0,2.83,8.5,1.42
Hache Frénétique,Berseker Ax,1,6,0.17,17%,14.0,2.33,14,2,7.0,1.17,4.67,0.78
Sabre Versatile,Versatil Saber,1,6,0.17,17%,11.0,1.83,11,1,11.0,1.83,5.5,0.92
Danse Macabre,Dance of Death,1,6,0.17,17%,8.0,1.33,8,1,8.0,1.33,4.0,0.67
Faux,Scythe,5,6,0.83,83%,1.2,1.0,6,3,0.4,0.33,0.3,0.25
