,Nom Anglais,nb games valide,total games,ratio,%,pts moy,pts moy total,total point,cout,pts par cout moy,pts par cout total,pts par cout moy+1,pts par cout total+1
Totem du Gardien,Guardian Totem,11,13,0.85,85%,17.73,15.0,195,3,5.91,5.0,4.43,3.75
Vision Céleste,Heavenly Vision,8,13,0.62,62%,22.0,13.54,176,2,11.0,6.77,7.33,4.51
Totem Équivalent,Equivalent Totem,13,13,1.0,100%,13.38,13.38,174,2,6.69,6.69,4.46,4.46
Aveuglement,Incapacitor,13,13,1.0,100%,13.38,13.38,174,3,4.46,4.46,3.35,3.35
Le Traqueur,The Stalker,10,13,0.77,77%,17.2,13.23,172,3,5.73,4.41,4.3,3.31
Esprit de l'Écuyer,Spirit of the Squire,13,13,1.0,100%,12.92,12.92,168,3,4.31,4.31,3.23,3.23
Bâton de Conquête,Conquering Staff,6,13,0.46,46%,24.0,11.08,144,2,12.0,5.54,8.0,3.69
Armure d'Obsidienne,Obsidian Battle Plate,7,13,0.54,54%,20.0,10.77,140,2,10.0,5.38,6.67,3.59
Œil de Lynx,Hawk's Eye,13,13,1.0,100%,8.77,8.77,114,0,Gratuit,Gratuit,8.77,8.77
Le Visionnaire,The Visionary,6,13,0.46,46%,18.0,8.31,108,2,9.0,4.16,6.0,2.77
Coup de Mort,Death Helper,8,13,0.62,62%,11.88,7.31,95,1,11.88,7.31,5.94,3.65
Amulette Omnisciente,Omnipresent Amulet,6,13,0.46,46%,14.33,6.62,86,0,Gratuit,Gratuit,14.33,6.62
Sabre Versatile,Versatil Saber,6,13,0.46,46%,11.0,5.08,66,1,11.0,5.08,5.5,2.54
Assistance Divine,Sacred Help,3,13,0.23,23%,20.0,4.62,60,2,10.0,2.31,6.67,1.54
Le Marionnettiste,The Puppeteer,3,13,0.23,23%,20.0,4.62,60,2,10.0,2.31,6.67,1.54
Esprit omniprésent,Omnipresent Spirit,3,13,0.23,23%,18.0,4.15,54,2,9.0,2.08,6.0,1.38
Être de Lumière,Being of Light,3,13,0.23,23%,18.0,4.15,54,1,18.0,4.15,9.0,2.08
Lame Affutée,Sharp Blade,8,13,0.62,62%,6.75,4.15,54,3,2.25,1.38,1.69,1.04
Bâton du Conquérant,Staff of Conquered Worlds,4,13,0.31,31%,11.0,3.38,44,0,Gratuit,Gratuit,11.0,3.38
Marteau Collecteur,Collecting Hammer,4,13,0.31,31%,9.25,2.85,37,2,4.62,1.43,3.08,0.95
Force Divine,Divine Impetu,2,13,0.15,15%,15.0,2.31,30,0,Gratuit,Gratuit,15.0,2.31
Chasseur d'Âmes,Soul Hunter,1,13,0.08,8%,20.0,1.54,20,1,20.0,1.54,10.0,0.77
Faux,Scythe,11,13,0.85,85%,1.64,1.38,18,3,0.55,0.46,0.41,0.34
Épée Obscure,Swords of Darkness,1,13,0.08,8%,17.0,1.31,17,1,17.0,1.31,8.5,0.66
Armure d'Immortel,Immortal Breastplate,1,13,0.08,8%,16.0,1.23,16,1,16.0,1.23,8.0,0.61
Masse de Siège,Siege Mace,1,13,0.08,8%,16.0,1.23,16,0,Gratuit,Gratuit,16.0,1.23
Hache Frénétique,Berseker Ax,1,13,0.08,8%,14.0,1.08,14,2,7.0,0.54,4.67,0.36
Danse Macabre,Dance of Death,1,13,0.08,8%,8.0,0.62,8,1,8.0,0.62,4.0,0.31
