,Nom Anglais,nb games valide,total games,ratio,%,pts moy,pts moy total,total point,cout,pts par cout moy,pts par cout total,pts par cout moy+1,pts par cout total+1
Totem du Gardien,Guardian Totem,7,7,1.0,100%,18.57,18.57,130,3,6.19,6.19,4.64,4.64
Vision Céleste,Heavenly Vision,5,7,0.71,71%,22.0,15.71,110,2,11.0,7.86,7.33,5.24
Le Traqueur,The Stalker,6,7,0.86,86%,16.0,13.71,96,3,5.33,4.57,4.0,3.43
Aveuglement,Incapacitor,7,7,1.0,100%,13.71,13.71,96,3,4.57,4.57,3.43,3.43
Bâton de Conquête,Conquering Staff,4,7,0.57,57%,24.0,13.71,96,2,12.0,6.86,8.0,4.57
Totem Équivalent,Equivalent Totem,7,7,1.0,100%,13.0,13.0,91,2,6.5,6.5,4.33,4.33
Le Visionnaire,The Visionary,4,7,0.57,57%,18.0,10.29,72,2,9.0,5.14,6.0,3.43
Esprit de l'Écuyer,Spirit of the Squire,7,7,1.0,100%,9.43,9.43,66,3,3.14,3.14,2.36,2.36
Œil de Lynx,Hawk's Eye,7,7,1.0,100%,8.0,8.0,56,0,Gratuit,Gratuit,8.0,8.0
Armure d'Obsidienne,Obsidian Battle Plate,2,7,0.29,29%,20.0,5.71,40,2,10.0,2.85,6.67,1.9
Assistance Divine,Sacred Help,2,7,0.29,29%,20.0,5.71,40,2,10.0,2.85,6.67,1.9
Lame Affutée,Sharp Blade,3,7,0.43,43%,10.0,4.29,30,3,3.33,1.43,2.5,1.07
Marteau Collecteur,Collecting Hammer,3,7,0.43,43%,10.0,4.29,30,2,5.0,2.15,3.33,1.43
Coup de Mort,Death Helper,3,7,0.43,43%,10.0,4.29,30,1,10.0,4.29,5.0,2.15
Bâton du Conquérant,Staff of Conquered Worlds,2,7,0.29,29%,11.0,3.14,22,0,Gratuit,Gratuit,11.0,3.14
Esprit omniprésent,Omnipresent Spirit,1,7,0.14,14%,18.0,2.57,18,2,9.0,1.28,6.0,0.86
Être de Lumière,Being of Light,1,7,0.14,14%,18.0,2.57,18,1,18.0,2.57,9.0,1.28
Épée Obscure,Swords of Darkness,1,7,0.14,14%,17.0,2.43,17,1,17.0,2.43,8.5,1.22
Masse de Siège,Siege Mace,1,7,0.14,14%,16.0,2.29,16,0,Gratuit,Gratuit,16.0,2.29
Hache Frénétique,Berseker Ax,1,7,0.14,14%,14.0,2.0,14,2,7.0,1.0,4.67,0.67
Sabre Versatile,Versatil Saber,1,7,0.14,14%,11.0,1.57,11,1,11.0,1.57,5.5,0.79
Amulette Omnisciente,Omnipresent Amulet,1,7,0.14,14%,11.0,1.57,11,0,Gratuit,Gratuit,11.0,1.57
Danse Macabre,Dance of Death,1,7,0.14,14%,8.0,1.14,8,1,8.0,1.14,4.0,0.57
Faux,Scythe,6,7,0.86,86%,1.33,1.14,8,3,0.44,0.38,0.33,0.28
