,Nom Anglais,nb games valide,total games,ratio,%,pts moy,pts moy total,total point,cout,pts par cout moy,pts par cout total
Totem du Gardien,Guardian Totem,4,4,1.0,100%,12.75,12.75,51,3,4.25,4.25
Totem Équivalent,Equivalent Totem,4,4,1.0,100%,11.75,11.75,47,1,11.75,11.75
Esprit de l'Écuyer,Spirit of the Squire,4,4,1.0,100%,11.25,11.25,45,3,3.75,3.75
Œil de Lynx,Hawk's Eye,4,4,1.0,100%,8.0,8.0,32,0,Gratuit,Gratuit
Aveuglement,Incapacitor,4,4,1.0,100%,6.75,6.75,27,3,2.25,2.25
Vision Céleste,Heavenly Vision,1,4,0.25,25%,22.0,5.5,22,2,11.0,2.75
Armure d'Obsidienne,Obsidian Battle Plate,1,4,0.25,25%,20.0,5.0,20,2,10.0,2.5
Le Marionnettiste,The Puppeteer,1,4,0.25,25%,20.0,5.0,20,2,10.0,2.5
Esprit omniprésent,Omnipresent Spirit,1,4,0.25,25%,18.0,4.5,18,2,9.0,2.25
Le Visionnaire,The Visionary,1,4,0.25,25%,18.0,4.5,18,2,9.0,2.25
Le Traqueur,The Stalker,1,4,0.25,25%,16.0,4.0,16,3,5.33,1.33
Armure d'Immortel,Immortal Breastplate,1,4,0.25,25%,14.0,3.5,14,1,14.0,3.5
Lame Affutée,Sharp Blade,3,4,0.75,75%,4.0,3.0,12,3,1.33,1.0
Sabre Versatile,Versatil Saber,1,4,0.25,25%,11.0,2.75,11,1,11.0,2.75
Amulette Omnisciente,Omnipresent Amulet,1,4,0.25,25%,11.0,2.75,11,0,Gratuit,Gratuit
Coup de Mort,Death Helper,1,4,0.25,25%,10.0,2.5,10,1,10.0,2.5
Marteau Collecteur,Collecting Hammer,1,4,0.25,25%,6.0,1.5,6,2,3.0,0.75
Faux,Scythe,4,4,1.0,100%,1.25,1.25,5,3,0.42,0.42
