,Nom Anglais,nb games valide,total games,ratio,%,pts moy,pts moy total,total point,cout,pts par cout moy,pts par cout total,pts par cout moy+1,pts par cout total+1
Totem Équivalent,Equivalent Totem,13,13,1.0,100%,12.23,12.23,159,2,6.12,6.12,4.08,4.08
Totem du Gardien,Guardian Totem,11,13,0.85,85%,14.36,12.15,158,3,4.79,4.05,3.59,3.04
Aveuglement,Incapacitor,13,13,1.0,100%,11.54,11.54,150,3,3.85,3.85,2.88,2.88
Esprit de l'Écuyer,Spirit of the Squire,12,13,0.92,92%,11.25,10.38,135,3,3.75,3.46,2.81,2.6
Œil de Lynx,Hawk's Eye,13,13,1.0,100%,8.77,8.77,114,0,Gratuit,Gratuit,8.77,8.77
Marteau Collecteur,Collecting Hammer,8,13,0.62,62%,13.88,8.54,111,2,6.94,4.27,4.63,2.85
Le Visionnaire,The Visionary,6,13,0.46,46%,18.0,8.31,108,2,9.0,4.16,6.0,2.77
Le Traqueur,The Stalker,6,13,0.46,46%,17.33,8.0,104,3,5.78,2.67,4.33,2.0
Bâton de Conquête,Conquering Staff,4,13,0.31,31%,24.0,7.38,96,2,12.0,3.69,8.0,2.46
Vision Céleste,Heavenly Vision,4,13,0.31,31%,22.0,6.77,88,2,11.0,3.38,7.33,2.26
Le Marionnettiste,The Puppeteer,4,13,0.31,31%,20.0,6.15,80,2,10.0,3.08,6.67,2.05
Esprit omniprésent,Omnipresent Spirit,4,13,0.31,31%,18.0,5.54,72,2,9.0,2.77,6.0,1.85
Coup de Mort,Death Helper,5,13,0.38,38%,11.2,4.31,56,1,11.2,4.31,5.6,2.15
Bâton du Conquérant,Staff of Conquered Worlds,4,13,0.31,31%,11.0,3.38,44,0,Gratuit,Gratuit,11.0,3.38
Amulette Omnisciente,Omnipresent Amulet,3,13,0.23,23%,13.67,3.15,41,0,Gratuit,Gratuit,13.67,3.15
Armure d'Obsidienne,Obsidian Battle Plate,2,13,0.15,15%,20.0,3.08,40,2,10.0,1.54,6.67,1.03
Masse de Siège,Siege Mace,2,13,0.15,15%,16.0,2.46,32,0,Gratuit,Gratuit,16.0,2.46
Lame Affutée,Sharp Blade,9,13,0.69,69%,3.33,2.31,30,3,1.11,0.77,0.83,0.58
Assistance Divine,Sacred Help,1,13,0.08,8%,20.0,1.54,20,2,10.0,0.77,6.67,0.51
Marteleur précis,Precise Hammer,1,13,0.08,8%,18.0,1.38,18,1,18.0,1.38,9.0,0.69
Être de Lumière,Being of Light,1,13,0.08,8%,18.0,1.38,18,1,18.0,1.38,9.0,0.69
Faux,Scythe,11,13,0.85,85%,1.36,1.15,15,3,0.45,0.38,0.34,0.29
Armure d'Immortel,Immortal Breastplate,1,13,0.08,8%,14.0,1.08,14,1,14.0,1.08,7.0,0.54
Hache Frénétique,Berseker Ax,1,13,0.08,8%,14.0,1.08,14,2,7.0,0.54,4.67,0.36
Sabre Versatile,Versatil Saber,1,13,0.08,8%,11.0,0.85,11,1,11.0,0.85,5.5,0.42
