,Nom Anglais,nb games valide,total games,ratio,%,pts moy,pts moy total,total point,cout,pts par cout moy,pts par cout total
Totem du Gardien,Guardian Totem,5,5,1.0,100%,12.2,12.2,61,3,4.07,4.07
Totem Équivalent,Equivalent Totem,5,5,1.0,100%,11.4,11.4,57,2,5.7,5.7
Esprit de l'Écuyer,Spirit of the Squire,5,5,1.0,100%,10.2,10.2,51,3,3.4,3.4
Œil de Lynx,Hawk's Eye,5,5,1.0,100%,8.0,8.0,40,0,Gratuit,Gratuit
Esprit omniprésent,Omnipresent Spirit,2,5,0.4,40%,18.0,7.2,36,2,9.0,3.6
Le Visionnaire,The Visionary,2,5,0.4,40%,18.0,7.2,36,2,9.0,3.6
Aveuglement,Incapacitor,5,5,1.0,100%,6.6,6.6,33,3,2.2,2.2
Vision Céleste,Heavenly Vision,1,5,0.2,20%,22.0,4.4,22,2,11.0,2.2
Armure d'Obsidienne,Obsidian Battle Plate,1,5,0.2,20%,20.0,4.0,20,2,10.0,2.0
Assistance Divine,Sacred Help,1,5,0.2,20%,20.0,4.0,20,2,10.0,2.0
Le Marionnettiste,The Puppeteer,1,5,0.2,20%,20.0,4.0,20,2,10.0,2.0
Être de Lumière,Being of Light,1,5,0.2,20%,18.0,3.6,18,1,18.0,3.6
Le Traqueur,The Stalker,1,5,0.2,20%,16.0,3.2,16,3,5.33,1.07
Lame Affutée,Sharp Blade,4,5,0.8,80%,3.75,3.0,15,3,1.25,1.0
Armure d'Immortel,Immortal Breastplate,1,5,0.2,20%,14.0,2.8,14,1,14.0,2.8
Marteau Collecteur,Collecting Hammer,2,5,0.4,40%,6.0,2.4,12,2,3.0,1.2
Amulette Omnisciente,Omnipresent Amulet,1,5,0.2,20%,11.0,2.2,11,0,Gratuit,Gratuit
Sabre Versatile,Versatil Saber,1,5,0.2,20%,11.0,2.2,11,1,11.0,2.2
Coup de Mort,Death Helper,1,5,0.2,20%,10.0,2.0,10,1,10.0,2.0
Faux,Scythe,4,5,0.8,80%,1.25,1.0,5,3,0.42,0.33
