,Nom Anglais,nb games valide,total games,ratio,%,pts moy,pts moy total,total point,cout,pts par cout moy,pts par cout total,pts par cout moy+1,pts par cout total+1
Totem du Gardien,Guardian Totem,11,11,1.0,100%,14.36,14.36,158,3,4.79,4.79,3.59,3.59
Totem Équivalent,Equivalent Totem,11,11,1.0,100%,11.91,11.91,131,2,5.96,5.96,3.97,3.97
Aveuglement,Incapacitor,11,11,1.0,100%,10.09,10.09,111,3,3.36,3.36,2.52,2.52
Le Visionnaire,The Visionary,6,11,0.55,55%,18.0,9.82,108,2,9.0,4.91,6.0,3.27
Le Traqueur,The Stalker,6,11,0.55,55%,17.33,9.45,104,3,5.78,3.15,4.33,2.36
Esprit de l'Écuyer,Spirit of the Squire,10,11,0.91,91%,9.9,9.0,99,3,3.3,3.0,2.48,2.25
Œil de Lynx,Hawk's Eye,11,11,1.0,100%,8.55,8.55,94,0,Gratuit,Gratuit,8.55,8.55
Marteau Collecteur,Collecting Hammer,7,11,0.64,64%,11.86,7.55,83,2,5.93,3.77,3.95,2.52
Bâton de Conquête,Conquering Staff,3,11,0.27,27%,24.0,6.55,72,2,12.0,3.27,8.0,2.18
Esprit omniprésent,Omnipresent Spirit,4,11,0.36,36%,18.0,6.55,72,2,9.0,3.27,6.0,2.18
Vision Céleste,Heavenly Vision,3,11,0.27,27%,22.0,6.0,66,2,11.0,3.0,7.33,2.0
Le Marionnettiste,The Puppeteer,3,11,0.27,27%,20.0,5.45,60,2,10.0,2.73,6.67,1.82
Coup de Mort,Death Helper,4,11,0.36,36%,10.75,3.91,43,1,10.75,3.91,5.38,1.96
Armure d'Obsidienne,Obsidian Battle Plate,2,11,0.18,18%,20.0,3.64,40,2,10.0,1.82,6.67,1.21
Bâton du Conquérant,Staff of Conquered Worlds,3,11,0.27,27%,11.0,3.0,33,0,Gratuit,Gratuit,11.0,3.0
Lame Affutée,Sharp Blade,8,11,0.73,73%,3.38,2.45,27,3,1.13,0.82,0.84,0.61
Amulette Omnisciente,Omnipresent Amulet,2,11,0.18,18%,13.0,2.36,26,0,Gratuit,Gratuit,13.0,2.36
Assistance Divine,Sacred Help,1,11,0.09,9%,20.0,1.82,20,2,10.0,0.91,6.67,0.61
Être de Lumière,Being of Light,1,11,0.09,9%,18.0,1.64,18,1,18.0,1.64,9.0,0.82
Masse de Siège,Siege Mace,1,11,0.09,9%,16.0,1.45,16,0,Gratuit,Gratuit,16.0,1.45
Armure d'Immortel,Immortal Breastplate,1,11,0.09,9%,14.0,1.27,14,1,14.0,1.27,7.0,0.64
Faux,Scythe,9,11,0.82,82%,1.33,1.09,12,3,0.44,0.36,0.33,0.27
Sabre Versatile,Versatil Saber,1,11,0.09,9%,11.0,1.0,11,1,11.0,1.0,5.5,0.5
