,Nom Anglais,nb games valide,total games,ratio,%,pts moy,pts moy total,total point,cout,pts par cout moy,pts par cout total,pts par cout moy+1,pts par cout total+1
Totem du Gardien,Guardian Totem,6,6,1.0,100%,12.5,12.5,75,3,4.17,4.17,3.12,3.12
Totem Équivalent,Equivalent Totem,6,6,1.0,100%,11.33,11.33,68,2,5.67,5.67,3.78,3.78
Le Visionnaire,The Visionary,3,6,0.5,50%,18.0,9.0,54,2,9.0,4.5,6.0,3.0
Esprit omniprésent,Omnipresent Spirit,3,6,0.5,50%,18.0,9.0,54,2,9.0,4.5,6.0,3.0
Esprit de l'Écuyer,Spirit of the Squire,5,6,0.83,83%,10.2,8.5,51,3,3.4,2.83,2.55,2.12
Œil de Lynx,Hawk's Eye,6,6,1.0,100%,8.0,8.0,48,0,Gratuit,Gratuit,8.0,8.0
Aveuglement,Incapacitor,6,6,1.0,100%,7.0,7.0,42,3,2.33,2.33,1.75,1.75
Marteau Collecteur,Collecting Hammer,3,6,0.5,50%,12.0,6.0,36,2,6.0,3.0,4.0,2.0
Le Traqueur,The Stalker,2,6,0.33,33%,16.0,5.33,32,3,5.33,1.78,4.0,1.33
Vision Céleste,Heavenly Vision,1,6,0.17,17%,22.0,3.67,22,2,11.0,1.83,7.33,1.22
Le Marionnettiste,The Puppeteer,1,6,0.17,17%,20.0,3.33,20,2,10.0,1.67,6.67,1.11
Armure d'Obsidienne,Obsidian Battle Plate,1,6,0.17,17%,20.0,3.33,20,2,10.0,1.67,6.67,1.11
Assistance Divine,Sacred Help,1,6,0.17,17%,20.0,3.33,20,2,10.0,1.67,6.67,1.11
Être de Lumière,Being of Light,1,6,0.17,17%,18.0,3.0,18,1,18.0,3.0,9.0,1.5
Lame Affutée,Sharp Blade,4,6,0.67,67%,3.75,2.5,15,3,1.25,0.83,0.94,0.62
Armure d'Immortel,Immortal Breastplate,1,6,0.17,17%,14.0,2.33,14,1,14.0,2.33,7.0,1.17
Amulette Omnisciente,Omnipresent Amulet,1,6,0.17,17%,11.0,1.83,11,0,Gratuit,Gratuit,11.0,1.83
Sabre Versatile,Versatil Saber,1,6,0.17,17%,11.0,1.83,11,1,11.0,1.83,5.5,0.92
Coup de Mort,Death Helper,1,6,0.17,17%,10.0,1.67,10,1,10.0,1.67,5.0,0.83
Faux,Scythe,4,6,0.67,67%,1.25,0.83,5,3,0.42,0.28,0.31,0.21
