,Nom Anglais,nb games valide,total games,ratio,%,pts moy,pts moy total,total point,cout,pts par cout moy,pts par cout total,pts par cout moy+1,pts par cout total+1
Totem du Gardien,Guardian Totem,9,9,1.0,100%,18.11,18.11,163,3,6.04,6.04,4.53,4.53
Esprit de l'Écuyer,Spirit of the Squire,9,9,1.0,100%,15.0,15.0,135,3,5.0,5.0,3.75,3.75
Vision Céleste,Heavenly Vision,6,9,0.67,67%,22.0,14.67,132,2,11.0,7.33,7.33,4.89
Totem Équivalent,Equivalent Totem,9,9,1.0,100%,13.11,13.11,118,2,6.55,6.55,4.37,4.37
Armure d'Obsidienne,Obsidian Battle Plate,5,9,0.56,56%,20.0,11.11,100,2,10.0,5.55,6.67,3.7
Le Traqueur,The Stalker,6,9,0.67,67%,16.0,10.67,96,3,5.33,3.56,4.0,2.67
Aveuglement,Incapacitor,7,9,0.78,78%,13.71,10.67,96,3,4.57,3.56,3.43,2.67
Le Visionnaire,The Visionary,5,9,0.56,56%,18.0,10.0,90,2,9.0,5.0,6.0,3.33
Assistance Divine,Sacred Help,4,9,0.44,44%,20.0,8.89,80,2,10.0,4.45,6.67,2.96
Œil de Lynx,Hawk's Eye,9,9,1.0,100%,8.0,8.0,72,0,Gratuit,Gratuit,8.0,8.0
Être de Lumière,Being of Light,4,9,0.44,44%,18.0,8.0,72,1,18.0,8.0,9.0,4.0
Coup de Mort,Death Helper,7,9,0.78,78%,10.0,7.78,70,1,10.0,7.78,5.0,3.89
Amulette Omnisciente,Omnipresent Amulet,5,9,0.56,56%,11.0,6.11,55,0,Gratuit,Gratuit,11.0,6.11
Sabre Versatile,Versatil Saber,4,9,0.44,44%,11.0,4.89,44,1,11.0,4.89,5.5,2.44
Lame Affutée,Sharp Blade,5,9,0.56,56%,7.8,4.33,39,3,2.6,1.44,1.95,1.08
Force Divine,Divine Impetu,3,9,0.33,33%,11.0,3.67,33,0,Gratuit,Gratuit,11.0,3.67
Masse de Siège,Siege Mace,2,9,0.22,22%,16.0,3.56,32,0,Gratuit,Gratuit,16.0,3.56
Soif de Sang,Thirsty Dagger,2,9,0.22,22%,15.0,3.33,30,0,Gratuit,Gratuit,15.0,3.33
Armure d'Immortel,Immortal Breastplate,2,9,0.22,22%,14.0,3.11,28,1,14.0,3.11,7.0,1.55
Hache Frénétique,Berseker Ax,2,9,0.22,22%,14.0,3.11,28,2,7.0,1.55,4.67,1.04
Bâton de Conquête,Conquering Staff,1,9,0.11,11%,24.0,2.67,24,2,12.0,1.33,8.0,0.89
Marteau Collecteur,Collecting Hammer,4,9,0.44,44%,6.0,2.67,24,2,3.0,1.33,2.0,0.89
Bâton du Conquérant,Staff of Conquered Worlds,2,9,0.22,22%,11.0,2.44,22,0,Gratuit,Gratuit,11.0,2.44
Le Marionnettiste,The Puppeteer,1,9,0.11,11%,20.0,2.22,20,2,10.0,1.11,6.67,0.74
Esprit omniprésent,Omnipresent Spirit,1,9,0.11,11%,18.0,2.0,18,2,9.0,1.0,6.0,0.67
Économe Sagesse du Trésorier,Treasurer's Wisdom,1,9,0.11,11%,17.0,1.89,17,2,8.5,0.94,5.67,0.63
Épée Obscure,Swords of Darkness,1,9,0.11,11%,17.0,1.89,17,1,17.0,1.89,8.5,0.94
Faux,Scythe,5,9,0.56,56%,1.6,0.89,8,3,0.53,0.3,0.4,0.22
Danse Macabre,Dance of Death,1,9,0.11,11%,8.0,0.89,8,1,8.0,0.89,4.0,0.45
