,Nom Anglais,nb games valide,total games,ratio,%,pts moy,pts moy total,total point,cout,pts par cout moy,pts par cout total
Totem du Gardien,Guardian Totem,4,4,1.0,100%,13.5,13.5,54,3,4.5,4.5
Totem Équivalent,Equivalent Totem,4,4,1.0,100%,12.25,12.25,49,1,12.25,12.25
Esprit de l'Écuyer,Spirit of the Squire,4,4,1.0,100%,11.25,11.25,45,3,3.75,3.75
Vision Céleste,Heavenly Vision,2,4,0.5,50%,22.0,11.0,44,2,11.0,5.5
Assistance Divine,Sacred Help,2,4,0.5,50%,20.0,10.0,40,2,10.0,5.0
Le Visionnaire,The Visionary,2,4,0.5,50%,18.0,9.0,36,2,9.0,4.5
Être de Lumière,Being of Light,2,4,0.5,50%,18.0,9.0,36,1,18.0,9.0
Masse de Siège,Siege Mace,2,4,0.5,50%,16.0,8.0,32,0,Gratuit,Gratuit
Œil de Lynx,Hawk's Eye,4,4,1.0,100%,8.0,8.0,32,0,Gratuit,Gratuit
Le Traqueur,The Stalker,2,4,0.5,50%,16.0,8.0,32,3,5.33,2.67
Armure d'Obsidienne,Obsidian Battle Plate,1,4,0.25,25%,20.0,5.0,20,2,10.0,2.5
Coup de Mort,Death Helper,2,4,0.5,50%,10.0,5.0,20,1,10.0,5.0
Lame Affutée,Sharp Blade,3,4,0.75,75%,6.0,4.5,18,3,2.0,1.5
Esprit omniprésent,Omnipresent Spirit,1,4,0.25,25%,18.0,4.5,18,2,9.0,2.25
Aveuglement,Incapacitor,3,4,0.75,75%,5.0,3.75,15,3,1.67,1.25
Soif de Sang,Thirsty Dagger,1,4,0.25,25%,15.0,3.75,15,0,Gratuit,Gratuit
Armure d'Immortel,Immortal Breastplate,1,4,0.25,25%,14.0,3.5,14,1,14.0,3.5
Force Divine,Divine Impetu,1,4,0.25,25%,11.0,2.75,11,0,Gratuit,Gratuit
Sabre Versatile,Versatil Saber,1,4,0.25,25%,11.0,2.75,11,1,11.0,2.75
Amulette Omnisciente,Omnipresent Amulet,1,4,0.25,25%,11.0,2.75,11,0,Gratuit,Gratuit
Marteau Collecteur,Collecting Hammer,1,4,0.25,25%,6.0,1.5,6,2,3.0,0.75
Faux,Scythe,2,4,0.5,50%,1.0,0.5,2,3,0.33,0.17
