,Nom Anglais,nb games valide,total games,ratio,%,pts moy,pts moy total,total point,cout,pts par cout moy,pts par cout total
Assistance Divine,Sacred Help,1,1,1.0,100%,20.0,20.0,20,2,10.0,10.0
Être de Lumière,Being of Light,1,1,1.0,100%,18.0,18.0,18,1,18.0,18.0
Esprit omniprésent,Omnipresent Spirit,1,1,1.0,100%,18.0,18.0,18,2,9.0,9.0
Masse de Siège,Siege Mace,1,1,1.0,100%,16.0,16.0,16,0,Gratuit,Gratuit
Le Traqueur,The Stalker,1,1,1.0,100%,16.0,16.0,16,3,5.33,5.33
Totem du Gardien,Guardian Totem,1,1,1.0,100%,15.0,15.0,15,3,5.0,5.0
Totem Équivalent,Equivalent Totem,1,1,1.0,100%,14.0,14.0,14,1,14.0,14.0
Lame Affutée,Sharp Blade,1,1,1.0,100%,9.0,9.0,9,3,3.0,3.0
Esprit de l'Écuyer,Spirit of the Squire,1,1,1.0,100%,9.0,9.0,9,3,3.0,3.0
Œil de Lynx,Hawk's Eye,1,1,1.0,100%,8.0,8.0,8,0,Gratuit,Gratuit
Aveuglement,Incapacitor,1,1,1.0,100%,6.0,6.0,6,3,2.0,2.0
