,Nom Anglais,nb games valide,total games,ratio,%,pts moy,pts moy total,total point,cout,pts par cout moy,pts par cout total,pts par cout moy+1,pts par cout total+1
Totem du Gardien,Guardian Totem,6,6,1.0,100%,15.83,15.83,95,3,5.28,5.28,3.96,3.96
Esprit de l'Écuyer,Spirit of the Squire,6,6,1.0,100%,15.0,15.0,90,3,5.0,5.0,3.75,3.75
Assistance Divine,Sacred Help,4,6,0.67,67%,20.0,13.33,80,2,10.0,6.67,6.67,4.44
Totem Équivalent,Equivalent Totem,6,6,1.0,100%,13.0,13.0,78,2,6.5,6.5,4.33,4.33
Être de Lumière,Being of Light,4,6,0.67,67%,18.0,12.0,72,1,18.0,12.0,9.0,6.0
Vision Céleste,Heavenly Vision,3,6,0.5,50%,22.0,11.0,66,2,11.0,5.5,7.33,3.67
Le Traqueur,The Stalker,4,6,0.67,67%,16.0,10.67,64,3,5.33,3.56,4.0,2.67
Armure d'Obsidienne,Obsidian Battle Plate,3,6,0.5,50%,20.0,10.0,60,2,10.0,5.0,6.67,3.33
Le Visionnaire,The Visionary,3,6,0.5,50%,18.0,9.0,54,2,9.0,4.5,6.0,3.0
Œil de Lynx,Hawk's Eye,6,6,1.0,100%,8.0,8.0,48,0,Gratuit,Gratuit,8.0,8.0
Coup de Mort,Death Helper,4,6,0.67,67%,10.0,6.67,40,1,10.0,6.67,5.0,3.33
Sabre Versatile,Versatil Saber,3,6,0.5,50%,11.0,5.5,33,1,11.0,5.5,5.5,2.75
Amulette Omnisciente,Omnipresent Amulet,3,6,0.5,50%,11.0,5.5,33,0,Gratuit,Gratuit,11.0,5.5
Masse de Siège,Siege Mace,2,6,0.33,33%,16.0,5.33,32,0,Gratuit,Gratuit,16.0,5.33
Armure d'Immortel,Immortal Breastplate,2,6,0.33,33%,14.0,4.67,28,1,14.0,4.67,7.0,2.33
Aveuglement,Incapacitor,4,6,0.67,67%,6.0,4.0,24,3,2.0,1.33,1.5,1.0
Force Divine,Divine Impetu,2,6,0.33,33%,11.0,3.67,22,0,Gratuit,Gratuit,11.0,3.67
Lame Affutée,Sharp Blade,4,6,0.67,67%,5.25,3.5,21,3,1.75,1.17,1.31,0.88
Marteau Collecteur,Collecting Hammer,3,6,0.5,50%,6.0,3.0,18,2,3.0,1.5,2.0,1.0
Esprit omniprésent,Omnipresent Spirit,1,6,0.17,17%,18.0,3.0,18,2,9.0,1.5,6.0,1.0
Soif de Sang,Thirsty Dagger,1,6,0.17,17%,15.0,2.5,15,0,Gratuit,Gratuit,15.0,2.5
Hache Frénétique,Berseker Ax,1,6,0.17,17%,14.0,2.33,14,2,7.0,1.17,4.67,0.78
Faux,Scythe,3,6,0.5,50%,1.0,0.5,3,3,0.33,0.17,0.25,0.12
