,Nom Anglais,nb games valide,total games,ratio,%,pts moy,pts moy total,total point,cout,pts par cout moy,pts par cout total,pts par cout moy+1,pts par cout total+1
Esprit de l'Écuyer,Spirit of the Squire,8,8,1.0,100%,15.38,15.38,123,3,5.13,5.13,3.85,3.85
Totem du Gardien,Guardian Totem,8,8,1.0,100%,14.75,14.75,118,3,4.92,4.92,3.69,3.69
Vision Céleste,Heavenly Vision,5,8,0.62,62%,22.0,13.75,110,2,11.0,6.88,7.33,4.58
Totem Équivalent,Equivalent Totem,8,8,1.0,100%,12.88,12.88,103,2,6.44,6.44,4.29,4.29
Armure d'Obsidienne,Obsidian Battle Plate,5,8,0.62,62%,20.0,12.5,100,2,10.0,6.25,6.67,4.17
Le Traqueur,The Stalker,5,8,0.62,62%,16.0,10.0,80,3,5.33,3.33,4.0,2.5
Assistance Divine,Sacred Help,4,8,0.5,50%,20.0,10.0,80,2,10.0,5.0,6.67,3.33
Être de Lumière,Being of Light,4,8,0.5,50%,18.0,9.0,72,1,18.0,9.0,9.0,4.5
Le Visionnaire,The Visionary,4,8,0.5,50%,18.0,9.0,72,2,9.0,4.5,6.0,3.0
Œil de Lynx,Hawk's Eye,8,8,1.0,100%,8.0,8.0,64,0,Gratuit,Gratuit,8.0,8.0
Coup de Mort,Death Helper,6,8,0.75,75%,10.0,7.5,60,1,10.0,7.5,5.0,3.75
Amulette Omnisciente,Omnipresent Amulet,5,8,0.62,62%,11.0,6.88,55,0,Gratuit,Gratuit,11.0,6.88
Sabre Versatile,Versatil Saber,4,8,0.5,50%,11.0,5.5,44,1,11.0,5.5,5.5,2.75
Aveuglement,Incapacitor,6,8,0.75,75%,7.0,5.25,42,3,2.33,1.75,1.75,1.31
Force Divine,Divine Impetu,3,8,0.38,38%,11.0,4.12,33,0,Gratuit,Gratuit,11.0,4.12
Masse de Siège,Siege Mace,2,8,0.25,25%,16.0,4.0,32,0,Gratuit,Gratuit,16.0,4.0
Armure d'Immortel,Immortal Breastplate,2,8,0.25,25%,14.0,3.5,28,1,14.0,3.5,7.0,1.75
Marteau Collecteur,Collecting Hammer,4,8,0.5,50%,6.0,3.0,24,2,3.0,1.5,2.0,1.0
Lame Affutée,Sharp Blade,4,8,0.5,50%,5.25,2.62,21,3,1.75,0.87,1.31,0.66
Le Marionnettiste,The Puppeteer,1,8,0.12,12%,20.0,2.5,20,2,10.0,1.25,6.67,0.83
Esprit omniprésent,Omnipresent Spirit,1,8,0.12,12%,18.0,2.25,18,2,9.0,1.12,6.0,0.75
Soif de Sang,Thirsty Dagger,1,8,0.12,12%,15.0,1.88,15,0,Gratuit,Gratuit,15.0,1.88
Hache Frénétique,Berseker Ax,1,8,0.12,12%,14.0,1.75,14,2,7.0,0.88,4.67,0.58
Bâton du Conquérant,Staff of Conquered Worlds,1,8,0.12,12%,11.0,1.38,11,0,Gratuit,Gratuit,11.0,1.38
Faux,Scythe,4,8,0.5,50%,1.0,0.5,4,3,0.33,0.17,0.25,0.12
