,Nom Anglais,nb games valide,total games,ratio,%,pts moy,pts moy total,total point,cout,pts par cout moy,pts par cout total,pts par cout moy+1,pts par cout total+1
Le Traqueur,The Stalker,3,3,1.0,100%,16.0,16.0,48,3,5.33,5.33,4.0,4.0
Totem du Gardien,Guardian Totem,3,3,1.0,100%,15.33,15.33,46,3,5.11,5.11,3.83,3.83
Totem Équivalent,Equivalent Totem,3,3,1.0,100%,12.33,12.33,37,2,6.17,6.17,4.11,4.11
Esprit de l'Écuyer,Spirit of the Squire,3,3,1.0,100%,11.0,11.0,33,3,3.67,3.67,2.75,2.75
Bâton de Conquête,Conquering Staff,1,3,0.33,33%,24.0,8.0,24,2,12.0,4.0,8.0,2.67
Œil de Lynx,Hawk's Eye,3,3,1.0,100%,8.0,8.0,24,0,Gratuit,Gratuit,8.0,8.0
Coup de Mort,Death Helper,2,3,0.67,67%,10.0,6.67,20,1,10.0,6.67,5.0,3.33
Assistance Divine,Sacred Help,1,3,0.33,33%,20.0,6.67,20,2,10.0,3.33,6.67,2.22
Armure d'Obsidienne,Obsidian Battle Plate,1,3,0.33,33%,20.0,6.67,20,2,10.0,3.33,6.67,2.22
Le Visionnaire,The Visionary,1,3,0.33,33%,18.0,6.0,18,2,9.0,3.0,6.0,2.0
Aveuglement,Incapacitor,2,3,0.67,67%,9.0,6.0,18,3,3.0,2.0,2.25,1.5
Esprit omniprésent,Omnipresent Spirit,1,3,0.33,33%,18.0,6.0,18,2,9.0,3.0,6.0,2.0
Être de Lumière,Being of Light,1,3,0.33,33%,18.0,6.0,18,1,18.0,6.0,9.0,3.0
Armure d'Immortel,Immortal Breastplate,1,3,0.33,33%,14.0,4.67,14,1,14.0,4.67,7.0,2.33
Sabre Versatile,Versatil Saber,1,3,0.33,33%,11.0,3.67,11,1,11.0,3.67,5.5,1.83
Lame Affutée,Sharp Blade,1,3,0.33,33%,3.0,1.0,3,3,1.0,0.33,0.75,0.25
Faux,Scythe,1,3,0.33,33%,1.0,0.33,1,3,0.33,0.11,0.25,0.08
