,Nom Anglais,nb games valide,total games,ratio,%,pts moy,pts moy total,total point,cout,pts par cout moy,pts par cout total,pts par cout moy+1,pts par cout total+1
Totem du Gardien,Guardian Totem,4,4,1.0,100%,17.25,17.25,69,3,5.75,5.75,4.31,4.31
Le Traqueur,The Stalker,4,4,1.0,100%,16.0,16.0,64,3,5.33,5.33,4.0,4.0
Totem Équivalent,Equivalent Totem,4,4,1.0,100%,12.5,12.5,50,2,6.25,6.25,4.17,4.17
Esprit de l'Écuyer,Spirit of the Squire,4,4,1.0,100%,9.75,9.75,39,3,3.25,3.25,2.44,2.44
Œil de Lynx,Hawk's Eye,4,4,1.0,100%,8.0,8.0,32,0,Gratuit,Gratuit,8.0,8.0
Aveuglement,Incapacitor,3,4,0.75,75%,9.0,6.75,27,3,3.0,2.25,2.25,1.69
Bâton de Conquête,Conquering Staff,1,4,0.25,25%,24.0,6.0,24,2,12.0,3.0,8.0,2.0
Coup de Mort,Death Helper,2,4,0.5,50%,10.0,5.0,20,1,10.0,5.0,5.0,2.5
Assistance Divine,Sacred Help,1,4,0.25,25%,20.0,5.0,20,2,10.0,2.5,6.67,1.67
Armure d'Obsidienne,Obsidian Battle Plate,1,4,0.25,25%,20.0,5.0,20,2,10.0,2.5,6.67,1.67
Le Visionnaire,The Visionary,1,4,0.25,25%,18.0,4.5,18,2,9.0,2.25,6.0,1.5
Esprit omniprésent,Omnipresent Spirit,1,4,0.25,25%,18.0,4.5,18,2,9.0,2.25,6.0,1.5
Être de Lumière,Being of Light,1,4,0.25,25%,18.0,4.5,18,1,18.0,4.5,9.0,2.25
Armure d'Immortel,Immortal Breastplate,1,4,0.25,25%,14.0,3.5,14,1,14.0,3.5,7.0,1.75
Sabre Versatile,Versatil Saber,1,4,0.25,25%,11.0,2.75,11,1,11.0,2.75,5.5,1.38
Lame Affutée,Sharp Blade,1,4,0.25,25%,3.0,0.75,3,3,1.0,0.25,0.75,0.19
Faux,Scythe,2,4,0.5,50%,1.5,0.75,3,3,0.5,0.25,0.38,0.19
