,Nom Anglais,nb games valide,total games,ratio,%,pts moy,pts moy total,total point,cout,pts par cout moy,pts par cout total,pts par cout moy+1,pts par cout total+1
Totem du Gardien,Guardian Totem,5,5,1.0,100%,16.2,16.2,81,3,5.4,5.4,4.05,4.05
Le Traqueur,The Stalker,5,5,1.0,100%,16.0,16.0,80,3,5.33,5.33,4.0,4.0
Totem Équivalent,Equivalent Totem,5,5,1.0,100%,12.0,12.0,60,2,6.0,6.0,4.0,4.0
Esprit de l'Écuyer,Spirit of the Squire,5,5,1.0,100%,8.4,8.4,42,3,2.8,2.8,2.1,2.1
Œil de Lynx,Hawk's Eye,5,5,1.0,100%,8.0,8.0,40,0,Gratuit,Gratuit,8.0,8.0
Aveuglement,Incapacitor,4,5,0.8,80%,9.0,7.2,36,3,3.0,2.4,2.25,1.8
Le Visionnaire,The Visionary,2,5,0.4,40%,18.0,7.2,36,2,9.0,3.6,6.0,2.4
Bâton de Conquête,Conquering Staff,1,5,0.2,20%,24.0,4.8,24,2,12.0,2.4,8.0,1.6
Armure d'Obsidienne,Obsidian Battle Plate,1,5,0.2,20%,20.0,4.0,20,2,10.0,2.0,6.67,1.33
Le Marionnettiste,The Puppeteer,1,5,0.2,20%,20.0,4.0,20,2,10.0,2.0,6.67,1.33
Assistance Divine,Sacred Help,1,5,0.2,20%,20.0,4.0,20,2,10.0,2.0,6.67,1.33
Coup de Mort,Death Helper,2,5,0.4,40%,10.0,4.0,20,1,10.0,4.0,5.0,2.0
Esprit omniprésent,Omnipresent Spirit,1,5,0.2,20%,18.0,3.6,18,2,9.0,1.8,6.0,1.2
Être de Lumière,Being of Light,1,5,0.2,20%,18.0,3.6,18,1,18.0,3.6,9.0,1.8
Armure d'Immortel,Immortal Breastplate,1,5,0.2,20%,14.0,2.8,14,1,14.0,2.8,7.0,1.4
Sabre Versatile,Versatil Saber,1,5,0.2,20%,11.0,2.2,11,1,11.0,2.2,5.5,1.1
Faux,Scythe,3,5,0.6,60%,1.33,0.8,4,3,0.44,0.27,0.33,0.2
Lame Affutée,Sharp Blade,1,5,0.2,20%,3.0,0.6,3,3,1.0,0.2,0.75,0.15
