,Nom Anglais,nb games valide,total games,ratio,%,pts moy,pts moy total,total point,cout,pts par cout moy,pts par cout total
Esprit de l'Écuyer,Spirit of the Squire,1,1,1.0,100%,27.0,27.0,27,3,9.0,9.0
Totem du Gardien,Guardian Totem,1,1,1.0,100%,21.0,21.0,21,3,7.0,7.0
Armure d'Obsidienne,Obsidian Battle Plate,1,1,1.0,100%,20.0,20.0,20,2,10.0,10.0
Assistance Divine,Sacred Help,1,1,1.0,100%,20.0,20.0,20,2,10.0,10.0
Être de Lumière,Being of Light,1,1,1.0,100%,18.0,18.0,18,1,18.0,18.0
Totem Équivalent,Equivalent Totem,1,1,1.0,100%,16.0,16.0,16,1,16.0,16.0
Le Traqueur,The Stalker,1,1,1.0,100%,16.0,16.0,16,3,5.33,5.33
Force Divine,Divine Impetu,1,1,1.0,100%,11.0,11.0,11,0,Gratuit,Gratuit
Amulette Omnisciente,Omnipresent Amulet,1,1,1.0,100%,11.0,11.0,11,0,Gratuit,Gratuit
Sabre Versatile,Versatil Saber,1,1,1.0,100%,11.0,11.0,11,1,11.0,11.0
Coup de Mort,Death Helper,1,1,1.0,100%,10.0,10.0,10,1,10.0,10.0
Œil de Lynx,Hawk's Eye,1,1,1.0,100%,8.0,8.0,8,0,Gratuit,Gratuit
Lame Affutée,Sharp Blade,1,1,1.0,100%,3.0,3.0,3,3,1.0,1.0
