,Nom Anglais,nb games valide,total games,ratio,%,pts moy,pts moy total,total point,cout,pts par cout moy,pts par cout total,pts par cout moy+1,pts par cout total+1
Totem du Gardien,Guardian Totem,8,8,1.0,100%,19.5,19.5,156,3,6.5,6.5,4.88,4.88
Vision Céleste,Heavenly Vision,7,8,0.88,88%,22.0,19.25,154,2,11.0,9.62,7.33,6.42
Bâton de Conquête,Conquering Staff,6,8,0.75,75%,24.0,18.0,144,2,12.0,9.0,8.0,6.0
Le Visionnaire,The Visionary,7,8,0.88,88%,18.0,15.75,126,2,9.0,7.88,6.0,5.25
Aveuglement,Incapacitor,8,8,1.0,100%,15.75,15.75,126,3,5.25,5.25,3.94,3.94
Esprit de l'Écuyer,Spirit of the Squire,7,8,0.88,88%,16.29,14.25,114,3,5.43,4.75,4.07,3.56
Le Traqueur,The Stalker,7,8,0.88,88%,16.0,14.0,112,3,5.33,4.67,4.0,3.5
Totem Équivalent,Equivalent Totem,8,8,1.0,100%,13.12,13.12,105,2,6.56,6.56,4.37,4.37
Armure d'Obsidienne,Obsidian Battle Plate,5,8,0.62,62%,20.0,12.5,100,2,10.0,6.25,6.67,4.17
Œil de Lynx,Hawk's Eye,8,8,1.0,100%,8.0,8.0,64,0,Gratuit,Gratuit,8.0,8.0
Assistance Divine,Sacred Help,3,8,0.38,38%,20.0,7.5,60,2,10.0,3.75,6.67,2.5
Coup de Mort,Death Helper,6,8,0.75,75%,10.0,7.5,60,1,10.0,7.5,5.0,3.75
Amulette Omnisciente,Omnipresent Amulet,5,8,0.62,62%,11.0,6.88,55,0,Gratuit,Gratuit,11.0,6.88
Sabre Versatile,Versatil Saber,5,8,0.62,62%,11.0,6.88,55,1,11.0,6.88,5.5,3.44
Force Divine,Divine Impetu,2,8,0.25,25%,11.0,2.75,22,0,Gratuit,Gratuit,11.0,2.75
Bâton du Conquérant,Staff of Conquered Worlds,2,8,0.25,25%,11.0,2.75,22,0,Gratuit,Gratuit,11.0,2.75
Être de Lumière,Being of Light,1,8,0.12,12%,18.0,2.25,18,1,18.0,2.25,9.0,1.12
Esprit omniprésent,Omnipresent Spirit,1,8,0.12,12%,18.0,2.25,18,2,9.0,1.12,6.0,0.75
Soif de Sang,Thirsty Dagger,1,8,0.12,12%,15.0,1.88,15,0,Gratuit,Gratuit,15.0,1.88
Lame Affutée,Sharp Blade,5,8,0.62,62%,3.0,1.88,15,3,1.0,0.63,0.75,0.47
Chasseur d'Âmes,Soul Hunter,1,8,0.12,12%,15.0,1.88,15,1,15.0,1.88,7.5,0.94
Armure d'Immortel,Immortal Breastplate,1,8,0.12,12%,14.0,1.75,14,1,14.0,1.75,7.0,0.88
Désintégrateur Magnétique,Magnetic Disintegrator,1,8,0.12,12%,11.0,1.38,11,0,Gratuit,Gratuit,11.0,1.38
Faux,Scythe,7,8,0.88,88%,1.43,1.25,10,3,0.48,0.42,0.36,0.31
Marteau Collecteur,Collecting Hammer,1,8,0.12,12%,6.0,0.75,6,2,3.0,0.38,2.0,0.25
