,Nom Anglais,nb games valide,total games,ratio,%,pts moy,pts moy total,total point,cout,pts par cout moy,pts par cout total,pts par cout moy+1,pts par cout total+1
Vision Céleste,Heavenly Vision,8,9,0.89,89%,22.0,19.56,176,2,11.0,9.78,7.33,6.52
Totem du Gardien,Guardian Totem,9,9,1.0,100%,18.78,18.78,169,3,6.26,6.26,4.7,4.7
Bâton de Conquête,Conquering Staff,6,9,0.67,67%,24.0,16.0,144,2,12.0,8.0,8.0,5.33
Le Visionnaire,The Visionary,8,9,0.89,89%,18.0,16.0,144,2,9.0,8.0,6.0,5.33
Aveuglement,Incapacitor,9,9,1.0,100%,15.33,15.33,138,3,5.11,5.11,3.83,3.83
Esprit de l'Écuyer,Spirit of the Squire,8,9,0.89,89%,16.12,14.33,129,3,5.37,4.78,4.03,3.58
Le Traqueur,The Stalker,8,9,0.89,89%,16.0,14.22,128,3,5.33,4.74,4.0,3.56
Armure d'Obsidienne,Obsidian Battle Plate,6,9,0.67,67%,20.0,13.33,120,2,10.0,6.67,6.67,4.44
Totem Équivalent,Equivalent Totem,9,9,1.0,100%,13.11,13.11,118,2,6.55,6.55,4.37,4.37
Œil de Lynx,Hawk's Eye,9,9,1.0,100%,8.0,8.0,72,0,Gratuit,Gratuit,8.0,8.0
Coup de Mort,Death Helper,7,9,0.78,78%,10.0,7.78,70,1,10.0,7.78,5.0,3.89
Assistance Divine,Sacred Help,3,9,0.33,33%,20.0,6.67,60,2,10.0,3.33,6.67,2.22
Sabre Versatile,Versatil Saber,5,9,0.56,56%,11.0,6.11,55,1,11.0,6.11,5.5,3.06
Amulette Omnisciente,Omnipresent Amulet,5,9,0.56,56%,11.0,6.11,55,0,Gratuit,Gratuit,11.0,6.11
Bâton du Conquérant,Staff of Conquered Worlds,3,9,0.33,33%,11.0,3.67,33,0,Gratuit,Gratuit,11.0,3.67
Force Divine,Divine Impetu,2,9,0.22,22%,11.0,2.44,22,0,Gratuit,Gratuit,11.0,2.44
Esprit omniprésent,Omnipresent Spirit,1,9,0.11,11%,18.0,2.0,18,2,9.0,1.0,6.0,0.67
Être de Lumière,Being of Light,1,9,0.11,11%,18.0,2.0,18,1,18.0,2.0,9.0,1.0
Chasseur d'Âmes,Soul Hunter,1,9,0.11,11%,15.0,1.67,15,1,15.0,1.67,7.5,0.83
Soif de Sang,Thirsty Dagger,1,9,0.11,11%,15.0,1.67,15,0,Gratuit,Gratuit,15.0,1.67
Lame Affutée,Sharp Blade,5,9,0.56,56%,3.0,1.67,15,3,1.0,0.56,0.75,0.42
Armure d'Immortel,Immortal Breastplate,1,9,0.11,11%,14.0,1.56,14,1,14.0,1.56,7.0,0.78
Marteau Collecteur,Collecting Hammer,2,9,0.22,22%,6.0,1.33,12,2,3.0,0.67,2.0,0.44
Désintégrateur Magnétique,Magnetic Disintegrator,1,9,0.11,11%,11.0,1.22,11,0,Gratuit,Gratuit,11.0,1.22
Faux,Scythe,8,9,0.89,89%,1.38,1.22,11,3,0.46,0.41,0.34,0.3
