,Nom Anglais,nb games valide,total games,ratio,%,pts moy,pts moy total,total point,cout,pts par cout moy,pts par cout total,pts par cout moy+1,pts par cout total+1
Totem du Gardien,Guardian Totem,11,16,0.69,69%,20.0,13.75,220,3,6.67,4.58,5.0,3.44
Esprit de l'Écuyer,Spirit of the Squire,16,16,1.0,100%,13.5,13.5,216,3,4.5,4.5,3.38,3.38
Totem Équivalent,Equivalent Totem,16,16,1.0,100%,12.94,12.94,207,2,6.47,6.47,4.31,4.31
Aveuglement,Incapacitor,16,16,1.0,100%,12.19,12.19,195,3,4.06,4.06,3.05,3.05
Le Traqueur,The Stalker,9,16,0.56,56%,16.89,9.5,152,3,5.63,3.17,4.22,2.38
Œil de Lynx,Hawk's Eye,16,16,1.0,100%,9.0,9.0,144,0,Gratuit,Gratuit,9.0,9.0
Vision Céleste,Heavenly Vision,6,16,0.38,38%,22.0,8.25,132,2,11.0,4.12,7.33,2.75
Coup de Mort,Death Helper,10,16,0.62,62%,10.9,6.81,109,1,10.9,6.81,5.45,3.4
Esprit omniprésent,Omnipresent Spirit,6,16,0.38,38%,18.0,6.75,108,2,9.0,3.38,6.0,2.25
Le Visionnaire,The Visionary,6,16,0.38,38%,18.0,6.75,108,2,9.0,3.38,6.0,2.25
Armure d'Obsidienne,Obsidian Battle Plate,5,16,0.31,31%,20.0,6.25,100,2,10.0,3.12,6.67,2.08
Marteau Collecteur,Collecting Hammer,6,16,0.38,38%,14.0,5.25,84,2,7.0,2.62,4.67,1.75
Bâton de Conquête,Conquering Staff,3,16,0.19,19%,24.0,4.5,72,2,12.0,2.25,8.0,1.5
Sabre Versatile,Versatil Saber,6,16,0.38,38%,11.0,4.12,66,1,11.0,4.12,5.5,2.06
Amulette Omnisciente,Omnipresent Amulet,6,16,0.38,38%,11.0,4.12,66,0,Gratuit,Gratuit,11.0,4.12
Le Marionnettiste,The Puppeteer,3,16,0.19,19%,20.0,3.75,60,2,10.0,1.88,6.67,1.25
Bâton du Conquérant,Staff of Conquered Worlds,5,16,0.31,31%,11.0,3.44,55,0,Gratuit,Gratuit,11.0,3.44
Assistance Divine,Sacred Help,2,16,0.12,12%,20.0,2.5,40,2,10.0,1.25,6.67,0.83
Lame Affutée,Sharp Blade,8,16,0.5,50%,4.88,2.44,39,3,1.63,0.81,1.22,0.61
Marteleur précis,Precise Hammer,2,16,0.12,12%,18.0,2.25,36,1,18.0,2.25,9.0,1.12
Armure d'Immortel,Immortal Breastplate,2,16,0.12,12%,14.0,1.75,28,1,14.0,1.75,7.0,0.88
Force Divine,Divine Impetu,2,16,0.12,12%,11.0,1.38,22,0,Gratuit,Gratuit,11.0,1.38
Être de Lumière,Being of Light,1,16,0.06,6%,18.0,1.12,18,1,18.0,1.12,9.0,0.56
Épée Obscure,Swords of Darkness,1,16,0.06,6%,17.0,1.06,17,1,17.0,1.06,8.5,0.53
Faux,Scythe,14,16,0.88,88%,1.21,1.06,17,3,0.4,0.35,0.3,0.27
Masse de Siège,Siege Mace,1,16,0.06,6%,16.0,1.0,16,0,Gratuit,Gratuit,16.0,1.0
Soif de Sang,Thirsty Dagger,1,16,0.06,6%,15.0,0.94,15,0,Gratuit,Gratuit,15.0,0.94
Désintégrateur Magnétique,Magnetic Disintegrator,1,16,0.06,6%,11.0,0.69,11,0,Gratuit,Gratuit,11.0,0.69
Danse Macabre,Dance of Death,1,16,0.06,6%,8.0,0.5,8,1,8.0,0.5,4.0,0.25
