,Nom Anglais,nb games valide,total games,ratio,%,pts moy,pts moy total,total point,cout,pts par cout moy,pts par cout total,pts par cout moy+1,pts par cout total+1
Le Traqueur,The Stalker,3,3,1.0,100%,20.0,20.0,60,3,6.67,6.67,5.0,5.0
Totem du Gardien,Guardian Totem,3,3,1.0,100%,14.67,14.67,44,3,4.89,4.89,3.67,3.67
Armure d'Obsidienne,Obsidian Battle Plate,2,3,0.67,67%,20.0,13.33,40,2,10.0,6.67,6.67,4.44
Totem Équivalent,Equivalent Totem,3,3,1.0,100%,12.33,12.33,37,3,4.11,4.11,3.08,3.08
Sabre Versatile,Versatil Saber,2,3,0.67,67%,18.0,12.0,36,1,18.0,12.0,9.0,6.0
Le Visionnaire,The Visionary,2,3,0.67,67%,18.0,12.0,36,2,9.0,6.0,6.0,4.0
Amulette Omnisciente,Omnipresent Amulet,2,3,0.67,67%,15.0,10.0,30,0,Gratuit,Gratuit,15.0,10.0
Esprit de l'Écuyer,Spirit of the Squire,3,3,1.0,100%,10.0,10.0,30,3,3.33,3.33,2.5,2.5
Œil de Lynx,Hawk's Eye,3,3,1.0,100%,8.0,8.0,24,0,Gratuit,Gratuit,8.0,8.0
Marteau Collecteur,Collecting Hammer,2,3,0.67,67%,10.5,7.0,21,2,5.25,3.5,3.5,2.33
Vision Céleste,Heavenly Vision,1,3,0.33,33%,20.0,6.67,20,2,10.0,3.33,6.67,2.22
Le Marionnettiste,The Puppeteer,1,3,0.33,33%,20.0,6.67,20,2,10.0,3.33,6.67,2.22
Assistance Divine,Sacred Help,1,3,0.33,33%,20.0,6.67,20,2,10.0,3.33,6.67,2.22
Coup de Mort,Death Helper,1,3,0.33,33%,13.0,4.33,13,1,13.0,4.33,6.5,2.17
Aveuglement,Incapacitor,3,3,1.0,100%,4.0,4.0,12,3,1.33,1.33,1.0,1.0
Lame Affutée,Sharp Blade,1,3,0.33,33%,3.0,1.0,3,3,1.0,0.33,0.75,0.25
Faux,Scythe,1,3,0.33,33%,1.0,0.33,1,3,0.33,0.11,0.25,0.08
