,Nom Anglais,nb games valide,total games,ratio,%,pts moy,pts moy total,total point,cout,pts par cout moy,pts par cout total,pts par cout moy+1,pts par cout total+1
Totem du Gardien,Guardian Totem,7,7,1.0,100%,21.57,21.57,151,3,7.19,7.19,5.39,5.39
Esprit de l'Écuyer,Spirit of the Squire,7,7,1.0,100%,17.14,17.14,120,3,5.71,5.71,4.29,4.29
Le Traqueur,The Stalker,6,7,0.86,86%,16.0,13.71,96,3,5.33,4.57,4.0,3.43
Totem Équivalent,Equivalent Totem,7,7,1.0,100%,13.71,13.71,96,2,6.86,6.86,4.57,4.57
Le Visionnaire,The Visionary,5,7,0.71,71%,18.0,12.86,90,2,9.0,6.43,6.0,4.29
Vision Céleste,Heavenly Vision,4,7,0.57,57%,22.0,12.57,88,2,11.0,6.29,7.33,4.19
Aveuglement,Incapacitor,7,7,1.0,100%,12.43,12.43,87,3,4.14,4.14,3.11,3.11
Esprit omniprésent,Omnipresent Spirit,4,7,0.57,57%,18.0,10.29,72,2,9.0,5.14,6.0,3.43
Coup de Mort,Death Helper,6,7,0.86,86%,10.0,8.57,60,1,10.0,8.57,5.0,4.29
Œil de Lynx,Hawk's Eye,7,7,1.0,100%,8.0,8.0,56,0,Gratuit,Gratuit,8.0,8.0
Amulette Omnisciente,Omnipresent Amulet,5,7,0.71,71%,11.0,7.86,55,0,Gratuit,Gratuit,11.0,7.86
Sabre Versatile,Versatil Saber,4,7,0.57,57%,11.0,6.29,44,1,11.0,6.29,5.5,3.15
Marteau Collecteur,Collecting Hammer,3,7,0.43,43%,14.0,6.0,42,2,7.0,3.0,4.67,2.0
Armure d'Obsidienne,Obsidian Battle Plate,2,7,0.29,29%,20.0,5.71,40,2,10.0,2.85,6.67,1.9
Le Marionnettiste,The Puppeteer,2,7,0.29,29%,20.0,5.71,40,2,10.0,2.85,6.67,1.9
Bâton de Conquête,Conquering Staff,1,7,0.14,14%,24.0,3.43,24,2,12.0,1.72,8.0,1.14
Assistance Divine,Sacred Help,1,7,0.14,14%,20.0,2.86,20,2,10.0,1.43,6.67,0.95
Lame Affutée,Sharp Blade,3,7,0.43,43%,6.0,2.57,18,3,2.0,0.86,1.5,0.64
Marteleur précis,Precise Hammer,1,7,0.14,14%,18.0,2.57,18,1,18.0,2.57,9.0,1.28
Épée Obscure,Swords of Darkness,1,7,0.14,14%,17.0,2.43,17,1,17.0,2.43,8.5,1.22
Masse de Siège,Siege Mace,1,7,0.14,14%,16.0,2.29,16,0,Gratuit,Gratuit,16.0,2.29
Soif de Sang,Thirsty Dagger,1,7,0.14,14%,15.0,2.14,15,0,Gratuit,Gratuit,15.0,2.14
Armure d'Immortel,Immortal Breastplate,1,7,0.14,14%,14.0,2.0,14,1,14.0,2.0,7.0,1.0
Force Divine,Divine Impetu,1,7,0.14,14%,11.0,1.57,11,0,Gratuit,Gratuit,11.0,1.57
Désintégrateur Magnétique,Magnetic Disintegrator,1,7,0.14,14%,11.0,1.57,11,0,Gratuit,Gratuit,11.0,1.57
Danse Macabre,Dance of Death,1,7,0.14,14%,8.0,1.14,8,1,8.0,1.14,4.0,0.57
Faux,Scythe,6,7,0.86,86%,1.17,1.0,7,3,0.39,0.33,0.29,0.25
