,Nom Anglais,nb games valide,total games,ratio,%,pts moy,pts moy total,total point,cout,pts par cout moy,pts par cout total,pts par cout moy+1,pts par cout total+1
Esprit de l'Écuyer,Spirit of the Squire,1,1,1.0,100%,24.0,24.0,24,3,8.0,8.0,6.0,6.0
Bâton de Conquête,Conquering Staff,1,1,1.0,100%,24.0,24.0,24,2,12.0,12.0,8.0,8.0
Aveuglement,Incapacitor,1,1,1.0,100%,24.0,24.0,24,3,8.0,8.0,6.0,6.0
Totem du Gardien,Guardian Totem,1,1,1.0,100%,23.0,23.0,23,3,7.67,7.67,5.75,5.75
Assistance Divine,Sacred Help,1,1,1.0,100%,20.0,20.0,20,2,10.0,10.0,6.67,6.67
Le Traqueur,The Stalker,1,1,1.0,100%,20.0,20.0,20,3,6.67,6.67,5.0,5.0
Le Visionnaire,The Visionary,1,1,1.0,100%,18.0,18.0,18,2,9.0,9.0,6.0,6.0
Masse de Siège,Siege Mace,1,1,1.0,100%,16.0,16.0,16,0,Gratuit,Gratuit,16.0,16.0
Amulette Omnisciente,Omnipresent Amulet,1,1,1.0,100%,15.0,15.0,15,0,Gratuit,Gratuit,15.0,15.0
Totem Équivalent,Equivalent Totem,1,1,1.0,100%,14.0,14.0,14,2,7.0,7.0,4.67,4.67
Coup de Mort,Death Helper,1,1,1.0,100%,13.0,13.0,13,1,13.0,13.0,6.5,6.5
Œil de Lynx,Hawk's Eye,1,1,1.0,100%,10.0,10.0,10,0,Gratuit,Gratuit,10.0,10.0
Marteau Collecteur,Collecting Hammer,1,1,1.0,100%,7.0,7.0,7,2,3.5,3.5,2.33,2.33
Faux,Scythe,1,1,1.0,100%,3.0,3.0,3,3,1.0,1.0,0.75,0.75
