,Nom Anglais,nb games valide,total games,ratio,%,pts moy,pts moy total,total point,cout,pts par cout moy,pts par cout total,pts par cout moy+1,pts par cout total+1
Le Traqueur,The Stalker,7,7,1.0,100%,16.0,16.0,112,3,5.33,5.33,4.0,4.0
Totem du Gardien,Guardian Totem,7,7,1.0,100%,15.86,15.86,111,3,5.29,5.29,3.96,3.96
Vision Céleste,Heavenly Vision,5,7,0.71,71%,22.0,15.71,110,2,11.0,7.86,7.33,5.24
Totem Équivalent,Equivalent Totem,7,7,1.0,100%,13.14,13.14,92,2,6.57,6.57,4.38,4.38
Aveuglement,Incapacitor,7,7,1.0,100%,11.57,11.57,81,3,3.86,3.86,2.89,2.89
Armure d'Obsidienne,Obsidian Battle Plate,4,7,0.57,57%,20.0,11.43,80,2,10.0,5.71,6.67,3.81
Esprit de l'Écuyer,Spirit of the Squire,7,7,1.0,100%,10.71,10.71,75,3,3.57,3.57,2.68,2.68
Bâton de Conquête,Conquering Staff,3,7,0.43,43%,24.0,10.29,72,2,12.0,5.14,8.0,3.43
Œil de Lynx,Hawk's Eye,7,7,1.0,100%,8.0,8.0,56,0,Gratuit,Gratuit,8.0,8.0
Le Visionnaire,The Visionary,3,7,0.43,43%,18.0,7.71,54,2,9.0,3.85,6.0,2.57
Coup de Mort,Death Helper,5,7,0.71,71%,10.0,7.14,50,1,10.0,7.14,5.0,3.57
Assistance Divine,Sacred Help,2,7,0.29,29%,20.0,5.71,40,2,10.0,2.85,6.67,1.9
Esprit omniprésent,Omnipresent Spirit,2,7,0.29,29%,18.0,5.14,36,2,9.0,2.57,6.0,1.71
Être de Lumière,Being of Light,2,7,0.29,29%,18.0,5.14,36,1,18.0,5.14,9.0,2.57
Sabre Versatile,Versatil Saber,3,7,0.43,43%,11.0,4.71,33,1,11.0,4.71,5.5,2.35
Armure d'Immortel,Immortal Breastplate,2,7,0.29,29%,14.0,4.0,28,1,14.0,4.0,7.0,2.0
Marteau Collecteur,Collecting Hammer,3,7,0.43,43%,8.0,3.43,24,2,4.0,1.72,2.67,1.14
Bâton du Conquérant,Staff of Conquered Worlds,2,7,0.29,29%,11.0,3.14,22,0,Gratuit,Gratuit,11.0,3.14
Amulette Omnisciente,Omnipresent Amulet,2,7,0.29,29%,11.0,3.14,22,0,Gratuit,Gratuit,11.0,3.14
Marteleur précis,Precise Hammer,1,7,0.14,14%,18.0,2.57,18,1,18.0,2.57,9.0,1.28
Désintégrateur Magnétique,Magnetic Disintegrator,1,7,0.14,14%,11.0,1.57,11,0,Gratuit,Gratuit,11.0,1.57
Force Divine,Divine Impetu,1,7,0.14,14%,11.0,1.57,11,0,Gratuit,Gratuit,11.0,1.57
Faux,Scythe,5,7,0.71,71%,1.8,1.29,9,3,0.6,0.43,0.45,0.32
Lame Affutée,Sharp Blade,1,7,0.14,14%,3.0,0.43,3,3,1.0,0.14,0.75,0.11
