,Nom Anglais,nb games valide,total games,ratio,%,pts moy,pts moy total,total point,cout,pts par cout moy,pts par cout total,pts par cout moy+1,pts par cout total+1
Totem du Gardien,Guardian Totem,7,7,1.0,100%,19.43,19.43,136,3,6.48,6.48,4.86,4.86
Le Traqueur,The Stalker,6,7,0.86,86%,16.0,13.71,96,3,5.33,4.57,4.0,3.43
Aveuglement,Incapacitor,7,7,1.0,100%,13.29,13.29,93,3,4.43,4.43,3.32,3.32
Totem Équivalent,Equivalent Totem,7,7,1.0,100%,13.29,13.29,93,2,6.64,6.64,4.43,4.43
Le Visionnaire,The Visionary,5,7,0.71,71%,18.0,12.86,90,2,9.0,6.43,6.0,4.29
Vision Céleste,Heavenly Vision,4,7,0.57,57%,22.0,12.57,88,2,11.0,6.29,7.33,4.19
Armure d'Obsidienne,Obsidian Battle Plate,4,7,0.57,57%,20.0,11.43,80,2,10.0,5.71,6.67,3.81
Esprit de l'Écuyer,Spirit of the Squire,7,7,1.0,100%,9.86,9.86,69,3,3.29,3.29,2.46,2.46
Œil de Lynx,Hawk's Eye,7,7,1.0,100%,8.0,8.0,56,0,Gratuit,Gratuit,8.0,8.0
Bâton de Conquête,Conquering Staff,2,7,0.29,29%,24.0,6.86,48,2,12.0,3.43,8.0,2.29
Armure d'Immortel,Immortal Breastplate,3,7,0.43,43%,14.0,6.0,42,1,14.0,6.0,7.0,3.0
Assistance Divine,Sacred Help,2,7,0.29,29%,20.0,5.71,40,2,10.0,2.85,6.67,1.9
Esprit omniprésent,Omnipresent Spirit,2,7,0.29,29%,18.0,5.14,36,2,9.0,2.57,6.0,1.71
Être de Lumière,Being of Light,2,7,0.29,29%,18.0,5.14,36,1,18.0,5.14,9.0,2.57
Coup de Mort,Death Helper,3,7,0.43,43%,10.0,4.29,30,1,10.0,4.29,5.0,2.15
Le Marionnettiste,The Puppeteer,1,7,0.14,14%,20.0,2.86,20,2,10.0,1.43,6.67,0.95
Soif de Sang,Thirsty Dagger,1,7,0.14,14%,15.0,2.14,15,0,Gratuit,Gratuit,15.0,2.14
Marteau Collecteur,Collecting Hammer,2,7,0.29,29%,6.0,1.71,12,2,3.0,0.85,2.0,0.57
Désintégrateur Magnétique,Magnetic Disintegrator,1,7,0.14,14%,11.0,1.57,11,0,Gratuit,Gratuit,11.0,1.57
Amulette Omnisciente,Omnipresent Amulet,1,7,0.14,14%,11.0,1.57,11,0,Gratuit,Gratuit,11.0,1.57
Faux,Scythe,6,7,0.86,86%,1.83,1.57,11,3,0.61,0.52,0.46,0.39
Bâton du Conquérant,Staff of Conquered Worlds,1,7,0.14,14%,11.0,1.57,11,0,Gratuit,Gratuit,11.0,1.57
Sabre Versatile,Versatil Saber,1,7,0.14,14%,11.0,1.57,11,1,11.0,1.57,5.5,0.79
Lame Affutée,Sharp Blade,2,7,0.29,29%,3.0,0.86,6,3,1.0,0.29,0.75,0.21
