,Nom Anglais,nb games valide,total games,ratio,%,pts moy,pts moy total,total point,cout,pts par cout moy,pts par cout total,pts par cout moy+1,pts par cout total+1
Totem du Gardien,Guardian Totem,6,6,1.0,100%,18.83,18.83,113,3,6.28,6.28,4.71,4.71
Vision Céleste,Heavenly Vision,4,6,0.67,67%,22.0,14.67,88,2,11.0,7.33,7.33,4.89
Le Traqueur,The Stalker,5,6,0.83,83%,16.0,13.33,80,3,5.33,4.44,4.0,3.33
Armure d'Obsidienne,Obsidian Battle Plate,4,6,0.67,67%,20.0,13.33,80,2,10.0,6.67,6.67,4.44
Totem Équivalent,Equivalent Totem,6,6,1.0,100%,13.0,13.0,78,2,6.5,6.5,4.33,4.33
Aveuglement,Incapacitor,6,6,1.0,100%,12.0,12.0,72,3,4.0,4.0,3.0,3.0
Le Visionnaire,The Visionary,4,6,0.67,67%,18.0,12.0,72,2,9.0,6.0,6.0,4.0
Esprit de l'Écuyer,Spirit of the Squire,6,6,1.0,100%,9.0,9.0,54,3,3.0,3.0,2.25,2.25
Œil de Lynx,Hawk's Eye,6,6,1.0,100%,8.0,8.0,48,0,Gratuit,Gratuit,8.0,8.0
Armure d'Immortel,Immortal Breastplate,3,6,0.5,50%,14.0,7.0,42,1,14.0,7.0,7.0,3.5
Assistance Divine,Sacred Help,2,6,0.33,33%,20.0,6.67,40,2,10.0,3.33,6.67,2.22
Être de Lumière,Being of Light,2,6,0.33,33%,18.0,6.0,36,1,18.0,6.0,9.0,3.0
Bâton de Conquête,Conquering Staff,1,6,0.17,17%,24.0,4.0,24,2,12.0,2.0,8.0,1.33
Le Marionnettiste,The Puppeteer,1,6,0.17,17%,20.0,3.33,20,2,10.0,1.67,6.67,1.11
Coup de Mort,Death Helper,2,6,0.33,33%,10.0,3.33,20,1,10.0,3.33,5.0,1.67
Esprit omniprésent,Omnipresent Spirit,1,6,0.17,17%,18.0,3.0,18,2,9.0,1.5,6.0,1.0
Amulette Omnisciente,Omnipresent Amulet,1,6,0.17,17%,11.0,1.83,11,0,Gratuit,Gratuit,11.0,1.83
Désintégrateur Magnétique,Magnetic Disintegrator,1,6,0.17,17%,11.0,1.83,11,0,Gratuit,Gratuit,11.0,1.83
Sabre Versatile,Versatil Saber,1,6,0.17,17%,11.0,1.83,11,1,11.0,1.83,5.5,0.92
Bâton du Conquérant,Staff of Conquered Worlds,1,6,0.17,17%,11.0,1.83,11,0,Gratuit,Gratuit,11.0,1.83
Faux,Scythe,5,6,0.83,83%,1.8,1.5,9,3,0.6,0.5,0.45,0.38
Marteau Collecteur,Collecting Hammer,1,6,0.17,17%,6.0,1.0,6,2,3.0,0.5,2.0,0.33
Lame Affutée,Sharp Blade,1,6,0.17,17%,3.0,0.5,3,3,1.0,0.17,0.75,0.12
