,Nom Anglais,nb games valide,total games,ratio,%,pts moy,pts moy total,total point,cout,pts par cout moy,pts par cout total,pts par cout moy+1,pts par cout total+1
Totem du Gardien,Guardian Totem,11,13,0.85,85%,19.0,16.08,209,3,6.33,5.36,4.75,4.02
Vision Céleste,Heavenly Vision,9,13,0.69,69%,22.0,15.23,198,2,11.0,7.62,7.33,5.08
Aveuglement,Incapacitor,13,13,1.0,100%,13.85,13.85,180,3,4.62,4.62,3.46,3.46
Le Traqueur,The Stalker,10,13,0.77,77%,17.2,13.23,172,3,5.73,4.41,4.3,3.31
Totem Équivalent,Equivalent Totem,13,13,1.0,100%,12.69,12.69,165,2,6.34,6.34,4.23,4.23
Le Visionnaire,The Visionary,8,13,0.62,62%,18.0,11.08,144,2,9.0,5.54,6.0,3.69
Armure d'Obsidienne,Obsidian Battle Plate,7,13,0.54,54%,20.0,10.77,140,2,10.0,5.38,6.67,3.59
Esprit de l'Écuyer,Spirit of the Squire,13,13,1.0,100%,10.15,10.15,132,3,3.38,3.38,2.54,2.54
Œil de Lynx,Hawk's Eye,13,13,1.0,100%,8.77,8.77,114,0,Gratuit,Gratuit,8.77,8.77
Bâton de Conquête,Conquering Staff,4,13,0.31,31%,24.0,7.38,96,2,12.0,3.69,8.0,2.46
Coup de Mort,Death Helper,7,13,0.54,54%,11.29,6.08,79,1,11.29,6.08,5.64,3.04
Le Marionnettiste,The Puppeteer,3,13,0.23,23%,20.0,4.62,60,2,10.0,2.31,6.67,1.54
Armure d'Immortel,Immortal Breastplate,4,13,0.31,31%,14.5,4.46,58,1,14.5,4.46,7.25,2.23
Soif de Sang,Thirsty Dagger,3,13,0.23,23%,15.0,3.46,45,0,Gratuit,Gratuit,15.0,3.46
Bâton du Conquérant,Staff of Conquered Worlds,4,13,0.31,31%,11.0,3.38,44,0,Gratuit,Gratuit,11.0,3.38
Assistance Divine,Sacred Help,2,13,0.15,15%,20.0,3.08,40,2,10.0,1.54,6.67,1.03
Esprit omniprésent,Omnipresent Spirit,2,13,0.15,15%,18.0,2.77,36,2,9.0,1.39,6.0,0.92
Être de Lumière,Being of Light,2,13,0.15,15%,18.0,2.77,36,1,18.0,2.77,9.0,1.39
Épée Obscure,Swords of Darkness,2,13,0.15,15%,17.0,2.62,34,1,17.0,2.62,8.5,1.31
Lame Affutée,Sharp Blade,6,13,0.46,46%,5.5,2.54,33,3,1.83,0.85,1.38,0.64
Sabre Versatile,Versatil Saber,3,13,0.23,23%,11.0,2.54,33,1,11.0,2.54,5.5,1.27
Amulette Omnisciente,Omnipresent Amulet,2,13,0.15,15%,11.0,1.69,22,0,Gratuit,Gratuit,11.0,1.69
Faux,Scythe,11,13,0.85,85%,1.82,1.54,20,3,0.61,0.51,0.46,0.39
Enchaînement Éclair,Unstoppable Lightning,1,13,0.08,8%,18.0,1.38,18,1,18.0,1.38,9.0,0.69
Masse de Siège,Siege Mace,1,13,0.08,8%,16.0,1.23,16,0,Gratuit,Gratuit,16.0,1.23
Elan de Fureur,Rampage Momentum,1,13,0.08,8%,15.0,1.15,15,2,7.5,0.57,5.0,0.38
Marteau Collecteur,Collecting Hammer,2,13,0.15,15%,6.0,0.92,12,2,3.0,0.46,2.0,0.31
Désintégrateur Magnétique,Magnetic Disintegrator,1,13,0.08,8%,11.0,0.85,11,0,Gratuit,Gratuit,11.0,0.85
Épé Sainte,Holy Sword,1,13,0.08,8%,10.0,0.77,10,0,Gratuit,Gratuit,10.0,0.77
Danse Macabre,Dance of Death,1,13,0.08,8%,8.0,0.62,8,1,8.0,0.62,4.0,0.31
