,Nom Anglais,nb games valide,total games,ratio,%,pts moy,pts moy total,total point,cout,pts par cout moy,pts par cout total
Le Traqueur,The Stalker,17,18,0.94,94%,18.0,17.0,306,3,6.0,5.67
Totem du Gardien,Guardian Totem,18,18,1.0,100%,16.67,16.67,300,3,5.56,5.56
Aveuglement,Incapacitor,18,18,1.0,100%,15.5,15.5,279,3,5.17,5.17
Vision Céleste,Heavenly Vision,7,18,0.39,39%,22.0,8.56,154,2,11.0,4.28
Esprit de l'Écuyer,Spirit of the Squire,17,18,0.94,94%,9.0,8.5,153,3,3.0,2.83
Œil de Lynx,Hawk's Eye,18,18,1.0,100%,8.0,8.0,144,0,Gratuit,Gratuit
Armure d'Obsidienne,Obsidian Battle Plate,7,18,0.39,39%,20.0,7.78,140,2,10.0,3.89
Le Visionnaire,The Visionary,6,18,0.33,33%,18.0,6.0,108,2,9.0,3.0
Le Marionnettiste,The Puppeteer,5,18,0.28,28%,20.0,5.56,100,2,10.0,2.78
Bâton de Conquête,Conquering Staff,4,18,0.22,22%,24.0,5.33,96,2,12.0,2.67
Esprit omniprésent,Omnipresent Spirit,5,18,0.28,28%,18.0,5.0,90,2,9.0,2.5
Soif de Sang,Thirsty Dagger,3,18,0.17,17%,15.0,2.5,45,0,Gratuit,Gratuit
Instinct Sanguinaire,Bloody Instinct,3,18,0.17,17%,15.0,2.5,45,2,7.5,1.25
Coup de Mort,Death Helper,4,18,0.22,22%,10.0,2.22,40,1,10.0,2.22
Lame Affutée,Sharp Blade,9,18,0.5,50%,4.33,2.17,39,3,1.44,0.72
Armure d'Immortel,Immortal Breastplate,2,18,0.11,11%,14.0,1.56,28,1,14.0,1.56
Sabre Versatile,Versatil Saber,2,18,0.11,11%,11.0,1.22,22,1,11.0,1.22
Amulette Omnisciente,Omnipresent Amulet,2,18,0.11,11%,11.0,1.22,22,0,Gratuit,Gratuit
Faux,Scythe,16,18,0.89,89%,1.31,1.17,21,3,0.44,0.39
Assistance Divine,Sacred Help,1,18,0.06,6%,20.0,1.11,20,2,10.0,0.56
Être de Lumière,Being of Light,1,18,0.06,6%,18.0,1.0,18,1,18.0,1.0
Force Divine,Divine Impetu,1,18,0.06,6%,11.0,0.61,11,0,Gratuit,Gratuit
