,Nom Anglais,nb games valide,total games,ratio,%,pts moy,pts moy total,total point,cout,pts par cout moy,pts par cout total
Aveuglement,Incapacitor,18,18,1.0,100%,17.83,17.83,321,3,5.94,5.94
Griffes Sauvages,Wild Claw,18,18,1.0,100%,17.44,17.44,314,3,5.81,5.81
Assistance Divine,Sacred Help,14,18,0.78,78%,20.0,15.56,280,2,10.0,7.78
Armure d'Obsidienne,Obsidian Battle Plate,8,18,0.44,44%,20.0,8.89,160,2,10.0,4.45
Faux,Scythe,18,18,1.0,100%,8.67,8.67,156,3,2.89,2.89
Tombeau Rocheux,Rock Tomb,13,18,0.72,72%,10.0,7.22,130,1,10.0,7.22
Chasseur de Bêtes,Beast Hunter,7,18,0.39,39%,18.0,7.0,126,2,9.0,3.5
Mental d'Acier,Steel Aura,7,18,0.39,39%,18.0,7.0,126,2,9.0,3.5
Décharge Élémentaire,Elemental Discharge,7,18,0.39,39%,18.0,7.0,126,1,18.0,7.0
Esprit de l'Écuyer,Spirit of the Squire,15,18,0.83,83%,8.0,6.67,120,3,2.67,2.22
Instinct Sanguinaire,Bloody Instinct,8,18,0.44,44%,15.0,6.67,120,2,7.5,3.33
Pillard Féroce,Savage Looter,5,18,0.28,28%,20.0,5.56,100,1,20.0,5.56
Bâton de Conquête,Conquering Staff,4,18,0.22,22%,24.0,5.33,96,2,12.0,2.67
Lame Affutée,Sharp Blade,15,18,0.83,83%,6.4,5.33,96,3,2.13,1.78
Être de Lumière,Being of Light,5,18,0.28,28%,18.0,5.0,90,1,18.0,5.0
Esprit Sauvage,Wild Spirit,8,18,0.44,44%,10.0,4.44,80,0,Gratuit,Gratuit
Coup de Mort,Death Helper,5,18,0.28,28%,10.0,2.78,50,1,10.0,2.78
Épée Obscure,Swords of Darkness,3,18,0.17,17%,15.0,2.5,45,1,15.0,2.5
Bâton Élémentaire,Earthly Staff,3,18,0.17,17%,15.0,2.5,45,0,Gratuit,Gratuit
Totem du Gardien,Guardian Totem,18,18,1.0,100%,2.39,2.39,43,3,0.8,0.8
Œil de Lynx,Hawk's Eye,5,18,0.28,28%,8.0,2.22,40,0,Gratuit,Gratuit
Aura Légendaire,Legend Aura,1,18,0.06,6%,40.0,2.22,40,3,13.33,0.74
Sabre Versatile,Versatil Saber,3,18,0.17,17%,11.0,1.83,33,1,11.0,1.83
Bâton du Conquérant,Staff of Conquered Worlds,3,18,0.17,17%,11.0,1.83,33,0,Gratuit,Gratuit
Elan de Fureur,Rampage Momentum,2,18,0.11,11%,15.0,1.67,30,2,7.5,0.83
Esquive Salvatrice,Evasive Protection,2,18,0.11,11%,15.0,1.67,30,0,Gratuit,Gratuit
Soif de Sang,Thirsty Dagger,2,18,0.11,11%,15.0,1.67,30,0,Gratuit,Gratuit
Épées Jumelles,Twin Swords,3,18,0.17,17%,10.0,1.67,30,1,10.0,1.67
Armure d'Immortel,Immortal Breastplate,2,18,0.11,11%,14.0,1.56,28,1,14.0,1.56
Lance Doublée,Dual Spear,3,18,0.17,17%,8.0,1.33,24,0,Gratuit,Gratuit
Le Marionnettiste,The Puppeteer,1,18,0.06,6%,20.0,1.11,20,2,10.0,0.56
Esprit omniprésent,Omnipresent Spirit,1,18,0.06,6%,18.0,1.0,18,2,9.0,0.5
Enchaînement Éclair,Unstoppable Lightning,1,18,0.06,6%,18.0,1.0,18,1,18.0,1.0
Marteleur précis,Precise Hammer,1,18,0.06,6%,18.0,1.0,18,1,18.0,1.0
Économe Sagesse du Trésorier,Treasurer's Wisdom,1,18,0.06,6%,17.0,0.94,17,2,8.5,0.47
Danse Macabre,Dance of Death,2,18,0.11,11%,8.0,0.89,16,1,8.0,0.89
Esprit Guerrier,Spirit of the Warrior,1,18,0.06,6%,16.0,0.89,16,1,16.0,0.89
Le Croque-mort,The Undertaker,1,18,0.06,6%,14.0,0.78,14,1,14.0,0.78
Force Divine,Divine Impetu,1,18,0.06,6%,11.0,0.61,11,0,Gratuit,Gratuit
Épé Sainte,Holy Sword,1,18,0.06,6%,10.0,0.56,10,0,Gratuit,Gratuit
