,Nom Anglais,nb games valide,total games,ratio,%,pts moy,pts moy total,total point,cout,pts par cout moy,pts par cout total,pts par cout moy+1,pts par cout total+1
Faux,Scythe,210,210,1.0,100%,15.99,15.99,3357,3,5.33,5.33,4.0,4.0
Totem Équivalent,Equivalent Totem,210,210,1.0,100%,15.23,15.23,3199,2,7.62,7.62,5.08,5.08
Lame Affutée,Sharp Blade,188,210,0.9,90%,13.16,11.79,2475,3,4.39,3.93,3.29,2.95
Armure d'Obsidienne,Obsidian Battle Plate,123,210,0.59,59%,20.0,11.71,2460,2,10.0,5.86,6.67,3.9
Économe Sagesse du Trésorier,Treasurer's Wisdom,127,210,0.6,60%,17.0,10.28,2159,2,8.5,5.14,5.67,3.43
Marteau Collecteur,Collecting Hammer,122,210,0.58,58%,16.62,9.66,2028,2,8.31,4.83,5.54,3.22
Hache Frénétique,Berseker Ax,137,210,0.65,65%,14.0,9.13,1918,2,7.0,4.57,4.67,3.04
Aveuglement,Incapacitor,205,210,0.98,98%,9.0,8.79,1845,3,3.0,2.93,2.25,2.2
Lame Insatiable,Fast Furious Blade,106,210,0.5,50%,16.0,8.08,1696,2,8.0,4.04,5.33,2.69
Faux Assoiffées,Thirsty Scythes,62,210,0.3,30%,25.0,7.38,1550,3,8.33,2.46,6.25,1.84
Épée Obscure,Swords of Darkness,87,210,0.41,41%,17.0,7.04,1479,1,17.0,7.04,8.5,3.52
Esprit de l'Écuyer,Spirit of the Squire,187,210,0.89,89%,7.88,7.01,1473,3,2.63,2.34,1.97,1.75
Parchemin Secret,Secret Scroll,75,210,0.36,36%,18.0,6.43,1350,2,9.0,3.21,6.0,2.14
Esprit Guerrier,Spirit of the Warrior,81,210,0.39,39%,16.0,6.17,1296,1,16.0,6.17,8.0,3.08
Tombeau Rocheux,Rock Tomb,120,210,0.57,57%,10.0,5.71,1200,1,10.0,5.71,5.0,2.85
Chasseresse d'Âmes,Huntress of Souls,62,210,0.3,30%,19.0,5.61,1178,1,19.0,5.61,9.5,2.81
Marteleur précis,Precise Hammer,65,210,0.31,31%,18.0,5.57,1170,1,18.0,5.57,9.0,2.79
Explosion Arcanique,Arcane Explosive,97,210,0.46,46%,12.0,5.54,1164,1,12.0,5.54,6.0,2.77
Elan de Fureur,Rampage Momentum,77,210,0.37,37%,15.0,5.5,1155,2,7.5,2.75,5.0,1.83
Griffes Démoniaques,Demon Claws,64,210,0.3,30%,17.0,5.18,1088,1,17.0,5.18,8.5,2.59
Sabre Versatile,Versatil Saber,86,210,0.41,41%,11.0,4.5,946,1,11.0,4.5,5.5,2.25
Couronne du Roi Nain,Crown of the Dwarf King,69,210,0.33,33%,13.0,4.27,897,0,Gratuit,Gratuit,13.0,4.27
Enchaînement Éclair,Unstoppable Lightning,47,210,0.22,22%,18.0,4.03,846,1,18.0,4.03,9.0,2.02
Danse Macabre,Dance of Death,105,210,0.5,50%,8.0,4.0,840,1,8.0,4.0,4.0,2.0
Armure d'Immortel,Immortal Breastplate,52,210,0.25,25%,15.19,3.76,790,1,15.19,3.76,7.59,1.88
Masse Colossale,Colossal Mace,56,210,0.27,27%,14.0,3.73,784,0,Gratuit,Gratuit,14.0,3.73
Faux Parfaite,Perfect Scythe,50,210,0.24,24%,15.0,3.57,750,0,Gratuit,Gratuit,15.0,3.57
Bâton de Conquête,Conquering Staff,29,210,0.14,14%,24.0,3.31,696,2,12.0,1.66,8.0,1.1
Totem du Gardien,Guardian Totem,160,210,0.76,76%,4.23,3.22,677,3,1.41,1.07,1.06,0.81
Aura Légendaire,Legend Aura,16,210,0.08,8%,40.0,3.05,640,3,13.33,1.02,10.0,0.76
Triple Météore,Trimeteor,21,210,0.1,10%,30.0,3.0,630,0,Gratuit,Gratuit,30.0,3.0
Ascension Divine,Divine Ascent,24,210,0.11,11%,25.0,2.86,600,3,8.33,0.95,6.25,0.71
Désintégrateur Magnétique,Magnetic Disintegrator,52,210,0.25,25%,11.0,2.72,572,0,Gratuit,Gratuit,11.0,2.72
Coup de Mort,Death Helper,46,210,0.22,22%,12.09,2.65,556,1,12.09,2.65,6.04,1.32
Épé Sainte,Holy Sword,53,210,0.25,25%,10.0,2.52,530,0,Gratuit,Gratuit,10.0,2.52
Esprit omniprésent,Omnipresent Spirit,29,210,0.14,14%,18.0,2.49,522,2,9.0,1.25,6.0,0.83
Œil de Lynx,Hawk's Eye,56,210,0.27,27%,9.14,2.44,512,0,Gratuit,Gratuit,9.14,2.44
Force Divine,Divine Impetu,31,210,0.15,15%,13.71,2.02,425,0,Gratuit,Gratuit,13.71,2.02
Soif de Sang,Thirsty Dagger,28,210,0.13,13%,15.0,2.0,420,0,Gratuit,Gratuit,15.0,2.0
Griffes Sauvages,Wild Claw,154,210,0.73,73%,2.45,1.8,377,3,0.82,0.6,0.61,0.45
Gantelet Impérieux,Imperious Gauntlet,12,210,0.06,6%,30.0,1.71,360,1,30.0,1.71,15.0,0.85
Chasseur d'Âmes,Soul Hunter,15,210,0.07,7%,18.0,1.29,270,1,18.0,1.29,9.0,0.65
Décharge Élémentaire,Elemental Discharge,14,210,0.07,7%,18.0,1.2,252,1,18.0,1.2,9.0,0.6
Pillard Féroce,Savage Looter,12,210,0.06,6%,20.0,1.14,240,1,20.0,1.14,10.0,0.57
Bâton du Conquérant,Staff of Conquered Worlds,19,210,0.09,9%,11.0,1.0,209,0,Gratuit,Gratuit,11.0,1.0
Pluie de Météorites,Meteorites,3,210,0.01,1%,70.0,1.0,210,0,Gratuit,Gratuit,70.0,1.0
Assistance Divine,Sacred Help,9,210,0.04,4%,20.0,0.86,180,2,10.0,0.43,6.67,0.29
Masse de Siège,Siege Mace,9,210,0.04,4%,16.0,0.69,144,0,Gratuit,Gratuit,16.0,0.69
Le Marionnettiste,The Puppeteer,5,210,0.02,2%,20.0,0.48,100,2,10.0,0.24,6.67,0.16
Amulette Omnisciente,Omnipresent Amulet,5,210,0.02,2%,12.6,0.3,63,0,Gratuit,Gratuit,12.6,0.3
Adrénaline Arcanique,Arcane Adrenaline,1,210,0.0,0%,16.0,0.08,16,1,16.0,0.08,8.0,0.04
