,Nom Anglais,nb games valide,total games,ratio,%,pts moy,pts moy total,total point,cout,pts par cout moy,pts par cout total
Aveuglement,Incapacitor,13,13,1.0,100%,15.46,15.46,201,3,5.15,5.15
Faux,Scythe,13,13,1.0,100%,14.15,14.15,184,3,4.72,4.72
Lame Affutée,Sharp Blade,13,13,1.0,100%,12.23,12.23,159,3,4.08,4.08
Armure d'Obsidienne,Obsidian Battle Plate,7,13,0.54,54%,20.0,10.77,140,2,10.0,5.38
Esprit Guerrier,Spirit of the Warrior,7,13,0.54,54%,16.0,8.62,112,1,16.0,8.62
Lame Insatiable,Fast Furious Blade,6,13,0.46,46%,16.0,7.38,96,2,8.0,3.69
Frappe Chirurgicale,Accurate Sword,6,13,0.46,46%,16.0,7.38,96,1,16.0,7.38
Bâton de Conquête,Conquering Staff,4,13,0.31,31%,24.0,7.38,96,2,12.0,3.69
Esprit omniprésent,Omnipresent Spirit,5,13,0.38,38%,18.0,6.92,90,2,9.0,3.46
Économe Sagesse du Trésorier,Treasurer's Wisdom,5,13,0.38,38%,17.0,6.54,85,2,8.5,3.27
Aura Légendaire,Legend Aura,2,13,0.15,15%,40.0,6.15,80,3,13.33,2.05
Épée Obscure,Swords of Darkness,5,13,0.38,38%,15.0,5.77,75,1,15.0,5.77
Faux Assoiffées,Thirsty Scythes,3,13,0.23,23%,25.0,5.77,75,3,8.33,1.92
Enchaînement Éclair,Unstoppable Lightning,4,13,0.31,31%,18.0,5.54,72,1,18.0,5.54
Pluie de Météorites,Meteorites,1,13,0.08,8%,70.0,5.38,70,0,Gratuit,Gratuit
Épées Jumelles,Twin Swords,5,13,0.38,38%,12.0,4.62,60,1,12.0,4.62
Elan de Fureur,Rampage Momentum,4,13,0.31,31%,15.0,4.62,60,2,7.5,2.31
Soif de Sang,Thirsty Dagger,4,13,0.31,31%,15.0,4.62,60,0,Gratuit,Gratuit
Triple Météore,Trimeteor,2,13,0.15,15%,30.0,4.62,60,0,Gratuit,Gratuit
Lance Triplée,Triple Spear,2,13,0.15,15%,30.0,4.62,60,0,Gratuit,Gratuit
Hache Frénétique,Berseker Ax,4,13,0.31,31%,14.0,4.31,56,2,7.0,2.15
Le Croque-mort,The Undertaker,4,13,0.31,31%,14.0,4.31,56,1,14.0,4.31
Parchemin Secret,Secret Scroll,3,13,0.23,23%,18.0,4.15,54,2,9.0,2.08
Esprit de l'Écuyer,Spirit of the Squire,9,13,0.69,69%,5.67,3.92,51,3,1.89,1.31
Épé Sainte,Holy Sword,5,13,0.38,38%,10.0,3.85,50,0,Gratuit,Gratuit
Danse Macabre,Dance of Death,6,13,0.46,46%,8.0,3.69,48,1,8.0,3.69
Masse de Siège,Siege Mace,3,13,0.23,23%,16.0,3.69,48,0,Gratuit,Gratuit
Totem du Gardien,Guardian Totem,13,13,1.0,100%,3.62,3.62,47,3,1.21,1.21
Esquive Salvatrice,Evasive Protection,3,13,0.23,23%,15.0,3.46,45,0,Gratuit,Gratuit
Armure d'Immortel,Immortal Breastplate,3,13,0.23,23%,14.0,3.23,42,1,14.0,3.23
Pillard Féroce,Savage Looter,2,13,0.15,15%,20.0,3.08,40,1,20.0,3.08
Glaive Vindicatif,Large Sword of Hate,2,13,0.15,15%,20.0,3.08,40,1,20.0,3.08
Chasseresse d'Âmes,Huntress of Souls,2,13,0.15,15%,19.0,2.92,38,1,19.0,2.92
Explosion Arcanique,Arcane Explosive,3,13,0.23,23%,12.0,2.77,36,1,12.0,2.77
Griffes Démoniaques,Demon Claws,2,13,0.15,15%,17.0,2.62,34,1,17.0,2.62
Sabre Versatile,Versatil Saber,3,13,0.23,23%,11.0,2.54,33,1,11.0,2.54
Lance Doublée,Dual Spear,4,13,0.31,31%,8.0,2.46,32,0,Gratuit,Gratuit
Tombeau Rocheux,Rock Tomb,3,13,0.23,23%,10.0,2.31,30,1,10.0,2.31
Instinct Sanguinaire,Bloody Instinct,2,13,0.15,15%,15.0,2.31,30,2,7.5,1.16
Couronne du Roi Nain,Crown of the Dwarf King,2,13,0.15,15%,13.0,2.0,26,0,Gratuit,Gratuit
Ascension Divine,Divine Ascent,1,13,0.08,8%,25.0,1.92,25,3,8.33,0.64
Griffes Sauvages,Wild Claw,10,13,0.77,77%,2.3,1.77,23,3,0.77,0.59
Désintégrateur Magnétique,Magnetic Disintegrator,2,13,0.15,15%,11.0,1.69,22,0,Gratuit,Gratuit
Destruction Royale,Royal Destroyer,2,13,0.15,15%,11.0,1.69,22,0,Gratuit,Gratuit
Bâton du Conquérant,Staff of Conquered Worlds,2,13,0.15,15%,11.0,1.69,22,0,Gratuit,Gratuit
Le Marionnettiste,The Puppeteer,1,13,0.08,8%,20.0,1.54,20,2,10.0,0.77
Assistance Divine,Sacred Help,1,13,0.08,8%,20.0,1.54,20,2,10.0,0.77
Marteleur précis,Precise Hammer,1,13,0.08,8%,18.0,1.38,18,1,18.0,1.38
Œil de Lynx,Hawk's Eye,2,13,0.15,15%,8.0,1.23,16,0,Gratuit,Gratuit
Force Divine,Divine Impetu,1,13,0.08,8%,11.0,0.85,11,0,Gratuit,Gratuit
Masse Colossale,Colossal Mace,1,13,0.08,8%,11.0,0.85,11,0,Gratuit,Gratuit
