,Nom Anglais,nb games valide,total games,ratio,%,pts moy,pts moy total,total point,cout,pts par cout moy,pts par cout total
Aveuglement,Incapacitor,16,16,1.0,100%,16.69,16.69,267,3,5.56,5.56
Faux,Scythe,16,16,1.0,100%,14.81,14.81,237,3,4.94,4.94
Lame Affutée,Sharp Blade,16,16,1.0,100%,12.38,12.38,198,3,4.13,4.13
Armure d'Obsidienne,Obsidian Battle Plate,9,16,0.56,56%,20.0,11.25,180,2,10.0,5.62
Lame Insatiable,Fast Furious Blade,9,16,0.56,56%,16.0,9.0,144,2,8.0,4.5
Bâton de Conquête,Conquering Staff,6,16,0.38,38%,24.0,9.0,144,2,12.0,4.5
Esprit Guerrier,Spirit of the Warrior,8,16,0.5,50%,16.0,8.0,128,1,16.0,8.0
Faux Assoiffées,Thirsty Scythes,5,16,0.31,31%,25.0,7.81,125,3,8.33,2.6
Aura Légendaire,Legend Aura,3,16,0.19,19%,40.0,7.5,120,3,13.33,2.5
Économe Sagesse du Trésorier,Treasurer's Wisdom,7,16,0.44,44%,17.0,7.44,119,2,8.5,3.72
Frappe Chirurgicale,Accurate Sword,7,16,0.44,44%,16.0,7.0,112,1,16.0,7.0
Enchaînement Éclair,Unstoppable Lightning,6,16,0.38,38%,18.0,6.75,108,1,18.0,6.75
Elan de Fureur,Rampage Momentum,6,16,0.38,38%,15.0,5.62,90,2,7.5,2.81
Épée Obscure,Swords of Darkness,6,16,0.38,38%,15.0,5.62,90,1,15.0,5.62
Esprit omniprésent,Omnipresent Spirit,5,16,0.31,31%,18.0,5.62,90,2,9.0,2.81
Le Croque-mort,The Undertaker,6,16,0.38,38%,14.0,5.25,84,1,14.0,5.25
Hache Frénétique,Berseker Ax,6,16,0.38,38%,14.0,5.25,84,2,7.0,2.62
Esprit de l'Écuyer,Spirit of the Squire,12,16,0.75,75%,6.25,4.69,75,3,2.08,1.56
Esquive Salvatrice,Evasive Protection,5,16,0.31,31%,15.0,4.69,75,0,Gratuit,Gratuit
Soif de Sang,Thirsty Dagger,5,16,0.31,31%,15.0,4.69,75,0,Gratuit,Gratuit
Parchemin Secret,Secret Scroll,4,16,0.25,25%,18.0,4.5,72,2,9.0,2.25
Pluie de Météorites,Meteorites,1,16,0.06,6%,70.0,4.38,70,0,Gratuit,Gratuit
Armure d'Immortel,Immortal Breastplate,5,16,0.31,31%,14.0,4.38,70,1,14.0,4.38
Épé Sainte,Holy Sword,7,16,0.44,44%,10.0,4.38,70,0,Gratuit,Gratuit
Épées Jumelles,Twin Swords,6,16,0.38,38%,11.67,4.38,70,1,11.67,4.38
Danse Macabre,Dance of Death,8,16,0.5,50%,8.0,4.0,64,1,8.0,4.0
Explosion Arcanique,Arcane Explosive,5,16,0.31,31%,12.0,3.75,60,1,12.0,3.75
Pillard Féroce,Savage Looter,3,16,0.19,19%,20.0,3.75,60,1,20.0,3.75
Lance Triplée,Triple Spear,2,16,0.12,12%,30.0,3.75,60,0,Gratuit,Gratuit
Triple Météore,Trimeteor,2,16,0.12,12%,30.0,3.75,60,0,Gratuit,Gratuit
Totem du Gardien,Guardian Totem,16,16,1.0,100%,3.69,3.69,59,3,1.23,1.23
Sabre Versatile,Versatil Saber,5,16,0.31,31%,11.0,3.44,55,1,11.0,3.44
Tombeau Rocheux,Rock Tomb,5,16,0.31,31%,10.0,3.12,50,1,10.0,3.12
Ascension Divine,Divine Ascent,2,16,0.12,12%,25.0,3.12,50,3,8.33,1.04
Masse de Siège,Siege Mace,3,16,0.19,19%,16.0,3.0,48,0,Gratuit,Gratuit
Bâton du Conquérant,Staff of Conquered Worlds,4,16,0.25,25%,11.0,2.75,44,0,Gratuit,Gratuit
Glaive Vindicatif,Large Sword of Hate,2,16,0.12,12%,20.0,2.5,40,1,20.0,2.5
Lance Doublée,Dual Spear,5,16,0.31,31%,8.0,2.5,40,0,Gratuit,Gratuit
Couronne du Roi Nain,Crown of the Dwarf King,3,16,0.19,19%,13.0,2.44,39,0,Gratuit,Gratuit
Chasseresse d'Âmes,Huntress of Souls,2,16,0.12,12%,19.0,2.38,38,1,19.0,2.38
Marteleur précis,Precise Hammer,2,16,0.12,12%,18.0,2.25,36,1,18.0,2.25
Griffes Démoniaques,Demon Claws,2,16,0.12,12%,17.0,2.12,34,1,17.0,2.12
Griffes Sauvages,Wild Claw,13,16,0.81,81%,2.62,2.12,34,3,0.87,0.71
Désintégrateur Magnétique,Magnetic Disintegrator,3,16,0.19,19%,11.0,2.06,33,0,Gratuit,Gratuit
Masse Colossale,Colossal Mace,3,16,0.19,19%,11.0,2.06,33,0,Gratuit,Gratuit
Destruction Royale,Royal Destroyer,3,16,0.19,19%,11.0,2.06,33,0,Gratuit,Gratuit
Œil de Lynx,Hawk's Eye,4,16,0.25,25%,8.0,2.0,32,0,Gratuit,Gratuit
Instinct Sanguinaire,Bloody Instinct,2,16,0.12,12%,15.0,1.88,30,2,7.5,0.94
Le Marionnettiste,The Puppeteer,1,16,0.06,6%,20.0,1.25,20,2,10.0,0.62
Assistance Divine,Sacred Help,1,16,0.06,6%,20.0,1.25,20,2,10.0,0.62
Décharge Élémentaire,Elemental Discharge,1,16,0.06,6%,18.0,1.12,18,1,18.0,1.12
Bâton Élémentaire,Earthly Staff,1,16,0.06,6%,15.0,0.94,15,0,Gratuit,Gratuit
Force Divine,Divine Impetu,1,16,0.06,6%,11.0,0.69,11,0,Gratuit,Gratuit
