,Nom Anglais,nb games valide,total games,ratio,%,pts moy,pts moy total,total point,cout,pts par cout moy,pts par cout total
Aveuglement,Incapacitor,17,17,1.0,100%,18.18,18.18,309,3,6.06,6.06
Faux,Scythe,17,17,1.0,100%,15.06,15.06,256,3,5.02,5.02
Lame Affutée,Sharp Blade,17,17,1.0,100%,13.06,13.06,222,3,4.35,4.35
Armure d'Obsidienne,Obsidian Battle Plate,10,17,0.59,59%,20.0,11.76,200,2,10.0,5.88
Bâton de Conquête,Conquering Staff,7,17,0.41,41%,24.0,9.88,168,2,12.0,4.94
Aura Légendaire,Legend Aura,4,17,0.24,24%,40.0,9.41,160,3,13.33,3.14
Lame Insatiable,Fast Furious Blade,10,17,0.59,59%,16.0,9.41,160,2,8.0,4.71
Faux Assoiffées,Thirsty Scythes,6,17,0.35,35%,25.0,8.82,150,3,8.33,2.94
Économe Sagesse du Trésorier,Treasurer's Wisdom,8,17,0.47,47%,17.0,8.0,136,2,8.5,4.0
Esprit Guerrier,Spirit of the Warrior,8,17,0.47,47%,16.0,7.53,128,1,16.0,7.53
Enchaînement Éclair,Unstoppable Lightning,7,17,0.41,41%,18.0,7.41,126,1,18.0,7.41
Frappe Chirurgicale,Accurate Sword,7,17,0.41,41%,16.0,6.59,112,1,16.0,6.59
Épée Obscure,Swords of Darkness,7,17,0.41,41%,15.0,6.18,105,1,15.0,6.18
Elan de Fureur,Rampage Momentum,7,17,0.41,41%,15.0,6.18,105,2,7.5,3.09
Le Croque-mort,The Undertaker,7,17,0.41,41%,14.0,5.76,98,1,14.0,5.76
Hache Frénétique,Berseker Ax,7,17,0.41,41%,14.0,5.76,98,2,7.0,2.88
Esprit omniprésent,Omnipresent Spirit,5,17,0.29,29%,18.0,5.29,90,2,9.0,2.65
Soif de Sang,Thirsty Dagger,6,17,0.35,35%,15.0,5.29,90,0,Gratuit,Gratuit
Parchemin Secret,Secret Scroll,5,17,0.29,29%,18.0,5.29,90,2,9.0,2.65
Épé Sainte,Holy Sword,8,17,0.47,47%,10.0,4.71,80,0,Gratuit,Gratuit
Épées Jumelles,Twin Swords,7,17,0.41,41%,11.43,4.71,80,1,11.43,4.71
Esprit de l'Écuyer,Spirit of the Squire,13,17,0.76,76%,6.0,4.59,78,3,2.0,1.53
Esquive Salvatrice,Evasive Protection,5,17,0.29,29%,15.0,4.41,75,0,Gratuit,Gratuit
Danse Macabre,Dance of Death,9,17,0.53,53%,8.0,4.24,72,1,8.0,4.24
Explosion Arcanique,Arcane Explosive,6,17,0.35,35%,12.0,4.24,72,1,12.0,4.24
Armure d'Immortel,Immortal Breastplate,5,17,0.29,29%,14.0,4.12,70,1,14.0,4.12
Pluie de Météorites,Meteorites,1,17,0.06,6%,70.0,4.12,70,0,Gratuit,Gratuit
Sabre Versatile,Versatil Saber,6,17,0.35,35%,11.0,3.88,66,1,11.0,3.88
Masse de Siège,Siege Mace,4,17,0.24,24%,16.0,3.76,64,0,Gratuit,Gratuit
Totem du Gardien,Guardian Totem,17,17,1.0,100%,3.71,3.71,63,3,1.24,1.24
Pillard Féroce,Savage Looter,3,17,0.18,18%,20.0,3.53,60,1,20.0,3.53
Tombeau Rocheux,Rock Tomb,6,17,0.35,35%,10.0,3.53,60,1,10.0,3.53
Triple Météore,Trimeteor,2,17,0.12,12%,30.0,3.53,60,0,Gratuit,Gratuit
Lance Triplée,Triple Spear,2,17,0.12,12%,30.0,3.53,60,0,Gratuit,Gratuit
Bâton du Conquérant,Staff of Conquered Worlds,5,17,0.29,29%,11.0,3.24,55,0,Gratuit,Gratuit
Couronne du Roi Nain,Crown of the Dwarf King,4,17,0.24,24%,13.0,3.06,52,0,Gratuit,Gratuit
Ascension Divine,Divine Ascent,2,17,0.12,12%,25.0,2.94,50,3,8.33,0.98
Lance Doublée,Dual Spear,6,17,0.35,35%,8.0,2.82,48,0,Gratuit,Gratuit
Désintégrateur Magnétique,Magnetic Disintegrator,4,17,0.24,24%,11.0,2.59,44,0,Gratuit,Gratuit
Masse Colossale,Colossal Mace,4,17,0.24,24%,11.0,2.59,44,0,Gratuit,Gratuit
Destruction Royale,Royal Destroyer,4,17,0.24,24%,11.0,2.59,44,0,Gratuit,Gratuit
Glaive Vindicatif,Large Sword of Hate,2,17,0.12,12%,20.0,2.35,40,1,20.0,2.35
Œil de Lynx,Hawk's Eye,5,17,0.29,29%,8.0,2.35,40,0,Gratuit,Gratuit
Chasseresse d'Âmes,Huntress of Souls,2,17,0.12,12%,19.0,2.24,38,1,19.0,2.24
Griffes Sauvages,Wild Claw,14,17,0.82,82%,2.71,2.24,38,3,0.9,0.75
Décharge Élémentaire,Elemental Discharge,2,17,0.12,12%,18.0,2.12,36,1,18.0,2.12
Marteleur précis,Precise Hammer,2,17,0.12,12%,18.0,2.12,36,1,18.0,2.12
Griffes Démoniaques,Demon Claws,2,17,0.12,12%,17.0,2.0,34,1,17.0,2.0
Instinct Sanguinaire,Bloody Instinct,2,17,0.12,12%,15.0,1.76,30,2,7.5,0.88
Le Marionnettiste,The Puppeteer,1,17,0.06,6%,20.0,1.18,20,2,10.0,0.59
Assistance Divine,Sacred Help,1,17,0.06,6%,20.0,1.18,20,2,10.0,0.59
Bâton Élémentaire,Earthly Staff,1,17,0.06,6%,15.0,0.88,15,0,Gratuit,Gratuit
Force Divine,Divine Impetu,1,17,0.06,6%,11.0,0.65,11,0,Gratuit,Gratuit
