,Nom Anglais,nb games valide,total games,ratio,%,pts moy,pts moy total,total point,cout,pts par cout moy,pts par cout total
Faux Assoiffées,Thirsty Scythes,1,1,1.0,100%,25.0,25.0,25,3,8.33,8.33
Économe Sagesse du Trésorier,Treasurer's Wisdom,1,1,1.0,100%,17.0,17.0,17,2,8.5,8.5
Faux,Scythe,1,1,1.0,100%,17.0,17.0,17,3,5.67,5.67
Frappe Chirurgicale,Accurate Sword,1,1,1.0,100%,16.0,16.0,16,1,16.0,16.0
Lame Insatiable,Fast Furious Blade,1,1,1.0,100%,16.0,16.0,16,2,8.0,8.0
Bâton Élémentaire,Earthly Staff,1,1,1.0,100%,15.0,15.0,15,0,Gratuit,Gratuit
Instinct Sanguinaire,Bloody Instinct,1,1,1.0,100%,15.0,15.0,15,2,7.5,7.5
Épée Obscure,Swords of Darkness,1,1,1.0,100%,15.0,15.0,15,1,15.0,15.0
Elan de Fureur,Rampage Momentum,1,1,1.0,100%,15.0,15.0,15,2,7.5,7.5
Hache Frénétique,Berseker Ax,1,1,1.0,100%,14.0,14.0,14,2,7.0,7.0
Aveuglement,Incapacitor,1,1,1.0,100%,12.0,12.0,12,3,4.0,4.0
Lame Affutée,Sharp Blade,1,1,1.0,100%,12.0,12.0,12,3,4.0,4.0
Épées Jumelles,Twin Swords,1,1,1.0,100%,10.0,10.0,10,1,10.0,10.0
Danse Macabre,Dance of Death,1,1,1.0,100%,8.0,8.0,8,1,8.0,8.0
Esprit de l'Écuyer,Spirit of the Squire,1,1,1.0,100%,6.0,6.0,6,3,2.0,2.0
Totem du Gardien,Guardian Totem,1,1,1.0,100%,3.0,3.0,3,3,1.0,1.0
Griffes Sauvages,Wild Claw,1,1,1.0,100%,3.0,3.0,3,3,1.0,1.0
