,Nom Anglais,nb games valide,total games,ratio,%,pts moy,pts moy total,total point,cout,pts par cout moy,pts par cout total
Faux Assoiffées,Thirsty Scythes,3,4,0.75,75%,25.0,18.75,75,3,8.33,6.25
Faux,Scythe,4,4,1.0,100%,17.25,17.25,69,3,5.75,5.75
Économe Sagesse du Trésorier,Treasurer's Wisdom,4,4,1.0,100%,17.0,17.0,68,2,8.5,8.5
Lame Affutée,Sharp Blade,4,4,1.0,100%,15.0,15.0,60,3,5.0,5.0
Hache Frénétique,Berseker Ax,4,4,1.0,100%,14.0,14.0,56,2,7.0,7.0
Épées Jumelles,Twin Swords,3,4,0.75,75%,16.67,12.5,50,1,16.67,12.5
Lame Insatiable,Fast Furious Blade,3,4,0.75,75%,16.0,12.0,48,2,8.0,6.0
Aveuglement,Incapacitor,4,4,1.0,100%,11.25,11.25,45,3,3.75,3.75
Épée Obscure,Swords of Darkness,3,4,0.75,75%,15.0,11.25,45,1,15.0,11.25
Aura Légendaire,Legend Aura,1,4,0.25,25%,40.0,10.0,40,3,13.33,3.33
Armure d'Obsidienne,Obsidian Battle Plate,2,4,0.5,50%,20.0,10.0,40,2,10.0,5.0
Glaive Vindicatif,Large Sword of Hate,2,4,0.5,50%,20.0,10.0,40,1,20.0,10.0
Chasseresse d'Âmes,Huntress of Souls,2,4,0.5,50%,19.0,9.5,38,1,19.0,9.5
Griffes Démoniaques,Demon Claws,2,4,0.5,50%,17.0,8.5,34,1,17.0,8.5
Frappe Chirurgicale,Accurate Sword,2,4,0.5,50%,16.0,8.0,32,1,16.0,8.0
Elan de Fureur,Rampage Momentum,2,4,0.5,50%,15.0,7.5,30,2,7.5,3.75
Triple Météore,Trimeteor,1,4,0.25,25%,30.0,7.5,30,0,Gratuit,Gratuit
Danse Macabre,Dance of Death,3,4,0.75,75%,8.0,6.0,24,1,8.0,6.0
Esprit de l'Écuyer,Spirit of the Squire,4,4,1.0,100%,5.25,5.25,21,3,1.75,1.75
Tombeau Rocheux,Rock Tomb,2,4,0.5,50%,10.0,5.0,20,1,10.0,5.0
Lance Triplée,Triple Spear,1,4,0.25,25%,20.0,5.0,20,0,Gratuit,Gratuit
Pillard Féroce,Savage Looter,1,4,0.25,25%,20.0,5.0,20,1,20.0,5.0
Esprit omniprésent,Omnipresent Spirit,1,4,0.25,25%,18.0,4.5,18,2,9.0,2.25
Enchaînement Éclair,Unstoppable Lightning,1,4,0.25,25%,18.0,4.5,18,1,18.0,4.5
Décharge Élémentaire,Elemental Discharge,1,4,0.25,25%,18.0,4.5,18,1,18.0,4.5
Parchemin Secret,Secret Scroll,1,4,0.25,25%,18.0,4.5,18,2,9.0,2.25
Esprit Guerrier,Spirit of the Warrior,1,4,0.25,25%,16.0,4.0,16,1,16.0,4.0
Totem du Gardien,Guardian Totem,4,4,1.0,100%,4.0,4.0,16,3,1.33,1.33
Lance Doublée,Dual Spear,2,4,0.5,50%,8.0,4.0,16,0,Gratuit,Gratuit
Bâton Élémentaire,Earthly Staff,1,4,0.25,25%,15.0,3.75,15,0,Gratuit,Gratuit
Instinct Sanguinaire,Bloody Instinct,1,4,0.25,25%,15.0,3.75,15,2,7.5,1.88
Chasseur d'Âmes,Soul Hunter,1,4,0.25,25%,15.0,3.75,15,1,15.0,3.75
Le Croque-mort,The Undertaker,1,4,0.25,25%,14.0,3.5,14,1,14.0,3.5
Couronne du Roi Nain,Crown of the Dwarf King,1,4,0.25,25%,13.0,3.25,13,0,Gratuit,Gratuit
Explosion Arcanique,Arcane Explosive,1,4,0.25,25%,12.0,3.0,12,1,12.0,3.0
Masse Colossale,Colossal Mace,1,4,0.25,25%,11.0,2.75,11,0,Gratuit,Gratuit
Sabre Versatile,Versatil Saber,1,4,0.25,25%,11.0,2.75,11,1,11.0,2.75
Destruction Royale,Royal Destroyer,1,4,0.25,25%,11.0,2.75,11,0,Gratuit,Gratuit
Griffes Sauvages,Wild Claw,4,4,1.0,100%,2.75,2.75,11,3,0.92,0.92
Désintégrateur Magnétique,Magnetic Disintegrator,1,4,0.25,25%,11.0,2.75,11,0,Gratuit,Gratuit
Épé Sainte,Holy Sword,1,4,0.25,25%,10.0,2.5,10,0,Gratuit,Gratuit
