,Nom Anglais,nb games valide,total games,ratio,%,pts moy,pts moy total,total point,cout,pts par cout moy,pts par cout total,pts par cout moy+1,pts par cout total+1
Faux,Scythe,14,14,1.0,100%,14.86,14.86,208,3,4.95,4.95,3.71,3.71
Totem Équivalent,Equivalent Totem,14,14,1.0,100%,14.43,14.43,202,2,7.21,7.21,4.81,4.81
Lame Affutée,Sharp Blade,12,14,0.86,86%,11.0,9.43,132,3,3.67,3.14,2.75,2.36
Armure d'Obsidienne,Obsidian Battle Plate,5,14,0.36,36%,20.0,7.14,100,2,10.0,3.57,6.67,2.38
Aveuglement,Incapacitor,13,14,0.93,93%,7.15,6.64,93,3,2.38,2.21,1.79,1.66
Économe Sagesse du Trésorier,Treasurer's Wisdom,5,14,0.36,36%,17.0,6.07,85,2,8.5,3.04,5.67,2.02
Épée Obscure,Swords of Darkness,5,14,0.36,36%,17.0,6.07,85,1,17.0,6.07,8.5,3.04
Hache Frénétique,Berseker Ax,6,14,0.43,43%,14.0,6.0,84,2,7.0,3.0,4.67,2.0
Esprit de l'Écuyer,Spirit of the Squire,13,14,0.93,93%,6.0,5.57,78,3,2.0,1.86,1.5,1.39
Elan de Fureur,Rampage Momentum,5,14,0.36,36%,15.0,5.36,75,2,7.5,2.68,5.0,1.79
Triple Météore,Trimeteor,2,14,0.14,14%,30.0,4.29,60,0,Gratuit,Gratuit,30.0,4.29
Esprit omniprésent,Omnipresent Spirit,3,14,0.21,21%,18.0,3.86,54,2,9.0,1.93,6.0,1.29
Danse Macabre,Dance of Death,6,14,0.43,43%,8.0,3.43,48,1,8.0,3.43,4.0,1.72
Explosion Arcanique,Arcane Explosive,4,14,0.29,29%,12.0,3.43,48,1,12.0,3.43,6.0,1.72
Parchemin Secret,Secret Scroll,2,14,0.14,14%,18.0,2.57,36,2,9.0,1.28,6.0,0.86
Chasseur d'Âmes,Soul Hunter,2,14,0.14,14%,17.5,2.5,35,1,17.5,2.5,8.75,1.25
Désintégrateur Magnétique,Magnetic Disintegrator,3,14,0.21,21%,11.0,2.36,33,0,Gratuit,Gratuit,11.0,2.36
Lame Insatiable,Fast Furious Blade,2,14,0.14,14%,16.0,2.29,32,2,8.0,1.15,5.33,0.76
Masse de Siège,Siege Mace,2,14,0.14,14%,16.0,2.29,32,0,Gratuit,Gratuit,16.0,2.29
Totem du Gardien,Guardian Totem,9,14,0.64,64%,3.44,2.21,31,3,1.15,0.74,0.86,0.55
Tombeau Rocheux,Rock Tomb,3,14,0.21,21%,10.0,2.14,30,1,10.0,2.14,5.0,1.07
Soif de Sang,Thirsty Dagger,2,14,0.14,14%,15.0,2.14,30,0,Gratuit,Gratuit,15.0,2.14
Armure d'Immortel,Immortal Breastplate,2,14,0.14,14%,14.0,2.0,28,1,14.0,2.0,7.0,1.0
Faux Assoiffées,Thirsty Scythes,1,14,0.07,7%,25.0,1.79,25,3,8.33,0.6,6.25,0.45
Marteau Collecteur,Collecting Hammer,3,14,0.21,21%,8.33,1.79,25,2,4.17,0.9,2.78,0.6
Ascension Divine,Divine Ascent,1,14,0.07,7%,25.0,1.79,25,3,8.33,0.6,6.25,0.45
Griffes Sauvages,Wild Claw,12,14,0.86,86%,2.0,1.71,24,3,0.67,0.57,0.5,0.43
Bâton de Conquête,Conquering Staff,1,14,0.07,7%,24.0,1.71,24,2,12.0,0.85,8.0,0.57
Coup de Mort,Death Helper,2,14,0.14,14%,11.5,1.64,23,1,11.5,1.64,5.75,0.82
Sabre Versatile,Versatil Saber,2,14,0.14,14%,11.0,1.57,22,1,11.0,1.57,5.5,0.79
Le Marionnettiste,The Puppeteer,1,14,0.07,7%,20.0,1.43,20,2,10.0,0.71,6.67,0.48
Décharge Élémentaire,Elemental Discharge,1,14,0.07,7%,18.0,1.29,18,1,18.0,1.29,9.0,0.65
Faux Parfaite,Perfect Scythe,1,14,0.07,7%,15.0,1.07,15,0,Gratuit,Gratuit,15.0,1.07
