,Nom Anglais,nb games valide,total games,ratio,%,pts moy,pts moy total,total point,cout,pts par cout moy,pts par cout total
Aveuglement,Incapacitor,12,12,1.0,100%,17.0,17.0,204,3,5.67,5.67
Faux,Scythe,12,12,1.0,100%,13.17,13.17,158,3,4.39,4.39
Armure d'Obsidienne,Obsidian Battle Plate,7,12,0.58,58%,20.0,11.67,140,2,10.0,5.83
Lame Insatiable,Fast Furious Blade,7,12,0.58,58%,16.0,9.33,112,2,8.0,4.67
Faux Assoiffées,Thirsty Scythes,4,12,0.33,33%,25.0,8.33,100,3,8.33,2.78
Économe Sagesse du Trésorier,Treasurer's Wisdom,5,12,0.42,42%,17.0,7.08,85,2,8.5,3.54
Lame Affutée,Sharp Blade,9,12,0.75,75%,8.33,6.25,75,3,2.78,2.08
Totem du Gardien,Guardian Totem,12,12,1.0,100%,6.17,6.17,74,3,2.06,2.06
Bâton de Conquête,Conquering Staff,3,12,0.25,25%,24.0,6.0,72,2,12.0,3.0
Esprit omniprésent,Omnipresent Spirit,4,12,0.33,33%,18.0,6.0,72,2,9.0,3.0
Hache Frénétique,Berseker Ax,5,12,0.42,42%,14.0,5.83,70,2,7.0,2.92
Chasseresse d'Âmes,Huntress of Souls,3,12,0.25,25%,19.0,4.75,57,1,19.0,4.75
Marteleur précis,Precise Hammer,3,12,0.25,25%,18.0,4.5,54,1,18.0,4.5
Griffes Démoniaques,Demon Claws,3,12,0.25,25%,17.0,4.25,51,1,17.0,4.25
Frappe Chirurgicale,Accurate Sword,3,12,0.25,25%,16.0,4.0,48,1,16.0,4.0
Esprit de l'Écuyer,Spirit of the Squire,7,12,0.58,58%,6.86,4.0,48,3,2.29,1.33
Esprit Guerrier,Spirit of the Warrior,3,12,0.25,25%,16.0,4.0,48,1,16.0,4.0
Soif de Sang,Thirsty Dagger,3,12,0.25,25%,15.0,3.75,45,0,Gratuit,Gratuit
Elan de Fureur,Rampage Momentum,3,12,0.25,25%,15.0,3.75,45,2,7.5,1.88
Épée Obscure,Swords of Darkness,3,12,0.25,25%,15.0,3.75,45,1,15.0,3.75
Vision Céleste,Heavenly Vision,2,12,0.17,17%,22.0,3.67,44,2,11.0,1.83
Le Croque-mort,The Undertaker,3,12,0.25,25%,14.0,3.5,42,1,14.0,3.5
Le Marionnettiste,The Puppeteer,2,12,0.17,17%,20.0,3.33,40,2,10.0,1.67
Aura Légendaire,Legend Aura,1,12,0.08,8%,40.0,3.33,40,3,13.33,1.11
Le Traqueur,The Stalker,2,12,0.17,17%,18.0,3.0,36,3,6.0,1.0
Esquive Salvatrice,Evasive Protection,2,12,0.17,17%,15.0,2.5,30,0,Gratuit,Gratuit
Épées Jumelles,Twin Swords,3,12,0.25,25%,10.0,2.5,30,1,10.0,2.5
Bâton Élémentaire,Earthly Staff,2,12,0.17,17%,15.0,2.5,30,0,Gratuit,Gratuit
Triple Météore,Trimeteor,1,12,0.08,8%,30.0,2.5,30,0,Gratuit,Gratuit
Instinct Sanguinaire,Bloody Instinct,2,12,0.17,17%,15.0,2.5,30,2,7.5,1.25
Armure d'Immortel,Immortal Breastplate,2,12,0.17,17%,14.0,2.33,28,1,14.0,2.33
Lance Doublée,Dual Spear,3,12,0.25,25%,8.0,2.0,24,0,Gratuit,Gratuit
Danse Macabre,Dance of Death,3,12,0.25,25%,8.0,2.0,24,1,8.0,2.0
Griffes Sauvages,Wild Claw,9,12,0.75,75%,2.44,1.83,22,3,0.81,0.61
Coup de Mort,Death Helper,2,12,0.17,17%,10.0,1.67,20,1,10.0,1.67
Lance Triplée,Triple Spear,1,12,0.08,8%,20.0,1.67,20,0,Gratuit,Gratuit
Glaive Vindicatif,Large Sword of Hate,1,12,0.08,8%,20.0,1.67,20,1,20.0,1.67
Le Visionnaire,The Visionary,1,12,0.08,8%,18.0,1.5,18,2,9.0,0.75
Parchemin Secret,Secret Scroll,1,12,0.08,8%,18.0,1.5,18,2,9.0,0.75
Enchaînement Éclair,Unstoppable Lightning,1,12,0.08,8%,18.0,1.5,18,1,18.0,1.5
Masse de Siège,Siege Mace,1,12,0.08,8%,16.0,1.33,16,0,Gratuit,Gratuit
Œil de Lynx,Hawk's Eye,2,12,0.17,17%,8.0,1.33,16,0,Gratuit,Gratuit
Chasseur d'Âmes,Soul Hunter,1,12,0.08,8%,15.0,1.25,15,1,15.0,1.25
Couronne du Roi Nain,Crown of the Dwarf King,1,12,0.08,8%,13.0,1.08,13,0,Gratuit,Gratuit
Explosion Arcanique,Arcane Explosive,1,12,0.08,8%,12.0,1.0,12,1,12.0,1.0
Bâton du Conquérant,Staff of Conquered Worlds,1,12,0.08,8%,11.0,0.92,11,0,Gratuit,Gratuit
Amulette Omnisciente,Omnipresent Amulet,1,12,0.08,8%,11.0,0.92,11,0,Gratuit,Gratuit
Sabre Versatile,Versatil Saber,1,12,0.08,8%,11.0,0.92,11,1,11.0,0.92
Destruction Royale,Royal Destroyer,1,12,0.08,8%,11.0,0.92,11,0,Gratuit,Gratuit
Masse Colossale,Colossal Mace,1,12,0.08,8%,11.0,0.92,11,0,Gratuit,Gratuit
Désintégrateur Magnétique,Magnetic Disintegrator,1,12,0.08,8%,11.0,0.92,11,0,Gratuit,Gratuit
Épé Sainte,Holy Sword,1,12,0.08,8%,10.0,0.83,10,0,Gratuit,Gratuit
Tombeau Rocheux,Rock Tomb,1,12,0.08,8%,10.0,0.83,10,1,10.0,0.83
