,Nom Anglais,nb games valide,total games,ratio,%,pts moy,pts moy total,total point,cout,pts par cout moy,pts par cout total
Aveuglement,Incapacitor,9,9,1.0,100%,18.33,18.33,165,3,6.11,6.11
Faux,Scythe,9,9,1.0,100%,13.44,13.44,121,3,4.48,4.48
Armure d'Obsidienne,Obsidian Battle Plate,6,9,0.67,67%,20.0,13.33,120,2,10.0,6.67
Faux Assoiffées,Thirsty Scythes,4,9,0.44,44%,25.0,11.11,100,3,8.33,3.7
Lame Insatiable,Fast Furious Blade,6,9,0.67,67%,16.0,10.67,96,2,8.0,5.33
Économe Sagesse du Trésorier,Treasurer's Wisdom,5,9,0.56,56%,17.0,9.44,85,2,8.5,4.72
Bâton de Conquête,Conquering Staff,3,9,0.33,33%,24.0,8.0,72,2,12.0,4.0
Esprit omniprésent,Omnipresent Spirit,4,9,0.44,44%,18.0,8.0,72,2,9.0,4.0
Hache Frénétique,Berseker Ax,5,9,0.56,56%,14.0,7.78,70,2,7.0,3.89
Lame Affutée,Sharp Blade,7,9,0.78,78%,9.43,7.33,66,3,3.14,2.44
Totem du Gardien,Guardian Totem,9,9,1.0,100%,7.33,7.33,66,3,2.44,2.44
Chasseresse d'Âmes,Huntress of Souls,3,9,0.33,33%,19.0,6.33,57,1,19.0,6.33
Griffes Démoniaques,Demon Claws,3,9,0.33,33%,17.0,5.67,51,1,17.0,5.67
Esprit Guerrier,Spirit of the Warrior,3,9,0.33,33%,16.0,5.33,48,1,16.0,5.33
Soif de Sang,Thirsty Dagger,3,9,0.33,33%,15.0,5.0,45,0,Gratuit,Gratuit
Elan de Fureur,Rampage Momentum,3,9,0.33,33%,15.0,5.0,45,2,7.5,2.5
Épée Obscure,Swords of Darkness,3,9,0.33,33%,15.0,5.0,45,1,15.0,5.0
Vision Céleste,Heavenly Vision,2,9,0.22,22%,22.0,4.89,44,2,11.0,2.44
Le Croque-mort,The Undertaker,3,9,0.33,33%,14.0,4.67,42,1,14.0,4.67
Esprit de l'Écuyer,Spirit of the Squire,5,9,0.56,56%,8.4,4.67,42,3,2.8,1.56
Le Marionnettiste,The Puppeteer,2,9,0.22,22%,20.0,4.44,40,2,10.0,2.22
Aura Légendaire,Legend Aura,1,9,0.11,11%,40.0,4.44,40,3,13.33,1.48
Marteleur précis,Precise Hammer,2,9,0.22,22%,18.0,4.0,36,1,18.0,4.0
Le Traqueur,The Stalker,2,9,0.22,22%,18.0,4.0,36,3,6.0,1.33
Frappe Chirurgicale,Accurate Sword,2,9,0.22,22%,16.0,3.56,32,1,16.0,3.56
Esquive Salvatrice,Evasive Protection,2,9,0.22,22%,15.0,3.33,30,0,Gratuit,Gratuit
Épées Jumelles,Twin Swords,3,9,0.33,33%,10.0,3.33,30,1,10.0,3.33
Bâton Élémentaire,Earthly Staff,2,9,0.22,22%,15.0,3.33,30,0,Gratuit,Gratuit
Triple Météore,Trimeteor,1,9,0.11,11%,30.0,3.33,30,0,Gratuit,Gratuit
Armure d'Immortel,Immortal Breastplate,2,9,0.22,22%,14.0,3.11,28,1,14.0,3.11
Lance Doublée,Dual Spear,3,9,0.33,33%,8.0,2.67,24,0,Gratuit,Gratuit
Danse Macabre,Dance of Death,3,9,0.33,33%,8.0,2.67,24,1,8.0,2.67
Coup de Mort,Death Helper,2,9,0.22,22%,10.0,2.22,20,1,10.0,2.22
Lance Triplée,Triple Spear,1,9,0.11,11%,20.0,2.22,20,0,Gratuit,Gratuit
Glaive Vindicatif,Large Sword of Hate,1,9,0.11,11%,20.0,2.22,20,1,20.0,2.22
Griffes Sauvages,Wild Claw,7,9,0.78,78%,2.71,2.11,19,3,0.9,0.7
Le Visionnaire,The Visionary,1,9,0.11,11%,18.0,2.0,18,2,9.0,1.0
Parchemin Secret,Secret Scroll,1,9,0.11,11%,18.0,2.0,18,2,9.0,1.0
Enchaînement Éclair,Unstoppable Lightning,1,9,0.11,11%,18.0,2.0,18,1,18.0,2.0
Masse de Siège,Siege Mace,1,9,0.11,11%,16.0,1.78,16,0,Gratuit,Gratuit
Œil de Lynx,Hawk's Eye,2,9,0.22,22%,8.0,1.78,16,0,Gratuit,Gratuit
Instinct Sanguinaire,Bloody Instinct,1,9,0.11,11%,15.0,1.67,15,2,7.5,0.83
Chasseur d'Âmes,Soul Hunter,1,9,0.11,11%,15.0,1.67,15,1,15.0,1.67
Couronne du Roi Nain,Crown of the Dwarf King,1,9,0.11,11%,13.0,1.44,13,0,Gratuit,Gratuit
Explosion Arcanique,Arcane Explosive,1,9,0.11,11%,12.0,1.33,12,1,12.0,1.33
Bâton du Conquérant,Staff of Conquered Worlds,1,9,0.11,11%,11.0,1.22,11,0,Gratuit,Gratuit
Amulette Omnisciente,Omnipresent Amulet,1,9,0.11,11%,11.0,1.22,11,0,Gratuit,Gratuit
Sabre Versatile,Versatil Saber,1,9,0.11,11%,11.0,1.22,11,1,11.0,1.22
Destruction Royale,Royal Destroyer,1,9,0.11,11%,11.0,1.22,11,0,Gratuit,Gratuit
Masse Colossale,Colossal Mace,1,9,0.11,11%,11.0,1.22,11,0,Gratuit,Gratuit
Désintégrateur Magnétique,Magnetic Disintegrator,1,9,0.11,11%,11.0,1.22,11,0,Gratuit,Gratuit
Épé Sainte,Holy Sword,1,9,0.11,11%,10.0,1.11,10,0,Gratuit,Gratuit
Tombeau Rocheux,Rock Tomb,1,9,0.11,11%,10.0,1.11,10,1,10.0,1.11
