,Nom Anglais,nb games valide,total games,ratio,%,pts moy,pts moy total,total point,cout,pts par cout moy,pts par cout total
Faux,Scythe,13,13,1.0,100%,17.15,17.15,223,3,5.72,5.72
Aveuglement,Incapacitor,13,13,1.0,100%,14.54,14.54,189,3,4.85,4.85
Économe Sagesse du Trésorier,Treasurer's Wisdom,10,13,0.77,77%,17.0,13.08,170,2,8.5,6.54
Lame Insatiable,Fast Furious Blade,10,13,0.77,77%,16.0,12.31,160,2,8.0,6.16
Hache Frénétique,Berseker Ax,9,13,0.69,69%,14.0,9.69,126,2,7.0,4.84
Lame Affutée,Sharp Blade,11,13,0.85,85%,10.64,9.0,117,3,3.55,3.0
Faux Assoiffées,Thirsty Scythes,4,13,0.31,31%,25.0,7.69,100,3,8.33,2.56
Armure d'Obsidienne,Obsidian Battle Plate,5,13,0.38,38%,20.0,7.69,100,2,10.0,3.85
Esprit de l'Écuyer,Spirit of the Squire,9,13,0.69,69%,8.33,5.77,75,3,2.78,1.92
Marteleur précis,Precise Hammer,4,13,0.31,31%,18.0,5.54,72,1,18.0,5.54
Tombeau Rocheux,Rock Tomb,7,13,0.54,54%,10.0,5.38,70,1,10.0,5.38
Désintégrateur Magnétique,Magnetic Disintegrator,6,13,0.46,46%,11.0,5.08,66,0,Gratuit,Gratuit
Elan de Fureur,Rampage Momentum,4,13,0.31,31%,15.0,4.62,60,2,7.5,2.31
Totem du Gardien,Guardian Totem,13,13,1.0,100%,4.38,4.38,57,3,1.46,1.46
Chasseresse d'Âmes,Huntress of Souls,3,13,0.23,23%,19.0,4.38,57,1,19.0,4.38
Armure d'Immortel,Immortal Breastplate,4,13,0.31,31%,14.0,4.31,56,1,14.0,4.31
Destruction Royale,Royal Destroyer,5,13,0.38,38%,11.0,4.23,55,0,Gratuit,Gratuit
Parchemin Secret,Secret Scroll,3,13,0.23,23%,18.0,4.15,54,2,9.0,2.08
Griffes Démoniaques,Demon Claws,3,13,0.23,23%,17.0,3.92,51,1,17.0,3.92
Ascension Divine,Divine Ascent,2,13,0.15,15%,25.0,3.85,50,3,8.33,1.28
Bâton de Conquête,Conquering Staff,2,13,0.15,15%,24.0,3.69,48,2,12.0,1.84
Explosion Arcanique,Arcane Explosive,4,13,0.31,31%,12.0,3.69,48,1,12.0,3.69
Danse Macabre,Dance of Death,6,13,0.46,46%,8.0,3.69,48,1,8.0,3.69
Griffes Sauvages,Wild Claw,12,13,0.92,92%,4.0,3.69,48,3,1.33,1.23
Le Croque-mort,The Undertaker,3,13,0.23,23%,14.0,3.23,42,1,14.0,3.23
Décharge Élémentaire,Elemental Discharge,2,13,0.15,15%,18.0,2.77,36,1,18.0,2.77
Sabre Versatile,Versatil Saber,3,13,0.23,23%,11.0,2.54,33,1,11.0,2.54
Frappe Chirurgicale,Accurate Sword,2,13,0.15,15%,16.0,2.46,32,1,16.0,2.46
Esprit Guerrier,Spirit of the Warrior,2,13,0.15,15%,16.0,2.46,32,1,16.0,2.46
Coup de Mort,Death Helper,3,13,0.23,23%,10.0,2.31,30,1,10.0,2.31
Épée Obscure,Swords of Darkness,2,13,0.15,15%,15.0,2.31,30,1,15.0,2.31
Couronne du Roi Nain,Crown of the Dwarf King,2,13,0.15,15%,13.0,2.0,26,0,Gratuit,Gratuit
Force Divine,Divine Impetu,2,13,0.15,15%,11.0,1.69,22,0,Gratuit,Gratuit
Pillard Féroce,Savage Looter,1,13,0.08,8%,20.0,1.54,20,1,20.0,1.54
Épé Sainte,Holy Sword,2,13,0.15,15%,10.0,1.54,20,0,Gratuit,Gratuit
Épées Jumelles,Twin Swords,2,13,0.15,15%,10.0,1.54,20,1,10.0,1.54
Esprit omniprésent,Omnipresent Spirit,1,13,0.08,8%,18.0,1.38,18,2,9.0,0.69
Enchaînement Éclair,Unstoppable Lightning,1,13,0.08,8%,18.0,1.38,18,1,18.0,1.38
Masse de Siège,Siege Mace,1,13,0.08,8%,16.0,1.23,16,0,Gratuit,Gratuit
Œil de Lynx,Hawk's Eye,2,13,0.15,15%,8.0,1.23,16,0,Gratuit,Gratuit
Lance Doublée,Dual Spear,1,13,0.08,8%,8.0,0.62,8,0,Gratuit,Gratuit
