,Nom Anglais,nb games valide,total games,ratio,%,pts moy,pts moy total,total point,cout,pts par cout moy,pts par cout total
Aveuglement,Incapacitor,9,9,1.0,100%,20.67,20.67,186,3,6.89,6.89
Armure d'Obsidienne,Obsidian Battle Plate,8,9,0.89,89%,20.0,17.78,160,2,10.0,8.89
Faux,Scythe,9,9,1.0,100%,17.22,17.22,155,3,5.74,5.74
Lame Insatiable,Fast Furious Blade,9,9,1.0,100%,16.0,16.0,144,2,8.0,8.0
Chasseresse d'Âmes,Huntress of Souls,7,9,0.78,78%,19.0,14.78,133,1,19.0,14.78
Parchemin Secret,Secret Scroll,7,9,0.78,78%,18.0,14.0,126,2,9.0,7.0
Faux Assoiffées,Thirsty Scythes,5,9,0.56,56%,25.0,13.89,125,3,8.33,4.63
Économe Sagesse du Trésorier,Treasurer's Wisdom,7,9,0.78,78%,17.0,13.22,119,2,8.5,6.61
Griffes Démoniaques,Demon Claws,7,9,0.78,78%,17.0,13.22,119,1,17.0,13.22
Frappe Chirurgicale,Accurate Sword,7,9,0.78,78%,16.0,12.44,112,1,16.0,12.44
Lame Affutée,Sharp Blade,9,9,1.0,100%,12.33,12.33,111,3,4.11,4.11
Explosion Arcanique,Arcane Explosive,9,9,1.0,100%,12.0,12.0,108,1,12.0,12.0
Esprit Guerrier,Spirit of the Warrior,6,9,0.67,67%,16.0,10.67,96,1,16.0,10.67
Bâton de Conquête,Conquering Staff,4,9,0.44,44%,24.0,10.67,96,2,12.0,5.33
Tombeau Rocheux,Rock Tomb,8,9,0.89,89%,10.0,8.89,80,1,10.0,8.89
Épée Obscure,Swords of Darkness,5,9,0.56,56%,15.0,8.33,75,1,15.0,8.33
Marteleur précis,Precise Hammer,4,9,0.44,44%,18.0,8.0,72,1,18.0,8.0
Hache Frénétique,Berseker Ax,5,9,0.56,56%,14.0,7.78,70,2,7.0,3.89
Épées Jumelles,Twin Swords,5,9,0.56,56%,14.0,7.78,70,1,14.0,7.78
Esprit de l'Écuyer,Spirit of the Squire,9,9,1.0,100%,7.33,7.33,66,3,2.44,2.44
Triple Météore,Trimeteor,2,9,0.22,22%,30.0,6.67,60,0,Gratuit,Gratuit
Désintégrateur Magnétique,Magnetic Disintegrator,5,9,0.56,56%,11.0,6.11,55,0,Gratuit,Gratuit
Bâton du Conquérant,Staff of Conquered Worlds,5,9,0.56,56%,11.0,6.11,55,0,Gratuit,Gratuit
Destruction Royale,Royal Destroyer,5,9,0.56,56%,11.0,6.11,55,0,Gratuit,Gratuit
Enchaînement Éclair,Unstoppable Lightning,3,9,0.33,33%,18.0,6.0,54,1,18.0,6.0
Couronne du Roi Nain,Crown of the Dwarf King,4,9,0.44,44%,13.0,5.78,52,0,Gratuit,Gratuit
Elan de Fureur,Rampage Momentum,3,9,0.33,33%,15.0,5.0,45,2,7.5,2.5
Sabre Versatile,Versatil Saber,4,9,0.44,44%,11.0,4.89,44,1,11.0,4.89
Totem du Gardien,Guardian Totem,9,9,1.0,100%,4.78,4.78,43,3,1.59,1.59
Armure d'Immortel,Immortal Breastplate,3,9,0.33,33%,14.0,4.67,42,1,14.0,4.67
Le Croque-mort,The Undertaker,3,9,0.33,33%,14.0,4.67,42,1,14.0,4.67
Aura Légendaire,Legend Aura,1,9,0.11,11%,40.0,4.44,40,3,13.33,1.48
Pillard Féroce,Savage Looter,2,9,0.22,22%,20.0,4.44,40,1,20.0,4.44
Lance Triplée,Triple Spear,2,9,0.22,22%,20.0,4.44,40,0,Gratuit,Gratuit
Lance Doublée,Dual Spear,5,9,0.56,56%,8.0,4.44,40,0,Gratuit,Gratuit
Masse Colossale,Colossal Mace,3,9,0.33,33%,11.0,3.67,33,0,Gratuit,Gratuit
Danse Macabre,Dance of Death,4,9,0.44,44%,8.0,3.56,32,1,8.0,3.56
Œil de Lynx,Hawk's Eye,4,9,0.44,44%,8.0,3.56,32,0,Gratuit,Gratuit
Instinct Sanguinaire,Bloody Instinct,2,9,0.22,22%,15.0,3.33,30,2,7.5,1.67
Esquive Salvatrice,Evasive Protection,2,9,0.22,22%,15.0,3.33,30,0,Gratuit,Gratuit
Griffes Sauvages,Wild Claw,9,9,1.0,100%,3.11,3.11,28,3,1.04,1.04
Ascension Divine,Divine Ascent,1,9,0.11,11%,25.0,2.78,25,3,8.33,0.93
Glaive Vindicatif,Large Sword of Hate,1,9,0.11,11%,20.0,2.22,20,1,20.0,2.22
Épé Sainte,Holy Sword,2,9,0.22,22%,10.0,2.22,20,0,Gratuit,Gratuit
Bâton Élémentaire,Earthly Staff,1,9,0.11,11%,15.0,1.67,15,0,Gratuit,Gratuit
Amulette Omnisciente,Omnipresent Amulet,1,9,0.11,11%,11.0,1.22,11,0,Gratuit,Gratuit
Coup de Mort,Death Helper,1,9,0.11,11%,10.0,1.11,10,1,10.0,1.11
