,Nom Anglais,nb games valide,total games,ratio,%,pts moy,pts moy total,total point,cout,pts par cout moy,pts par cout total
Aveuglement,Incapacitor,8,8,1.0,100%,21.38,21.38,171,3,7.13,7.13
Armure d'Obsidienne,Obsidian Battle Plate,7,8,0.88,88%,20.0,17.5,140,2,10.0,8.75
Faux,Scythe,8,8,1.0,100%,17.0,17.0,136,3,5.67,5.67
Lame Insatiable,Fast Furious Blade,8,8,1.0,100%,16.0,16.0,128,2,8.0,8.0
Chasseresse d'Âmes,Huntress of Souls,6,8,0.75,75%,19.0,14.25,114,1,19.0,14.25
Parchemin Secret,Secret Scroll,6,8,0.75,75%,18.0,13.5,108,2,9.0,6.75
Économe Sagesse du Trésorier,Treasurer's Wisdom,6,8,0.75,75%,17.0,12.75,102,2,8.5,6.38
Griffes Démoniaques,Demon Claws,6,8,0.75,75%,17.0,12.75,102,1,17.0,12.75
Faux Assoiffées,Thirsty Scythes,4,8,0.5,50%,25.0,12.5,100,3,8.33,4.17
Bâton de Conquête,Conquering Staff,4,8,0.5,50%,24.0,12.0,96,2,12.0,6.0
Frappe Chirurgicale,Accurate Sword,6,8,0.75,75%,16.0,12.0,96,1,16.0,12.0
Explosion Arcanique,Arcane Explosive,8,8,1.0,100%,12.0,12.0,96,1,12.0,12.0
Lame Affutée,Sharp Blade,8,8,1.0,100%,10.12,10.12,81,3,3.37,3.37
Esprit Guerrier,Spirit of the Warrior,5,8,0.62,62%,16.0,10.0,80,1,16.0,10.0
Tombeau Rocheux,Rock Tomb,7,8,0.88,88%,10.0,8.75,70,1,10.0,8.75
Triple Météore,Trimeteor,2,8,0.25,25%,30.0,7.5,60,0,Gratuit,Gratuit
Épée Obscure,Swords of Darkness,4,8,0.5,50%,15.0,7.5,60,1,15.0,7.5
Esprit de l'Écuyer,Spirit of the Squire,8,8,1.0,100%,7.5,7.5,60,3,2.5,2.5
Hache Frénétique,Berseker Ax,4,8,0.5,50%,14.0,7.0,56,2,7.0,3.5
Désintégrateur Magnétique,Magnetic Disintegrator,5,8,0.62,62%,11.0,6.88,55,0,Gratuit,Gratuit
Destruction Royale,Royal Destroyer,5,8,0.62,62%,11.0,6.88,55,0,Gratuit,Gratuit
Bâton du Conquérant,Staff of Conquered Worlds,5,8,0.62,62%,11.0,6.88,55,0,Gratuit,Gratuit
Marteleur précis,Precise Hammer,3,8,0.38,38%,18.0,6.75,54,1,18.0,6.75
Épées Jumelles,Twin Swords,4,8,0.5,50%,12.5,6.25,50,1,12.5,6.25
Armure d'Immortel,Immortal Breastplate,3,8,0.38,38%,14.0,5.25,42,1,14.0,5.25
Lance Triplée,Triple Spear,2,8,0.25,25%,20.0,5.0,40,0,Gratuit,Gratuit
Couronne du Roi Nain,Crown of the Dwarf King,3,8,0.38,38%,13.0,4.88,39,0,Gratuit,Gratuit
Totem du Gardien,Guardian Totem,8,8,1.0,100%,4.75,4.75,38,3,1.58,1.58
Enchaînement Éclair,Unstoppable Lightning,2,8,0.25,25%,18.0,4.5,36,1,18.0,4.5
Sabre Versatile,Versatil Saber,3,8,0.38,38%,11.0,4.12,33,1,11.0,4.12
Œil de Lynx,Hawk's Eye,4,8,0.5,50%,8.0,4.0,32,0,Gratuit,Gratuit
Lance Doublée,Dual Spear,4,8,0.5,50%,8.0,4.0,32,0,Gratuit,Gratuit
Instinct Sanguinaire,Bloody Instinct,2,8,0.25,25%,15.0,3.75,30,2,7.5,1.88
Esquive Salvatrice,Evasive Protection,2,8,0.25,25%,15.0,3.75,30,0,Gratuit,Gratuit
Elan de Fureur,Rampage Momentum,2,8,0.25,25%,15.0,3.75,30,2,7.5,1.88
Le Croque-mort,The Undertaker,2,8,0.25,25%,14.0,3.5,28,1,14.0,3.5
Ascension Divine,Divine Ascent,1,8,0.12,12%,25.0,3.12,25,3,8.33,1.04
Griffes Sauvages,Wild Claw,8,8,1.0,100%,3.0,3.0,24,3,1.0,1.0
Danse Macabre,Dance of Death,3,8,0.38,38%,8.0,3.0,24,1,8.0,3.0
Masse Colossale,Colossal Mace,2,8,0.25,25%,11.0,2.75,22,0,Gratuit,Gratuit
Glaive Vindicatif,Large Sword of Hate,1,8,0.12,12%,20.0,2.5,20,1,20.0,2.5
Pillard Féroce,Savage Looter,1,8,0.12,12%,20.0,2.5,20,1,20.0,2.5
Bâton Élémentaire,Earthly Staff,1,8,0.12,12%,15.0,1.88,15,0,Gratuit,Gratuit
Amulette Omnisciente,Omnipresent Amulet,1,8,0.12,12%,11.0,1.38,11,0,Gratuit,Gratuit
Épé Sainte,Holy Sword,1,8,0.12,12%,10.0,1.25,10,0,Gratuit,Gratuit
Coup de Mort,Death Helper,1,8,0.12,12%,10.0,1.25,10,1,10.0,1.25
