,Nom Anglais,nb games valide,total games,ratio,%,pts moy,pts moy total,total point,cout,pts par cout moy,pts par cout total,pts par cout moy+1,pts par cout total+1
Lame Affutée,Sharp Blade,15,15,1.0,100%,16.6,16.6,249,3,5.53,5.53,4.15,4.15
Faux,Scythe,15,15,1.0,100%,16.0,16.0,240,3,5.33,5.33,4.0,4.0
Totem Équivalent,Equivalent Totem,15,15,1.0,100%,15.53,15.53,233,2,7.76,7.76,5.18,5.18
Économe Sagesse du Trésorier,Treasurer's Wisdom,11,15,0.73,73%,17.0,12.47,187,2,8.5,6.24,5.67,4.16
Marteau Collecteur,Collecting Hammer,11,15,0.73,73%,16.55,12.13,182,2,8.28,6.07,5.52,4.04
Aveuglement,Incapacitor,15,15,1.0,100%,10.2,10.2,153,3,3.4,3.4,2.55,2.55
Faux Assoiffées,Thirsty Scythes,6,15,0.4,40%,25.0,10.0,150,3,8.33,3.33,6.25,2.5
Épée Obscure,Swords of Darkness,8,15,0.53,53%,17.0,9.07,136,1,17.0,9.07,8.5,4.54
Hache Frénétique,Berseker Ax,9,15,0.6,60%,14.0,8.4,126,2,7.0,4.2,4.67,2.8
Marteleur précis,Precise Hammer,7,15,0.47,47%,18.0,8.4,126,1,18.0,8.4,9.0,4.2
Armure d'Obsidienne,Obsidian Battle Plate,6,15,0.4,40%,20.0,8.0,120,2,10.0,4.0,6.67,2.67
Aura Légendaire,Legend Aura,3,15,0.2,20%,40.0,8.0,120,3,13.33,2.67,10.0,2.0
Esprit Guerrier,Spirit of the Warrior,7,15,0.47,47%,16.0,7.47,112,1,16.0,7.47,8.0,3.73
Explosion Arcanique,Arcane Explosive,9,15,0.6,60%,12.0,7.2,108,1,12.0,7.2,6.0,3.6
Esprit de l'Écuyer,Spirit of the Squire,13,15,0.87,87%,7.85,6.8,102,3,2.62,2.27,1.96,1.7
Couronne du Roi Nain,Crown of the Dwarf King,7,15,0.47,47%,13.0,6.07,91,0,Gratuit,Gratuit,13.0,6.07
Tombeau Rocheux,Rock Tomb,9,15,0.6,60%,10.0,6.0,90,1,10.0,6.0,5.0,3.0
Œil de Lynx,Hawk's Eye,10,15,0.67,67%,8.8,5.87,88,0,Gratuit,Gratuit,8.8,5.87
Elan de Fureur,Rampage Momentum,5,15,0.33,33%,15.0,5.0,75,2,7.5,2.5,5.0,1.67
Ascension Divine,Divine Ascent,3,15,0.2,20%,25.0,5.0,75,3,8.33,1.67,6.25,1.25
Bâton de Conquête,Conquering Staff,3,15,0.2,20%,24.0,4.8,72,2,12.0,2.4,8.0,1.6
Parchemin Secret,Secret Scroll,4,15,0.27,27%,18.0,4.8,72,2,9.0,2.4,6.0,1.6
Danse Macabre,Dance of Death,9,15,0.6,60%,8.0,4.8,72,1,8.0,4.8,4.0,2.4
Enchaînement Éclair,Unstoppable Lightning,4,15,0.27,27%,18.0,4.8,72,1,18.0,4.8,9.0,2.4
Pluie de Météorites,Meteorites,1,15,0.07,7%,70.0,4.67,70,0,Gratuit,Gratuit,70.0,4.67
Sabre Versatile,Versatil Saber,6,15,0.4,40%,11.0,4.4,66,1,11.0,4.4,5.5,2.2
Masse Colossale,Colossal Mace,5,15,0.33,33%,12.6,4.2,63,0,Gratuit,Gratuit,12.6,4.2
Triple Météore,Trimeteor,2,15,0.13,13%,30.0,4.0,60,0,Gratuit,Gratuit,30.0,4.0
Faux Parfaite,Perfect Scythe,4,15,0.27,27%,15.0,4.0,60,0,Gratuit,Gratuit,15.0,4.0
Épé Sainte,Holy Sword,6,15,0.4,40%,10.0,4.0,60,0,Gratuit,Gratuit,10.0,4.0
Chasseresse d'Âmes,Huntress of Souls,3,15,0.2,20%,19.0,3.8,57,1,19.0,3.8,9.5,1.9
Désintégrateur Magnétique,Magnetic Disintegrator,5,15,0.33,33%,11.0,3.67,55,0,Gratuit,Gratuit,11.0,3.67
Totem du Gardien,Guardian Totem,10,15,0.67,67%,5.1,3.4,51,3,1.7,1.13,1.27,0.85
Griffes Démoniaques,Demon Claws,3,15,0.2,20%,17.0,3.4,51,1,17.0,3.4,8.5,1.7
Soif de Sang,Thirsty Dagger,3,15,0.2,20%,15.0,3.0,45,0,Gratuit,Gratuit,15.0,3.0
Assistance Divine,Sacred Help,2,15,0.13,13%,20.0,2.67,40,2,10.0,1.33,6.67,0.89
Coup de Mort,Death Helper,3,15,0.2,20%,12.0,2.4,36,1,12.0,2.4,6.0,1.2
Lame Insatiable,Fast Furious Blade,2,15,0.13,13%,16.0,2.13,32,2,8.0,1.06,5.33,0.71
Griffes Sauvages,Wild Claw,13,15,0.87,87%,2.46,2.13,32,3,0.82,0.71,0.61,0.53
Armure d'Immortel,Immortal Breastplate,2,15,0.13,13%,14.0,1.87,28,1,14.0,1.87,7.0,0.94
Force Divine,Divine Impetu,2,15,0.13,13%,13.0,1.73,26,0,Gratuit,Gratuit,13.0,1.73
Bâton du Conquérant,Staff of Conquered Worlds,2,15,0.13,13%,11.0,1.47,22,0,Gratuit,Gratuit,11.0,1.47
Pillard Féroce,Savage Looter,1,15,0.07,7%,20.0,1.33,20,1,20.0,1.33,10.0,0.67
Esprit omniprésent,Omnipresent Spirit,1,15,0.07,7%,18.0,1.2,18,2,9.0,0.6,6.0,0.4
Masse de Siège,Siege Mace,1,15,0.07,7%,16.0,1.07,16,0,Gratuit,Gratuit,16.0,1.07
