,Nom Anglais,nb games valide,total games,ratio,%,pts moy,pts moy total,total point,cout,pts par cout moy,pts par cout total,pts par cout moy+1,pts par cout total+1
Lame Affutée,Sharp Blade,7,7,1.0,100%,22.29,22.29,156,3,7.43,7.43,5.57,5.57
Aura Légendaire,Legend Aura,3,7,0.43,43%,40.0,17.14,120,3,13.33,5.71,10.0,4.29
Faux,Scythe,7,7,1.0,100%,15.86,15.86,111,3,5.29,5.29,3.96,3.96
Totem Équivalent,Equivalent Totem,7,7,1.0,100%,15.57,15.57,109,2,7.79,7.79,5.19,5.19
Épée Obscure,Swords of Darkness,6,7,0.86,86%,17.0,14.57,102,1,17.0,14.57,8.5,7.29
Faux Assoiffées,Thirsty Scythes,4,7,0.57,57%,25.0,14.29,100,3,8.33,4.76,6.25,3.57
Économe Sagesse du Trésorier,Treasurer's Wisdom,5,7,0.71,71%,17.0,12.14,85,2,8.5,6.07,5.67,4.05
Marteau Collecteur,Collecting Hammer,5,7,0.71,71%,16.8,12.0,84,2,8.4,6.0,5.6,4.0
Armure d'Obsidienne,Obsidian Battle Plate,4,7,0.57,57%,20.0,11.43,80,2,10.0,5.71,6.67,3.81
Aveuglement,Incapacitor,7,7,1.0,100%,10.71,10.71,75,3,3.57,3.57,2.68,2.68
Marteleur précis,Precise Hammer,4,7,0.57,57%,18.0,10.29,72,1,18.0,10.29,9.0,5.14
Hache Frénétique,Berseker Ax,5,7,0.71,71%,14.0,10.0,70,2,7.0,5.0,4.67,3.33
Pluie de Météorites,Meteorites,1,7,0.14,14%,70.0,10.0,70,0,Gratuit,Gratuit,70.0,10.0
Esprit Guerrier,Spirit of the Warrior,4,7,0.57,57%,16.0,9.14,64,1,16.0,9.14,8.0,4.57
Elan de Fureur,Rampage Momentum,4,7,0.57,57%,15.0,8.57,60,2,7.5,4.29,5.0,2.86
Triple Météore,Trimeteor,2,7,0.29,29%,30.0,8.57,60,0,Gratuit,Gratuit,30.0,8.57
Esprit de l'Écuyer,Spirit of the Squire,7,7,1.0,100%,8.57,8.57,60,3,2.86,2.86,2.14,2.14
Chasseresse d'Âmes,Huntress of Souls,3,7,0.43,43%,19.0,8.14,57,1,19.0,8.14,9.5,4.07
Sabre Versatile,Versatil Saber,5,7,0.71,71%,11.0,7.86,55,1,11.0,7.86,5.5,3.93
Enchaînement Éclair,Unstoppable Lightning,3,7,0.43,43%,18.0,7.71,54,1,18.0,7.71,9.0,3.85
Parchemin Secret,Secret Scroll,3,7,0.43,43%,18.0,7.71,54,2,9.0,3.85,6.0,2.57
Couronne du Roi Nain,Crown of the Dwarf King,4,7,0.57,57%,13.0,7.43,52,0,Gratuit,Gratuit,13.0,7.43
Griffes Démoniaques,Demon Claws,3,7,0.43,43%,17.0,7.29,51,1,17.0,7.29,8.5,3.65
Ascension Divine,Divine Ascent,2,7,0.29,29%,25.0,7.14,50,3,8.33,2.38,6.25,1.78
Tombeau Rocheux,Rock Tomb,5,7,0.71,71%,10.0,7.14,50,1,10.0,7.14,5.0,3.57
Explosion Arcanique,Arcane Explosive,4,7,0.57,57%,12.0,6.86,48,1,12.0,6.86,6.0,3.43
Bâton de Conquête,Conquering Staff,2,7,0.29,29%,24.0,6.86,48,2,12.0,3.43,8.0,2.29
Désintégrateur Magnétique,Magnetic Disintegrator,4,7,0.57,57%,11.0,6.29,44,0,Gratuit,Gratuit,11.0,6.29
Danse Macabre,Dance of Death,5,7,0.71,71%,8.0,5.71,40,1,8.0,5.71,4.0,2.85
Épé Sainte,Holy Sword,4,7,0.57,57%,10.0,5.71,40,0,Gratuit,Gratuit,10.0,5.71
Œil de Lynx,Hawk's Eye,5,7,0.71,71%,8.0,5.71,40,0,Gratuit,Gratuit,8.0,5.71
Totem du Gardien,Guardian Totem,7,7,1.0,100%,5.14,5.14,36,3,1.71,1.71,1.28,1.28
Masse Colossale,Colossal Mace,3,7,0.43,43%,11.0,4.71,33,0,Gratuit,Gratuit,11.0,4.71
Faux Parfaite,Perfect Scythe,2,7,0.29,29%,15.0,4.29,30,0,Gratuit,Gratuit,15.0,4.29
Armure d'Immortel,Immortal Breastplate,2,7,0.29,29%,14.0,4.0,28,1,14.0,4.0,7.0,2.0
Pillard Féroce,Savage Looter,1,7,0.14,14%,20.0,2.86,20,1,20.0,2.86,10.0,1.43
Assistance Divine,Sacred Help,1,7,0.14,14%,20.0,2.86,20,2,10.0,1.43,6.67,0.95
Lame Insatiable,Fast Furious Blade,1,7,0.14,14%,16.0,2.29,16,2,8.0,1.15,5.33,0.76
Masse de Siège,Siege Mace,1,7,0.14,14%,16.0,2.29,16,0,Gratuit,Gratuit,16.0,2.29
Griffes Sauvages,Wild Claw,6,7,0.86,86%,2.17,1.86,13,3,0.72,0.62,0.54,0.47
Force Divine,Divine Impetu,1,7,0.14,14%,11.0,1.57,11,0,Gratuit,Gratuit,11.0,1.57
Bâton du Conquérant,Staff of Conquered Worlds,1,7,0.14,14%,11.0,1.57,11,0,Gratuit,Gratuit,11.0,1.57
Coup de Mort,Death Helper,1,7,0.14,14%,10.0,1.43,10,1,10.0,1.43,5.0,0.71
