,Nom Anglais,nb games valide,total games,ratio,%,pts moy,pts moy total,total point,cout,pts par cout moy,pts par cout total
Faux,Scythe,13,13,1.0,100%,14.62,14.62,190,3,4.87,4.87
Armure d'Obsidienne,Obsidian Battle Plate,9,13,0.69,69%,20.0,13.85,180,2,10.0,6.92
Lame Affutée,Sharp Blade,11,13,0.85,85%,14.45,12.23,159,3,4.82,4.08
Économe Sagesse du Trésorier,Treasurer's Wisdom,9,13,0.69,69%,17.0,11.77,153,2,8.5,5.88
Hache Frénétique,Berseker Ax,10,13,0.77,77%,14.0,10.77,140,2,7.0,5.38
Explosion Arcanique,Arcane Explosive,10,13,0.77,77%,12.0,9.23,120,1,12.0,9.23
Aura Légendaire,Legend Aura,3,13,0.23,23%,40.0,9.23,120,3,13.33,3.08
Épées Jumelles,Twin Swords,8,13,0.62,62%,15.0,9.23,120,1,15.0,9.23
Épée Obscure,Swords of Darkness,8,13,0.62,62%,15.0,9.23,120,1,15.0,9.23
Lame Insatiable,Fast Furious Blade,7,13,0.54,54%,16.0,8.62,112,2,8.0,4.31
Aveuglement,Incapacitor,11,13,0.85,85%,9.82,8.31,108,3,3.27,2.77
Parchemin Secret,Secret Scroll,6,13,0.46,46%,18.0,8.31,108,2,9.0,4.16
Marteleur précis,Precise Hammer,6,13,0.46,46%,18.0,8.31,108,1,18.0,8.31
Esprit de l'Écuyer,Spirit of the Squire,11,13,0.85,85%,9.55,8.08,105,3,3.18,2.69
Faux Assoiffées,Thirsty Scythes,4,13,0.31,31%,25.0,7.69,100,3,8.33,2.56
Sabre Versatile,Versatil Saber,8,13,0.62,62%,11.0,6.77,88,1,11.0,6.77
Esprit Guerrier,Spirit of the Warrior,5,13,0.38,38%,16.0,6.15,80,1,16.0,6.15
Enchaînement Éclair,Unstoppable Lightning,4,13,0.31,31%,18.0,5.54,72,1,18.0,5.54
Tombeau Rocheux,Rock Tomb,7,13,0.54,54%,10.0,5.38,70,1,10.0,5.38
Totem du Gardien,Guardian Totem,13,13,1.0,100%,4.77,4.77,62,3,1.59,1.59
Elan de Fureur,Rampage Momentum,4,13,0.31,31%,15.0,4.62,60,2,7.5,2.31
Glaive Vindicatif,Large Sword of Hate,3,13,0.23,23%,20.0,4.62,60,1,20.0,4.62
Le Croque-mort,The Undertaker,4,13,0.31,31%,14.0,4.31,56,1,14.0,4.31
Danse Macabre,Dance of Death,7,13,0.54,54%,8.0,4.31,56,1,8.0,4.31
Masse Colossale,Colossal Mace,5,13,0.38,38%,11.0,4.23,55,0,Gratuit,Gratuit
Frappe Chirurgicale,Accurate Sword,3,13,0.23,23%,16.0,3.69,48,1,16.0,3.69
Lance Doublée,Dual Spear,6,13,0.46,46%,8.0,3.69,48,0,Gratuit,Gratuit
Soif de Sang,Thirsty Dagger,3,13,0.23,23%,15.0,3.46,45,0,Gratuit,Gratuit
Bâton Élémentaire,Earthly Staff,3,13,0.23,23%,15.0,3.46,45,0,Gratuit,Gratuit
Armure d'Immortel,Immortal Breastplate,3,13,0.23,23%,14.0,3.23,42,1,14.0,3.23
Épé Sainte,Holy Sword,4,13,0.31,31%,10.0,3.08,40,0,Gratuit,Gratuit
Couronne du Roi Nain,Crown of the Dwarf King,3,13,0.23,23%,13.0,3.0,39,0,Gratuit,Gratuit
Désintégrateur Magnétique,Magnetic Disintegrator,3,13,0.23,23%,11.0,2.54,33,0,Gratuit,Gratuit
Destruction Royale,Royal Destroyer,3,13,0.23,23%,11.0,2.54,33,0,Gratuit,Gratuit
Instinct Sanguinaire,Bloody Instinct,2,13,0.15,15%,15.0,2.31,30,2,7.5,1.16
Esquive Salvatrice,Evasive Protection,2,13,0.15,15%,15.0,2.31,30,0,Gratuit,Gratuit
Triple Météore,Trimeteor,1,13,0.08,8%,30.0,2.31,30,0,Gratuit,Gratuit
Coup de Mort,Death Helper,3,13,0.23,23%,10.0,2.31,30,1,10.0,2.31
Griffes Sauvages,Wild Claw,11,13,0.85,85%,2.55,2.15,28,3,0.85,0.72
Bâton de Conquête,Conquering Staff,1,13,0.08,8%,24.0,1.85,24,2,12.0,0.93
Lance Triplée,Triple Spear,1,13,0.08,8%,20.0,1.54,20,0,Gratuit,Gratuit
Chasseresse d'Âmes,Huntress of Souls,1,13,0.08,8%,19.0,1.46,19,1,19.0,1.46
Décharge Élémentaire,Elemental Discharge,1,13,0.08,8%,18.0,1.38,18,1,18.0,1.38
Griffes Démoniaques,Demon Claws,1,13,0.08,8%,17.0,1.31,17,1,17.0,1.31
Masse de Siège,Siege Mace,1,13,0.08,8%,16.0,1.23,16,0,Gratuit,Gratuit
Chasseur d'Âmes,Soul Hunter,1,13,0.08,8%,15.0,1.15,15,1,15.0,1.15
Force Divine,Divine Impetu,1,13,0.08,8%,11.0,0.85,11,0,Gratuit,Gratuit
Œil de Lynx,Hawk's Eye,1,13,0.08,8%,8.0,0.62,8,0,Gratuit,Gratuit
