,Nom Anglais,nb games valide,total games,ratio,%,pts moy,pts moy total,total point,cout,pts par cout moy,pts par cout total,pts par cout moy+1,pts par cout total+1
Faux Assoiffées,Thirsty Scythes,5,6,0.83,83%,25.0,20.83,125,3,8.33,6.94,6.25,5.21
Faux,Scythe,6,6,1.0,100%,19.0,19.0,114,3,6.33,6.33,4.75,4.75
Économe Sagesse du Trésorier,Treasurer's Wisdom,6,6,1.0,100%,17.0,17.0,102,2,8.5,8.5,5.67,5.67
Totem Équivalent,Equivalent Totem,6,6,1.0,100%,17.0,17.0,102,2,8.5,8.5,5.67,5.67
Lame Affutée,Sharp Blade,6,6,1.0,100%,14.5,14.5,87,3,4.83,4.83,3.62,3.62
Armure d'Obsidienne,Obsidian Battle Plate,4,6,0.67,67%,20.0,13.33,80,2,10.0,6.67,6.67,4.44
Lame Insatiable,Fast Furious Blade,5,6,0.83,83%,16.0,13.33,80,2,8.0,6.67,5.33,4.44
Parchemin Secret,Secret Scroll,4,6,0.67,67%,18.0,12.0,72,2,9.0,6.0,6.0,4.0
Hache Frénétique,Berseker Ax,5,6,0.83,83%,14.0,11.67,70,2,7.0,5.83,4.67,3.89
Explosion Arcanique,Arcane Explosive,5,6,0.83,83%,12.0,10.0,60,1,12.0,10.0,6.0,5.0
Elan de Fureur,Rampage Momentum,4,6,0.67,67%,15.0,10.0,60,2,7.5,5.0,5.0,3.33
Faux Parfaite,Perfect Scythe,4,6,0.67,67%,15.0,10.0,60,0,Gratuit,Gratuit,15.0,10.0
Tombeau Rocheux,Rock Tomb,6,6,1.0,100%,10.0,10.0,60,1,10.0,10.0,5.0,5.0
Marteau Collecteur,Collecting Hammer,5,6,0.83,83%,12.0,10.0,60,2,6.0,5.0,4.0,3.33
Aveuglement,Incapacitor,6,6,1.0,100%,10.0,10.0,60,3,3.33,3.33,2.5,2.5
Triple Météore,Trimeteor,2,6,0.33,33%,30.0,10.0,60,0,Gratuit,Gratuit,30.0,10.0
Marteleur précis,Precise Hammer,3,6,0.5,50%,18.0,9.0,54,1,18.0,9.0,9.0,4.5
Épée Obscure,Swords of Darkness,3,6,0.5,50%,17.0,8.5,51,1,17.0,8.5,8.5,4.25
Esprit Guerrier,Spirit of the Warrior,3,6,0.5,50%,16.0,8.0,48,1,16.0,8.0,8.0,4.0
Esprit de l'Écuyer,Spirit of the Squire,6,6,1.0,100%,8.0,8.0,48,3,2.67,2.67,2.0,2.0
Sabre Versatile,Versatil Saber,4,6,0.67,67%,11.0,7.33,44,1,11.0,7.33,5.5,3.67
Aura Légendaire,Legend Aura,1,6,0.17,17%,40.0,6.67,40,3,13.33,2.22,10.0,1.67
Couronne du Roi Nain,Crown of the Dwarf King,3,6,0.5,50%,13.0,6.5,39,0,Gratuit,Gratuit,13.0,6.5
Totem du Gardien,Guardian Totem,6,6,1.0,100%,6.0,6.0,36,3,2.0,2.0,1.5,1.5
Enchaînement Éclair,Unstoppable Lightning,2,6,0.33,33%,18.0,6.0,36,1,18.0,6.0,9.0,3.0
Désintégrateur Magnétique,Magnetic Disintegrator,3,6,0.5,50%,11.0,5.5,33,0,Gratuit,Gratuit,11.0,5.5
Masse Colossale,Colossal Mace,3,6,0.5,50%,11.0,5.5,33,0,Gratuit,Gratuit,11.0,5.5
Danse Macabre,Dance of Death,4,6,0.67,67%,8.0,5.33,32,1,8.0,5.33,4.0,2.67
Œil de Lynx,Hawk's Eye,4,6,0.67,67%,8.0,5.33,32,0,Gratuit,Gratuit,8.0,5.33
Épé Sainte,Holy Sword,3,6,0.5,50%,10.0,5.0,30,0,Gratuit,Gratuit,10.0,5.0
Armure d'Immortel,Immortal Breastplate,2,6,0.33,33%,14.0,4.67,28,1,14.0,4.67,7.0,2.33
Ascension Divine,Divine Ascent,1,6,0.17,17%,25.0,4.17,25,3,8.33,1.39,6.25,1.04
Bâton de Conquête,Conquering Staff,1,6,0.17,17%,24.0,4.0,24,2,12.0,2.0,8.0,1.33
Coup de Mort,Death Helper,2,6,0.33,33%,10.0,3.33,20,1,10.0,3.33,5.0,1.67
Chasseresse d'Âmes,Huntress of Souls,1,6,0.17,17%,19.0,3.17,19,1,19.0,3.17,9.5,1.58
Griffes Démoniaques,Demon Claws,1,6,0.17,17%,17.0,2.83,17,1,17.0,2.83,8.5,1.42
Soif de Sang,Thirsty Dagger,1,6,0.17,17%,15.0,2.5,15,0,Gratuit,Gratuit,15.0,2.5
Force Divine,Divine Impetu,1,6,0.17,17%,11.0,1.83,11,0,Gratuit,Gratuit,11.0,1.83
Amulette Omnisciente,Omnipresent Amulet,1,6,0.17,17%,11.0,1.83,11,0,Gratuit,Gratuit,11.0,1.83
Griffes Sauvages,Wild Claw,4,6,0.67,67%,2.0,1.33,8,3,0.67,0.44,0.5,0.33
