,Nom Anglais,nb games valide,total games,ratio,%,pts moy,pts moy total,total point,cout,pts par cout moy,pts par cout total
Armure d'Obsidienne,Obsidian Battle Plate,6,8,0.75,75%,20.0,15.0,120,2,10.0,7.5
Faux,Scythe,8,8,1.0,100%,14.25,14.25,114,3,4.75,4.75
Économe Sagesse du Trésorier,Treasurer's Wisdom,5,8,0.62,62%,17.0,10.62,85,2,8.5,5.31
Hache Frénétique,Berseker Ax,6,8,0.75,75%,14.0,10.5,84,2,7.0,5.25
Aura Légendaire,Legend Aura,2,8,0.25,25%,40.0,10.0,80,3,13.33,3.33
Lame Affutée,Sharp Blade,6,8,0.75,75%,13.0,9.75,78,3,4.33,3.25
Aveuglement,Incapacitor,7,8,0.88,88%,10.29,9.0,72,3,3.43,3.0
Explosion Arcanique,Arcane Explosive,6,8,0.75,75%,12.0,9.0,72,1,12.0,9.0
Marteleur précis,Precise Hammer,4,8,0.5,50%,18.0,9.0,72,1,18.0,9.0
Parchemin Secret,Secret Scroll,4,8,0.5,50%,18.0,9.0,72,2,9.0,4.5
Esprit Guerrier,Spirit of the Warrior,4,8,0.5,50%,16.0,8.0,64,1,16.0,8.0
Lame Insatiable,Fast Furious Blade,4,8,0.5,50%,16.0,8.0,64,2,8.0,4.0
Esprit de l'Écuyer,Spirit of the Squire,7,8,0.88,88%,9.0,7.88,63,3,3.0,2.63
Glaive Vindicatif,Large Sword of Hate,3,8,0.38,38%,20.0,7.5,60,1,20.0,7.5
Épée Obscure,Swords of Darkness,4,8,0.5,50%,15.0,7.5,60,1,15.0,7.5
Sabre Versatile,Versatil Saber,5,8,0.62,62%,11.0,6.88,55,1,11.0,6.88
Épées Jumelles,Twin Swords,4,8,0.5,50%,12.5,6.25,50,1,12.5,6.25
Tombeau Rocheux,Rock Tomb,4,8,0.5,50%,10.0,5.0,40,1,10.0,5.0
Totem du Gardien,Guardian Totem,8,8,1.0,100%,4.75,4.75,38,3,1.58,1.58
Enchaînement Éclair,Unstoppable Lightning,2,8,0.25,25%,18.0,4.5,36,1,18.0,4.5
Masse Colossale,Colossal Mace,3,8,0.38,38%,11.0,4.12,33,0,Gratuit,Gratuit
Frappe Chirurgicale,Accurate Sword,2,8,0.25,25%,16.0,4.0,32,1,16.0,4.0
Instinct Sanguinaire,Bloody Instinct,2,8,0.25,25%,15.0,3.75,30,2,7.5,1.88
Elan de Fureur,Rampage Momentum,2,8,0.25,25%,15.0,3.75,30,2,7.5,1.88
Bâton Élémentaire,Earthly Staff,2,8,0.25,25%,15.0,3.75,30,0,Gratuit,Gratuit
Armure d'Immortel,Immortal Breastplate,2,8,0.25,25%,14.0,3.5,28,1,14.0,3.5
Le Croque-mort,The Undertaker,2,8,0.25,25%,14.0,3.5,28,1,14.0,3.5
Faux Assoiffées,Thirsty Scythes,1,8,0.12,12%,25.0,3.12,25,3,8.33,1.04
Bâton de Conquête,Conquering Staff,1,8,0.12,12%,24.0,3.0,24,2,12.0,1.5
Danse Macabre,Dance of Death,3,8,0.38,38%,8.0,3.0,24,1,8.0,3.0
Lance Doublée,Dual Spear,3,8,0.38,38%,8.0,3.0,24,0,Gratuit,Gratuit
Désintégrateur Magnétique,Magnetic Disintegrator,2,8,0.25,25%,11.0,2.75,22,0,Gratuit,Gratuit
Destruction Royale,Royal Destroyer,2,8,0.25,25%,11.0,2.75,22,0,Gratuit,Gratuit
Épé Sainte,Holy Sword,2,8,0.25,25%,10.0,2.5,20,0,Gratuit,Gratuit
Décharge Élémentaire,Elemental Discharge,1,8,0.12,12%,18.0,2.25,18,1,18.0,2.25
Masse de Siège,Siege Mace,1,8,0.12,12%,16.0,2.0,16,0,Gratuit,Gratuit
Chasseur d'Âmes,Soul Hunter,1,8,0.12,12%,15.0,1.88,15,1,15.0,1.88
Esquive Salvatrice,Evasive Protection,1,8,0.12,12%,15.0,1.88,15,0,Gratuit,Gratuit
Soif de Sang,Thirsty Dagger,1,8,0.12,12%,15.0,1.88,15,0,Gratuit,Gratuit
Griffes Sauvages,Wild Claw,6,8,0.75,75%,2.33,1.75,14,3,0.78,0.58
Couronne du Roi Nain,Crown of the Dwarf King,1,8,0.12,12%,13.0,1.62,13,0,Gratuit,Gratuit
Force Divine,Divine Impetu,1,8,0.12,12%,11.0,1.38,11,0,Gratuit,Gratuit
Coup de Mort,Death Helper,1,8,0.12,12%,10.0,1.25,10,1,10.0,1.25
Œil de Lynx,Hawk's Eye,1,8,0.12,12%,8.0,1.0,8,0,Gratuit,Gratuit
