,Nom Anglais,nb games valide,total games,ratio,%,pts moy,pts moy total,total point,cout,pts par cout moy,pts par cout total
Faux Assoiffées,Thirsty Scythes,3,4,0.75,75%,25.0,18.75,75,3,8.33,6.25
Faux,Scythe,4,4,1.0,100%,18.0,18.0,72,3,6.0,6.0
Économe Sagesse du Trésorier,Treasurer's Wisdom,4,4,1.0,100%,17.0,17.0,68,2,8.5,8.5
Totem Équivalent,Equivalent Totem,4,4,1.0,100%,16.75,16.75,67,2,8.38,8.38
Lame Affutée,Sharp Blade,4,4,1.0,100%,15.75,15.75,63,3,5.25,5.25
Triple Météore,Trimeteor,2,4,0.5,50%,30.0,15.0,60,0,Gratuit,Gratuit
Armure d'Obsidienne,Obsidian Battle Plate,3,4,0.75,75%,20.0,15.0,60,2,10.0,7.5
Parchemin Secret,Secret Scroll,3,4,0.75,75%,18.0,13.5,54,2,9.0,6.75
Aveuglement,Incapacitor,4,4,1.0,100%,12.75,12.75,51,3,4.25,4.25
Épée Obscure,Swords of Darkness,3,4,0.75,75%,17.0,12.75,51,1,17.0,12.75
Explosion Arcanique,Arcane Explosive,4,4,1.0,100%,12.0,12.0,48,1,12.0,12.0
Lame Insatiable,Fast Furious Blade,3,4,0.75,75%,16.0,12.0,48,2,8.0,6.0
Faux Parfaite,Perfect Scythe,3,4,0.75,75%,15.0,11.25,45,0,Gratuit,Gratuit
Elan de Fureur,Rampage Momentum,3,4,0.75,75%,15.0,11.25,45,2,7.5,5.62
Hache Frénétique,Berseker Ax,3,4,0.75,75%,14.0,10.5,42,2,7.0,5.25
Aura Légendaire,Legend Aura,1,4,0.25,25%,40.0,10.0,40,3,13.33,3.33
Tombeau Rocheux,Rock Tomb,4,4,1.0,100%,10.0,10.0,40,1,10.0,10.0
Esprit de l'Écuyer,Spirit of the Squire,4,4,1.0,100%,9.0,9.0,36,3,3.0,3.0
Enchaînement Éclair,Unstoppable Lightning,2,4,0.5,50%,18.0,9.0,36,1,18.0,9.0
Marteau Collecteur,Collecting Hammer,3,4,0.75,75%,12.0,9.0,36,2,6.0,4.5
Sabre Versatile,Versatil Saber,3,4,0.75,75%,11.0,8.25,33,1,11.0,8.25
Désintégrateur Magnétique,Magnetic Disintegrator,3,4,0.75,75%,11.0,8.25,33,0,Gratuit,Gratuit
Masse Colossale,Colossal Mace,3,4,0.75,75%,11.0,8.25,33,0,Gratuit,Gratuit
Esprit Guerrier,Spirit of the Warrior,2,4,0.5,50%,16.0,8.0,32,1,16.0,8.0
Armure d'Immortel,Immortal Breastplate,2,4,0.5,50%,14.0,7.0,28,1,14.0,7.0
Couronne du Roi Nain,Crown of the Dwarf King,2,4,0.5,50%,13.0,6.5,26,0,Gratuit,Gratuit
Danse Macabre,Dance of Death,3,4,0.75,75%,8.0,6.0,24,1,8.0,6.0
Bâton de Conquête,Conquering Staff,1,4,0.25,25%,24.0,6.0,24,2,12.0,3.0
Œil de Lynx,Hawk's Eye,3,4,0.75,75%,8.0,6.0,24,0,Gratuit,Gratuit
Totem du Gardien,Guardian Totem,4,4,1.0,100%,5.75,5.75,23,3,1.92,1.92
Coup de Mort,Death Helper,2,4,0.5,50%,10.0,5.0,20,1,10.0,5.0
Épé Sainte,Holy Sword,2,4,0.5,50%,10.0,5.0,20,0,Gratuit,Gratuit
Chasseresse d'Âmes,Huntress of Souls,1,4,0.25,25%,19.0,4.75,19,1,19.0,4.75
Marteleur précis,Precise Hammer,1,4,0.25,25%,18.0,4.5,18,1,18.0,4.5
Griffes Démoniaques,Demon Claws,1,4,0.25,25%,17.0,4.25,17,1,17.0,4.25
Force Divine,Divine Impetu,1,4,0.25,25%,11.0,2.75,11,0,Gratuit,Gratuit
Amulette Omnisciente,Omnipresent Amulet,1,4,0.25,25%,11.0,2.75,11,0,Gratuit,Gratuit
Griffes Sauvages,Wild Claw,2,4,0.5,50%,2.0,1.0,4,3,0.67,0.33
