,Nom Anglais,nb games valide,total games,ratio,%,pts moy,pts moy total,total point,cout,pts par cout moy,pts par cout total
Faux,Scythe,3,3,1.0,100%,15.67,15.67,47,3,5.22,5.22
Totem Équivalent,Equivalent Totem,3,3,1.0,100%,15.33,15.33,46,1,15.33,15.33
Économe Sagesse du Trésorier,Treasurer's Wisdom,2,3,0.67,67%,17.0,11.33,34,2,8.5,5.67
Lame Affutée,Sharp Blade,3,3,1.0,100%,11.0,11.0,33,3,3.67,3.67
Esprit de l'Écuyer,Spirit of the Squire,3,3,1.0,100%,11.0,11.0,33,3,3.67,3.67
Esprit Guerrier,Spirit of the Warrior,2,3,0.67,67%,16.0,10.67,32,1,16.0,10.67
Triple Météore,Trimeteor,1,3,0.33,33%,30.0,10.0,30,0,Gratuit,Gratuit
Hache Frénétique,Berseker Ax,2,3,0.67,67%,14.0,9.33,28,2,7.0,4.67
Pillard Féroce,Savage Looter,1,3,0.33,33%,20.0,6.67,20,1,20.0,6.67
Coup de Mort,Death Helper,2,3,0.67,67%,10.0,6.67,20,1,10.0,6.67
Armure d'Obsidienne,Obsidian Battle Plate,1,3,0.33,33%,20.0,6.67,20,2,10.0,3.33
Chasseresse d'Âmes,Huntress of Souls,1,3,0.33,33%,19.0,6.33,19,1,19.0,6.33
Esprit omniprésent,Omnipresent Spirit,1,3,0.33,33%,18.0,6.0,18,2,9.0,3.0
Parchemin Secret,Secret Scroll,1,3,0.33,33%,18.0,6.0,18,2,9.0,3.0
Griffes Démoniaques,Demon Claws,1,3,0.33,33%,17.0,5.67,17,1,17.0,5.67
Épée Obscure,Swords of Darkness,1,3,0.33,33%,17.0,5.67,17,1,17.0,5.67
Totem du Gardien,Guardian Totem,3,3,1.0,100%,5.33,5.33,16,3,1.78,1.78
Lame Insatiable,Fast Furious Blade,1,3,0.33,33%,16.0,5.33,16,2,8.0,2.67
Soif de Sang,Thirsty Dagger,1,3,0.33,33%,15.0,5.0,15,0,Gratuit,Gratuit
Aveuglement,Incapacitor,3,3,1.0,100%,5.0,5.0,15,3,1.67,1.67
Couronne du Roi Nain,Crown of the Dwarf King,1,3,0.33,33%,13.0,4.33,13,0,Gratuit,Gratuit
Marteau Collecteur,Collecting Hammer,2,3,0.67,67%,6.0,4.0,12,2,3.0,2.0
Désintégrateur Magnétique,Magnetic Disintegrator,1,3,0.33,33%,11.0,3.67,11,0,Gratuit,Gratuit
Tombeau Rocheux,Rock Tomb,1,3,0.33,33%,10.0,3.33,10,1,10.0,3.33
Danse Macabre,Dance of Death,1,3,0.33,33%,8.0,2.67,8,1,8.0,2.67
Œil de Lynx,Hawk's Eye,1,3,0.33,33%,8.0,2.67,8,0,Gratuit,Gratuit
Griffes Sauvages,Wild Claw,3,3,1.0,100%,2.0,2.0,6,3,0.67,0.67
