,Nom Anglais,nb games valide,total games,ratio,%,pts moy,pts moy total,total point,cout,pts par cout moy,pts par cout total,pts par cout moy+1,pts par cout total+1
Faux,Scythe,6,6,1.0,100%,17.67,17.67,106,3,5.89,5.89,4.42,4.42
Lame Affutée,Sharp Blade,6,6,1.0,100%,17.5,17.5,105,3,5.83,5.83,4.38,4.38
Totem Équivalent,Equivalent Totem,6,6,1.0,100%,15.5,15.5,93,2,7.75,7.75,5.17,5.17
Aura Légendaire,Legend Aura,2,6,0.33,33%,40.0,13.33,80,3,13.33,4.44,10.0,3.33
Aveuglement,Incapacitor,6,6,1.0,100%,11.5,11.5,69,3,3.83,3.83,2.88,2.88
Économe Sagesse du Trésorier,Treasurer's Wisdom,4,6,0.67,67%,17.0,11.33,68,2,8.5,5.67,5.67,3.78
Triple Météore,Trimeteor,2,6,0.33,33%,30.0,10.0,60,0,Gratuit,Gratuit,30.0,10.0
Armure d'Obsidienne,Obsidian Battle Plate,3,6,0.5,50%,20.0,10.0,60,2,10.0,5.0,6.67,3.33
Hache Frénétique,Berseker Ax,4,6,0.67,67%,14.0,9.33,56,2,7.0,4.67,4.67,3.11
Parchemin Secret,Secret Scroll,3,6,0.5,50%,18.0,9.0,54,2,9.0,4.5,6.0,3.0
Faux Assoiffées,Thirsty Scythes,2,6,0.33,33%,25.0,8.33,50,3,8.33,2.78,6.25,2.08
Ascension Divine,Divine Ascent,2,6,0.33,33%,25.0,8.33,50,3,8.33,2.78,6.25,2.08
Lame Insatiable,Fast Furious Blade,3,6,0.5,50%,16.0,8.0,48,2,8.0,4.0,5.33,2.67
Esprit de l'Écuyer,Spirit of the Squire,5,6,0.83,83%,9.6,8.0,48,3,3.2,2.67,2.4,2.0
Esprit Guerrier,Spirit of the Warrior,3,6,0.5,50%,16.0,8.0,48,1,16.0,8.0,8.0,4.0
Bâton de Conquête,Conquering Staff,2,6,0.33,33%,24.0,8.0,48,2,12.0,4.0,8.0,2.67
Soif de Sang,Thirsty Dagger,3,6,0.5,50%,15.0,7.5,45,0,Gratuit,Gratuit,15.0,7.5
Couronne du Roi Nain,Crown of the Dwarf King,3,6,0.5,50%,13.0,6.5,39,0,Gratuit,Gratuit,13.0,6.5
Chasseresse d'Âmes,Huntress of Souls,2,6,0.33,33%,19.0,6.33,38,1,19.0,6.33,9.5,3.17
Marteau Collecteur,Collecting Hammer,3,6,0.5,50%,12.0,6.0,36,2,6.0,3.0,4.0,2.0
Enchaînement Éclair,Unstoppable Lightning,2,6,0.33,33%,18.0,6.0,36,1,18.0,6.0,9.0,3.0
Griffes Démoniaques,Demon Claws,2,6,0.33,33%,17.0,5.67,34,1,17.0,5.67,8.5,2.83
Épée Obscure,Swords of Darkness,2,6,0.33,33%,17.0,5.67,34,1,17.0,5.67,8.5,2.83
Tombeau Rocheux,Rock Tomb,3,6,0.5,50%,10.0,5.0,30,1,10.0,5.0,5.0,2.5
Coup de Mort,Death Helper,3,6,0.5,50%,10.0,5.0,30,1,10.0,5.0,5.0,2.5
Elan de Fureur,Rampage Momentum,2,6,0.33,33%,15.0,5.0,30,2,7.5,2.5,5.0,1.67
Totem du Gardien,Guardian Totem,6,6,1.0,100%,4.83,4.83,29,3,1.61,1.61,1.21,1.21
Armure d'Immortel,Immortal Breastplate,2,6,0.33,33%,14.0,4.67,28,1,14.0,4.67,7.0,2.33
Œil de Lynx,Hawk's Eye,3,6,0.5,50%,8.0,4.0,24,0,Gratuit,Gratuit,8.0,4.0
Danse Macabre,Dance of Death,3,6,0.5,50%,8.0,4.0,24,1,8.0,4.0,4.0,2.0
Sabre Versatile,Versatil Saber,2,6,0.33,33%,11.0,3.67,22,1,11.0,3.67,5.5,1.83
Pillard Féroce,Savage Looter,1,6,0.17,17%,20.0,3.33,20,1,20.0,3.33,10.0,1.67
Esprit omniprésent,Omnipresent Spirit,1,6,0.17,17%,18.0,3.0,18,2,9.0,1.5,6.0,1.0
Marteleur précis,Precise Hammer,1,6,0.17,17%,18.0,3.0,18,1,18.0,3.0,9.0,1.5
Griffes Sauvages,Wild Claw,5,6,0.83,83%,3.0,2.5,15,3,1.0,0.83,0.75,0.62
Faux Parfaite,Perfect Scythe,1,6,0.17,17%,15.0,2.5,15,0,Gratuit,Gratuit,15.0,2.5
Explosion Arcanique,Arcane Explosive,1,6,0.17,17%,12.0,2.0,12,1,12.0,2.0,6.0,1.0
Force Divine,Divine Impetu,1,6,0.17,17%,11.0,1.83,11,0,Gratuit,Gratuit,11.0,1.83
Masse Colossale,Colossal Mace,1,6,0.17,17%,11.0,1.83,11,0,Gratuit,Gratuit,11.0,1.83
Désintégrateur Magnétique,Magnetic Disintegrator,1,6,0.17,17%,11.0,1.83,11,0,Gratuit,Gratuit,11.0,1.83
Épé Sainte,Holy Sword,1,6,0.17,17%,10.0,1.67,10,0,Gratuit,Gratuit,10.0,1.67
