,Nom Anglais,nb games valide,total games,ratio,%,pts moy,pts moy total,total point,cout,pts par cout moy,pts par cout total,pts par cout moy+1,pts par cout total+1
Faux,Scythe,13,13,1.0,100%,15.62,15.62,203,3,5.21,5.21,3.9,3.9
Armure d'Obsidienne,Obsidian Battle Plate,10,13,0.77,77%,20.0,15.38,200,2,10.0,7.69,6.67,5.13
Totem Équivalent,Equivalent Totem,13,13,1.0,100%,15.08,15.08,196,2,7.54,7.54,5.03,5.03
Lame Insatiable,Fast Furious Blade,8,13,0.62,62%,16.0,9.85,128,2,8.0,4.92,5.33,3.28
Lame Affutée,Sharp Blade,12,13,0.92,92%,10.5,9.69,126,3,3.5,3.23,2.62,2.42
Chasseresse d'Âmes,Huntress of Souls,6,13,0.46,46%,19.0,8.77,114,1,19.0,8.77,9.5,4.38
Hache Frénétique,Berseker Ax,8,13,0.62,62%,14.0,8.62,112,2,7.0,4.31,4.67,2.87
Économe Sagesse du Trésorier,Treasurer's Wisdom,6,13,0.46,46%,17.0,7.85,102,2,8.5,3.92,5.67,2.62
Griffes Démoniaques,Demon Claws,6,13,0.46,46%,17.0,7.85,102,1,17.0,7.85,8.5,3.92
Faux Assoiffées,Thirsty Scythes,4,13,0.31,31%,25.0,7.69,100,3,8.33,2.56,6.25,1.92
Esprit de l'Écuyer,Spirit of the Squire,11,13,0.85,85%,8.18,6.92,90,3,2.73,2.31,2.04,1.73
Parchemin Secret,Secret Scroll,5,13,0.38,38%,18.0,6.92,90,2,9.0,3.46,6.0,2.31
Épée Obscure,Swords of Darkness,5,13,0.38,38%,17.0,6.54,85,1,17.0,6.54,8.5,3.27
Marteau Collecteur,Collecting Hammer,6,13,0.46,46%,14.0,6.46,84,2,7.0,3.23,4.67,2.15
Aveuglement,Incapacitor,13,13,1.0,100%,6.23,6.23,81,3,2.08,2.08,1.56,1.56
Esprit Guerrier,Spirit of the Warrior,5,13,0.38,38%,16.0,6.15,80,1,16.0,6.15,8.0,3.08
Explosion Arcanique,Arcane Explosive,6,13,0.46,46%,12.0,5.54,72,1,12.0,5.54,6.0,2.77
Marteleur précis,Precise Hammer,4,13,0.31,31%,18.0,5.54,72,1,18.0,5.54,9.0,2.77
Tombeau Rocheux,Rock Tomb,7,13,0.54,54%,10.0,5.38,70,1,10.0,5.38,5.0,2.69
Sabre Versatile,Versatil Saber,6,13,0.46,46%,11.0,5.08,66,1,11.0,5.08,5.5,2.54
Couronne du Roi Nain,Crown of the Dwarf King,5,13,0.38,38%,13.0,5.0,65,0,Gratuit,Gratuit,13.0,5.0
Elan de Fureur,Rampage Momentum,4,13,0.31,31%,15.0,4.62,60,2,7.5,2.31,5.0,1.54
Faux Parfaite,Perfect Scythe,4,13,0.31,31%,15.0,4.62,60,0,Gratuit,Gratuit,15.0,4.62
Enchaînement Éclair,Unstoppable Lightning,3,13,0.23,23%,18.0,4.15,54,1,18.0,4.15,9.0,2.08
Masse Colossale,Colossal Mace,4,13,0.31,31%,13.0,4.0,52,0,Gratuit,Gratuit,13.0,4.0
Armure d'Immortel,Immortal Breastplate,3,13,0.23,23%,15.33,3.54,46,1,15.33,3.54,7.67,1.77
Force Divine,Divine Impetu,3,13,0.23,23%,15.0,3.46,45,0,Gratuit,Gratuit,15.0,3.46
Danse Macabre,Dance of Death,5,13,0.38,38%,8.0,3.08,40,1,8.0,3.08,4.0,1.54
Totem du Gardien,Guardian Totem,9,13,0.69,69%,4.33,3.0,39,3,1.44,1.0,1.08,0.75
Coup de Mort,Death Helper,3,13,0.23,23%,12.0,2.77,36,1,12.0,2.77,6.0,1.39
Esprit omniprésent,Omnipresent Spirit,2,13,0.15,15%,18.0,2.77,36,2,9.0,1.39,6.0,0.92
Soif de Sang,Thirsty Dagger,2,13,0.15,15%,15.0,2.31,30,0,Gratuit,Gratuit,15.0,2.31
Triple Météore,Trimeteor,1,13,0.08,8%,30.0,2.31,30,0,Gratuit,Gratuit,30.0,2.31
Ascension Divine,Divine Ascent,1,13,0.08,8%,25.0,1.92,25,3,8.33,0.64,6.25,0.48
Griffes Sauvages,Wild Claw,8,13,0.62,62%,2.88,1.77,23,3,0.96,0.59,0.72,0.44
Désintégrateur Magnétique,Magnetic Disintegrator,2,13,0.15,15%,11.0,1.69,22,0,Gratuit,Gratuit,11.0,1.69
Pillard Féroce,Savage Looter,1,13,0.08,8%,20.0,1.54,20,1,20.0,1.54,10.0,0.77
Épé Sainte,Holy Sword,2,13,0.15,15%,10.0,1.54,20,0,Gratuit,Gratuit,10.0,1.54
Décharge Élémentaire,Elemental Discharge,1,13,0.08,8%,18.0,1.38,18,1,18.0,1.38,9.0,0.69
Adrénaline Arcanique,Arcane Adrenaline,1,13,0.08,8%,16.0,1.23,16,1,16.0,1.23,8.0,0.61
Chasseur d'Âmes,Soul Hunter,1,13,0.08,8%,15.0,1.15,15,1,15.0,1.15,7.5,0.57
Bâton du Conquérant,Staff of Conquered Worlds,1,13,0.08,8%,11.0,0.85,11,0,Gratuit,Gratuit,11.0,0.85
Œil de Lynx,Hawk's Eye,1,13,0.08,8%,10.0,0.77,10,0,Gratuit,Gratuit,10.0,0.77
