,Nom Anglais,nb games valide,total games,ratio,%,pts moy,pts moy total,total point,cout,pts par cout moy,pts par cout total,pts par cout moy+1,pts par cout total+1
Armure d'Obsidienne,Obsidian Battle Plate,5,6,0.83,83%,20.0,16.67,100,2,10.0,8.34,6.67,5.56
Faux,Scythe,6,6,1.0,100%,15.33,15.33,92,3,5.11,5.11,3.83,3.83
Totem Équivalent,Equivalent Totem,6,6,1.0,100%,14.67,14.67,88,2,7.33,7.33,4.89,4.89
Économe Sagesse du Trésorier,Treasurer's Wisdom,3,6,0.5,50%,17.0,8.5,51,2,8.5,4.25,5.67,2.83
Lame Insatiable,Fast Furious Blade,3,6,0.5,50%,16.0,8.0,48,2,8.0,4.0,5.33,2.67
Lame Affutée,Sharp Blade,5,6,0.83,83%,9.0,7.5,45,3,3.0,2.5,2.25,1.88
Faux Parfaite,Perfect Scythe,3,6,0.5,50%,15.0,7.5,45,0,Gratuit,Gratuit,15.0,7.5
Hache Frénétique,Berseker Ax,3,6,0.5,50%,14.0,7.0,42,2,7.0,3.5,4.67,2.33
Aveuglement,Incapacitor,6,6,1.0,100%,7.0,7.0,42,3,2.33,2.33,1.75,1.75
Marteau Collecteur,Collecting Hammer,3,6,0.5,50%,14.0,7.0,42,2,7.0,3.5,4.67,2.33
Chasseresse d'Âmes,Huntress of Souls,2,6,0.33,33%,19.0,6.33,38,1,19.0,6.33,9.5,3.17
Marteleur précis,Precise Hammer,2,6,0.33,33%,18.0,6.0,36,1,18.0,6.0,9.0,3.0
Parchemin Secret,Secret Scroll,2,6,0.33,33%,18.0,6.0,36,2,9.0,3.0,6.0,2.0
Griffes Démoniaques,Demon Claws,2,6,0.33,33%,17.0,5.67,34,1,17.0,5.67,8.5,2.83
Esprit Guerrier,Spirit of the Warrior,2,6,0.33,33%,16.0,5.33,32,1,16.0,5.33,8.0,2.67
Esprit de l'Écuyer,Spirit of the Squire,4,6,0.67,67%,7.5,5.0,30,3,2.5,1.67,1.88,1.25
Elan de Fureur,Rampage Momentum,2,6,0.33,33%,15.0,5.0,30,2,7.5,2.5,5.0,1.67
Couronne du Roi Nain,Crown of the Dwarf King,2,6,0.33,33%,13.0,4.33,26,0,Gratuit,Gratuit,13.0,4.33
Totem du Gardien,Guardian Totem,6,6,1.0,100%,4.17,4.17,25,3,1.39,1.39,1.04,1.04
Faux Assoiffées,Thirsty Scythes,1,6,0.17,17%,25.0,4.17,25,3,8.33,1.39,6.25,1.04
Explosion Arcanique,Arcane Explosive,2,6,0.33,33%,12.0,4.0,24,1,12.0,4.0,6.0,2.0
Masse Colossale,Colossal Mace,2,6,0.33,33%,11.0,3.67,22,0,Gratuit,Gratuit,11.0,3.67
Sabre Versatile,Versatil Saber,2,6,0.33,33%,11.0,3.67,22,1,11.0,3.67,5.5,1.83
Tombeau Rocheux,Rock Tomb,2,6,0.33,33%,10.0,3.33,20,1,10.0,3.33,5.0,1.67
Esprit omniprésent,Omnipresent Spirit,1,6,0.17,17%,18.0,3.0,18,2,9.0,1.5,6.0,1.0
Enchaînement Éclair,Unstoppable Lightning,1,6,0.17,17%,18.0,3.0,18,1,18.0,3.0,9.0,1.5
Épée Obscure,Swords of Darkness,1,6,0.17,17%,17.0,2.83,17,1,17.0,2.83,8.5,1.42
Danse Macabre,Dance of Death,2,6,0.33,33%,8.0,2.67,16,1,8.0,2.67,4.0,1.33
Chasseur d'Âmes,Soul Hunter,1,6,0.17,17%,15.0,2.5,15,1,15.0,2.5,7.5,1.25
Armure d'Immortel,Immortal Breastplate,1,6,0.17,17%,14.0,2.33,14,1,14.0,2.33,7.0,1.17
Bâton du Conquérant,Staff of Conquered Worlds,1,6,0.17,17%,11.0,1.83,11,0,Gratuit,Gratuit,11.0,1.83
Coup de Mort,Death Helper,1,6,0.17,17%,10.0,1.67,10,1,10.0,1.67,5.0,0.83
Griffes Sauvages,Wild Claw,4,6,0.67,67%,2.25,1.5,9,3,0.75,0.5,0.56,0.38
