,Nom Anglais,nb games valide,total games,ratio,%,pts moy,pts moy total,total point,cout,pts par cout moy,pts par cout total,pts par cout moy+1,pts par cout total+1
Faux,Scythe,16,16,1.0,100%,16.38,16.38,262,3,5.46,5.46,4.09,4.09
Totem Équivalent,Equivalent Totem,16,16,1.0,100%,15.38,15.38,246,2,7.69,7.69,5.13,5.13
Armure d'Obsidienne,Obsidian Battle Plate,11,16,0.69,69%,20.0,13.75,220,2,10.0,6.88,6.67,4.58
Lame Affutée,Sharp Blade,15,16,0.94,94%,11.6,10.88,174,3,3.87,3.63,2.9,2.72
Lame Insatiable,Fast Furious Blade,10,16,0.62,62%,16.0,10.0,160,2,8.0,5.0,5.33,3.33
Faux Assoiffées,Thirsty Scythes,6,16,0.38,38%,25.0,9.38,150,3,8.33,3.13,6.25,2.35
Hache Frénétique,Berseker Ax,10,16,0.62,62%,14.0,8.75,140,2,7.0,4.38,4.67,2.92
Économe Sagesse du Trésorier,Treasurer's Wisdom,8,16,0.5,50%,17.0,8.5,136,2,8.5,4.25,5.67,2.83
Chasseresse d'Âmes,Huntress of Souls,7,16,0.44,44%,19.0,8.31,133,1,19.0,8.31,9.5,4.16
Griffes Démoniaques,Demon Claws,7,16,0.44,44%,17.0,7.44,119,1,17.0,7.44,8.5,3.72
Aveuglement,Incapacitor,16,16,1.0,100%,7.31,7.31,117,3,2.44,2.44,1.83,1.83
Esprit de l'Écuyer,Spirit of the Squire,14,16,0.88,88%,8.36,7.31,117,3,2.79,2.44,2.09,1.83
Esprit Guerrier,Spirit of the Warrior,7,16,0.44,44%,16.0,7.0,112,1,16.0,7.0,8.0,3.5
Parchemin Secret,Secret Scroll,6,16,0.38,38%,18.0,6.75,108,2,9.0,3.38,6.0,2.25
Explosion Arcanique,Arcane Explosive,8,16,0.5,50%,12.0,6.0,96,1,12.0,6.0,6.0,3.0
Elan de Fureur,Rampage Momentum,6,16,0.38,38%,15.0,5.62,90,2,7.5,2.81,5.0,1.87
Tombeau Rocheux,Rock Tomb,9,16,0.56,56%,10.0,5.62,90,1,10.0,5.62,5.0,2.81
Épée Obscure,Swords of Darkness,5,16,0.31,31%,17.0,5.31,85,1,17.0,5.31,8.5,2.65
Marteau Collecteur,Collecting Hammer,6,16,0.38,38%,14.0,5.25,84,2,7.0,2.62,4.67,1.75
Couronne du Roi Nain,Crown of the Dwarf King,6,16,0.38,38%,13.0,4.88,78,0,Gratuit,Gratuit,13.0,4.88
Sabre Versatile,Versatil Saber,7,16,0.44,44%,11.0,4.81,77,1,11.0,4.81,5.5,2.4
Marteleur précis,Precise Hammer,4,16,0.25,25%,18.0,4.5,72,1,18.0,4.5,9.0,2.25
Masse Colossale,Colossal Mace,5,16,0.31,31%,13.4,4.19,67,0,Gratuit,Gratuit,13.4,4.19
Faux Parfaite,Perfect Scythe,4,16,0.25,25%,15.0,3.75,60,0,Gratuit,Gratuit,15.0,3.75
Danse Macabre,Dance of Death,7,16,0.44,44%,8.0,3.5,56,1,8.0,3.5,4.0,1.75
Enchaînement Éclair,Unstoppable Lightning,3,16,0.19,19%,18.0,3.38,54,1,18.0,3.38,9.0,1.69
Ascension Divine,Divine Ascent,2,16,0.12,12%,25.0,3.12,50,3,8.33,1.04,6.25,0.78
Coup de Mort,Death Helper,4,16,0.25,25%,12.25,3.06,49,1,12.25,3.06,6.12,1.53
Totem du Gardien,Guardian Totem,11,16,0.69,69%,4.36,3.0,48,3,1.45,1.0,1.09,0.75
Armure d'Immortel,Immortal Breastplate,3,16,0.19,19%,15.33,2.88,46,1,15.33,2.88,7.67,1.44
Force Divine,Divine Impetu,3,16,0.19,19%,15.0,2.81,45,0,Gratuit,Gratuit,15.0,2.81
Épé Sainte,Holy Sword,4,16,0.25,25%,10.0,2.5,40,0,Gratuit,Gratuit,10.0,2.5
Esprit omniprésent,Omnipresent Spirit,2,16,0.12,12%,18.0,2.25,36,2,9.0,1.12,6.0,0.75
Désintégrateur Magnétique,Magnetic Disintegrator,3,16,0.19,19%,11.0,2.06,33,0,Gratuit,Gratuit,11.0,2.06
Griffes Sauvages,Wild Claw,11,16,0.69,69%,3.0,2.06,33,3,1.0,0.69,0.75,0.52
Soif de Sang,Thirsty Dagger,2,16,0.12,12%,15.0,1.88,30,0,Gratuit,Gratuit,15.0,1.88
Triple Météore,Trimeteor,1,16,0.06,6%,30.0,1.88,30,0,Gratuit,Gratuit,30.0,1.88
Œil de Lynx,Hawk's Eye,3,16,0.19,19%,10.0,1.88,30,0,Gratuit,Gratuit,10.0,1.88
Bâton de Conquête,Conquering Staff,1,16,0.06,6%,24.0,1.5,24,2,12.0,0.75,8.0,0.5
Pillard Féroce,Savage Looter,1,16,0.06,6%,20.0,1.25,20,1,20.0,1.25,10.0,0.62
Assistance Divine,Sacred Help,1,16,0.06,6%,20.0,1.25,20,2,10.0,0.62,6.67,0.42
Décharge Élémentaire,Elemental Discharge,1,16,0.06,6%,18.0,1.12,18,1,18.0,1.12,9.0,0.56
Adrénaline Arcanique,Arcane Adrenaline,1,16,0.06,6%,16.0,1.0,16,1,16.0,1.0,8.0,0.5
Chasseur d'Âmes,Soul Hunter,1,16,0.06,6%,15.0,0.94,15,1,15.0,0.94,7.5,0.47
Bâton du Conquérant,Staff of Conquered Worlds,1,16,0.06,6%,11.0,0.69,11,0,Gratuit,Gratuit,11.0,0.69
