,Nom Anglais,nb games valide,total games,ratio,%,pts moy,pts moy total,total point,cout,pts par cout moy,pts par cout total,pts par cout moy+1,pts par cout total+1
Armure d'Obsidienne,Obsidian Battle Plate,5,5,1.0,100%,20.0,20.0,100,2,10.0,10.0,6.67,6.67
Totem Équivalent,Equivalent Totem,5,5,1.0,100%,16.4,16.4,82,2,8.2,8.2,5.47,5.47
Faux,Scythe,5,5,1.0,100%,15.8,15.8,79,3,5.27,5.27,3.95,3.95
Économe Sagesse du Trésorier,Treasurer's Wisdom,4,5,0.8,80%,17.0,13.6,68,2,8.5,6.8,5.67,4.53
Esprit de l'Écuyer,Spirit of the Squire,5,5,1.0,100%,10.8,10.8,54,3,3.6,3.6,2.7,2.7
Lame Affutée,Sharp Blade,5,5,1.0,100%,10.2,10.2,51,3,3.4,3.4,2.55,2.55
Ascension Divine,Divine Ascent,2,5,0.4,40%,25.0,10.0,50,3,8.33,3.33,6.25,2.5
Esprit Guerrier,Spirit of the Warrior,3,5,0.6,60%,16.0,9.6,48,1,16.0,9.6,8.0,4.8
Aveuglement,Incapacitor,5,5,1.0,100%,9.0,9.0,45,3,3.0,3.0,2.25,2.25
Elan de Fureur,Rampage Momentum,3,5,0.6,60%,15.0,9.0,45,2,7.5,4.5,5.0,3.0
Hache Frénétique,Berseker Ax,3,5,0.6,60%,14.0,8.4,42,2,7.0,4.2,4.67,2.8
Armure d'Immortel,Immortal Breastplate,3,5,0.6,60%,14.0,8.4,42,1,14.0,8.4,7.0,4.2
Marteleur précis,Precise Hammer,2,5,0.4,40%,18.0,7.2,36,1,18.0,7.2,9.0,3.6
Sabre Versatile,Versatil Saber,3,5,0.6,60%,11.0,6.6,33,1,11.0,6.6,5.5,3.3
Force Divine,Divine Impetu,3,5,0.6,60%,11.0,6.6,33,0,Gratuit,Gratuit,11.0,6.6
Triple Météore,Trimeteor,1,5,0.2,20%,30.0,6.0,30,0,Gratuit,Gratuit,30.0,6.0
Marteau Collecteur,Collecting Hammer,3,5,0.6,60%,10.0,6.0,30,2,5.0,3.0,3.33,2.0
Totem du Gardien,Guardian Totem,5,5,1.0,100%,5.4,5.4,27,3,1.8,1.8,1.35,1.35
Faux Assoiffées,Thirsty Scythes,1,5,0.2,20%,25.0,5.0,25,3,8.33,1.67,6.25,1.25
Œil de Lynx,Hawk's Eye,3,5,0.6,60%,8.0,4.8,24,0,Gratuit,Gratuit,8.0,4.8
Explosion Arcanique,Arcane Explosive,2,5,0.4,40%,12.0,4.8,24,1,12.0,4.8,6.0,2.4
Danse Macabre,Dance of Death,3,5,0.6,60%,8.0,4.8,24,1,8.0,4.8,4.0,2.4
Coup de Mort,Death Helper,2,5,0.4,40%,10.0,4.0,20,1,10.0,4.0,5.0,2.0
Tombeau Rocheux,Rock Tomb,2,5,0.4,40%,10.0,4.0,20,1,10.0,4.0,5.0,2.0
Assistance Divine,Sacred Help,1,5,0.2,20%,20.0,4.0,20,2,10.0,2.0,6.67,1.33
Enchaînement Éclair,Unstoppable Lightning,1,5,0.2,20%,18.0,3.6,18,1,18.0,3.6,9.0,1.8
Épée Obscure,Swords of Darkness,1,5,0.2,20%,17.0,3.4,17,1,17.0,3.4,8.5,1.7
Lame Insatiable,Fast Furious Blade,1,5,0.2,20%,16.0,3.2,16,2,8.0,1.6,5.33,1.07
Faux Parfaite,Perfect Scythe,1,5,0.2,20%,15.0,3.0,15,0,Gratuit,Gratuit,15.0,3.0
Chasseur d'Âmes,Soul Hunter,1,5,0.2,20%,15.0,3.0,15,1,15.0,3.0,7.5,1.5
Amulette Omnisciente,Omnipresent Amulet,1,5,0.2,20%,11.0,2.2,11,0,Gratuit,Gratuit,11.0,2.2
Bâton du Conquérant,Staff of Conquered Worlds,1,5,0.2,20%,11.0,2.2,11,0,Gratuit,Gratuit,11.0,2.2
Désintégrateur Magnétique,Magnetic Disintegrator,1,5,0.2,20%,11.0,2.2,11,0,Gratuit,Gratuit,11.0,2.2
Épé Sainte,Holy Sword,1,5,0.2,20%,10.0,2.0,10,0,Gratuit,Gratuit,10.0,2.0
Griffes Sauvages,Wild Claw,3,5,0.6,60%,1.67,1.0,5,3,0.56,0.33,0.42,0.25
