,Nom Anglais,nb games valide,total games,ratio,%,pts moy,pts moy total,total point,cout,pts par cout moy,pts par cout total,pts par cout moy+1,pts par cout total+1
Faux,Scythe,14,14,1.0,100%,17.29,17.29,242,3,5.76,5.76,4.32,4.32
Totem Équivalent,Equivalent Totem,14,14,1.0,100%,16.0,16.0,224,2,8.0,8.0,5.33,5.33
Armure d'Obsidienne,Obsidian Battle Plate,11,14,0.79,79%,20.0,15.71,220,2,10.0,7.86,6.67,5.24
Marteau Collecteur,Collecting Hammer,8,14,0.57,57%,21.62,12.36,173,2,10.81,6.18,7.21,4.12
Économe Sagesse du Trésorier,Treasurer's Wisdom,10,14,0.71,71%,17.0,12.14,170,2,8.5,6.07,5.67,4.05
Lame Affutée,Sharp Blade,13,14,0.93,93%,10.85,10.07,141,3,3.62,3.36,2.71,2.52
Faux Assoiffées,Thirsty Scythes,5,14,0.36,36%,25.0,8.93,125,3,8.33,2.98,6.25,2.23
Hache Frénétique,Berseker Ax,8,14,0.57,57%,14.0,8.0,112,2,7.0,4.0,4.67,2.67
Marteleur précis,Precise Hammer,6,14,0.43,43%,18.0,7.71,108,1,18.0,7.71,9.0,3.85
Aveuglement,Incapacitor,13,14,0.93,93%,7.85,7.29,102,3,2.62,2.43,1.96,1.82
Ascension Divine,Divine Ascent,4,14,0.29,29%,25.0,7.14,100,3,8.33,2.38,6.25,1.78
Esprit Guerrier,Spirit of the Warrior,6,14,0.43,43%,16.0,6.86,96,1,16.0,6.86,8.0,3.43
Lame Insatiable,Fast Furious Blade,6,14,0.43,43%,16.0,6.86,96,2,8.0,3.43,5.33,2.29
Esprit de l'Écuyer,Spirit of the Squire,13,14,0.93,93%,7.38,6.86,96,3,2.46,2.29,1.84,1.72
Sabre Versatile,Versatil Saber,8,14,0.57,57%,11.0,6.29,88,1,11.0,6.29,5.5,3.15
Armure d'Immortel,Immortal Breastplate,6,14,0.43,43%,14.33,6.14,86,1,14.33,6.14,7.17,3.07
Épée Obscure,Swords of Darkness,5,14,0.36,36%,17.0,6.07,85,1,17.0,6.07,8.5,3.04
Elan de Fureur,Rampage Momentum,5,14,0.36,36%,15.0,5.36,75,2,7.5,2.68,5.0,1.79
Explosion Arcanique,Arcane Explosive,6,14,0.43,43%,12.0,5.14,72,1,12.0,5.14,6.0,2.57
Assistance Divine,Sacred Help,3,14,0.21,21%,20.0,4.29,60,2,10.0,2.15,6.67,1.43
Faux Parfaite,Perfect Scythe,4,14,0.29,29%,15.0,4.29,60,0,Gratuit,Gratuit,15.0,4.29
Tombeau Rocheux,Rock Tomb,6,14,0.43,43%,10.0,4.29,60,1,10.0,4.29,5.0,2.15
Chasseresse d'Âmes,Huntress of Souls,3,14,0.21,21%,19.0,4.07,57,1,19.0,4.07,9.5,2.04
Parchemin Secret,Secret Scroll,3,14,0.21,21%,18.0,3.86,54,2,9.0,1.93,6.0,1.29
Griffes Démoniaques,Demon Claws,3,14,0.21,21%,17.0,3.64,51,1,17.0,3.64,8.5,1.82
Danse Macabre,Dance of Death,6,14,0.43,43%,8.0,3.43,48,1,8.0,3.43,4.0,1.72
Totem du Gardien,Guardian Totem,9,14,0.64,64%,5.0,3.21,45,3,1.67,1.07,1.25,0.8
Œil de Lynx,Hawk's Eye,5,14,0.36,36%,8.8,3.14,44,0,Gratuit,Gratuit,8.8,3.14
Aura Légendaire,Legend Aura,1,14,0.07,7%,40.0,2.86,40,3,13.33,0.95,10.0,0.71
Enchaînement Éclair,Unstoppable Lightning,2,14,0.14,14%,18.0,2.57,36,1,18.0,2.57,9.0,1.28
Force Divine,Divine Impetu,3,14,0.21,21%,11.0,2.36,33,0,Gratuit,Gratuit,11.0,2.36
Épé Sainte,Holy Sword,3,14,0.21,21%,10.0,2.14,30,0,Gratuit,Gratuit,10.0,2.14
Triple Météore,Trimeteor,1,14,0.07,7%,30.0,2.14,30,0,Gratuit,Gratuit,30.0,2.14
Griffes Sauvages,Wild Claw,10,14,0.71,71%,2.8,2.0,28,3,0.93,0.67,0.7,0.5
Désintégrateur Magnétique,Magnetic Disintegrator,2,14,0.14,14%,11.0,1.57,22,0,Gratuit,Gratuit,11.0,1.57
Coup de Mort,Death Helper,2,14,0.14,14%,10.0,1.43,20,1,10.0,1.43,5.0,0.71
Décharge Élémentaire,Elemental Discharge,1,14,0.07,7%,18.0,1.29,18,1,18.0,1.29,9.0,0.65
Esprit omniprésent,Omnipresent Spirit,1,14,0.07,7%,18.0,1.29,18,2,9.0,0.65,6.0,0.43
Chasseur d'Âmes,Soul Hunter,1,14,0.07,7%,15.0,1.07,15,1,15.0,1.07,7.5,0.54
Couronne du Roi Nain,Crown of the Dwarf King,1,14,0.07,7%,13.0,0.93,13,0,Gratuit,Gratuit,13.0,0.93
Amulette Omnisciente,Omnipresent Amulet,1,14,0.07,7%,11.0,0.79,11,0,Gratuit,Gratuit,11.0,0.79
Bâton du Conquérant,Staff of Conquered Worlds,1,14,0.07,7%,11.0,0.79,11,0,Gratuit,Gratuit,11.0,0.79
