,Nom Anglais,nb games valide,total games,ratio,%,pts moy,pts moy total,total point,cout,pts par cout moy,pts par cout total,pts par cout moy+1,pts par cout total+1
Armure d'Obsidienne,Obsidian Battle Plate,6,6,1.0,100%,20.0,20.0,120,2,10.0,10.0,6.67,6.67
Totem Équivalent,Equivalent Totem,6,6,1.0,100%,16.17,16.17,97,2,8.09,8.09,5.39,5.39
Faux,Scythe,6,6,1.0,100%,15.67,15.67,94,3,5.22,5.22,3.92,3.92
Économe Sagesse du Trésorier,Treasurer's Wisdom,4,6,0.67,67%,17.0,11.33,68,2,8.5,5.67,5.67,3.78
Esprit de l'Écuyer,Spirit of the Squire,6,6,1.0,100%,10.0,10.0,60,3,3.33,3.33,2.5,2.5
Lame Affutée,Sharp Blade,6,6,1.0,100%,9.0,9.0,54,3,3.0,3.0,2.25,2.25
Aveuglement,Incapacitor,6,6,1.0,100%,8.5,8.5,51,3,2.83,2.83,2.12,2.12
Ascension Divine,Divine Ascent,2,6,0.33,33%,25.0,8.33,50,3,8.33,2.78,6.25,2.08
Esprit Guerrier,Spirit of the Warrior,3,6,0.5,50%,16.0,8.0,48,1,16.0,8.0,8.0,4.0
Elan de Fureur,Rampage Momentum,3,6,0.5,50%,15.0,7.5,45,2,7.5,3.75,5.0,2.5
Sabre Versatile,Versatil Saber,4,6,0.67,67%,11.0,7.33,44,1,11.0,7.33,5.5,3.67
Hache Frénétique,Berseker Ax,3,6,0.5,50%,14.0,7.0,42,2,7.0,3.5,4.67,2.33
Armure d'Immortel,Immortal Breastplate,3,6,0.5,50%,14.0,7.0,42,1,14.0,7.0,7.0,3.5
Marteleur précis,Precise Hammer,2,6,0.33,33%,18.0,6.0,36,1,18.0,6.0,9.0,3.0
Force Divine,Divine Impetu,3,6,0.5,50%,11.0,5.5,33,0,Gratuit,Gratuit,11.0,5.5
Totem du Gardien,Guardian Totem,6,6,1.0,100%,5.17,5.17,31,3,1.72,1.72,1.29,1.29
Triple Météore,Trimeteor,1,6,0.17,17%,30.0,5.0,30,0,Gratuit,Gratuit,30.0,5.0
Marteau Collecteur,Collecting Hammer,3,6,0.5,50%,10.0,5.0,30,2,5.0,2.5,3.33,1.67
Faux Assoiffées,Thirsty Scythes,1,6,0.17,17%,25.0,4.17,25,3,8.33,1.39,6.25,1.04
Œil de Lynx,Hawk's Eye,3,6,0.5,50%,8.0,4.0,24,0,Gratuit,Gratuit,8.0,4.0
Explosion Arcanique,Arcane Explosive,2,6,0.33,33%,12.0,4.0,24,1,12.0,4.0,6.0,2.0
Danse Macabre,Dance of Death,3,6,0.5,50%,8.0,4.0,24,1,8.0,4.0,4.0,2.0
Coup de Mort,Death Helper,2,6,0.33,33%,10.0,3.33,20,1,10.0,3.33,5.0,1.67
Tombeau Rocheux,Rock Tomb,2,6,0.33,33%,10.0,3.33,20,1,10.0,3.33,5.0,1.67
Assistance Divine,Sacred Help,1,6,0.17,17%,20.0,3.33,20,2,10.0,1.67,6.67,1.11
Enchaînement Éclair,Unstoppable Lightning,1,6,0.17,17%,18.0,3.0,18,1,18.0,3.0,9.0,1.5
Épée Obscure,Swords of Darkness,1,6,0.17,17%,17.0,2.83,17,1,17.0,2.83,8.5,1.42
Lame Insatiable,Fast Furious Blade,1,6,0.17,17%,16.0,2.67,16,2,8.0,1.33,5.33,0.89
Faux Parfaite,Perfect Scythe,1,6,0.17,17%,15.0,2.5,15,0,Gratuit,Gratuit,15.0,2.5
Chasseur d'Âmes,Soul Hunter,1,6,0.17,17%,15.0,2.5,15,1,15.0,2.5,7.5,1.25
Amulette Omnisciente,Omnipresent Amulet,1,6,0.17,17%,11.0,1.83,11,0,Gratuit,Gratuit,11.0,1.83
Bâton du Conquérant,Staff of Conquered Worlds,1,6,0.17,17%,11.0,1.83,11,0,Gratuit,Gratuit,11.0,1.83
Désintégrateur Magnétique,Magnetic Disintegrator,1,6,0.17,17%,11.0,1.83,11,0,Gratuit,Gratuit,11.0,1.83
Épé Sainte,Holy Sword,1,6,0.17,17%,10.0,1.67,10,0,Gratuit,Gratuit,10.0,1.67
Griffes Sauvages,Wild Claw,4,6,0.67,67%,1.75,1.17,7,3,0.58,0.39,0.44,0.29
