,Nom Anglais,nb games valide,total games,ratio,%,pts moy,pts moy total,total point,cout,pts par cout moy,pts par cout total,pts par cout moy+1,pts par cout total+1
Armure d'Obsidienne,Obsidian Battle Plate,11,12,0.92,92%,20.0,18.33,220,2,10.0,9.16,6.67,6.11
Faux,Scythe,12,12,1.0,100%,17.08,17.08,205,3,5.69,5.69,4.27,4.27
Totem Équivalent,Equivalent Totem,12,12,1.0,100%,16.0,16.0,192,2,8.0,8.0,5.33,5.33
Économe Sagesse du Trésorier,Treasurer's Wisdom,9,12,0.75,75%,17.0,12.75,153,2,8.5,6.38,5.67,4.25
Marteau Collecteur,Collecting Hammer,7,12,0.58,58%,21.71,12.67,152,2,10.86,6.33,7.24,4.22
Lame Affutée,Sharp Blade,12,12,1.0,100%,9.5,9.5,114,3,3.17,3.17,2.38,2.38
Marteleur précis,Precise Hammer,6,12,0.5,50%,18.0,9.0,108,1,18.0,9.0,9.0,4.5
Faux Assoiffées,Thirsty Scythes,4,12,0.33,33%,25.0,8.33,100,3,8.33,2.78,6.25,2.08
Hache Frénétique,Berseker Ax,7,12,0.58,58%,14.0,8.17,98,2,7.0,4.08,4.67,2.72
Esprit Guerrier,Spirit of the Warrior,6,12,0.5,50%,16.0,8.0,96,1,16.0,8.0,8.0,4.0
Aveuglement,Incapacitor,12,12,1.0,100%,7.5,7.5,90,3,2.5,2.5,1.88,1.88
Esprit de l'Écuyer,Spirit of the Squire,12,12,1.0,100%,7.5,7.5,90,3,2.5,2.5,1.88,1.88
Sabre Versatile,Versatil Saber,8,12,0.67,67%,11.0,7.33,88,1,11.0,7.33,5.5,3.67
Armure d'Immortel,Immortal Breastplate,6,12,0.5,50%,14.33,7.17,86,1,14.33,7.17,7.17,3.58
Lame Insatiable,Fast Furious Blade,5,12,0.42,42%,16.0,6.67,80,2,8.0,3.33,5.33,2.22
Ascension Divine,Divine Ascent,3,12,0.25,25%,25.0,6.25,75,3,8.33,2.08,6.25,1.56
Épée Obscure,Swords of Darkness,4,12,0.33,33%,17.0,5.67,68,1,17.0,5.67,8.5,2.83
Assistance Divine,Sacred Help,3,12,0.25,25%,20.0,5.0,60,2,10.0,2.5,6.67,1.67
Elan de Fureur,Rampage Momentum,4,12,0.33,33%,15.0,5.0,60,2,7.5,2.5,5.0,1.67
Faux Parfaite,Perfect Scythe,4,12,0.33,33%,15.0,5.0,60,0,Gratuit,Gratuit,15.0,5.0
Explosion Arcanique,Arcane Explosive,5,12,0.42,42%,12.0,5.0,60,1,12.0,5.0,6.0,2.5
Chasseresse d'Âmes,Huntress of Souls,3,12,0.25,25%,19.0,4.75,57,1,19.0,4.75,9.5,2.38
Griffes Démoniaques,Demon Claws,3,12,0.25,25%,17.0,4.25,51,1,17.0,4.25,8.5,2.12
Tombeau Rocheux,Rock Tomb,5,12,0.42,42%,10.0,4.17,50,1,10.0,4.17,5.0,2.08
Totem du Gardien,Guardian Totem,9,12,0.75,75%,5.0,3.75,45,3,1.67,1.25,1.25,0.94
Danse Macabre,Dance of Death,5,12,0.42,42%,8.0,3.33,40,1,8.0,3.33,4.0,1.67
Aura Légendaire,Legend Aura,1,12,0.08,8%,40.0,3.33,40,3,13.33,1.11,10.0,0.83
Enchaînement Éclair,Unstoppable Lightning,2,12,0.17,17%,18.0,3.0,36,1,18.0,3.0,9.0,1.5
Parchemin Secret,Secret Scroll,2,12,0.17,17%,18.0,3.0,36,2,9.0,1.5,6.0,1.0
Œil de Lynx,Hawk's Eye,4,12,0.33,33%,8.5,2.83,34,0,Gratuit,Gratuit,8.5,2.83
Force Divine,Divine Impetu,3,12,0.25,25%,11.0,2.75,33,0,Gratuit,Gratuit,11.0,2.75
Épé Sainte,Holy Sword,3,12,0.25,25%,10.0,2.5,30,0,Gratuit,Gratuit,10.0,2.5
Triple Météore,Trimeteor,1,12,0.08,8%,30.0,2.5,30,0,Gratuit,Gratuit,30.0,2.5
Griffes Sauvages,Wild Claw,9,12,0.75,75%,2.44,1.83,22,3,0.81,0.61,0.61,0.46
Coup de Mort,Death Helper,2,12,0.17,17%,10.0,1.67,20,1,10.0,1.67,5.0,0.83
Chasseur d'Âmes,Soul Hunter,1,12,0.08,8%,15.0,1.25,15,1,15.0,1.25,7.5,0.62
Couronne du Roi Nain,Crown of the Dwarf King,1,12,0.08,8%,13.0,1.08,13,0,Gratuit,Gratuit,13.0,1.08
Amulette Omnisciente,Omnipresent Amulet,1,12,0.08,8%,11.0,0.92,11,0,Gratuit,Gratuit,11.0,0.92
Bâton du Conquérant,Staff of Conquered Worlds,1,12,0.08,8%,11.0,0.92,11,0,Gratuit,Gratuit,11.0,0.92
Désintégrateur Magnétique,Magnetic Disintegrator,1,12,0.08,8%,11.0,0.92,11,0,Gratuit,Gratuit,11.0,0.92
