,Nom Anglais,nb games valide,total games,ratio,%,pts moy,pts moy total,total point,cout,pts par cout moy,pts par cout total
Armure d'Obsidienne,Obsidian Battle Plate,3,3,1.0,100%,20.0,20.0,60,2,10.0,10.0
Totem Équivalent,Equivalent Totem,3,3,1.0,100%,15.33,15.33,46,1,15.33,15.33
Faux,Scythe,3,3,1.0,100%,14.67,14.67,44,3,4.89,4.89
Marteleur précis,Precise Hammer,2,3,0.67,67%,18.0,12.0,36,1,18.0,12.0
Économe Sagesse du Trésorier,Treasurer's Wisdom,2,3,0.67,67%,17.0,11.33,34,2,8.5,5.67
Esprit Guerrier,Spirit of the Warrior,2,3,0.67,67%,16.0,10.67,32,1,16.0,10.67
Marteau Collecteur,Collecting Hammer,3,3,1.0,100%,10.0,10.0,30,2,5.0,5.0
Triple Météore,Trimeteor,1,3,0.33,33%,30.0,10.0,30,0,Gratuit,Gratuit
Esprit de l'Écuyer,Spirit of the Squire,3,3,1.0,100%,10.0,10.0,30,3,3.33,3.33
Armure d'Immortel,Immortal Breastplate,2,3,0.67,67%,14.0,9.33,28,1,14.0,9.33
Lame Affutée,Sharp Blade,3,3,1.0,100%,9.0,9.0,27,3,3.0,3.0
Aveuglement,Incapacitor,3,3,1.0,100%,8.0,8.0,24,3,2.67,2.67
Sabre Versatile,Versatil Saber,2,3,0.67,67%,11.0,7.33,22,1,11.0,7.33
Force Divine,Divine Impetu,2,3,0.67,67%,11.0,7.33,22,0,Gratuit,Gratuit
Tombeau Rocheux,Rock Tomb,2,3,0.67,67%,10.0,6.67,20,1,10.0,6.67
Enchaînement Éclair,Unstoppable Lightning,1,3,0.33,33%,18.0,6.0,18,1,18.0,6.0
Épée Obscure,Swords of Darkness,1,3,0.33,33%,17.0,5.67,17,1,17.0,5.67
Lame Insatiable,Fast Furious Blade,1,3,0.33,33%,16.0,5.33,16,2,8.0,2.67
Faux Parfaite,Perfect Scythe,1,3,0.33,33%,15.0,5.0,15,0,Gratuit,Gratuit
Elan de Fureur,Rampage Momentum,1,3,0.33,33%,15.0,5.0,15,2,7.5,2.5
Totem du Gardien,Guardian Totem,3,3,1.0,100%,5.0,5.0,15,3,1.67,1.67
Hache Frénétique,Berseker Ax,1,3,0.33,33%,14.0,4.67,14,2,7.0,2.33
Explosion Arcanique,Arcane Explosive,1,3,0.33,33%,12.0,4.0,12,1,12.0,4.0
Amulette Omnisciente,Omnipresent Amulet,1,3,0.33,33%,11.0,3.67,11,0,Gratuit,Gratuit
Bâton du Conquérant,Staff of Conquered Worlds,1,3,0.33,33%,11.0,3.67,11,0,Gratuit,Gratuit
Coup de Mort,Death Helper,1,3,0.33,33%,10.0,3.33,10,1,10.0,3.33
Épé Sainte,Holy Sword,1,3,0.33,33%,10.0,3.33,10,0,Gratuit,Gratuit
Œil de Lynx,Hawk's Eye,1,3,0.33,33%,8.0,2.67,8,0,Gratuit,Gratuit
Danse Macabre,Dance of Death,1,3,0.33,33%,8.0,2.67,8,1,8.0,2.67
Griffes Sauvages,Wild Claw,1,3,0.33,33%,2.0,0.67,2,3,0.67,0.22
