,Nom Anglais,nb games valide,total games,ratio,%,pts moy,pts moy total,total point,cout,pts par cout moy,pts par cout total
Aveuglement,Incapacitor,11,11,1.0,100%,19.36,19.36,213,3,6.45,6.45
Armure d'Obsidienne,Obsidian Battle Plate,10,11,0.91,91%,20.0,18.18,200,2,10.0,9.09
Faux,Scythe,11,11,1.0,100%,17.45,17.45,192,3,5.82,5.82
Lame Insatiable,Fast Furious Blade,10,11,0.91,91%,16.0,14.55,160,2,8.0,7.28
Faux Assoiffées,Thirsty Scythes,6,11,0.55,55%,25.0,13.64,150,3,8.33,4.55
Économe Sagesse du Trésorier,Treasurer's Wisdom,8,11,0.73,73%,17.0,12.36,136,2,8.5,6.18
Frappe Chirurgicale,Accurate Sword,8,11,0.73,73%,16.0,11.64,128,1,16.0,11.64
Lame Affutée,Sharp Blade,10,11,0.91,91%,12.6,11.45,126,3,4.2,3.82
Griffes Démoniaques,Demon Claws,7,11,0.64,64%,17.0,10.82,119,1,17.0,10.82
Chasseresse d'Âmes,Huntress of Souls,6,11,0.55,55%,19.0,10.36,114,1,19.0,10.36
Hache Frénétique,Berseker Ax,8,11,0.73,73%,14.0,10.18,112,2,7.0,5.09
Parchemin Secret,Secret Scroll,6,11,0.55,55%,18.0,9.82,108,2,9.0,4.91
Épée Obscure,Swords of Darkness,6,11,0.55,55%,15.0,8.18,90,1,15.0,8.18
Explosion Arcanique,Arcane Explosive,7,11,0.64,64%,12.0,7.64,84,1,12.0,7.64
Ascension Divine,Divine Ascent,3,11,0.27,27%,25.0,6.82,75,3,8.33,2.27
Elan de Fureur,Rampage Momentum,5,11,0.45,45%,15.0,6.82,75,2,7.5,3.41
Bâton de Conquête,Conquering Staff,3,11,0.27,27%,24.0,6.55,72,2,12.0,3.27
Marteleur précis,Precise Hammer,4,11,0.36,36%,18.0,6.55,72,1,18.0,6.55
Épées Jumelles,Twin Swords,6,11,0.55,55%,11.67,6.36,70,1,11.67,6.36
Armure d'Immortel,Immortal Breastplate,5,11,0.45,45%,14.0,6.36,70,1,14.0,6.36
Esprit de l'Écuyer,Spirit of the Squire,9,11,0.82,82%,7.67,6.27,69,3,2.56,2.09
Glaive Vindicatif,Large Sword of Hate,3,11,0.27,27%,20.0,5.45,60,1,20.0,5.45
Pillard Féroce,Savage Looter,3,11,0.27,27%,20.0,5.45,60,1,20.0,5.45
Triple Météore,Trimeteor,2,11,0.18,18%,30.0,5.45,60,0,Gratuit,Gratuit
Esquive Salvatrice,Evasive Protection,4,11,0.36,36%,15.0,5.45,60,0,Gratuit,Gratuit
Totem du Gardien,Guardian Totem,11,11,1.0,100%,5.27,5.27,58,3,1.76,1.76
Le Croque-mort,The Undertaker,4,11,0.36,36%,14.0,5.09,56,1,14.0,5.09
Enchaînement Éclair,Unstoppable Lightning,3,11,0.27,27%,18.0,4.91,54,1,18.0,4.91
Couronne du Roi Nain,Crown of the Dwarf King,4,11,0.36,36%,13.0,4.73,52,0,Gratuit,Gratuit
Tombeau Rocheux,Rock Tomb,5,11,0.45,45%,10.0,4.55,50,1,10.0,4.55
Danse Macabre,Dance of Death,6,11,0.55,55%,8.0,4.36,48,1,8.0,4.36
Esprit Guerrier,Spirit of the Warrior,3,11,0.27,27%,16.0,4.36,48,1,16.0,4.36
Instinct Sanguinaire,Bloody Instinct,3,11,0.27,27%,15.0,4.09,45,2,7.5,2.04
Sabre Versatile,Versatil Saber,4,11,0.36,36%,11.0,4.0,44,1,11.0,4.0
Aura Légendaire,Legend Aura,1,11,0.09,9%,40.0,3.64,40,3,13.33,1.21
Lance Triplée,Triple Spear,2,11,0.18,18%,20.0,3.64,40,0,Gratuit,Gratuit
Griffes Sauvages,Wild Claw,11,11,1.0,100%,3.36,3.36,37,3,1.12,1.12
Désintégrateur Magnétique,Magnetic Disintegrator,3,11,0.27,27%,11.0,3.0,33,0,Gratuit,Gratuit
Masse Colossale,Colossal Mace,3,11,0.27,27%,11.0,3.0,33,0,Gratuit,Gratuit
Destruction Royale,Royal Destroyer,3,11,0.27,27%,11.0,3.0,33,0,Gratuit,Gratuit
Bâton du Conquérant,Staff of Conquered Worlds,3,11,0.27,27%,11.0,3.0,33,0,Gratuit,Gratuit
Lance Doublée,Dual Spear,4,11,0.36,36%,8.0,2.91,32,0,Gratuit,Gratuit
Épé Sainte,Holy Sword,3,11,0.27,27%,10.0,2.73,30,0,Gratuit,Gratuit
Bâton Élémentaire,Earthly Staff,2,11,0.18,18%,15.0,2.73,30,0,Gratuit,Gratuit
Force Divine,Divine Impetu,2,11,0.18,18%,11.0,2.0,22,0,Gratuit,Gratuit
Assistance Divine,Sacred Help,1,11,0.09,9%,20.0,1.82,20,2,10.0,0.91
Le Traqueur,The Stalker,1,11,0.09,9%,18.0,1.64,18,3,6.0,0.55
Esprit omniprésent,Omnipresent Spirit,1,11,0.09,9%,18.0,1.64,18,2,9.0,0.82
Masse de Siège,Siege Mace,1,11,0.09,9%,16.0,1.45,16,0,Gratuit,Gratuit
Œil de Lynx,Hawk's Eye,2,11,0.18,18%,8.0,1.45,16,0,Gratuit,Gratuit
Chasseur d'Âmes,Soul Hunter,1,11,0.09,9%,15.0,1.36,15,1,15.0,1.36
Soif de Sang,Thirsty Dagger,1,11,0.09,9%,15.0,1.36,15,0,Gratuit,Gratuit
Amulette Omnisciente,Omnipresent Amulet,1,11,0.09,9%,11.0,1.0,11,0,Gratuit,Gratuit
Coup de Mort,Death Helper,1,11,0.09,9%,10.0,0.91,10,1,10.0,0.91
