,Nom Anglais,nb games valide,total games,ratio,%,pts moy,pts moy total,total point,cout,pts par cout moy,pts par cout total,pts par cout moy+1,pts par cout total+1
Faux,Scythe,13,13,1.0,100%,15.23,15.23,198,3,5.08,5.08,3.81,3.81
Totem Équivalent,Equivalent Totem,13,13,1.0,100%,15.0,15.0,195,2,7.5,7.5,5.0,5.0
Lame Affutée,Sharp Blade,10,13,0.77,77%,13.5,10.38,135,3,4.5,3.46,3.38,2.6
Armure d'Obsidienne,Obsidian Battle Plate,6,13,0.46,46%,20.0,9.23,120,2,10.0,4.62,6.67,3.08
Économe Sagesse du Trésorier,Treasurer's Wisdom,7,13,0.54,54%,17.0,9.15,119,2,8.5,4.58,5.67,3.05
Hache Frénétique,Berseker Ax,8,13,0.62,62%,14.0,8.62,112,2,7.0,4.31,4.67,2.87
Marteau Collecteur,Collecting Hammer,7,13,0.54,54%,15.14,8.15,106,2,7.57,4.08,5.05,2.72
Aveuglement,Incapacitor,13,13,1.0,100%,8.08,8.08,105,3,2.69,2.69,2.02,2.02
Esprit Guerrier,Spirit of the Warrior,6,13,0.46,46%,16.0,7.38,96,1,16.0,7.38,8.0,3.69
Parchemin Secret,Secret Scroll,5,13,0.38,38%,18.0,6.92,90,2,9.0,3.46,6.0,2.31
Esprit de l'Écuyer,Spirit of the Squire,10,13,0.77,77%,8.7,6.69,87,3,2.9,2.23,2.17,1.67
Épée Obscure,Swords of Darkness,5,13,0.38,38%,17.0,6.54,85,1,17.0,6.54,8.5,3.27
Tombeau Rocheux,Rock Tomb,8,13,0.62,62%,10.0,6.15,80,1,10.0,6.15,5.0,3.08
Elan de Fureur,Rampage Momentum,5,13,0.38,38%,15.0,5.77,75,2,7.5,2.88,5.0,1.92
Lame Insatiable,Fast Furious Blade,4,13,0.31,31%,16.0,4.92,64,2,8.0,2.46,5.33,1.64
Explosion Arcanique,Arcane Explosive,5,13,0.38,38%,12.0,4.62,60,1,12.0,4.62,6.0,2.31
Sabre Versatile,Versatil Saber,5,13,0.38,38%,11.0,4.23,55,1,11.0,4.23,5.5,2.12
Enchaînement Éclair,Unstoppable Lightning,3,13,0.23,23%,18.0,4.15,54,1,18.0,4.15,9.0,2.08
Marteleur précis,Precise Hammer,3,13,0.23,23%,18.0,4.15,54,1,18.0,4.15,9.0,2.08
Couronne du Roi Nain,Crown of the Dwarf King,4,13,0.31,31%,13.0,4.0,52,0,Gratuit,Gratuit,13.0,4.0
Ascension Divine,Divine Ascent,2,13,0.15,15%,25.0,3.85,50,3,8.33,1.28,6.25,0.96
Danse Macabre,Dance of Death,6,13,0.46,46%,8.0,3.69,48,1,8.0,3.69,4.0,1.84
Bâton de Conquête,Conquering Staff,2,13,0.15,15%,24.0,3.69,48,2,12.0,1.84,8.0,1.23
Soif de Sang,Thirsty Dagger,3,13,0.23,23%,15.0,3.46,45,0,Gratuit,Gratuit,15.0,3.46
Désintégrateur Magnétique,Magnetic Disintegrator,4,13,0.31,31%,11.0,3.38,44,0,Gratuit,Gratuit,11.0,3.38
Totem du Gardien,Guardian Totem,9,13,0.69,69%,4.67,3.23,42,3,1.56,1.08,1.17,0.81
Masse Colossale,Colossal Mace,3,13,0.23,23%,13.67,3.15,41,0,Gratuit,Gratuit,13.67,3.15
Aura Légendaire,Legend Aura,1,13,0.08,8%,40.0,3.08,40,3,13.33,1.03,10.0,0.77
Œil de Lynx,Hawk's Eye,4,13,0.31,31%,9.0,2.77,36,0,Gratuit,Gratuit,9.0,2.77
Coup de Mort,Death Helper,3,13,0.23,23%,11.0,2.54,33,1,11.0,2.54,5.5,1.27
Faux Parfaite,Perfect Scythe,2,13,0.15,15%,15.0,2.31,30,0,Gratuit,Gratuit,15.0,2.31
Épé Sainte,Holy Sword,3,13,0.23,23%,10.0,2.31,30,0,Gratuit,Gratuit,10.0,2.31
Triple Météore,Trimeteor,1,13,0.08,8%,30.0,2.31,30,0,Gratuit,Gratuit,30.0,2.31
Faux Assoiffées,Thirsty Scythes,1,13,0.08,8%,25.0,1.92,25,3,8.33,0.64,6.25,0.48
Bâton du Conquérant,Staff of Conquered Worlds,2,13,0.15,15%,11.0,1.69,22,0,Gratuit,Gratuit,11.0,1.69
Chasseresse d'Âmes,Huntress of Souls,1,13,0.08,8%,19.0,1.46,19,1,19.0,1.46,9.5,0.73
Décharge Élémentaire,Elemental Discharge,1,13,0.08,8%,18.0,1.38,18,1,18.0,1.38,9.0,0.69
Griffes Démoniaques,Demon Claws,1,13,0.08,8%,17.0,1.31,17,1,17.0,1.31,8.5,0.66
Armure d'Immortel,Immortal Breastplate,1,13,0.08,8%,16.0,1.23,16,1,16.0,1.23,8.0,0.61
Griffes Sauvages,Wild Claw,6,13,0.46,46%,2.0,0.92,12,3,0.67,0.31,0.5,0.23
Force Divine,Divine Impetu,1,13,0.08,8%,11.0,0.85,11,0,Gratuit,Gratuit,11.0,0.85
