,Nom Anglais,nb games valide,total games,ratio,%,pts moy,pts moy total,total point,cout,pts par cout moy,pts par cout total,pts par cout moy+1,pts par cout total+1
Faux,Scythe,9,9,1.0,100%,15.78,15.78,142,3,5.26,5.26,3.94,3.94
Totem Équivalent,Equivalent Totem,9,9,1.0,100%,15.22,15.22,137,2,7.61,7.61,5.07,5.07
Lame Affutée,Sharp Blade,7,9,0.78,78%,14.57,11.33,102,3,4.86,3.78,3.64,2.83
Économe Sagesse du Trésorier,Treasurer's Wisdom,5,9,0.56,56%,17.0,9.44,85,2,8.5,4.72,5.67,3.15
Armure d'Obsidienne,Obsidian Battle Plate,4,9,0.44,44%,20.0,8.89,80,2,10.0,4.45,6.67,2.96
Aveuglement,Incapacitor,9,9,1.0,100%,8.67,8.67,78,3,2.89,2.89,2.17,2.17
Hache Frénétique,Berseker Ax,5,9,0.56,56%,14.0,7.78,70,2,7.0,3.89,4.67,2.59
Épée Obscure,Swords of Darkness,4,9,0.44,44%,17.0,7.56,68,1,17.0,7.56,8.5,3.78
Esprit de l'Écuyer,Spirit of the Squire,7,9,0.78,78%,8.57,6.67,60,3,2.86,2.22,2.14,1.67
Tombeau Rocheux,Rock Tomb,6,9,0.67,67%,10.0,6.67,60,1,10.0,6.67,5.0,3.33
Elan de Fureur,Rampage Momentum,4,9,0.44,44%,15.0,6.67,60,2,7.5,3.33,5.0,2.22
Parchemin Secret,Secret Scroll,3,9,0.33,33%,18.0,6.0,54,2,9.0,3.0,6.0,2.0
Enchaînement Éclair,Unstoppable Lightning,3,9,0.33,33%,18.0,6.0,54,1,18.0,6.0,9.0,3.0
Ascension Divine,Divine Ascent,2,9,0.22,22%,25.0,5.56,50,3,8.33,1.85,6.25,1.39
Lame Insatiable,Fast Furious Blade,3,9,0.33,33%,16.0,5.33,48,2,8.0,2.67,5.33,1.78
Esprit Guerrier,Spirit of the Warrior,3,9,0.33,33%,16.0,5.33,48,1,16.0,5.33,8.0,2.67
Désintégrateur Magnétique,Magnetic Disintegrator,4,9,0.44,44%,11.0,4.89,44,0,Gratuit,Gratuit,11.0,4.89
Totem du Gardien,Guardian Totem,9,9,1.0,100%,4.67,4.67,42,3,1.56,1.56,1.17,1.17
Danse Macabre,Dance of Death,5,9,0.56,56%,8.0,4.44,40,1,8.0,4.44,4.0,2.22
Aura Légendaire,Legend Aura,1,9,0.11,11%,40.0,4.44,40,3,13.33,1.48,10.0,1.11
Marteau Collecteur,Collecting Hammer,4,9,0.44,44%,9.0,4.0,36,2,4.5,2.0,3.0,1.33
Explosion Arcanique,Arcane Explosive,3,9,0.33,33%,12.0,4.0,36,1,12.0,4.0,6.0,2.0
Sabre Versatile,Versatil Saber,3,9,0.33,33%,11.0,3.67,33,1,11.0,3.67,5.5,1.83
Triple Météore,Trimeteor,1,9,0.11,11%,30.0,3.33,30,0,Gratuit,Gratuit,30.0,3.33
Soif de Sang,Thirsty Dagger,2,9,0.22,22%,15.0,3.33,30,0,Gratuit,Gratuit,15.0,3.33
Œil de Lynx,Hawk's Eye,3,9,0.33,33%,8.67,2.89,26,0,Gratuit,Gratuit,8.67,2.89
Couronne du Roi Nain,Crown of the Dwarf King,2,9,0.22,22%,13.0,2.89,26,0,Gratuit,Gratuit,13.0,2.89
Faux Assoiffées,Thirsty Scythes,1,9,0.11,11%,25.0,2.78,25,3,8.33,0.93,6.25,0.69
Bâton de Conquête,Conquering Staff,1,9,0.11,11%,24.0,2.67,24,2,12.0,1.33,8.0,0.89
Bâton du Conquérant,Staff of Conquered Worlds,2,9,0.22,22%,11.0,2.44,22,0,Gratuit,Gratuit,11.0,2.44
Coup de Mort,Death Helper,2,9,0.22,22%,10.0,2.22,20,1,10.0,2.22,5.0,1.11
Épé Sainte,Holy Sword,2,9,0.22,22%,10.0,2.22,20,0,Gratuit,Gratuit,10.0,2.22
Marteleur précis,Precise Hammer,1,9,0.11,11%,18.0,2.0,18,1,18.0,2.0,9.0,1.0
Faux Parfaite,Perfect Scythe,1,9,0.11,11%,15.0,1.67,15,0,Gratuit,Gratuit,15.0,1.67
Force Divine,Divine Impetu,1,9,0.11,11%,11.0,1.22,11,0,Gratuit,Gratuit,11.0,1.22
Masse Colossale,Colossal Mace,1,9,0.11,11%,11.0,1.22,11,0,Gratuit,Gratuit,11.0,1.22
Griffes Sauvages,Wild Claw,4,9,0.44,44%,2.25,1.0,9,3,0.75,0.33,0.56,0.25
