,Nom Anglais,nb games valide,total games,ratio,%,pts moy,pts moy total,total point,cout,pts par cout moy,pts par cout total
Armure d'Obsidienne,Obsidian Battle Plate,2,2,1.0,100%,20.0,20.0,40,2,10.0,10.0
Chasseresse d'Âmes,Huntress of Souls,2,2,1.0,100%,19.0,19.0,38,1,19.0,19.0
Marteau Collecteur,Collecting Hammer,2,2,1.0,100%,18.0,18.0,36,2,9.0,9.0
Parchemin Secret,Secret Scroll,2,2,1.0,100%,18.0,18.0,36,2,9.0,9.0
Marteleur précis,Precise Hammer,2,2,1.0,100%,18.0,18.0,36,1,18.0,18.0
Griffes Démoniaques,Demon Claws,2,2,1.0,100%,17.0,17.0,34,1,17.0,17.0
Lame Insatiable,Fast Furious Blade,2,2,1.0,100%,16.0,16.0,32,2,8.0,8.0
Faux Parfaite,Perfect Scythe,2,2,1.0,100%,15.0,15.0,30,0,Gratuit,Gratuit
Gantelet Impérieux,Imperious Gauntlet,1,2,0.5,50%,30.0,15.0,30,1,30.0,15.0
Totem Équivalent,Equivalent Totem,2,2,1.0,100%,14.0,14.0,28,1,14.0,14.0
Armure d'Immortel,Immortal Breastplate,2,2,1.0,100%,14.0,14.0,28,1,14.0,14.0
Faux,Scythe,2,2,1.0,100%,13.5,13.5,27,3,4.5,4.5
Couronne du Roi Nain,Crown of the Dwarf King,2,2,1.0,100%,13.0,13.0,26,0,Gratuit,Gratuit
Explosion Arcanique,Arcane Explosive,2,2,1.0,100%,12.0,12.0,24,1,12.0,12.0
Sabre Versatile,Versatil Saber,2,2,1.0,100%,11.0,11.0,22,1,11.0,11.0
Esprit de l'Écuyer,Spirit of the Squire,2,2,1.0,100%,10.5,10.5,21,3,3.5,3.5
Lame Affutée,Sharp Blade,2,2,1.0,100%,10.5,10.5,21,3,3.5,3.5
Économe Sagesse du Trésorier,Treasurer's Wisdom,1,2,0.5,50%,17.0,8.5,17,2,8.5,4.25
Soif de Sang,Thirsty Dagger,1,2,0.5,50%,15.0,7.5,15,0,Gratuit,Gratuit
Hache Frénétique,Berseker Ax,1,2,0.5,50%,14.0,7.0,14,2,7.0,3.5
Aveuglement,Incapacitor,2,2,1.0,100%,6.0,6.0,12,3,2.0,2.0
Désintégrateur Magnétique,Magnetic Disintegrator,1,2,0.5,50%,11.0,5.5,11,0,Gratuit,Gratuit
Masse Colossale,Colossal Mace,1,2,0.5,50%,11.0,5.5,11,0,Gratuit,Gratuit
Coup de Mort,Death Helper,1,2,0.5,50%,10.0,5.0,10,1,10.0,5.0
Tombeau Rocheux,Rock Tomb,1,2,0.5,50%,10.0,5.0,10,1,10.0,5.0
Danse Macabre,Dance of Death,1,2,0.5,50%,8.0,4.0,8,1,8.0,4.0
Totem du Gardien,Guardian Totem,2,2,1.0,100%,3.0,3.0,6,3,1.0,1.0
Griffes Sauvages,Wild Claw,1,2,0.5,50%,1.0,0.5,1,3,0.33,0.17
