,Nom Anglais,nb games valide,total games,ratio,%,pts moy,pts moy total,total point,cout,pts par cout moy,pts par cout total,pts par cout moy+1,pts par cout total+1
Armure d'Obsidienne,Obsidian Battle Plate,6,7,0.86,86%,20.0,17.14,120,2,10.0,8.57,6.67,5.71
Faux,Scythe,7,7,1.0,100%,15.86,15.86,111,3,5.29,5.29,3.96,3.96
Totem Équivalent,Equivalent Totem,7,7,1.0,100%,14.71,14.71,103,2,7.36,7.36,4.9,4.9
Lame Insatiable,Fast Furious Blade,6,7,0.86,86%,16.0,13.71,96,2,8.0,6.86,5.33,4.57
Parchemin Secret,Secret Scroll,5,7,0.71,71%,18.0,12.86,90,2,9.0,6.43,6.0,4.29
Chasseresse d'Âmes,Huntress of Souls,4,7,0.57,57%,19.0,10.86,76,1,19.0,10.86,9.5,5.43
Lame Affutée,Sharp Blade,6,7,0.86,86%,12.5,10.71,75,3,4.17,3.57,3.12,2.68
Aveuglement,Incapacitor,7,7,1.0,100%,9.86,9.86,69,3,3.29,3.29,2.46,2.46
Économe Sagesse du Trésorier,Treasurer's Wisdom,4,7,0.57,57%,17.0,9.71,68,2,8.5,4.86,5.67,3.24
Griffes Démoniaques,Demon Claws,4,7,0.57,57%,17.0,9.71,68,1,17.0,9.71,8.5,4.86
Marteau Collecteur,Collecting Hammer,5,7,0.71,71%,13.2,9.43,66,2,6.6,4.71,4.4,3.14
Hache Frénétique,Berseker Ax,4,7,0.57,57%,14.0,8.0,56,2,7.0,4.0,4.67,2.67
Marteleur précis,Precise Hammer,3,7,0.43,43%,18.0,7.71,54,1,18.0,7.71,9.0,3.85
Esprit omniprésent,Omnipresent Spirit,3,7,0.43,43%,18.0,7.71,54,2,9.0,3.85,6.0,2.57
Faux Assoiffées,Thirsty Scythes,2,7,0.29,29%,25.0,7.14,50,3,8.33,2.38,6.25,1.78
Explosion Arcanique,Arcane Explosive,4,7,0.57,57%,12.0,6.86,48,1,12.0,6.86,6.0,3.43
Faux Parfaite,Perfect Scythe,3,7,0.43,43%,15.0,6.43,45,0,Gratuit,Gratuit,15.0,6.43
Armure d'Immortel,Immortal Breastplate,3,7,0.43,43%,14.0,6.0,42,1,14.0,6.0,7.0,3.0
Tombeau Rocheux,Rock Tomb,4,7,0.57,57%,10.0,5.71,40,1,10.0,5.71,5.0,2.85
Esprit de l'Écuyer,Spirit of the Squire,6,7,0.86,86%,6.5,5.57,39,3,2.17,1.86,1.62,1.39
Couronne du Roi Nain,Crown of the Dwarf King,3,7,0.43,43%,13.0,5.57,39,0,Gratuit,Gratuit,13.0,5.57
Épée Obscure,Swords of Darkness,2,7,0.29,29%,17.0,4.86,34,1,17.0,4.86,8.5,2.43
Sabre Versatile,Versatil Saber,3,7,0.43,43%,11.0,4.71,33,1,11.0,4.71,5.5,2.35
Soif de Sang,Thirsty Dagger,2,7,0.29,29%,15.0,4.29,30,0,Gratuit,Gratuit,15.0,4.29
Gantelet Impérieux,Imperious Gauntlet,1,7,0.14,14%,30.0,4.29,30,1,30.0,4.29,15.0,2.15
Ascension Divine,Divine Ascent,1,7,0.14,14%,25.0,3.57,25,3,8.33,1.19,6.25,0.89
Bâton de Conquête,Conquering Staff,1,7,0.14,14%,24.0,3.43,24,2,12.0,1.72,8.0,1.14
Danse Macabre,Dance of Death,3,7,0.43,43%,8.0,3.43,24,1,8.0,3.43,4.0,1.72
Totem du Gardien,Guardian Totem,7,7,1.0,100%,3.29,3.29,23,3,1.1,1.1,0.82,0.82
Désintégrateur Magnétique,Magnetic Disintegrator,2,7,0.29,29%,11.0,3.14,22,0,Gratuit,Gratuit,11.0,3.14
Pillard Féroce,Savage Looter,1,7,0.14,14%,20.0,2.86,20,1,20.0,2.86,10.0,1.43
Épé Sainte,Holy Sword,2,7,0.29,29%,10.0,2.86,20,0,Gratuit,Gratuit,10.0,2.86
Décharge Élémentaire,Elemental Discharge,1,7,0.14,14%,18.0,2.57,18,1,18.0,2.57,9.0,1.28
Enchaînement Éclair,Unstoppable Lightning,1,7,0.14,14%,18.0,2.57,18,1,18.0,2.57,9.0,1.28
Œil de Lynx,Hawk's Eye,2,7,0.29,29%,8.0,2.29,16,0,Gratuit,Gratuit,8.0,2.29
Elan de Fureur,Rampage Momentum,1,7,0.14,14%,15.0,2.14,15,2,7.5,1.07,5.0,0.71
Griffes Sauvages,Wild Claw,4,7,0.57,57%,3.5,2.0,14,3,1.17,0.67,0.88,0.5
Force Divine,Divine Impetu,1,7,0.14,14%,11.0,1.57,11,0,Gratuit,Gratuit,11.0,1.57
Masse Colossale,Colossal Mace,1,7,0.14,14%,11.0,1.57,11,0,Gratuit,Gratuit,11.0,1.57
Coup de Mort,Death Helper,1,7,0.14,14%,10.0,1.43,10,1,10.0,1.43,5.0,0.71
