,Nom Anglais,nb games valide,total games,ratio,%,pts moy,pts moy total,total point,cout,pts par cout moy,pts par cout total,pts par cout moy+1,pts par cout total+1
Armure d'Obsidienne,Obsidian Battle Plate,4,5,0.8,80%,20.0,16.0,80,2,10.0,8.0,6.67,5.33
Faux,Scythe,5,5,1.0,100%,14.4,14.4,72,3,4.8,4.8,3.6,3.6
Totem Équivalent,Equivalent Totem,5,5,1.0,100%,13.8,13.8,69,2,6.9,6.9,4.6,4.6
Marteau Collecteur,Collecting Hammer,5,5,1.0,100%,13.2,13.2,66,2,6.6,6.6,4.4,4.4
Lame Insatiable,Fast Furious Blade,4,5,0.8,80%,16.0,12.8,64,2,8.0,6.4,5.33,4.27
Chasseresse d'Âmes,Huntress of Souls,3,5,0.6,60%,19.0,11.4,57,1,19.0,11.4,9.5,5.7
Marteleur précis,Precise Hammer,3,5,0.6,60%,18.0,10.8,54,1,18.0,10.8,9.0,5.4
Parchemin Secret,Secret Scroll,3,5,0.6,60%,18.0,10.8,54,2,9.0,5.4,6.0,3.6
Griffes Démoniaques,Demon Claws,3,5,0.6,60%,17.0,10.2,51,1,17.0,10.2,8.5,5.1
Aveuglement,Incapacitor,5,5,1.0,100%,10.2,10.2,51,3,3.4,3.4,2.55,2.55
Lame Affutée,Sharp Blade,4,5,0.8,80%,12.75,10.2,51,3,4.25,3.4,3.19,2.55
Faux Parfaite,Perfect Scythe,3,5,0.6,60%,15.0,9.0,45,0,Gratuit,Gratuit,15.0,9.0
Hache Frénétique,Berseker Ax,3,5,0.6,60%,14.0,8.4,42,2,7.0,4.2,4.67,2.8
Armure d'Immortel,Immortal Breastplate,3,5,0.6,60%,14.0,8.4,42,1,14.0,8.4,7.0,4.2
Couronne du Roi Nain,Crown of the Dwarf King,3,5,0.6,60%,13.0,7.8,39,0,Gratuit,Gratuit,13.0,7.8
Explosion Arcanique,Arcane Explosive,3,5,0.6,60%,12.0,7.2,36,1,12.0,7.2,6.0,3.6
Esprit omniprésent,Omnipresent Spirit,2,5,0.4,40%,18.0,7.2,36,2,9.0,3.6,6.0,2.4
Économe Sagesse du Trésorier,Treasurer's Wisdom,2,5,0.4,40%,17.0,6.8,34,2,8.5,3.4,5.67,2.27
Sabre Versatile,Versatil Saber,3,5,0.6,60%,11.0,6.6,33,1,11.0,6.6,5.5,3.3
Soif de Sang,Thirsty Dagger,2,5,0.4,40%,15.0,6.0,30,0,Gratuit,Gratuit,15.0,6.0
Gantelet Impérieux,Imperious Gauntlet,1,5,0.2,20%,30.0,6.0,30,1,30.0,6.0,15.0,3.0
Esprit de l'Écuyer,Spirit of the Squire,4,5,0.8,80%,6.75,5.4,27,3,2.25,1.8,1.69,1.35
Faux Assoiffées,Thirsty Scythes,1,5,0.2,20%,25.0,5.0,25,3,8.33,1.67,6.25,1.25
Bâton de Conquête,Conquering Staff,1,5,0.2,20%,24.0,4.8,24,2,12.0,2.4,8.0,1.6
Désintégrateur Magnétique,Magnetic Disintegrator,2,5,0.4,40%,11.0,4.4,22,0,Gratuit,Gratuit,11.0,4.4
Tombeau Rocheux,Rock Tomb,2,5,0.4,40%,10.0,4.0,20,1,10.0,4.0,5.0,2.0
Décharge Élémentaire,Elemental Discharge,1,5,0.2,20%,18.0,3.6,18,1,18.0,3.6,9.0,1.8
Enchaînement Éclair,Unstoppable Lightning,1,5,0.2,20%,18.0,3.6,18,1,18.0,3.6,9.0,1.8
Épée Obscure,Swords of Darkness,1,5,0.2,20%,17.0,3.4,17,1,17.0,3.4,8.5,1.7
Totem du Gardien,Guardian Totem,5,5,1.0,100%,3.2,3.2,16,3,1.07,1.07,0.8,0.8
Danse Macabre,Dance of Death,2,5,0.4,40%,8.0,3.2,16,1,8.0,3.2,4.0,1.6
Œil de Lynx,Hawk's Eye,2,5,0.4,40%,8.0,3.2,16,0,Gratuit,Gratuit,8.0,3.2
Elan de Fureur,Rampage Momentum,1,5,0.2,20%,15.0,3.0,15,2,7.5,1.5,5.0,1.0
Force Divine,Divine Impetu,1,5,0.2,20%,11.0,2.2,11,0,Gratuit,Gratuit,11.0,2.2
Masse Colossale,Colossal Mace,1,5,0.2,20%,11.0,2.2,11,0,Gratuit,Gratuit,11.0,2.2
Coup de Mort,Death Helper,1,5,0.2,20%,10.0,2.0,10,1,10.0,2.0,5.0,1.0
Épé Sainte,Holy Sword,1,5,0.2,20%,10.0,2.0,10,0,Gratuit,Gratuit,10.0,2.0
Griffes Sauvages,Wild Claw,2,5,0.4,40%,1.5,0.6,3,3,0.5,0.2,0.38,0.15
