,Nom Anglais,nb games valide,total games,ratio,%,pts moy,pts moy total,total point,cout,pts par cout moy,pts par cout total
Faux,Scythe,2,2,1.0,100%,15.5,15.5,31,3,5.17,5.17
Gantelet Impérieux,Imperious Gauntlet,1,2,0.5,50%,30.0,15.0,30,1,30.0,15.0
Totem Équivalent,Equivalent Totem,2,2,1.0,100%,14.5,14.5,29,1,14.5,14.5
Aveuglement,Incapacitor,2,2,1.0,100%,12.0,12.0,24,3,4.0,4.0
Bâton de Conquête,Conquering Staff,1,2,0.5,50%,24.0,12.0,24,2,12.0,6.0
Armure d'Obsidienne,Obsidian Battle Plate,1,2,0.5,50%,20.0,10.0,20,2,10.0,5.0
Esprit omniprésent,Omnipresent Spirit,1,2,0.5,50%,18.0,9.0,18,2,9.0,4.5
Épée Obscure,Swords of Darkness,1,2,0.5,50%,17.0,8.5,17,1,17.0,8.5
Économe Sagesse du Trésorier,Treasurer's Wisdom,1,2,0.5,50%,17.0,8.5,17,2,8.5,4.25
Lame Insatiable,Fast Furious Blade,1,2,0.5,50%,16.0,8.0,16,2,8.0,4.0
Faux Parfaite,Perfect Scythe,1,2,0.5,50%,15.0,7.5,15,0,Gratuit,Gratuit
Lame Affutée,Sharp Blade,1,2,0.5,50%,12.0,6.0,12,3,4.0,2.0
Bâton du Conquérant,Staff of Conquered Worlds,1,2,0.5,50%,11.0,5.5,11,0,Gratuit,Gratuit
Danse Macabre,Dance of Death,1,2,0.5,50%,8.0,4.0,8,1,8.0,4.0
Œil de Lynx,Hawk's Eye,1,2,0.5,50%,8.0,4.0,8,0,Gratuit,Gratuit
Totem du Gardien,Guardian Totem,2,2,1.0,100%,3.5,3.5,7,3,1.17,1.17
Esprit de l'Écuyer,Spirit of the Squire,1,2,0.5,50%,6.0,3.0,6,3,2.0,1.0
Griffes Sauvages,Wild Claw,1,2,0.5,50%,1.0,0.5,1,3,0.33,0.17
