,Nom Anglais,nb games valide,total games,ratio,%,pts moy,pts moy total,total point,cout,pts par cout moy,pts par cout total
Aveuglement,Incapacitor,17,17,1.0,100%,18.18,18.18,309,3,6.06,6.06
Faux,Scythe,17,17,1.0,100%,16.18,16.18,275,3,5.39,5.39
Économe Sagesse du Trésorier,Treasurer's Wisdom,11,17,0.65,65%,17.0,11.0,187,2,8.5,5.5
Lame Affutée,Sharp Blade,13,17,0.76,76%,13.15,10.06,171,3,4.38,3.35
Armure d'Obsidienne,Obsidian Battle Plate,8,17,0.47,47%,20.0,9.41,160,2,10.0,4.71
Hache Frénétique,Berseker Ax,10,17,0.59,59%,14.0,8.24,140,2,7.0,4.12
Esprit de l'Écuyer,Spirit of the Squire,13,17,0.76,76%,9.92,7.59,129,3,3.31,2.53
Lame Insatiable,Fast Furious Blade,8,17,0.47,47%,16.0,7.53,128,2,8.0,3.77
Frappe Chirurgicale,Accurate Sword,8,17,0.47,47%,16.0,7.53,128,1,16.0,7.53
Faux Assoiffées,Thirsty Scythes,5,17,0.29,29%,25.0,7.35,125,3,8.33,2.45
Bâton Élémentaire,Earthly Staff,8,17,0.47,47%,15.0,7.06,120,0,Gratuit,Gratuit
Bâton de Conquête,Conquering Staff,5,17,0.29,29%,24.0,7.06,120,2,12.0,3.53
Explosion Arcanique,Arcane Explosive,10,17,0.59,59%,12.0,7.06,120,1,12.0,7.06
Marteleur précis,Precise Hammer,6,17,0.35,35%,18.0,6.35,108,1,18.0,6.35
Épées Jumelles,Twin Swords,5,17,0.29,29%,18.0,5.29,90,1,18.0,5.29
Masse Colossale,Colossal Mace,8,17,0.47,47%,11.0,5.18,88,0,Gratuit,Gratuit
Tombeau Rocheux,Rock Tomb,8,17,0.47,47%,10.0,4.71,80,1,10.0,4.71
Esprit Guerrier,Spirit of the Warrior,5,17,0.29,29%,16.0,4.71,80,1,16.0,4.71
Épée Obscure,Swords of Darkness,5,17,0.29,29%,15.0,4.41,75,1,15.0,4.41
Instinct Sanguinaire,Bloody Instinct,5,17,0.29,29%,15.0,4.41,75,2,7.5,2.21
Totem du Gardien,Guardian Totem,17,17,1.0,100%,4.29,4.29,73,3,1.43,1.43
Parchemin Secret,Secret Scroll,4,17,0.24,24%,18.0,4.24,72,2,9.0,2.12
Sabre Versatile,Versatil Saber,6,17,0.35,35%,11.0,3.88,66,1,11.0,3.88
Danse Macabre,Dance of Death,8,17,0.47,47%,8.0,3.76,64,1,8.0,3.76
Glaive Vindicatif,Large Sword of Hate,3,17,0.18,18%,20.0,3.53,60,1,20.0,3.53
Coup de Mort,Death Helper,6,17,0.35,35%,10.0,3.53,60,1,10.0,3.53
Triple Météore,Trimeteor,2,17,0.12,12%,30.0,3.53,60,0,Gratuit,Gratuit
Chasseresse d'Âmes,Huntress of Souls,3,17,0.18,18%,19.0,3.35,57,1,19.0,3.35
Désintégrateur Magnétique,Magnetic Disintegrator,5,17,0.29,29%,11.0,3.24,55,0,Gratuit,Gratuit
Décharge Élémentaire,Elemental Discharge,3,17,0.18,18%,18.0,3.18,54,1,18.0,3.18
Couronne du Roi Nain,Crown of the Dwarf King,4,17,0.24,24%,13.0,3.06,52,0,Gratuit,Gratuit
Griffes Démoniaques,Demon Claws,3,17,0.18,18%,17.0,3.0,51,1,17.0,3.0
Griffes Sauvages,Wild Claw,16,17,0.94,94%,2.94,2.76,47,3,0.98,0.92
Elan de Fureur,Rampage Momentum,3,17,0.18,18%,15.0,2.65,45,2,7.5,1.32
Destruction Royale,Royal Destroyer,4,17,0.24,24%,11.0,2.59,44,0,Gratuit,Gratuit
Armure d'Immortel,Immortal Breastplate,3,17,0.18,18%,14.0,2.47,42,1,14.0,2.47
Lance Triplée,Triple Spear,2,17,0.12,12%,20.0,2.35,40,0,Gratuit,Gratuit
Aura Légendaire,Legend Aura,1,17,0.06,6%,40.0,2.35,40,3,13.33,0.78
Esprit omniprésent,Omnipresent Spirit,2,17,0.12,12%,18.0,2.12,36,2,9.0,1.06
Enchaînement Éclair,Unstoppable Lightning,2,17,0.12,12%,18.0,2.12,36,1,18.0,2.12
Bâton du Conquérant,Staff of Conquered Worlds,3,17,0.18,18%,11.0,1.94,33,0,Gratuit,Gratuit
Ascension Divine,Divine Ascent,1,17,0.06,6%,25.0,1.47,25,3,8.33,0.49
Lance Doublée,Dual Spear,3,17,0.18,18%,8.0,1.41,24,0,Gratuit,Gratuit
Œil de Lynx,Hawk's Eye,3,17,0.18,18%,8.0,1.41,24,0,Gratuit,Gratuit
Force Divine,Divine Impetu,2,17,0.12,12%,11.0,1.29,22,0,Gratuit,Gratuit
Assistance Divine,Sacred Help,1,17,0.06,6%,20.0,1.18,20,2,10.0,0.59
Épé Sainte,Holy Sword,2,17,0.12,12%,10.0,1.18,20,0,Gratuit,Gratuit
Pillard Féroce,Savage Looter,1,17,0.06,6%,20.0,1.18,20,1,20.0,1.18
Être de Lumière,Being of Light,1,17,0.06,6%,18.0,1.06,18,1,18.0,1.06
Adrénaline Arcanique,Arcane Adrenaline,1,17,0.06,6%,16.0,0.94,16,1,16.0,0.94
Esquive Salvatrice,Evasive Protection,1,17,0.06,6%,15.0,0.88,15,0,Gratuit,Gratuit
Soif de Sang,Thirsty Dagger,1,17,0.06,6%,15.0,0.88,15,0,Gratuit,Gratuit
Le Croque-mort,The Undertaker,1,17,0.06,6%,14.0,0.82,14,1,14.0,0.82
