,Nom Anglais,nb games valide,total games,ratio,%,pts moy,pts moy total,total point,cout,pts par cout moy,pts par cout total
Aveuglement,Incapacitor,15,15,1.0,100%,17.0,17.0,255,3,5.67,5.67
Faux,Scythe,15,15,1.0,100%,15.87,15.87,238,3,5.29,5.29
Lame Affutée,Sharp Blade,11,15,0.73,73%,14.18,10.4,156,3,4.73,3.47
Économe Sagesse du Trésorier,Treasurer's Wisdom,9,15,0.6,60%,17.0,10.2,153,2,8.5,5.1
Armure d'Obsidienne,Obsidian Battle Plate,6,15,0.4,40%,20.0,8.0,120,2,10.0,4.0
Hache Frénétique,Berseker Ax,8,15,0.53,53%,14.0,7.47,112,2,7.0,3.73
Marteleur précis,Precise Hammer,6,15,0.4,40%,18.0,7.2,108,1,18.0,7.2
Bâton Élémentaire,Earthly Staff,7,15,0.47,47%,15.0,7.0,105,0,Gratuit,Gratuit
Faux Assoiffées,Thirsty Scythes,4,15,0.27,27%,25.0,6.67,100,3,8.33,2.22
Frappe Chirurgicale,Accurate Sword,6,15,0.4,40%,16.0,6.4,96,1,16.0,6.4
Esprit de l'Écuyer,Spirit of the Squire,11,15,0.73,73%,8.73,6.4,96,3,2.91,2.13
Lame Insatiable,Fast Furious Blade,6,15,0.4,40%,16.0,6.4,96,2,8.0,3.2
Explosion Arcanique,Arcane Explosive,8,15,0.53,53%,12.0,6.4,96,1,12.0,6.4
Bâton de Conquête,Conquering Staff,4,15,0.27,27%,24.0,6.4,96,2,12.0,3.2
Épées Jumelles,Twin Swords,5,15,0.33,33%,18.0,6.0,90,1,18.0,6.0
Épée Obscure,Swords of Darkness,5,15,0.33,33%,15.0,5.0,75,1,15.0,5.0
Instinct Sanguinaire,Bloody Instinct,5,15,0.33,33%,15.0,5.0,75,2,7.5,2.5
Masse Colossale,Colossal Mace,6,15,0.4,40%,11.0,4.4,66,0,Gratuit,Gratuit
Danse Macabre,Dance of Death,8,15,0.53,53%,8.0,4.27,64,1,8.0,4.27
Totem du Gardien,Guardian Totem,15,15,1.0,100%,4.27,4.27,64,3,1.42,1.42
Triple Météore,Trimeteor,2,15,0.13,13%,30.0,4.0,60,0,Gratuit,Gratuit
Tombeau Rocheux,Rock Tomb,6,15,0.4,40%,10.0,4.0,60,1,10.0,4.0
Chasseresse d'Âmes,Huntress of Souls,3,15,0.2,20%,19.0,3.8,57,1,19.0,3.8
Désintégrateur Magnétique,Magnetic Disintegrator,5,15,0.33,33%,11.0,3.67,55,0,Gratuit,Gratuit
Parchemin Secret,Secret Scroll,3,15,0.2,20%,18.0,3.6,54,2,9.0,1.8
Griffes Démoniaques,Demon Claws,3,15,0.2,20%,17.0,3.4,51,1,17.0,3.4
Esprit Guerrier,Spirit of the Warrior,3,15,0.2,20%,16.0,3.2,48,1,16.0,3.2
Elan de Fureur,Rampage Momentum,3,15,0.2,20%,15.0,3.0,45,2,7.5,1.5
Sabre Versatile,Versatil Saber,4,15,0.27,27%,11.0,2.93,44,1,11.0,2.93
Destruction Royale,Royal Destroyer,4,15,0.27,27%,11.0,2.93,44,0,Gratuit,Gratuit
Aura Légendaire,Legend Aura,1,15,0.07,7%,40.0,2.67,40,3,13.33,0.89
Lance Triplée,Triple Spear,2,15,0.13,13%,20.0,2.67,40,0,Gratuit,Gratuit
Glaive Vindicatif,Large Sword of Hate,2,15,0.13,13%,20.0,2.67,40,1,20.0,2.67
Coup de Mort,Death Helper,4,15,0.27,27%,10.0,2.67,40,1,10.0,2.67
Couronne du Roi Nain,Crown of the Dwarf King,3,15,0.2,20%,13.0,2.6,39,0,Gratuit,Gratuit
Griffes Sauvages,Wild Claw,14,15,0.93,93%,2.71,2.53,38,3,0.9,0.84
Enchaînement Éclair,Unstoppable Lightning,2,15,0.13,13%,18.0,2.4,36,1,18.0,2.4
Esprit omniprésent,Omnipresent Spirit,2,15,0.13,13%,18.0,2.4,36,2,9.0,1.2
Décharge Élémentaire,Elemental Discharge,2,15,0.13,13%,18.0,2.4,36,1,18.0,2.4
Armure d'Immortel,Immortal Breastplate,2,15,0.13,13%,14.0,1.87,28,1,14.0,1.87
Ascension Divine,Divine Ascent,1,15,0.07,7%,25.0,1.67,25,3,8.33,0.56
Lance Doublée,Dual Spear,3,15,0.2,20%,8.0,1.6,24,0,Gratuit,Gratuit
Œil de Lynx,Hawk's Eye,3,15,0.2,20%,8.0,1.6,24,0,Gratuit,Gratuit
Bâton du Conquérant,Staff of Conquered Worlds,2,15,0.13,13%,11.0,1.47,22,0,Gratuit,Gratuit
Assistance Divine,Sacred Help,1,15,0.07,7%,20.0,1.33,20,2,10.0,0.67
Épé Sainte,Holy Sword,2,15,0.13,13%,10.0,1.33,20,0,Gratuit,Gratuit
Pillard Féroce,Savage Looter,1,15,0.07,7%,20.0,1.33,20,1,20.0,1.33
Être de Lumière,Being of Light,1,15,0.07,7%,18.0,1.2,18,1,18.0,1.2
Adrénaline Arcanique,Arcane Adrenaline,1,15,0.07,7%,16.0,1.07,16,1,16.0,1.07
Esquive Salvatrice,Evasive Protection,1,15,0.07,7%,15.0,1.0,15,0,Gratuit,Gratuit
Soif de Sang,Thirsty Dagger,1,15,0.07,7%,15.0,1.0,15,0,Gratuit,Gratuit
Le Croque-mort,The Undertaker,1,15,0.07,7%,14.0,0.93,14,1,14.0,0.93
Force Divine,Divine Impetu,1,15,0.07,7%,11.0,0.73,11,0,Gratuit,Gratuit
