,Nom Anglais,nb games valide,total games,ratio,%,pts moy,pts moy total,total point,cout,pts par cout moy,pts par cout total
Aveuglement,Incapacitor,13,13,1.0,100%,16.62,16.62,216,3,5.54,5.54
Faux,Scythe,13,13,1.0,100%,15.38,15.38,200,3,5.13,5.13
Lame Affutée,Sharp Blade,10,13,0.77,77%,14.4,11.08,144,3,4.8,3.69
Économe Sagesse du Trésorier,Treasurer's Wisdom,8,13,0.62,62%,17.0,10.46,136,2,8.5,5.23
Marteleur précis,Precise Hammer,6,13,0.46,46%,18.0,8.31,108,1,18.0,8.31
Armure d'Obsidienne,Obsidian Battle Plate,5,13,0.38,38%,20.0,7.69,100,2,10.0,3.85
Hache Frénétique,Berseker Ax,7,13,0.54,54%,14.0,7.54,98,2,7.0,3.77
Frappe Chirurgicale,Accurate Sword,6,13,0.46,46%,16.0,7.38,96,1,16.0,7.38
Bâton Élémentaire,Earthly Staff,6,13,0.46,46%,15.0,6.92,90,0,Gratuit,Gratuit
Épées Jumelles,Twin Swords,5,13,0.38,38%,18.0,6.92,90,1,18.0,6.92
Esprit de l'Écuyer,Spirit of the Squire,10,13,0.77,77%,8.7,6.69,87,3,2.9,2.23
Explosion Arcanique,Arcane Explosive,7,13,0.54,54%,12.0,6.46,84,1,12.0,6.46
Épée Obscure,Swords of Darkness,5,13,0.38,38%,15.0,5.77,75,1,15.0,5.77
Instinct Sanguinaire,Bloody Instinct,5,13,0.38,38%,15.0,5.77,75,2,7.5,2.88
Faux Assoiffées,Thirsty Scythes,3,13,0.23,23%,25.0,5.77,75,3,8.33,1.92
Bâton de Conquête,Conquering Staff,3,13,0.23,23%,24.0,5.54,72,2,12.0,2.77
Masse Colossale,Colossal Mace,6,13,0.46,46%,11.0,5.08,66,0,Gratuit,Gratuit
Lame Insatiable,Fast Furious Blade,4,13,0.31,31%,16.0,4.92,64,2,8.0,2.46
Triple Météore,Trimeteor,2,13,0.15,15%,30.0,4.62,60,0,Gratuit,Gratuit
Danse Macabre,Dance of Death,7,13,0.54,54%,8.0,4.31,56,1,8.0,4.31
Totem du Gardien,Guardian Totem,13,13,1.0,100%,4.23,4.23,55,3,1.41,1.41
Parchemin Secret,Secret Scroll,3,13,0.23,23%,18.0,4.15,54,2,9.0,2.08
Tombeau Rocheux,Rock Tomb,5,13,0.38,38%,10.0,3.85,50,1,10.0,3.85
Esprit Guerrier,Spirit of the Warrior,3,13,0.23,23%,16.0,3.69,48,1,16.0,3.69
Elan de Fureur,Rampage Momentum,3,13,0.23,23%,15.0,3.46,45,2,7.5,1.73
Sabre Versatile,Versatil Saber,4,13,0.31,31%,11.0,3.38,44,1,11.0,3.38
Désintégrateur Magnétique,Magnetic Disintegrator,4,13,0.31,31%,11.0,3.38,44,0,Gratuit,Gratuit
Destruction Royale,Royal Destroyer,4,13,0.31,31%,11.0,3.38,44,0,Gratuit,Gratuit
Lance Triplée,Triple Spear,2,13,0.15,15%,20.0,3.08,40,0,Gratuit,Gratuit
Coup de Mort,Death Helper,4,13,0.31,31%,10.0,3.08,40,1,10.0,3.08
Aura Légendaire,Legend Aura,1,13,0.08,8%,40.0,3.08,40,3,13.33,1.03
Chasseresse d'Âmes,Huntress of Souls,2,13,0.15,15%,19.0,2.92,38,1,19.0,2.92
Décharge Élémentaire,Elemental Discharge,2,13,0.15,15%,18.0,2.77,36,1,18.0,2.77
Esprit omniprésent,Omnipresent Spirit,2,13,0.15,15%,18.0,2.77,36,2,9.0,1.39
Enchaînement Éclair,Unstoppable Lightning,2,13,0.15,15%,18.0,2.77,36,1,18.0,2.77
Griffes Démoniaques,Demon Claws,2,13,0.15,15%,17.0,2.62,34,1,17.0,2.62
Griffes Sauvages,Wild Claw,12,13,0.92,92%,2.75,2.54,33,3,0.92,0.85
Couronne du Roi Nain,Crown of the Dwarf King,2,13,0.15,15%,13.0,2.0,26,0,Gratuit,Gratuit
Lance Doublée,Dual Spear,3,13,0.23,23%,8.0,1.85,24,0,Gratuit,Gratuit
Bâton du Conquérant,Staff of Conquered Worlds,2,13,0.15,15%,11.0,1.69,22,0,Gratuit,Gratuit
Assistance Divine,Sacred Help,1,13,0.08,8%,20.0,1.54,20,2,10.0,0.77
Glaive Vindicatif,Large Sword of Hate,1,13,0.08,8%,20.0,1.54,20,1,20.0,1.54
Épé Sainte,Holy Sword,2,13,0.15,15%,10.0,1.54,20,0,Gratuit,Gratuit
Pillard Féroce,Savage Looter,1,13,0.08,8%,20.0,1.54,20,1,20.0,1.54
Être de Lumière,Being of Light,1,13,0.08,8%,18.0,1.38,18,1,18.0,1.38
Adrénaline Arcanique,Arcane Adrenaline,1,13,0.08,8%,16.0,1.23,16,1,16.0,1.23
Œil de Lynx,Hawk's Eye,2,13,0.15,15%,8.0,1.23,16,0,Gratuit,Gratuit
Esquive Salvatrice,Evasive Protection,1,13,0.08,8%,15.0,1.15,15,0,Gratuit,Gratuit
Soif de Sang,Thirsty Dagger,1,13,0.08,8%,15.0,1.15,15,0,Gratuit,Gratuit
Le Croque-mort,The Undertaker,1,13,0.08,8%,14.0,1.08,14,1,14.0,1.08
Armure d'Immortel,Immortal Breastplate,1,13,0.08,8%,14.0,1.08,14,1,14.0,1.08
Force Divine,Divine Impetu,1,13,0.08,8%,11.0,0.85,11,0,Gratuit,Gratuit
