,Nom Anglais,nb games valide,total games,ratio,%,pts moy,pts moy total,total point,cout,pts par cout moy,pts par cout total
Aveuglement,Incapacitor,11,11,1.0,100%,17.45,17.45,192,3,5.82,5.82
Faux,Scythe,11,11,1.0,100%,16.55,16.55,182,3,5.52,5.52
Faux Assoiffées,Thirsty Scythes,5,11,0.45,45%,25.0,11.36,125,3,8.33,3.79
Économe Sagesse du Trésorier,Treasurer's Wisdom,6,11,0.55,55%,17.0,9.27,102,2,8.5,4.63
Armure d'Obsidienne,Obsidian Battle Plate,5,11,0.45,45%,20.0,9.09,100,2,10.0,4.54
Lame Insatiable,Fast Furious Blade,6,11,0.55,55%,16.0,8.73,96,2,8.0,4.37
Lame Affutée,Sharp Blade,9,11,0.82,82%,10.33,8.45,93,3,3.44,2.82
Hache Frénétique,Berseker Ax,6,11,0.55,55%,14.0,7.64,84,2,7.0,3.82
Chasseresse d'Âmes,Huntress of Souls,4,11,0.36,36%,19.0,6.91,76,1,19.0,6.91
Bâton de Conquête,Conquering Staff,3,11,0.27,27%,24.0,6.55,72,2,12.0,3.27
Pluie de Météorites,Meteorites,1,11,0.09,9%,70.0,6.36,70,0,Gratuit,Gratuit
Griffes Démoniaques,Demon Claws,4,11,0.36,36%,17.0,6.18,68,1,17.0,6.18
Frappe Chirurgicale,Accurate Sword,4,11,0.36,36%,16.0,5.82,64,1,16.0,5.82
Esprit de l'Écuyer,Spirit of the Squire,8,11,0.73,73%,7.12,5.18,57,3,2.37,1.73
Totem du Gardien,Guardian Totem,11,11,1.0,100%,5.09,5.09,56,3,1.7,1.7
Esprit omniprésent,Omnipresent Spirit,3,11,0.27,27%,18.0,4.91,54,2,9.0,2.46
Ascension Divine,Divine Ascent,2,11,0.18,18%,25.0,4.55,50,3,8.33,1.52
Œil de Lynx,Hawk's Eye,6,11,0.55,55%,8.0,4.36,48,0,Gratuit,Gratuit
Épée Obscure,Swords of Darkness,3,11,0.27,27%,15.0,4.09,45,1,15.0,4.09
Danse Macabre,Dance of Death,4,11,0.36,36%,8.0,2.91,32,1,8.0,2.91
Esprit Guerrier,Spirit of the Warrior,2,11,0.18,18%,16.0,2.91,32,1,16.0,2.91
Épées Jumelles,Twin Swords,3,11,0.27,27%,10.0,2.73,30,1,10.0,2.73
Triple Météore,Trimeteor,1,11,0.09,9%,30.0,2.73,30,0,Gratuit,Gratuit
Griffes Sauvages,Wild Claw,10,11,0.91,91%,2.3,2.09,23,3,0.77,0.7
Glaive Vindicatif,Large Sword of Hate,1,11,0.09,9%,20.0,1.82,20,1,20.0,1.82
Tombeau Rocheux,Rock Tomb,2,11,0.18,18%,10.0,1.82,20,1,10.0,1.82
Coup de Mort,Death Helper,2,11,0.18,18%,10.0,1.82,20,1,10.0,1.82
Lance Triplée,Triple Spear,1,11,0.09,9%,20.0,1.82,20,0,Gratuit,Gratuit
Parchemin Secret,Secret Scroll,1,11,0.09,9%,18.0,1.64,18,2,9.0,0.82
Elan de Fureur,Rampage Momentum,1,11,0.09,9%,15.0,1.36,15,2,7.5,0.68
Bâton Élémentaire,Earthly Staff,1,11,0.09,9%,15.0,1.36,15,0,Gratuit,Gratuit
Instinct Sanguinaire,Bloody Instinct,1,11,0.09,9%,15.0,1.36,15,2,7.5,0.68
Armure d'Immortel,Immortal Breastplate,1,11,0.09,9%,14.0,1.27,14,1,14.0,1.27
Le Croque-mort,The Undertaker,1,11,0.09,9%,14.0,1.27,14,1,14.0,1.27
Couronne du Roi Nain,Crown of the Dwarf King,1,11,0.09,9%,13.0,1.18,13,0,Gratuit,Gratuit
Explosion Arcanique,Arcane Explosive,1,11,0.09,9%,12.0,1.09,12,1,12.0,1.09
Force Divine,Divine Impetu,1,11,0.09,9%,11.0,1.0,11,0,Gratuit,Gratuit
Masse Colossale,Colossal Mace,1,11,0.09,9%,11.0,1.0,11,0,Gratuit,Gratuit
Destruction Royale,Royal Destroyer,1,11,0.09,9%,11.0,1.0,11,0,Gratuit,Gratuit
Sabre Versatile,Versatil Saber,1,11,0.09,9%,11.0,1.0,11,1,11.0,1.0
Amulette Omnisciente,Omnipresent Amulet,1,11,0.09,9%,11.0,1.0,11,0,Gratuit,Gratuit
Bâton du Conquérant,Staff of Conquered Worlds,1,11,0.09,9%,11.0,1.0,11,0,Gratuit,Gratuit
Désintégrateur Magnétique,Magnetic Disintegrator,1,11,0.09,9%,11.0,1.0,11,0,Gratuit,Gratuit
Lance Doublée,Dual Spear,1,11,0.09,9%,8.0,0.73,8,0,Gratuit,Gratuit
