,Nom Anglais,nb games valide,total games,ratio,%,pts moy,pts moy total,total point,cout,pts par cout moy,pts par cout total,pts par cout moy+1,pts par cout total+1
Totem Équivalent,Equivalent Totem,13,13,1.0,100%,14.92,14.92,194,2,7.46,7.46,4.97,4.97
Faux,Scythe,13,13,1.0,100%,14.77,14.77,192,3,4.92,4.92,3.69,3.69
Hache Frénétique,Berseker Ax,12,13,0.92,92%,14.0,12.92,168,2,7.0,6.46,4.67,4.31
Armure d'Obsidienne,Obsidian Battle Plate,8,13,0.62,62%,20.0,12.31,160,2,10.0,6.16,6.67,4.1
Marteau Collecteur,Collecting Hammer,10,13,0.77,77%,12.7,9.77,127,2,6.35,4.88,4.23,3.26
Économe Sagesse du Trésorier,Treasurer's Wisdom,7,13,0.54,54%,17.0,9.15,119,2,8.5,4.58,5.67,3.05
Lame Affutée,Sharp Blade,11,13,0.85,85%,10.09,8.54,111,3,3.36,2.85,2.52,2.13
Esprit de l'Écuyer,Spirit of the Squire,12,13,0.92,92%,8.25,7.62,99,3,2.75,2.54,2.06,1.91
Aveuglement,Incapacitor,11,13,0.85,85%,8.73,7.38,96,3,2.91,2.46,2.18,1.84
Tombeau Rocheux,Rock Tomb,9,13,0.69,69%,10.0,6.92,90,1,10.0,6.92,5.0,3.46
Explosion Arcanique,Arcane Explosive,7,13,0.54,54%,12.0,6.46,84,1,12.0,6.46,6.0,3.23
Esprit Guerrier,Spirit of the Warrior,5,13,0.38,38%,16.0,6.15,80,1,16.0,6.15,8.0,3.08
Faux Parfaite,Perfect Scythe,5,13,0.38,38%,15.0,5.77,75,0,Gratuit,Gratuit,15.0,5.77
Faux Assoiffées,Thirsty Scythes,3,13,0.23,23%,25.0,5.77,75,3,8.33,1.92,6.25,1.44
Lame Insatiable,Fast Furious Blade,4,13,0.31,31%,16.0,4.92,64,2,8.0,2.46,5.33,1.64
Marteleur précis,Precise Hammer,3,13,0.23,23%,18.0,4.15,54,1,18.0,4.15,9.0,2.08
Épée Obscure,Swords of Darkness,3,13,0.23,23%,17.0,3.92,51,1,17.0,3.92,8.5,1.96
Danse Macabre,Dance of Death,6,13,0.46,46%,8.0,3.69,48,1,8.0,3.69,4.0,1.84
Bâton de Conquête,Conquering Staff,2,13,0.15,15%,24.0,3.69,48,2,12.0,1.84,8.0,1.23
Armure d'Immortel,Immortal Breastplate,3,13,0.23,23%,14.67,3.38,44,1,14.67,3.38,7.33,1.69
Masse Colossale,Colossal Mace,3,13,0.23,23%,13.67,3.15,41,0,Gratuit,Gratuit,13.67,3.15
Chasseresse d'Âmes,Huntress of Souls,2,13,0.15,15%,19.0,2.92,38,1,19.0,2.92,9.5,1.46
Griffes Démoniaques,Demon Claws,2,13,0.15,15%,17.0,2.62,34,1,17.0,2.62,8.5,1.31
Désintégrateur Magnétique,Magnetic Disintegrator,3,13,0.23,23%,11.0,2.54,33,0,Gratuit,Gratuit,11.0,2.54
Sabre Versatile,Versatil Saber,3,13,0.23,23%,11.0,2.54,33,1,11.0,2.54,5.5,1.27
Totem du Gardien,Guardian Totem,9,13,0.69,69%,3.56,2.46,32,3,1.19,0.82,0.89,0.61
Triple Météore,Trimeteor,1,13,0.08,8%,30.0,2.31,30,0,Gratuit,Gratuit,30.0,2.31
Gantelet Impérieux,Imperious Gauntlet,1,13,0.08,8%,30.0,2.31,30,1,30.0,2.31,15.0,1.16
Elan de Fureur,Rampage Momentum,2,13,0.15,15%,15.0,2.31,30,2,7.5,1.16,5.0,0.77
Couronne du Roi Nain,Crown of the Dwarf King,2,13,0.15,15%,13.0,2.0,26,0,Gratuit,Gratuit,13.0,2.0
Ascension Divine,Divine Ascent,1,13,0.08,8%,25.0,1.92,25,3,8.33,0.64,6.25,0.48
Coup de Mort,Death Helper,2,13,0.15,15%,11.5,1.77,23,1,11.5,1.77,5.75,0.89
Bâton du Conquérant,Staff of Conquered Worlds,2,13,0.15,15%,11.0,1.69,22,0,Gratuit,Gratuit,11.0,1.69
Le Marionnettiste,The Puppeteer,1,13,0.08,8%,20.0,1.54,20,2,10.0,0.77,6.67,0.51
Enchaînement Éclair,Unstoppable Lightning,1,13,0.08,8%,18.0,1.38,18,1,18.0,1.38,9.0,0.69
Parchemin Secret,Secret Scroll,1,13,0.08,8%,18.0,1.38,18,2,9.0,0.69,6.0,0.46
Soif de Sang,Thirsty Dagger,1,13,0.08,8%,15.0,1.15,15,0,Gratuit,Gratuit,15.0,1.15
Griffes Sauvages,Wild Claw,7,13,0.54,54%,1.86,1.0,13,3,0.62,0.33,0.47,0.25
Force Divine,Divine Impetu,1,13,0.08,8%,11.0,0.85,11,0,Gratuit,Gratuit,11.0,0.85
Épé Sainte,Holy Sword,1,13,0.08,8%,10.0,0.77,10,0,Gratuit,Gratuit,10.0,0.77
