,Nom Anglais,nb games valide,total games,ratio,%,pts moy,pts moy total,total point,cout,pts par cout moy,pts par cout total,pts par cout moy+1,pts par cout total+1
Faux,Scythe,16,16,1.0,100%,15.19,15.19,243,3,5.06,5.06,3.8,3.8
Totem Équivalent,Equivalent Totem,16,16,1.0,100%,15.06,15.06,241,2,7.53,7.53,5.02,5.02
Hache Frénétique,Berseker Ax,15,16,0.94,94%,14.0,13.12,210,2,7.0,6.56,4.67,4.37
Marteau Collecteur,Collecting Hammer,12,16,0.75,75%,15.83,11.88,190,2,7.92,5.94,5.28,3.96
Économe Sagesse du Trésorier,Treasurer's Wisdom,10,16,0.62,62%,17.0,10.62,170,2,8.5,5.31,5.67,3.54
Armure d'Obsidienne,Obsidian Battle Plate,8,16,0.5,50%,20.0,10.0,160,2,10.0,5.0,6.67,3.33
Lame Affutée,Sharp Blade,14,16,0.88,88%,10.71,9.38,150,3,3.57,3.13,2.68,2.35
Esprit de l'Écuyer,Spirit of the Squire,15,16,0.94,94%,8.6,8.06,129,3,2.87,2.69,2.15,2.02
Aveuglement,Incapacitor,14,16,0.88,88%,8.79,7.69,123,3,2.93,2.56,2.2,1.92
Esprit Guerrier,Spirit of the Warrior,7,16,0.44,44%,16.0,7.0,112,1,16.0,7.0,8.0,3.5
Tombeau Rocheux,Rock Tomb,11,16,0.69,69%,10.0,6.88,110,1,10.0,6.88,5.0,3.44
Faux Assoiffées,Thirsty Scythes,4,16,0.25,25%,25.0,6.25,100,3,8.33,2.08,6.25,1.56
Lame Insatiable,Fast Furious Blade,6,16,0.38,38%,16.0,6.0,96,2,8.0,3.0,5.33,2.0
Explosion Arcanique,Arcane Explosive,8,16,0.5,50%,12.0,6.0,96,1,12.0,6.0,6.0,3.0
Chasseresse d'Âmes,Huntress of Souls,4,16,0.25,25%,19.0,4.75,76,1,19.0,4.75,9.5,2.38
Faux Parfaite,Perfect Scythe,5,16,0.31,31%,15.0,4.69,75,0,Gratuit,Gratuit,15.0,4.69
Marteleur précis,Precise Hammer,4,16,0.25,25%,18.0,4.5,72,1,18.0,4.5,9.0,2.25
Épée Obscure,Swords of Darkness,4,16,0.25,25%,17.0,4.25,68,1,17.0,4.25,8.5,2.12
Griffes Démoniaques,Demon Claws,4,16,0.25,25%,17.0,4.25,68,1,17.0,4.25,8.5,2.12
Danse Macabre,Dance of Death,8,16,0.5,50%,8.0,4.0,64,1,8.0,4.0,4.0,2.0
Masse Colossale,Colossal Mace,4,16,0.25,25%,14.0,3.5,56,0,Gratuit,Gratuit,14.0,3.5
Bâton de Conquête,Conquering Staff,2,16,0.12,12%,24.0,3.0,48,2,12.0,1.5,8.0,1.0
Armure d'Immortel,Immortal Breastplate,3,16,0.19,19%,14.67,2.75,44,1,14.67,2.75,7.33,1.38
Totem du Gardien,Guardian Totem,11,16,0.69,69%,3.64,2.5,40,3,1.21,0.83,0.91,0.62
Couronne du Roi Nain,Crown of the Dwarf King,3,16,0.19,19%,13.0,2.44,39,0,Gratuit,Gratuit,13.0,2.44
Parchemin Secret,Secret Scroll,2,16,0.12,12%,18.0,2.25,36,2,9.0,1.12,6.0,0.75
Coup de Mort,Death Helper,3,16,0.19,19%,12.0,2.25,36,1,12.0,2.25,6.0,1.12
Désintégrateur Magnétique,Magnetic Disintegrator,3,16,0.19,19%,11.0,2.06,33,0,Gratuit,Gratuit,11.0,2.06
Sabre Versatile,Versatil Saber,3,16,0.19,19%,11.0,2.06,33,1,11.0,2.06,5.5,1.03
Triple Météore,Trimeteor,1,16,0.06,6%,30.0,1.88,30,0,Gratuit,Gratuit,30.0,1.88
Soif de Sang,Thirsty Dagger,2,16,0.12,12%,15.0,1.88,30,0,Gratuit,Gratuit,15.0,1.88
Gantelet Impérieux,Imperious Gauntlet,1,16,0.06,6%,30.0,1.88,30,1,30.0,1.88,15.0,0.94
Elan de Fureur,Rampage Momentum,2,16,0.12,12%,15.0,1.88,30,2,7.5,0.94,5.0,0.63
Ascension Divine,Divine Ascent,1,16,0.06,6%,25.0,1.56,25,3,8.33,0.52,6.25,0.39
Bâton du Conquérant,Staff of Conquered Worlds,2,16,0.12,12%,11.0,1.38,22,0,Gratuit,Gratuit,11.0,1.38
Le Marionnettiste,The Puppeteer,1,16,0.06,6%,20.0,1.25,20,2,10.0,0.62,6.67,0.42
Enchaînement Éclair,Unstoppable Lightning,1,16,0.06,6%,18.0,1.12,18,1,18.0,1.12,9.0,0.56
Griffes Sauvages,Wild Claw,10,16,0.62,62%,1.8,1.12,18,3,0.6,0.37,0.45,0.28
Force Divine,Divine Impetu,1,16,0.06,6%,11.0,0.69,11,0,Gratuit,Gratuit,11.0,0.69
Épé Sainte,Holy Sword,1,16,0.06,6%,10.0,0.62,10,0,Gratuit,Gratuit,10.0,0.62
