,Nom Anglais,nb games valide,total games,ratio,%,pts moy,pts moy total,total point,cout,pts par cout moy,pts par cout total,pts par cout moy+1,pts par cout total+1
Totem Équivalent,Equivalent Totem,170,170,1.0,100%,16.16,16.16,2748,3,5.39,5.39,4.04,4.04
Faux,Scythe,170,170,1.0,100%,14.48,14.48,2462,3,4.83,4.83,3.62,3.62
Hache Frénétique,Berseker Ax,121,170,0.71,71%,16.0,11.39,1936,2,8.0,5.7,5.33,3.8
Armure d'Obsidienne,Obsidian Battle Plate,95,170,0.56,56%,20.0,11.18,1900,2,10.0,5.59,6.67,3.73
Lame Affutée,Sharp Blade,156,170,0.92,92%,11.9,10.92,1857,3,3.97,3.64,2.98,2.73
Faux Parfaite,Perfect Scythe,100,170,0.59,59%,15.0,8.82,1500,0,Gratuit,Gratuit,15.0,8.82
Marteau Collecteur,Collecting Hammer,100,170,0.59,59%,13.86,8.15,1386,2,6.93,4.08,4.62,2.72
Esprit de l'Écuyer,Spirit of the Squire,138,170,0.81,81%,9.11,7.39,1257,3,3.04,2.46,2.28,1.85
Sabre Versatile,Versatil Saber,68,170,0.4,40%,18.0,7.2,1224,1,18.0,7.2,9.0,3.6
Épée Obscure,Swords of Darkness,54,170,0.32,32%,20.0,6.35,1080,1,20.0,6.35,10.0,3.17
Ascension Divine,Divine Ascent,41,170,0.24,24%,25.0,6.03,1025,3,8.33,2.01,6.25,1.51
Adrénaline Arcanique,Arcane Adrenaline,63,170,0.37,37%,16.0,5.93,1008,1,16.0,5.93,8.0,2.96
Aveuglement,Incapacitor,152,170,0.89,89%,6.61,5.91,1005,3,2.2,1.97,1.65,1.48
Danse Macabre,Dance of Death,96,170,0.56,56%,10.0,5.65,960,1,10.0,5.65,5.0,2.83
Lame Insatiable,Fast Furious Blade,51,170,0.3,30%,18.0,5.4,918,2,9.0,2.7,6.0,1.8
Armure d'Immortel,Immortal Breastplate,44,170,0.26,26%,20.0,5.18,880,1,20.0,5.18,10.0,2.59
Gantelet Impérieux,Imperious Gauntlet,40,170,0.24,24%,22.0,5.18,880,1,22.0,5.18,11.0,2.59
Enchaînement Éclair,Unstoppable Lightning,34,170,0.2,20%,22.0,4.4,748,2,11.0,2.2,7.33,1.47
Parchemin Secret,Secret Scroll,41,170,0.24,24%,18.0,4.34,738,2,9.0,2.17,6.0,1.45
Explosion Arcanique,Arcane Explosive,61,170,0.36,36%,12.0,4.31,732,1,12.0,4.31,6.0,2.15
Elan de Fureur,Rampage Momentum,48,170,0.28,28%,15.0,4.24,720,1,15.0,4.24,7.5,2.12
Totem du Gardien,Guardian Totem,170,170,1.0,100%,4.07,4.07,692,3,1.36,1.36,1.02,1.02
Marteleur précis,Precise Hammer,34,170,0.2,20%,18.0,3.6,612,1,18.0,3.6,9.0,1.8
Coup de Mort,Death Helper,47,170,0.28,28%,13.0,3.59,611,1,13.0,3.59,6.5,1.79
Faux Assoiffées,Thirsty Scythes,24,170,0.14,14%,25.0,3.53,600,3,8.33,1.18,6.25,0.88
Aura Légendaire,Legend Aura,14,170,0.08,8%,40.0,3.29,560,3,13.33,1.1,10.0,0.82
Épé Sainte,Holy Sword,37,170,0.22,22%,15.0,3.26,555,0,Gratuit,Gratuit,15.0,3.26
Chasseur d'Âmes,Soul Hunter,27,170,0.16,16%,20.0,3.18,540,1,20.0,3.18,10.0,1.59
Triple Météore,Trimeteor,17,170,0.1,10%,30.0,3.0,510,0,Gratuit,Gratuit,30.0,3.0
Esprit omniprésent,Omnipresent Spirit,24,170,0.14,14%,18.0,2.54,432,2,9.0,1.27,6.0,0.85
Masse Colossale,Colossal Mace,27,170,0.16,16%,15.0,2.38,405,0,Gratuit,Gratuit,15.0,2.38
Chasseresse d'Âmes,Huntress of Souls,18,170,0.11,11%,20.0,2.12,360,1,20.0,2.12,10.0,1.06
Griffes Démoniaques,Demon Claws,19,170,0.11,11%,17.0,1.9,323,1,17.0,1.9,8.5,0.95
Force Divine,Divine Impetu,21,170,0.12,12%,15.0,1.85,315,0,Gratuit,Gratuit,15.0,1.85
Soif de Sang,Thirsty Dagger,21,170,0.12,12%,15.0,1.85,315,0,Gratuit,Gratuit,15.0,1.85
Couronne du Roi Nain,Crown of the Dwarf King,19,170,0.11,11%,13.0,1.45,247,0,Gratuit,Gratuit,13.0,1.45
Assistance Divine,Sacred Help,12,170,0.07,7%,20.0,1.41,240,2,10.0,0.7,6.67,0.47
Bâton de Conquête,Conquering Staff,10,170,0.06,6%,24.0,1.41,240,2,12.0,0.7,8.0,0.47
Œil de Lynx,Hawk's Eye,24,170,0.14,14%,8.0,1.13,192,0,Gratuit,Gratuit,8.0,1.13
Esprit Guerrier,Spirit of the Warrior,12,170,0.07,7%,16.0,1.13,192,1,16.0,1.13,8.0,0.56
Le Marionnettiste,The Puppeteer,8,170,0.05,5%,20.0,0.94,160,2,10.0,0.47,6.67,0.31
Pluie de Météorites,Meteorites,2,170,0.01,1%,70.0,0.82,140,0,Gratuit,Gratuit,70.0,0.82
Bâton du Conquérant,Staff of Conquered Worlds,9,170,0.05,5%,15.0,0.79,135,0,Gratuit,Gratuit,15.0,0.79
Griffes Sauvages,Wild Claw,56,170,0.33,33%,1.66,0.55,93,3,0.55,0.18,0.41,0.14
Pillard Féroce,Savage Looter,4,170,0.02,2%,20.0,0.47,80,1,20.0,0.47,10.0,0.23
Amulette Omnisciente,Omnipresent Amulet,5,170,0.03,3%,15.0,0.44,75,0,Gratuit,Gratuit,15.0,0.44
Décharge Élémentaire,Elemental Discharge,3,170,0.02,2%,20.0,0.35,60,1,20.0,0.35,10.0,0.17
