,Nom Anglais,nb games valide,total games,ratio,%,pts moy,pts moy total,total point,cout,pts par cout moy,pts par cout total
Totem Équivalent,Equivalent Totem,180,180,1.0,100%,16.54,16.54,2978,2,8.27,8.27
Faux,Scythe,180,180,1.0,100%,15.27,15.27,2748,3,5.09,5.09
Armure d'Obsidienne,Obsidian Battle Plate,97,180,0.54,54%,20.0,10.78,1940,2,10.0,5.39
Lame Affutée,Sharp Blade,154,180,0.86,86%,12.31,10.53,1896,3,4.1,3.51
Faux Parfaite,Perfect Scythe,119,180,0.66,66%,15.0,9.92,1785,0,Gratuit,Gratuit
Hache Frénétique,Berseker Ax,126,180,0.7,70%,14.0,9.8,1764,2,7.0,4.9
Gantelet Impérieux,Imperious Gauntlet,58,180,0.32,32%,30.0,9.67,1740,1,30.0,9.67
Économe Sagesse du Trésorier,Treasurer's Wisdom,102,180,0.57,57%,17.0,9.63,1734,2,8.5,4.82
Ascension Divine,Divine Ascent,65,180,0.36,36%,25.0,9.03,1625,3,8.33,3.01
Esprit de l'Écuyer,Spirit of the Squire,151,180,0.84,84%,8.56,7.18,1293,3,2.85,2.39
Aveuglement,Incapacitor,166,180,0.92,92%,6.96,6.42,1155,3,2.32,2.14
Adrénaline Arcanique,Arcane Adrenaline,71,180,0.39,39%,16.0,6.31,1136,1,16.0,6.31
Faux Assoiffées,Thirsty Scythes,42,180,0.23,23%,25.0,5.83,1050,3,8.33,1.94
Épée Obscure,Swords of Darkness,54,180,0.3,30%,17.0,5.1,918,1,17.0,5.1
Lame Insatiable,Fast Furious Blade,55,180,0.31,31%,16.0,4.89,880,2,8.0,2.44
Marteau Collecteur,Collecting Hammer,85,180,0.47,47%,10.2,4.82,867,2,5.1,2.41
Elan de Fureur,Rampage Momentum,51,180,0.28,28%,15.0,4.25,765,2,7.5,2.12
Sabre Versatile,Versatil Saber,62,180,0.34,34%,11.0,3.79,682,1,11.0,3.79
Coup de Mort,Death Helper,55,180,0.31,31%,12.02,3.67,661,1,12.02,3.67
Armure d'Immortel,Immortal Breastplate,41,180,0.23,23%,15.22,3.47,624,1,15.22,3.47
Parchemin Secret,Secret Scroll,34,180,0.19,19%,18.0,3.4,612,2,9.0,1.7
Danse Macabre,Dance of Death,75,180,0.42,42%,8.0,3.33,600,1,8.0,3.33
Enchaînement Éclair,Unstoppable Lightning,32,180,0.18,18%,18.0,3.2,576,1,18.0,3.2
Explosion Arcanique,Arcane Explosive,48,180,0.27,27%,12.0,3.2,576,1,12.0,3.2
Totem du Gardien,Guardian Totem,130,180,0.72,72%,4.3,3.11,559,3,1.43,1.04
Chasseresse d'Âmes,Huntress of Souls,29,180,0.16,16%,19.0,3.06,551,1,19.0,3.06
Griffes Démoniaques,Demon Claws,30,180,0.17,17%,17.0,2.83,510,1,17.0,2.83
Assistance Divine,Sacred Help,25,180,0.14,14%,20.0,2.78,500,2,10.0,1.39
Esprit omniprésent,Omnipresent Spirit,26,180,0.14,14%,18.0,2.6,468,2,9.0,1.3
Chasseur d'Âmes,Soul Hunter,25,180,0.14,14%,18.4,2.56,460,1,18.4,2.56
Aura Légendaire,Legend Aura,11,180,0.06,6%,40.0,2.44,440,3,13.33,0.81
Tombeau Rocheux,Rock Tomb,44,180,0.24,24%,10.0,2.44,440,1,10.0,2.44
Triple Météore,Trimeteor,14,180,0.08,8%,30.0,2.33,420,0,Gratuit,Gratuit
Désintégrateur Magnétique,Magnetic Disintegrator,35,180,0.19,19%,11.0,2.14,385,0,Gratuit,Gratuit
Marteleur précis,Precise Hammer,19,180,0.11,11%,18.0,1.9,342,1,18.0,1.9
Épé Sainte,Holy Sword,34,180,0.19,19%,10.0,1.89,340,0,Gratuit,Gratuit
Force Divine,Divine Impetu,25,180,0.14,14%,13.4,1.86,335,0,Gratuit,Gratuit
Œil de Lynx,Hawk's Eye,35,180,0.19,19%,9.14,1.78,320,0,Gratuit,Gratuit
Couronne du Roi Nain,Crown of the Dwarf King,24,180,0.13,13%,13.0,1.73,312,0,Gratuit,Gratuit
Le Marionnettiste,The Puppeteer,12,180,0.07,7%,20.0,1.33,240,2,10.0,0.67
Soif de Sang,Thirsty Dagger,15,180,0.08,8%,15.0,1.25,225,0,Gratuit,Gratuit
Masse Colossale,Colossal Mace,17,180,0.09,9%,13.12,1.24,223,0,Gratuit,Gratuit
Bâton de Conquête,Conquering Staff,9,180,0.05,5%,24.0,1.2,216,2,12.0,0.6
Griffes Sauvages,Wild Claw,95,180,0.53,53%,1.82,0.96,173,3,0.61,0.32
Pillard Féroce,Savage Looter,8,180,0.04,4%,20.0,0.89,160,1,20.0,0.89
Masse de Siège,Siege Mace,8,180,0.04,4%,16.0,0.71,128,0,Gratuit,Gratuit
Être de Lumière,Being of Light,7,180,0.04,4%,18.0,0.7,126,1,18.0,0.7
Esprit Guerrier,Spirit of the Warrior,7,180,0.04,4%,16.0,0.62,112,1,16.0,0.62
Mental d'Acier,Steel Aura,6,180,0.03,3%,18.0,0.6,108,2,9.0,0.3
Astéroïde Fatal,Final Asteroid,1,180,0.01,1%,100.0,0.56,100,0,Gratuit,Gratuit
Pluie de Météorites,Meteorites,1,180,0.01,1%,70.0,0.39,70,0,Gratuit,Gratuit
Bâton du Conquérant,Staff of Conquered Worlds,6,180,0.03,3%,11.0,0.37,66,0,Gratuit,Gratuit
Amulette Omnisciente,Omnipresent Amulet,3,180,0.02,2%,13.67,0.23,41,0,Gratuit,Gratuit
Le Traqueur,The Stalker,1,180,0.01,1%,20.0,0.11,20,3,6.67,0.04
Décharge Élémentaire,Elemental Discharge,1,180,0.01,1%,18.0,0.1,18,1,18.0,0.1
