,Nom Anglais,nb games valide,total games,ratio,%,pts moy,pts moy total,total point,cout,pts par cout moy,pts par cout total
Faux,Scythe,10,10,1.0,100%,15.1,15.1,151,3,5.03,5.03
Armure d'Obsidienne,Obsidian Battle Plate,6,10,0.6,60%,20.0,12.0,120,2,10.0,6.0
Aura Légendaire,Legend Aura,3,10,0.3,30%,40.0,12.0,120,3,13.33,4.0
Lame Affutée,Sharp Blade,7,10,0.7,70%,14.14,9.9,99,3,4.71,3.3
Aveuglement,Incapacitor,10,10,1.0,100%,9.3,9.3,93,3,3.1,3.1
Glaive Vindicatif,Large Sword of Hate,4,10,0.4,40%,20.0,8.0,80,1,20.0,8.0
Hache Frénétique,Berseker Ax,5,10,0.5,50%,14.0,7.0,70,2,7.0,3.5
Économe Sagesse du Trésorier,Treasurer's Wisdom,4,10,0.4,40%,17.0,6.8,68,2,8.5,3.4
Adrénaline Arcanique,Arcane Adrenaline,4,10,0.4,40%,16.0,6.4,64,1,16.0,6.4
Totem du Gardien,Guardian Totem,10,10,1.0,100%,6.0,6.0,60,3,2.0,2.0
Chasseresse d'Âmes,Huntress of Souls,3,10,0.3,30%,19.0,5.7,57,1,19.0,5.7
Esprit de l'Écuyer,Spirit of the Squire,7,10,0.7,70%,8.14,5.7,57,3,2.71,1.9
Enchaînement Éclair,Unstoppable Lightning,3,10,0.3,30%,18.0,5.4,54,1,18.0,5.4
Marteleur précis,Precise Hammer,3,10,0.3,30%,18.0,5.4,54,1,18.0,5.4
Parchemin Secret,Secret Scroll,3,10,0.3,30%,18.0,5.4,54,2,9.0,2.7
Griffes Démoniaques,Demon Claws,3,10,0.3,30%,17.0,5.1,51,1,17.0,5.1
Faux Assoiffées,Thirsty Scythes,2,10,0.2,20%,25.0,5.0,50,3,8.33,1.67
Ascension Divine,Divine Ascent,2,10,0.2,20%,25.0,5.0,50,3,8.33,1.67
Lame Insatiable,Fast Furious Blade,3,10,0.3,30%,16.0,4.8,48,2,8.0,2.4
Elan de Fureur,Rampage Momentum,3,10,0.3,30%,15.0,4.5,45,2,7.5,2.25
Sabre Versatile,Versatil Saber,4,10,0.4,40%,11.0,4.4,44,1,11.0,4.4
Armure d'Immortel,Immortal Breastplate,3,10,0.3,30%,14.0,4.2,42,1,14.0,4.2
Le Croque-mort,The Undertaker,3,10,0.3,30%,14.0,4.2,42,1,14.0,4.2
Épées Jumelles,Twin Swords,2,10,0.2,20%,20.0,4.0,40,1,20.0,4.0
Esprit omniprésent,Omnipresent Spirit,2,10,0.2,20%,18.0,3.6,36,2,9.0,1.8
Explosion Arcanique,Arcane Explosive,3,10,0.3,30%,12.0,3.6,36,1,12.0,3.6
Désintégrateur Magnétique,Magnetic Disintegrator,3,10,0.3,30%,11.0,3.3,33,0,Gratuit,Gratuit
Force Divine,Divine Impetu,3,10,0.3,30%,11.0,3.3,33,0,Gratuit,Gratuit
Esquive Salvatrice,Evasive Protection,2,10,0.2,20%,15.0,3.0,30,0,Gratuit,Gratuit
Épée Obscure,Swords of Darkness,2,10,0.2,20%,15.0,3.0,30,1,15.0,3.0
Coup de Mort,Death Helper,3,10,0.3,30%,10.0,3.0,30,1,10.0,3.0
Épé Sainte,Holy Sword,3,10,0.3,30%,10.0,3.0,30,0,Gratuit,Gratuit
Couronne du Roi Nain,Crown of the Dwarf King,2,10,0.2,20%,13.0,2.6,26,0,Gratuit,Gratuit
Danse Macabre,Dance of Death,3,10,0.3,30%,8.0,2.4,24,1,8.0,2.4
Œil de Lynx,Hawk's Eye,3,10,0.3,30%,8.0,2.4,24,0,Gratuit,Gratuit
Destruction Royale,Royal Destroyer,2,10,0.2,20%,11.0,2.2,22,0,Gratuit,Gratuit
Le Marionnettiste,The Puppeteer,1,10,0.1,10%,20.0,2.0,20,2,10.0,1.0
Le Traqueur,The Stalker,1,10,0.1,10%,18.0,1.8,18,3,6.0,0.6
Lance Doublée,Dual Spear,2,10,0.2,20%,8.0,1.6,16,0,Gratuit,Gratuit
Masse de Siège,Siege Mace,1,10,0.1,10%,16.0,1.6,16,0,Gratuit,Gratuit
Instinct Sanguinaire,Bloody Instinct,1,10,0.1,10%,15.0,1.5,15,2,7.5,0.75
Soif de Sang,Thirsty Dagger,1,10,0.1,10%,15.0,1.5,15,0,Gratuit,Gratuit
Amulette Omnisciente,Omnipresent Amulet,1,10,0.1,10%,11.0,1.1,11,0,Gratuit,Gratuit
Griffes Sauvages,Wild Claw,8,10,0.8,80%,1.25,1.0,10,3,0.42,0.33
Tombeau Rocheux,Rock Tomb,1,10,0.1,10%,10.0,1.0,10,1,10.0,1.0
