,Nom Anglais,nb games valide,total games,ratio,%,pts moy,pts moy total,total point,cout,pts par cout moy,pts par cout total,pts par cout moy+1,pts par cout total+1
Faux,Scythe,12,12,1.0,100%,16.83,16.83,202,3,5.61,5.61,4.21,4.21
Totem Équivalent,Equivalent Totem,12,12,1.0,100%,16.75,16.75,201,2,8.38,8.38,5.58,5.58
Gantelet Impérieux,Imperious Gauntlet,6,12,0.5,50%,30.0,15.0,180,1,30.0,15.0,15.0,7.5
Faux Parfaite,Perfect Scythe,9,12,0.75,75%,15.0,11.25,135,0,Gratuit,Gratuit,15.0,11.25
Hache Frénétique,Berseker Ax,9,12,0.75,75%,14.0,10.5,126,2,7.0,5.25,4.67,3.5
Ascension Divine,Divine Ascent,5,12,0.42,42%,25.0,10.42,125,3,8.33,3.47,6.25,2.6
Faux Assoiffées,Thirsty Scythes,5,12,0.42,42%,25.0,10.42,125,3,8.33,3.47,6.25,2.6
Économe Sagesse du Trésorier,Treasurer's Wisdom,7,12,0.58,58%,17.0,9.92,119,2,8.5,4.96,5.67,3.31
Adrénaline Arcanique,Arcane Adrenaline,7,12,0.58,58%,16.0,9.33,112,1,16.0,9.33,8.0,4.67
Esprit de l'Écuyer,Spirit of the Squire,11,12,0.92,92%,10.09,9.25,111,3,3.36,3.08,2.52,2.31
Lame Affutée,Sharp Blade,11,12,0.92,92%,8.45,7.75,93,3,2.82,2.58,2.11,1.94
Aveuglement,Incapacitor,11,12,0.92,92%,7.36,6.75,81,3,2.45,2.25,1.84,1.69
Armure d'Obsidienne,Obsidian Battle Plate,4,12,0.33,33%,20.0,6.67,80,2,10.0,3.33,6.67,2.22
Lame Insatiable,Fast Furious Blade,4,12,0.33,33%,16.0,5.33,64,2,8.0,2.67,5.33,1.78
Assistance Divine,Sacred Help,3,12,0.25,25%,20.0,5.0,60,2,10.0,2.5,6.67,1.67
Chasseresse d'Âmes,Huntress of Souls,3,12,0.25,25%,19.0,4.75,57,1,19.0,4.75,9.5,2.38
Marteau Collecteur,Collecting Hammer,7,12,0.58,58%,8.14,4.75,57,2,4.07,2.38,2.71,1.58
Coup de Mort,Death Helper,5,12,0.42,42%,10.6,4.42,53,1,10.6,4.42,5.3,2.21
Griffes Démoniaques,Demon Claws,3,12,0.25,25%,17.0,4.25,51,1,17.0,4.25,8.5,2.12
Explosion Arcanique,Arcane Explosive,4,12,0.33,33%,12.0,4.0,48,1,12.0,4.0,6.0,2.0
Armure d'Immortel,Immortal Breastplate,3,12,0.25,25%,14.67,3.67,44,1,14.67,3.67,7.33,1.83
Aura Légendaire,Legend Aura,1,12,0.08,8%,40.0,3.33,40,3,13.33,1.11,10.0,0.83
Totem du Gardien,Guardian Totem,9,12,0.75,75%,4.22,3.17,38,3,1.41,1.06,1.05,0.79
Esprit omniprésent,Omnipresent Spirit,2,12,0.17,17%,18.0,3.0,36,2,9.0,1.5,6.0,1.0
Enchaînement Éclair,Unstoppable Lightning,2,12,0.17,17%,18.0,3.0,36,1,18.0,3.0,9.0,1.5
Chasseur d'Âmes,Soul Hunter,2,12,0.17,17%,17.5,2.92,35,1,17.5,2.92,8.75,1.46
Épée Obscure,Swords of Darkness,2,12,0.17,17%,17.0,2.83,34,1,17.0,2.83,8.5,1.42
Sabre Versatile,Versatil Saber,3,12,0.25,25%,11.0,2.75,33,1,11.0,2.75,5.5,1.38
Soif de Sang,Thirsty Dagger,2,12,0.17,17%,15.0,2.5,30,0,Gratuit,Gratuit,15.0,2.5
Tombeau Rocheux,Rock Tomb,3,12,0.25,25%,10.0,2.5,30,1,10.0,2.5,5.0,1.25
Elan de Fureur,Rampage Momentum,2,12,0.17,17%,15.0,2.5,30,2,7.5,1.25,5.0,0.83
Force Divine,Divine Impetu,2,12,0.17,17%,13.0,2.17,26,0,Gratuit,Gratuit,13.0,2.17
Bâton de Conquête,Conquering Staff,1,12,0.08,8%,24.0,2.0,24,2,12.0,1.0,8.0,0.67
Parchemin Secret,Secret Scroll,1,12,0.08,8%,18.0,1.5,18,2,9.0,0.75,6.0,0.5
Marteleur précis,Precise Hammer,1,12,0.08,8%,18.0,1.5,18,1,18.0,1.5,9.0,0.75
Danse Macabre,Dance of Death,2,12,0.17,17%,8.0,1.33,16,1,8.0,1.33,4.0,0.67
Désintégrateur Magnétique,Magnetic Disintegrator,1,12,0.08,8%,11.0,0.92,11,0,Gratuit,Gratuit,11.0,0.92
Griffes Sauvages,Wild Claw,7,12,0.58,58%,1.57,0.92,11,3,0.52,0.31,0.39,0.23
Épé Sainte,Holy Sword,1,12,0.08,8%,10.0,0.83,10,0,Gratuit,Gratuit,10.0,0.83
Œil de Lynx,Hawk's Eye,1,12,0.08,8%,8.0,0.67,8,0,Gratuit,Gratuit,8.0,0.67
