,Nom Anglais,nb games valide,total games,ratio,%,pts moy,pts moy total,total point,cout,pts par cout moy,pts par cout total
Faux,Scythe,11,11,1.0,100%,15.36,15.36,169,3,5.12,5.12
Aura Légendaire,Legend Aura,4,11,0.36,36%,40.0,14.55,160,3,13.33,4.85
Armure d'Obsidienne,Obsidian Battle Plate,7,11,0.64,64%,20.0,12.73,140,2,10.0,6.37
Lame Affutée,Sharp Blade,8,11,0.73,73%,16.88,12.27,135,3,5.63,4.09
Aveuglement,Incapacitor,11,11,1.0,100%,9.27,9.27,102,3,3.09,3.09
Glaive Vindicatif,Large Sword of Hate,5,11,0.45,45%,20.0,9.09,100,1,20.0,9.09
Économe Sagesse du Trésorier,Treasurer's Wisdom,5,11,0.45,45%,17.0,7.73,85,2,8.5,3.87
Hache Frénétique,Berseker Ax,6,11,0.55,55%,14.0,7.64,84,2,7.0,3.82
Chasseresse d'Âmes,Huntress of Souls,4,11,0.36,36%,19.0,6.91,76,1,19.0,6.91
Faux Assoiffées,Thirsty Scythes,3,11,0.27,27%,25.0,6.82,75,3,8.33,2.27
Ascension Divine,Divine Ascent,3,11,0.27,27%,25.0,6.82,75,3,8.33,2.27
Enchaînement Éclair,Unstoppable Lightning,4,11,0.36,36%,18.0,6.55,72,1,18.0,6.55
Parchemin Secret,Secret Scroll,4,11,0.36,36%,18.0,6.55,72,2,9.0,3.27
Griffes Démoniaques,Demon Claws,4,11,0.36,36%,17.0,6.18,68,1,17.0,6.18
Totem du Gardien,Guardian Totem,11,11,1.0,100%,6.0,6.0,66,3,2.0,2.0
Esprit de l'Écuyer,Spirit of the Squire,8,11,0.73,73%,8.25,6.0,66,3,2.75,2.0
Adrénaline Arcanique,Arcane Adrenaline,4,11,0.36,36%,16.0,5.82,64,1,16.0,5.82
Lame Insatiable,Fast Furious Blade,4,11,0.36,36%,16.0,5.82,64,2,8.0,2.91
Elan de Fureur,Rampage Momentum,4,11,0.36,36%,15.0,5.45,60,2,7.5,2.73
Épées Jumelles,Twin Swords,3,11,0.27,27%,20.0,5.45,60,1,20.0,5.45
Armure d'Immortel,Immortal Breastplate,4,11,0.36,36%,14.0,5.09,56,1,14.0,5.09
Le Croque-mort,The Undertaker,4,11,0.36,36%,14.0,5.09,56,1,14.0,5.09
Sabre Versatile,Versatil Saber,5,11,0.45,45%,11.0,5.0,55,1,11.0,5.0
Esprit omniprésent,Omnipresent Spirit,3,11,0.27,27%,18.0,4.91,54,2,9.0,2.46
Marteleur précis,Precise Hammer,3,11,0.27,27%,18.0,4.91,54,1,18.0,4.91
Épée Obscure,Swords of Darkness,3,11,0.27,27%,15.0,4.09,45,1,15.0,4.09
Esquive Salvatrice,Evasive Protection,3,11,0.27,27%,15.0,4.09,45,0,Gratuit,Gratuit
Force Divine,Divine Impetu,4,11,0.36,36%,11.0,4.0,44,0,Gratuit,Gratuit
Épé Sainte,Holy Sword,4,11,0.36,36%,10.0,3.64,40,0,Gratuit,Gratuit
Couronne du Roi Nain,Crown of the Dwarf King,3,11,0.27,27%,13.0,3.55,39,0,Gratuit,Gratuit
Explosion Arcanique,Arcane Explosive,3,11,0.27,27%,12.0,3.27,36,1,12.0,3.27
Désintégrateur Magnétique,Magnetic Disintegrator,3,11,0.27,27%,11.0,3.0,33,0,Gratuit,Gratuit
Danse Macabre,Dance of Death,4,11,0.36,36%,8.0,2.91,32,1,8.0,2.91
Coup de Mort,Death Helper,3,11,0.27,27%,10.0,2.73,30,1,10.0,2.73
Triple Météore,Trimeteor,1,11,0.09,9%,30.0,2.73,30,0,Gratuit,Gratuit
Lance Doublée,Dual Spear,3,11,0.27,27%,8.0,2.18,24,0,Gratuit,Gratuit
Œil de Lynx,Hawk's Eye,3,11,0.27,27%,8.0,2.18,24,0,Gratuit,Gratuit
Destruction Royale,Royal Destroyer,2,11,0.18,18%,11.0,2.0,22,0,Gratuit,Gratuit
Le Marionnettiste,The Puppeteer,1,11,0.09,9%,20.0,1.82,20,2,10.0,0.91
Lance Triplée,Triple Spear,1,11,0.09,9%,20.0,1.82,20,0,Gratuit,Gratuit
Tombeau Rocheux,Rock Tomb,2,11,0.18,18%,10.0,1.82,20,1,10.0,1.82
Le Traqueur,The Stalker,1,11,0.09,9%,18.0,1.64,18,3,6.0,0.55
Esprit Guerrier,Spirit of the Warrior,1,11,0.09,9%,16.0,1.45,16,1,16.0,1.45
Masse de Siège,Siege Mace,1,11,0.09,9%,16.0,1.45,16,0,Gratuit,Gratuit
Instinct Sanguinaire,Bloody Instinct,1,11,0.09,9%,15.0,1.36,15,2,7.5,0.68
Griffes Sauvages,Wild Claw,9,11,0.82,82%,1.67,1.36,15,3,0.56,0.45
Soif de Sang,Thirsty Dagger,1,11,0.09,9%,15.0,1.36,15,0,Gratuit,Gratuit
Amulette Omnisciente,Omnipresent Amulet,1,11,0.09,9%,11.0,1.0,11,0,Gratuit,Gratuit
