,Nom Anglais,nb games valide,total games,ratio,%,pts moy,pts moy total,total point,cout,pts par cout moy,pts par cout total
Faux,Scythe,8,8,1.0,100%,15.38,15.38,123,3,5.13,5.13
Armure d'Obsidienne,Obsidian Battle Plate,5,8,0.62,62%,20.0,12.5,100,2,10.0,6.25
Aura Légendaire,Legend Aura,2,8,0.25,25%,40.0,10.0,80,3,13.33,3.33
Aveuglement,Incapacitor,8,8,1.0,100%,9.75,9.75,78,3,3.25,3.25
Adrénaline Arcanique,Arcane Adrenaline,4,8,0.5,50%,16.0,8.0,64,1,16.0,8.0
Glaive Vindicatif,Large Sword of Hate,3,8,0.38,38%,20.0,7.5,60,1,20.0,7.5
Lame Affutée,Sharp Blade,5,8,0.62,62%,11.4,7.12,57,3,3.8,2.37
Chasseresse d'Âmes,Huntress of Souls,3,8,0.38,38%,19.0,7.12,57,1,19.0,7.12
Hache Frénétique,Berseker Ax,4,8,0.5,50%,14.0,7.0,56,2,7.0,3.5
Griffes Démoniaques,Demon Claws,3,8,0.38,38%,17.0,6.38,51,1,17.0,6.38
Économe Sagesse du Trésorier,Treasurer's Wisdom,3,8,0.38,38%,17.0,6.38,51,2,8.5,3.19
Ascension Divine,Divine Ascent,2,8,0.25,25%,25.0,6.25,50,3,8.33,2.08
Faux Assoiffées,Thirsty Scythes,2,8,0.25,25%,25.0,6.25,50,3,8.33,2.08
Lame Insatiable,Fast Furious Blade,3,8,0.38,38%,16.0,6.0,48,2,8.0,3.0
Esprit de l'Écuyer,Spirit of the Squire,6,8,0.75,75%,7.5,5.62,45,3,2.5,1.87
Totem du Gardien,Guardian Totem,8,8,1.0,100%,5.5,5.5,44,3,1.83,1.83
Esprit omniprésent,Omnipresent Spirit,2,8,0.25,25%,18.0,4.5,36,2,9.0,2.25
Parchemin Secret,Secret Scroll,2,8,0.25,25%,18.0,4.5,36,2,9.0,2.25
Enchaînement Éclair,Unstoppable Lightning,2,8,0.25,25%,18.0,4.5,36,1,18.0,4.5
Marteleur précis,Precise Hammer,2,8,0.25,25%,18.0,4.5,36,1,18.0,4.5
Sabre Versatile,Versatil Saber,3,8,0.38,38%,11.0,4.12,33,1,11.0,4.12
Elan de Fureur,Rampage Momentum,2,8,0.25,25%,15.0,3.75,30,2,7.5,1.88
Esquive Salvatrice,Evasive Protection,2,8,0.25,25%,15.0,3.75,30,0,Gratuit,Gratuit
Le Croque-mort,The Undertaker,2,8,0.25,25%,14.0,3.5,28,1,14.0,3.5
Armure d'Immortel,Immortal Breastplate,2,8,0.25,25%,14.0,3.5,28,1,14.0,3.5
Explosion Arcanique,Arcane Explosive,2,8,0.25,25%,12.0,3.0,24,1,12.0,3.0
Force Divine,Divine Impetu,2,8,0.25,25%,11.0,2.75,22,0,Gratuit,Gratuit
Désintégrateur Magnétique,Magnetic Disintegrator,2,8,0.25,25%,11.0,2.75,22,0,Gratuit,Gratuit
Épées Jumelles,Twin Swords,1,8,0.12,12%,20.0,2.5,20,1,20.0,2.5
Coup de Mort,Death Helper,2,8,0.25,25%,10.0,2.5,20,1,10.0,2.5
Le Marionnettiste,The Puppeteer,1,8,0.12,12%,20.0,2.5,20,2,10.0,1.25
Épé Sainte,Holy Sword,2,8,0.25,25%,10.0,2.5,20,0,Gratuit,Gratuit
Danse Macabre,Dance of Death,2,8,0.25,25%,8.0,2.0,16,1,8.0,2.0
Masse de Siège,Siege Mace,1,8,0.12,12%,16.0,2.0,16,0,Gratuit,Gratuit
Œil de Lynx,Hawk's Eye,2,8,0.25,25%,8.0,2.0,16,0,Gratuit,Gratuit
Épée Obscure,Swords of Darkness,1,8,0.12,12%,15.0,1.88,15,1,15.0,1.88
Soif de Sang,Thirsty Dagger,1,8,0.12,12%,15.0,1.88,15,0,Gratuit,Gratuit
Couronne du Roi Nain,Crown of the Dwarf King,1,8,0.12,12%,13.0,1.62,13,0,Gratuit,Gratuit
Destruction Royale,Royal Destroyer,1,8,0.12,12%,11.0,1.38,11,0,Gratuit,Gratuit
Amulette Omnisciente,Omnipresent Amulet,1,8,0.12,12%,11.0,1.38,11,0,Gratuit,Gratuit
Tombeau Rocheux,Rock Tomb,1,8,0.12,12%,10.0,1.25,10,1,10.0,1.25
Griffes Sauvages,Wild Claw,6,8,0.75,75%,1.33,1.0,8,3,0.44,0.33
Lance Doublée,Dual Spear,1,8,0.12,12%,8.0,1.0,8,0,Gratuit,Gratuit
