,Nom Anglais,nb games valide,total games,ratio,%,pts moy,pts moy total,total point,cout,pts par cout moy,pts par cout total,pts par cout moy+1,pts par cout total+1
Totem Équivalent,Equivalent Totem,11,11,1.0,100%,16.64,16.64,183,2,8.32,8.32,5.55,5.55
Faux,Scythe,11,11,1.0,100%,16.36,16.36,180,3,5.45,5.45,4.09,4.09
Gantelet Impérieux,Imperious Gauntlet,5,11,0.45,45%,30.0,13.64,150,1,30.0,13.64,15.0,6.82
Faux Parfaite,Perfect Scythe,8,11,0.73,73%,15.0,10.91,120,0,Gratuit,Gratuit,15.0,10.91
Hache Frénétique,Berseker Ax,8,11,0.73,73%,14.0,10.18,112,2,7.0,5.09,4.67,3.39
Économe Sagesse du Trésorier,Treasurer's Wisdom,6,11,0.55,55%,17.0,9.27,102,2,8.5,4.63,5.67,3.09
Ascension Divine,Divine Ascent,4,11,0.36,36%,25.0,9.09,100,3,8.33,3.03,6.25,2.27
Faux Assoiffées,Thirsty Scythes,4,11,0.36,36%,25.0,9.09,100,3,8.33,3.03,6.25,2.27
Esprit de l'Écuyer,Spirit of the Squire,10,11,0.91,91%,9.9,9.0,99,3,3.3,3.0,2.48,2.25
Adrénaline Arcanique,Arcane Adrenaline,6,11,0.55,55%,16.0,8.73,96,1,16.0,8.73,8.0,4.37
Lame Affutée,Sharp Blade,10,11,0.91,91%,7.2,6.55,72,3,2.4,2.18,1.8,1.64
Aveuglement,Incapacitor,10,11,0.91,91%,7.2,6.55,72,3,2.4,2.18,1.8,1.64
Lame Insatiable,Fast Furious Blade,4,11,0.36,36%,16.0,5.82,64,2,8.0,2.91,5.33,1.94
Armure d'Obsidienne,Obsidian Battle Plate,3,11,0.27,27%,20.0,5.45,60,2,10.0,2.73,6.67,1.82
Chasseresse d'Âmes,Huntress of Souls,3,11,0.27,27%,19.0,5.18,57,1,19.0,5.18,9.5,2.59
Griffes Démoniaques,Demon Claws,3,11,0.27,27%,17.0,4.64,51,1,17.0,4.64,8.5,2.32
Marteau Collecteur,Collecting Hammer,6,11,0.55,55%,7.17,3.91,43,2,3.58,1.96,2.39,1.3
Assistance Divine,Sacred Help,2,11,0.18,18%,20.0,3.64,40,2,10.0,1.82,6.67,1.21
Coup de Mort,Death Helper,4,11,0.36,36%,10.0,3.64,40,1,10.0,3.64,5.0,1.82
Totem du Gardien,Guardian Totem,9,11,0.82,82%,4.22,3.45,38,3,1.41,1.15,1.05,0.86
Explosion Arcanique,Arcane Explosive,3,11,0.27,27%,12.0,3.27,36,1,12.0,3.27,6.0,1.64
Épée Obscure,Swords of Darkness,2,11,0.18,18%,17.0,3.09,34,1,17.0,3.09,8.5,1.54
Tombeau Rocheux,Rock Tomb,3,11,0.27,27%,10.0,2.73,30,1,10.0,2.73,5.0,1.36
Armure d'Immortel,Immortal Breastplate,2,11,0.18,18%,14.0,2.55,28,1,14.0,2.55,7.0,1.27
Bâton de Conquête,Conquering Staff,1,11,0.09,9%,24.0,2.18,24,2,12.0,1.09,8.0,0.73
Sabre Versatile,Versatil Saber,2,11,0.18,18%,11.0,2.0,22,1,11.0,2.0,5.5,1.0
Parchemin Secret,Secret Scroll,1,11,0.09,9%,18.0,1.64,18,2,9.0,0.82,6.0,0.55
Esprit omniprésent,Omnipresent Spirit,1,11,0.09,9%,18.0,1.64,18,2,9.0,0.82,6.0,0.55
Enchaînement Éclair,Unstoppable Lightning,1,11,0.09,9%,18.0,1.64,18,1,18.0,1.64,9.0,0.82
Marteleur précis,Precise Hammer,1,11,0.09,9%,18.0,1.64,18,1,18.0,1.64,9.0,0.82
Soif de Sang,Thirsty Dagger,1,11,0.09,9%,15.0,1.36,15,0,Gratuit,Gratuit,15.0,1.36
Chasseur d'Âmes,Soul Hunter,1,11,0.09,9%,15.0,1.36,15,1,15.0,1.36,7.5,0.68
Elan de Fureur,Rampage Momentum,1,11,0.09,9%,15.0,1.36,15,2,7.5,0.68,5.0,0.45
Force Divine,Divine Impetu,1,11,0.09,9%,11.0,1.0,11,0,Gratuit,Gratuit,11.0,1.0
Griffes Sauvages,Wild Claw,6,11,0.55,55%,1.67,0.91,10,3,0.56,0.3,0.42,0.23
Danse Macabre,Dance of Death,1,11,0.09,9%,8.0,0.73,8,1,8.0,0.73,4.0,0.36
Œil de Lynx,Hawk's Eye,1,11,0.09,9%,8.0,0.73,8,0,Gratuit,Gratuit,8.0,0.73
