,Nom Anglais,nb games valide,total games,ratio,%,pts moy,pts moy total,total point,cout,pts par cout moy,pts par cout total
Faux,Scythe,12,12,1.0,100%,15.58,15.58,187,3,5.19,5.19
Aura Légendaire,Legend Aura,4,12,0.33,33%,40.0,13.33,160,3,13.33,4.44
Lame Affutée,Sharp Blade,9,12,0.75,75%,15.67,11.75,141,3,5.22,3.92
Armure d'Obsidienne,Obsidian Battle Plate,7,12,0.58,58%,20.0,11.67,140,2,10.0,5.83
Aveuglement,Incapacitor,12,12,1.0,100%,9.0,9.0,108,3,3.0,3.0
Économe Sagesse du Trésorier,Treasurer's Wisdom,6,12,0.5,50%,17.0,8.5,102,2,8.5,4.25
Glaive Vindicatif,Large Sword of Hate,5,12,0.42,42%,20.0,8.33,100,1,20.0,8.33
Faux Assoiffées,Thirsty Scythes,4,12,0.33,33%,25.0,8.33,100,3,8.33,2.78
Ascension Divine,Divine Ascent,4,12,0.33,33%,25.0,8.33,100,3,8.33,2.78
Hache Frénétique,Berseker Ax,7,12,0.58,58%,14.0,8.17,98,2,7.0,4.08
Chasseresse d'Âmes,Huntress of Souls,5,12,0.42,42%,19.0,7.92,95,1,19.0,7.92
Parchemin Secret,Secret Scroll,5,12,0.42,42%,18.0,7.5,90,2,9.0,3.75
Griffes Démoniaques,Demon Claws,5,12,0.42,42%,17.0,7.08,85,1,17.0,7.08
Esprit de l'Écuyer,Spirit of the Squire,9,12,0.75,75%,9.0,6.75,81,3,3.0,2.25
Adrénaline Arcanique,Arcane Adrenaline,5,12,0.42,42%,16.0,6.67,80,1,16.0,6.67
Lame Insatiable,Fast Furious Blade,5,12,0.42,42%,16.0,6.67,80,2,8.0,3.33
Totem du Gardien,Guardian Totem,12,12,1.0,100%,6.08,6.08,73,3,2.03,2.03
Enchaînement Éclair,Unstoppable Lightning,4,12,0.33,33%,18.0,6.0,72,1,18.0,6.0
Épées Jumelles,Twin Swords,3,12,0.25,25%,20.0,5.0,60,1,20.0,5.0
Elan de Fureur,Rampage Momentum,4,12,0.33,33%,15.0,5.0,60,2,7.5,2.5
Le Croque-mort,The Undertaker,4,12,0.33,33%,14.0,4.67,56,1,14.0,4.67
Armure d'Immortel,Immortal Breastplate,4,12,0.33,33%,14.0,4.67,56,1,14.0,4.67
Sabre Versatile,Versatil Saber,5,12,0.42,42%,11.0,4.58,55,1,11.0,4.58
Esprit omniprésent,Omnipresent Spirit,3,12,0.25,25%,18.0,4.5,54,2,9.0,2.25
Marteleur précis,Precise Hammer,3,12,0.25,25%,18.0,4.5,54,1,18.0,4.5
Explosion Arcanique,Arcane Explosive,4,12,0.33,33%,12.0,4.0,48,1,12.0,4.0
Esquive Salvatrice,Evasive Protection,3,12,0.25,25%,15.0,3.75,45,0,Gratuit,Gratuit
Épée Obscure,Swords of Darkness,3,12,0.25,25%,15.0,3.75,45,1,15.0,3.75
Force Divine,Divine Impetu,4,12,0.33,33%,11.0,3.67,44,0,Gratuit,Gratuit
Coup de Mort,Death Helper,4,12,0.33,33%,10.0,3.33,40,1,10.0,3.33
Épé Sainte,Holy Sword,4,12,0.33,33%,10.0,3.33,40,0,Gratuit,Gratuit
Couronne du Roi Nain,Crown of the Dwarf King,3,12,0.25,25%,13.0,3.25,39,0,Gratuit,Gratuit
Désintégrateur Magnétique,Magnetic Disintegrator,3,12,0.25,25%,11.0,2.75,33,0,Gratuit,Gratuit
Danse Macabre,Dance of Death,4,12,0.33,33%,8.0,2.67,32,1,8.0,2.67
Tombeau Rocheux,Rock Tomb,3,12,0.25,25%,10.0,2.5,30,1,10.0,2.5
Triple Météore,Trimeteor,1,12,0.08,8%,30.0,2.5,30,0,Gratuit,Gratuit
Lance Doublée,Dual Spear,3,12,0.25,25%,8.0,2.0,24,0,Gratuit,Gratuit
Œil de Lynx,Hawk's Eye,3,12,0.25,25%,8.0,2.0,24,0,Gratuit,Gratuit
Destruction Royale,Royal Destroyer,2,12,0.17,17%,11.0,1.83,22,0,Gratuit,Gratuit
Le Marionnettiste,The Puppeteer,1,12,0.08,8%,20.0,1.67,20,2,10.0,0.83
Lance Triplée,Triple Spear,1,12,0.08,8%,20.0,1.67,20,0,Gratuit,Gratuit
Griffes Sauvages,Wild Claw,10,12,0.83,83%,1.9,1.58,19,3,0.63,0.53
Le Traqueur,The Stalker,1,12,0.08,8%,18.0,1.5,18,3,6.0,0.5
Esprit Guerrier,Spirit of the Warrior,1,12,0.08,8%,16.0,1.33,16,1,16.0,1.33
Masse de Siège,Siege Mace,1,12,0.08,8%,16.0,1.33,16,0,Gratuit,Gratuit
Instinct Sanguinaire,Bloody Instinct,1,12,0.08,8%,15.0,1.25,15,2,7.5,0.62
Soif de Sang,Thirsty Dagger,1,12,0.08,8%,15.0,1.25,15,0,Gratuit,Gratuit
Amulette Omnisciente,Omnipresent Amulet,1,12,0.08,8%,11.0,0.92,11,0,Gratuit,Gratuit
