,Nom Anglais,nb games valide,total games,ratio,%,pts moy,pts moy total,total point,cout,pts par cout moy,pts par cout total
Totem Équivalent,Equivalent Totem,4,4,1.0,100%,16.25,16.25,65,2,8.12,8.12
Faux,Scythe,4,4,1.0,100%,15.0,15.0,60,3,5.0,5.0
Gantelet Impérieux,Imperious Gauntlet,2,4,0.5,50%,30.0,15.0,60,1,30.0,15.0
Ascension Divine,Divine Ascent,2,4,0.5,50%,25.0,12.5,50,3,8.33,4.17
Faux Parfaite,Perfect Scythe,3,4,0.75,75%,15.0,11.25,45,0,Gratuit,Gratuit
Économe Sagesse du Trésorier,Treasurer's Wisdom,2,4,0.5,50%,17.0,8.5,34,2,8.5,4.25
Hache Frénétique,Berseker Ax,2,4,0.5,50%,14.0,7.0,28,2,7.0,3.5
Lame Affutée,Sharp Blade,3,4,0.75,75%,9.0,6.75,27,3,3.0,2.25
Esprit de l'Écuyer,Spirit of the Squire,3,4,0.75,75%,9.0,6.75,27,3,3.0,2.25
Faux Assoiffées,Thirsty Scythes,1,4,0.25,25%,25.0,6.25,25,3,8.33,2.08
Explosion Arcanique,Arcane Explosive,2,4,0.5,50%,12.0,6.0,24,1,12.0,6.0
Armure d'Obsidienne,Obsidian Battle Plate,1,4,0.25,25%,20.0,5.0,20,2,10.0,2.5
Parchemin Secret,Secret Scroll,1,4,0.25,25%,18.0,4.5,18,2,9.0,2.25
Esprit omniprésent,Omnipresent Spirit,1,4,0.25,25%,18.0,4.5,18,2,9.0,2.25
Totem du Gardien,Guardian Totem,4,4,1.0,100%,4.0,4.0,16,3,1.33,1.33
Lame Insatiable,Fast Furious Blade,1,4,0.25,25%,16.0,4.0,16,2,8.0,2.0
Aveuglement,Incapacitor,3,4,0.75,75%,5.0,3.75,15,3,1.67,1.25
Elan de Fureur,Rampage Momentum,1,4,0.25,25%,15.0,3.75,15,2,7.5,1.88
Armure d'Immortel,Immortal Breastplate,1,4,0.25,25%,14.0,3.5,14,1,14.0,3.5
Marteau Collecteur,Collecting Hammer,2,4,0.5,50%,6.0,3.0,12,2,3.0,1.5
Force Divine,Divine Impetu,1,4,0.25,25%,11.0,2.75,11,0,Gratuit,Gratuit
Sabre Versatile,Versatil Saber,1,4,0.25,25%,11.0,2.75,11,1,11.0,2.75
Bâton du Conquérant,Staff of Conquered Worlds,1,4,0.25,25%,11.0,2.75,11,0,Gratuit,Gratuit
Coup de Mort,Death Helper,1,4,0.25,25%,10.0,2.5,10,1,10.0,2.5
Danse Macabre,Dance of Death,1,4,0.25,25%,8.0,2.0,8,1,8.0,2.0
Griffes Sauvages,Wild Claw,2,4,0.5,50%,1.0,0.5,2,3,0.33,0.17
