,Nom Anglais,nb games valide,total games,ratio,%,pts moy,pts moy total,total point,cout,pts par cout moy,pts par cout total,pts par cout moy+1,pts par cout total+1
Totem Équivalent,Equivalent Totem,16,16,1.0,100%,16.25,16.25,260,2,8.12,8.12,5.42,5.42
Faux,Scythe,16,16,1.0,100%,14.38,14.38,230,3,4.79,4.79,3.6,3.6
Gantelet Impérieux,Imperious Gauntlet,6,16,0.38,38%,30.0,11.25,180,1,30.0,11.25,15.0,5.62
Hache Frénétique,Berseker Ax,12,16,0.75,75%,14.0,10.5,168,2,7.0,5.25,4.67,3.5
Faux Parfaite,Perfect Scythe,11,16,0.69,69%,15.0,10.31,165,0,Gratuit,Gratuit,15.0,10.31
Armure d'Obsidienne,Obsidian Battle Plate,8,16,0.5,50%,20.0,10.0,160,2,10.0,5.0,6.67,3.33
Lame Affutée,Sharp Blade,12,16,0.75,75%,12.75,9.56,153,3,4.25,3.19,3.19,2.39
Économe Sagesse du Trésorier,Treasurer's Wisdom,8,16,0.5,50%,17.0,8.5,136,2,8.5,4.25,5.67,2.83
Ascension Divine,Divine Ascent,5,16,0.31,31%,25.0,7.81,125,3,8.33,2.6,6.25,1.95
Esprit de l'Écuyer,Spirit of the Squire,13,16,0.81,81%,8.54,6.94,111,3,2.85,2.31,2.13,1.74
Marteau Collecteur,Collecting Hammer,11,16,0.69,69%,9.82,6.75,108,2,4.91,3.38,3.27,2.25
Elan de Fureur,Rampage Momentum,6,16,0.38,38%,15.0,5.62,90,2,7.5,2.81,5.0,1.87
Épée Obscure,Swords of Darkness,5,16,0.31,31%,17.0,5.31,85,1,17.0,5.31,8.5,2.65
Explosion Arcanique,Arcane Explosive,7,16,0.44,44%,12.0,5.25,84,1,12.0,5.25,6.0,2.62
Aveuglement,Incapacitor,13,16,0.81,81%,5.77,4.69,75,3,1.92,1.56,1.44,1.17
Faux Assoiffées,Thirsty Scythes,3,16,0.19,19%,25.0,4.69,75,3,8.33,1.56,6.25,1.17
Marteleur précis,Precise Hammer,4,16,0.25,25%,18.0,4.5,72,1,18.0,4.5,9.0,2.25
Adrénaline Arcanique,Arcane Adrenaline,4,16,0.25,25%,16.0,4.0,64,1,16.0,4.0,8.0,2.0
Triple Météore,Trimeteor,2,16,0.12,12%,30.0,3.75,60,0,Gratuit,Gratuit,30.0,3.75
Danse Macabre,Dance of Death,7,16,0.44,44%,8.0,3.5,56,1,8.0,3.5,4.0,1.75
Chasseur d'Âmes,Soul Hunter,3,16,0.19,19%,18.33,3.44,55,1,18.33,3.44,9.16,1.72
Sabre Versatile,Versatil Saber,5,16,0.31,31%,11.0,3.44,55,1,11.0,3.44,5.5,1.72
Parchemin Secret,Secret Scroll,3,16,0.19,19%,18.0,3.38,54,2,9.0,1.69,6.0,1.13
Enchaînement Éclair,Unstoppable Lightning,3,16,0.19,19%,18.0,3.38,54,1,18.0,3.38,9.0,1.69
Tombeau Rocheux,Rock Tomb,5,16,0.31,31%,10.0,3.12,50,1,10.0,3.12,5.0,1.56
Coup de Mort,Death Helper,4,16,0.25,25%,12.25,3.06,49,1,12.25,3.06,6.12,1.53
Totem du Gardien,Guardian Totem,11,16,0.69,69%,4.09,2.81,45,3,1.36,0.94,1.02,0.7
Armure d'Immortel,Immortal Breastplate,3,16,0.19,19%,14.0,2.62,42,1,14.0,2.62,7.0,1.31
Assistance Divine,Sacred Help,2,16,0.12,12%,20.0,2.5,40,2,10.0,1.25,6.67,0.83
Esprit omniprésent,Omnipresent Spirit,2,16,0.12,12%,18.0,2.25,36,2,9.0,1.12,6.0,0.75
Lame Insatiable,Fast Furious Blade,2,16,0.12,12%,16.0,2.0,32,2,8.0,1.0,5.33,0.67
Force Divine,Divine Impetu,2,16,0.12,12%,13.0,1.62,26,0,Gratuit,Gratuit,13.0,1.62
Masse Colossale,Colossal Mace,2,16,0.12,12%,11.0,1.38,22,0,Gratuit,Gratuit,11.0,1.38
Œil de Lynx,Hawk's Eye,2,16,0.12,12%,10.0,1.25,20,0,Gratuit,Gratuit,10.0,1.25
Pillard Féroce,Savage Looter,1,16,0.06,6%,20.0,1.25,20,1,20.0,1.25,10.0,0.62
Épé Sainte,Holy Sword,2,16,0.12,12%,10.0,1.25,20,0,Gratuit,Gratuit,10.0,1.25
Chasseresse d'Âmes,Huntress of Souls,1,16,0.06,6%,19.0,1.19,19,1,19.0,1.19,9.5,0.59
Mental d'Acier,Steel Aura,1,16,0.06,6%,18.0,1.12,18,2,9.0,0.56,6.0,0.37
Griffes Démoniaques,Demon Claws,1,16,0.06,6%,17.0,1.06,17,1,17.0,1.06,8.5,0.53
Esprit Guerrier,Spirit of the Warrior,1,16,0.06,6%,16.0,1.0,16,1,16.0,1.0,8.0,0.5
Masse de Siège,Siege Mace,1,16,0.06,6%,16.0,1.0,16,0,Gratuit,Gratuit,16.0,1.0
Soif de Sang,Thirsty Dagger,1,16,0.06,6%,15.0,0.94,15,0,Gratuit,Gratuit,15.0,0.94
Couronne du Roi Nain,Crown of the Dwarf King,1,16,0.06,6%,13.0,0.81,13,0,Gratuit,Gratuit,13.0,0.81
Griffes Sauvages,Wild Claw,7,16,0.44,44%,1.71,0.75,12,3,0.57,0.25,0.43,0.19
Bâton du Conquérant,Staff of Conquered Worlds,1,16,0.06,6%,11.0,0.69,11,0,Gratuit,Gratuit,11.0,0.69
Désintégrateur Magnétique,Magnetic Disintegrator,1,16,0.06,6%,11.0,0.69,11,0,Gratuit,Gratuit,11.0,0.69
