,Nom Anglais,nb games valide,total games,ratio,%,pts moy,pts moy total,total point,cout,pts par cout moy,pts par cout total,pts par cout moy+1,pts par cout total+1
Totem Équivalent,Equivalent Totem,15,15,1.0,100%,16.13,16.13,242,2,8.06,8.06,5.38,5.38
Faux,Scythe,15,15,1.0,100%,14.27,14.27,214,3,4.76,4.76,3.57,3.57
Hache Frénétique,Berseker Ax,11,15,0.73,73%,14.0,10.27,154,2,7.0,5.13,4.67,3.42
Gantelet Impérieux,Imperious Gauntlet,5,15,0.33,33%,30.0,10.0,150,1,30.0,10.0,15.0,5.0
Faux Parfaite,Perfect Scythe,10,15,0.67,67%,15.0,10.0,150,0,Gratuit,Gratuit,15.0,10.0
Armure d'Obsidienne,Obsidian Battle Plate,7,15,0.47,47%,20.0,9.33,140,2,10.0,4.67,6.67,3.11
Lame Affutée,Sharp Blade,11,15,0.73,73%,12.55,9.2,138,3,4.18,3.07,3.14,2.3
Économe Sagesse du Trésorier,Treasurer's Wisdom,7,15,0.47,47%,17.0,7.93,119,2,8.5,3.96,5.67,2.64
Marteau Collecteur,Collecting Hammer,10,15,0.67,67%,10.1,6.73,101,2,5.05,3.37,3.37,2.24
Ascension Divine,Divine Ascent,4,15,0.27,27%,25.0,6.67,100,3,8.33,2.22,6.25,1.67
Esprit de l'Écuyer,Spirit of the Squire,12,15,0.8,80%,7.75,6.2,93,3,2.58,2.07,1.94,1.55
Faux Assoiffées,Thirsty Scythes,3,15,0.2,20%,25.0,5.0,75,3,8.33,1.67,6.25,1.25
Elan de Fureur,Rampage Momentum,5,15,0.33,33%,15.0,5.0,75,2,7.5,2.5,5.0,1.67
Explosion Arcanique,Arcane Explosive,6,15,0.4,40%,12.0,4.8,72,1,12.0,4.8,6.0,2.4
Marteleur précis,Precise Hammer,4,15,0.27,27%,18.0,4.8,72,1,18.0,4.8,9.0,2.4
Épée Obscure,Swords of Darkness,4,15,0.27,27%,17.0,4.53,68,1,17.0,4.53,8.5,2.27
Aveuglement,Incapacitor,12,15,0.8,80%,5.5,4.4,66,3,1.83,1.47,1.38,1.1
Chasseur d'Âmes,Soul Hunter,3,15,0.2,20%,18.33,3.67,55,1,18.33,3.67,9.16,1.83
Adrénaline Arcanique,Arcane Adrenaline,3,15,0.2,20%,16.0,3.2,48,1,16.0,3.2,8.0,1.6
Danse Macabre,Dance of Death,6,15,0.4,40%,8.0,3.2,48,1,8.0,3.2,4.0,1.6
Sabre Versatile,Versatil Saber,4,15,0.27,27%,11.0,2.93,44,1,11.0,2.93,5.5,1.47
Armure d'Immortel,Immortal Breastplate,3,15,0.2,20%,14.0,2.8,42,1,14.0,2.8,7.0,1.4
Totem du Gardien,Guardian Totem,10,15,0.67,67%,4.0,2.67,40,3,1.33,0.89,1.0,0.67
Tombeau Rocheux,Rock Tomb,4,15,0.27,27%,10.0,2.67,40,1,10.0,2.67,5.0,1.33
Assistance Divine,Sacred Help,2,15,0.13,13%,20.0,2.67,40,2,10.0,1.33,6.67,0.89
Coup de Mort,Death Helper,3,15,0.2,20%,12.0,2.4,36,1,12.0,2.4,6.0,1.2
Parchemin Secret,Secret Scroll,2,15,0.13,13%,18.0,2.4,36,2,9.0,1.2,6.0,0.8
Esprit omniprésent,Omnipresent Spirit,2,15,0.13,13%,18.0,2.4,36,2,9.0,1.2,6.0,0.8
Enchaînement Éclair,Unstoppable Lightning,2,15,0.13,13%,18.0,2.4,36,1,18.0,2.4,9.0,1.2
Lame Insatiable,Fast Furious Blade,2,15,0.13,13%,16.0,2.13,32,2,8.0,1.06,5.33,0.71
Triple Météore,Trimeteor,1,15,0.07,7%,30.0,2.0,30,0,Gratuit,Gratuit,30.0,2.0
Masse Colossale,Colossal Mace,2,15,0.13,13%,11.0,1.47,22,0,Gratuit,Gratuit,11.0,1.47
Œil de Lynx,Hawk's Eye,2,15,0.13,13%,10.0,1.33,20,0,Gratuit,Gratuit,10.0,1.33
Pillard Féroce,Savage Looter,1,15,0.07,7%,20.0,1.33,20,1,20.0,1.33,10.0,0.67
Épé Sainte,Holy Sword,2,15,0.13,13%,10.0,1.33,20,0,Gratuit,Gratuit,10.0,1.33
Chasseresse d'Âmes,Huntress of Souls,1,15,0.07,7%,19.0,1.27,19,1,19.0,1.27,9.5,0.64
Mental d'Acier,Steel Aura,1,15,0.07,7%,18.0,1.2,18,2,9.0,0.6,6.0,0.4
Griffes Démoniaques,Demon Claws,1,15,0.07,7%,17.0,1.13,17,1,17.0,1.13,8.5,0.56
Esprit Guerrier,Spirit of the Warrior,1,15,0.07,7%,16.0,1.07,16,1,16.0,1.07,8.0,0.54
Masse de Siège,Siege Mace,1,15,0.07,7%,16.0,1.07,16,0,Gratuit,Gratuit,16.0,1.07
Soif de Sang,Thirsty Dagger,1,15,0.07,7%,15.0,1.0,15,0,Gratuit,Gratuit,15.0,1.0
Couronne du Roi Nain,Crown of the Dwarf King,1,15,0.07,7%,13.0,0.87,13,0,Gratuit,Gratuit,13.0,0.87
Force Divine,Divine Impetu,1,15,0.07,7%,11.0,0.73,11,0,Gratuit,Gratuit,11.0,0.73
Bâton du Conquérant,Staff of Conquered Worlds,1,15,0.07,7%,11.0,0.73,11,0,Gratuit,Gratuit,11.0,0.73
Désintégrateur Magnétique,Magnetic Disintegrator,1,15,0.07,7%,11.0,0.73,11,0,Gratuit,Gratuit,11.0,0.73
Griffes Sauvages,Wild Claw,6,15,0.4,40%,1.67,0.67,10,3,0.56,0.22,0.42,0.17
