,Nom Anglais,nb games valide,total games,ratio,%,pts moy,pts moy total,total point,cout,pts par cout moy,pts par cout total
Armure d'Obsidienne,Obsidian Battle Plate,10,13,0.77,77%,20.0,15.38,200,2,10.0,7.69
Faux,Scythe,13,13,1.0,100%,14.31,14.31,186,3,4.77,4.77
Lame Affutée,Sharp Blade,13,13,1.0,100%,11.31,11.31,147,3,3.77,3.77
Armure d'Immortel,Immortal Breastplate,10,13,0.77,77%,14.0,10.77,140,1,14.0,10.77
Aveuglement,Incapacitor,13,13,1.0,100%,10.62,10.62,138,3,3.54,3.54
Esquive Salvatrice,Evasive Protection,9,13,0.69,69%,15.0,10.38,135,0,Gratuit,Gratuit
Hache Frénétique,Berseker Ax,8,13,0.62,62%,14.0,8.62,112,2,7.0,4.31
Sabre Versatile,Versatil Saber,10,13,0.77,77%,11.0,8.46,110,1,11.0,8.46
Esprit de l'Écuyer,Spirit of the Squire,12,13,0.92,92%,9.0,8.31,108,3,3.0,2.77
Économe Sagesse du Trésorier,Treasurer's Wisdom,5,13,0.38,38%,17.0,6.54,85,2,8.5,3.27
Adrénaline Arcanique,Arcane Adrenaline,5,13,0.38,38%,16.0,6.15,80,1,16.0,6.15
Lame Insatiable,Fast Furious Blade,5,13,0.38,38%,16.0,6.15,80,2,8.0,3.08
Aura Légendaire,Legend Aura,2,13,0.15,15%,40.0,6.15,80,3,13.33,2.05
Elan de Fureur,Rampage Momentum,5,13,0.38,38%,15.0,5.77,75,2,7.5,2.88
Explosion Arcanique,Arcane Explosive,6,13,0.46,46%,12.0,5.54,72,1,12.0,5.54
Enchaînement Éclair,Unstoppable Lightning,4,13,0.31,31%,18.0,5.54,72,1,18.0,5.54
Pluie de Météorites,Meteorites,1,13,0.08,8%,70.0,5.38,70,0,Gratuit,Gratuit
Le Marionnettiste,The Puppeteer,3,13,0.23,23%,20.0,4.62,60,2,10.0,2.31
Épée Obscure,Swords of Darkness,4,13,0.31,31%,15.0,4.62,60,1,15.0,4.62
Chasseur d'Âmes,Soul Hunter,4,13,0.31,31%,15.0,4.62,60,1,15.0,4.62
Assistance Divine,Sacred Help,3,13,0.23,23%,20.0,4.62,60,2,10.0,2.31
Épées Jumelles,Twin Swords,4,13,0.31,31%,15.0,4.62,60,1,15.0,4.62
Parchemin Secret,Secret Scroll,3,13,0.23,23%,18.0,4.15,54,2,9.0,2.08
Totem du Gardien,Guardian Totem,13,13,1.0,100%,4.0,4.0,52,3,1.33,1.33
Ascension Divine,Divine Ascent,2,13,0.15,15%,25.0,3.85,50,3,8.33,1.28
Faux Assoiffées,Thirsty Scythes,2,13,0.15,15%,25.0,3.85,50,3,8.33,1.28
Danse Macabre,Dance of Death,6,13,0.46,46%,8.0,3.69,48,1,8.0,3.69
Le Croque-mort,The Undertaker,3,13,0.23,23%,14.0,3.23,42,1,14.0,3.23
Glaive Vindicatif,Large Sword of Hate,2,13,0.15,15%,20.0,3.08,40,1,20.0,3.08
Épé Sainte,Holy Sword,4,13,0.31,31%,10.0,3.08,40,0,Gratuit,Gratuit
Coup de Mort,Death Helper,4,13,0.31,31%,10.0,3.08,40,1,10.0,3.08
Désintégrateur Magnétique,Magnetic Disintegrator,3,13,0.23,23%,11.0,2.54,33,0,Gratuit,Gratuit
Destruction Royale,Royal Destroyer,3,13,0.23,23%,11.0,2.54,33,0,Gratuit,Gratuit
Lance Doublée,Dual Spear,4,13,0.31,31%,8.0,2.46,32,0,Gratuit,Gratuit
Instinct Sanguinaire,Bloody Instinct,2,13,0.15,15%,15.0,2.31,30,2,7.5,1.16
Triple Météore,Trimeteor,1,13,0.08,8%,30.0,2.31,30,0,Gratuit,Gratuit
Masse Colossale,Colossal Mace,2,13,0.15,15%,11.0,1.69,22,0,Gratuit,Gratuit
Lance Triplée,Triple Spear,1,13,0.08,8%,20.0,1.54,20,0,Gratuit,Gratuit
Chasseresse d'Âmes,Huntress of Souls,1,13,0.08,8%,19.0,1.46,19,1,19.0,1.46
Marteleur précis,Precise Hammer,1,13,0.08,8%,18.0,1.38,18,1,18.0,1.38
Griffes Démoniaques,Demon Claws,1,13,0.08,8%,17.0,1.31,17,1,17.0,1.31
Frappe Chirurgicale,Accurate Sword,1,13,0.08,8%,16.0,1.23,16,1,16.0,1.23
Œil de Lynx,Hawk's Eye,2,13,0.15,15%,8.0,1.23,16,0,Gratuit,Gratuit
Bâton Élémentaire,Earthly Staff,1,13,0.08,8%,15.0,1.15,15,0,Gratuit,Gratuit
Griffes Sauvages,Wild Claw,9,13,0.69,69%,1.56,1.08,14,3,0.52,0.36
Couronne du Roi Nain,Crown of the Dwarf King,1,13,0.08,8%,13.0,1.0,13,0,Gratuit,Gratuit
Force Divine,Divine Impetu,1,13,0.08,8%,11.0,0.85,11,0,Gratuit,Gratuit
Tombeau Rocheux,Rock Tomb,1,13,0.08,8%,10.0,0.77,10,1,10.0,0.77
