,Nom Anglais,nb games valide,total games,ratio,%,pts moy,pts moy total,total point,cout,pts par cout moy,pts par cout total
Armure d'Obsidienne,Obsidian Battle Plate,6,8,0.75,75%,20.0,15.0,120,2,10.0,7.5
Faux,Scythe,8,8,1.0,100%,14.5,14.5,116,3,4.83,4.83
Lame Affutée,Sharp Blade,8,8,1.0,100%,13.12,13.12,105,3,4.37,4.37
Armure d'Immortel,Immortal Breastplate,6,8,0.75,75%,14.0,10.5,84,1,14.0,10.5
Aveuglement,Incapacitor,8,8,1.0,100%,10.12,10.12,81,3,3.37,3.37
Aura Légendaire,Legend Aura,2,8,0.25,25%,40.0,10.0,80,3,13.33,3.33
Esquive Salvatrice,Evasive Protection,5,8,0.62,62%,15.0,9.38,75,0,Gratuit,Gratuit
Pluie de Météorites,Meteorites,1,8,0.12,12%,70.0,8.75,70,0,Gratuit,Gratuit
Hache Frénétique,Berseker Ax,5,8,0.62,62%,14.0,8.75,70,2,7.0,4.38
Sabre Versatile,Versatil Saber,6,8,0.75,75%,11.0,8.25,66,1,11.0,8.25
Adrénaline Arcanique,Arcane Adrenaline,4,8,0.5,50%,16.0,8.0,64,1,16.0,8.0
Explosion Arcanique,Arcane Explosive,5,8,0.62,62%,12.0,7.5,60,1,12.0,7.5
Chasseur d'Âmes,Soul Hunter,4,8,0.5,50%,15.0,7.5,60,1,15.0,7.5
Enchaînement Éclair,Unstoppable Lightning,3,8,0.38,38%,18.0,6.75,54,1,18.0,6.75
Économe Sagesse du Trésorier,Treasurer's Wisdom,3,8,0.38,38%,17.0,6.38,51,2,8.5,3.19
Esprit de l'Écuyer,Spirit of the Squire,7,8,0.88,88%,7.29,6.38,51,3,2.43,2.13
Faux Assoiffées,Thirsty Scythes,2,8,0.25,25%,25.0,6.25,50,3,8.33,2.08
Ascension Divine,Divine Ascent,2,8,0.25,25%,25.0,6.25,50,3,8.33,2.08
Lame Insatiable,Fast Furious Blade,3,8,0.38,38%,16.0,6.0,48,2,8.0,3.0
Elan de Fureur,Rampage Momentum,3,8,0.38,38%,15.0,5.62,45,2,7.5,2.81
Épée Obscure,Swords of Darkness,3,8,0.38,38%,15.0,5.62,45,1,15.0,5.62
Le Croque-mort,The Undertaker,3,8,0.38,38%,14.0,5.25,42,1,14.0,5.25
Épé Sainte,Holy Sword,4,8,0.5,50%,10.0,5.0,40,0,Gratuit,Gratuit
Épées Jumelles,Twin Swords,3,8,0.38,38%,13.33,5.0,40,1,13.33,5.0
Totem du Gardien,Guardian Totem,8,8,1.0,100%,4.62,4.62,37,3,1.54,1.54
Parchemin Secret,Secret Scroll,2,8,0.25,25%,18.0,4.5,36,2,9.0,2.25
Danse Macabre,Dance of Death,4,8,0.5,50%,8.0,4.0,32,1,8.0,4.0
Instinct Sanguinaire,Bloody Instinct,2,8,0.25,25%,15.0,3.75,30,2,7.5,1.88
Triple Météore,Trimeteor,1,8,0.12,12%,30.0,3.75,30,0,Gratuit,Gratuit
Lance Doublée,Dual Spear,3,8,0.38,38%,8.0,3.0,24,0,Gratuit,Gratuit
Masse Colossale,Colossal Mace,2,8,0.25,25%,11.0,2.75,22,0,Gratuit,Gratuit
Glaive Vindicatif,Large Sword of Hate,1,8,0.12,12%,20.0,2.5,20,1,20.0,2.5
Le Marionnettiste,The Puppeteer,1,8,0.12,12%,20.0,2.5,20,2,10.0,1.25
Lance Triplée,Triple Spear,1,8,0.12,12%,20.0,2.5,20,0,Gratuit,Gratuit
Assistance Divine,Sacred Help,1,8,0.12,12%,20.0,2.5,20,2,10.0,1.25
Marteleur précis,Precise Hammer,1,8,0.12,12%,18.0,2.25,18,1,18.0,2.25
Œil de Lynx,Hawk's Eye,2,8,0.25,25%,8.0,2.0,16,0,Gratuit,Gratuit
Bâton Élémentaire,Earthly Staff,1,8,0.12,12%,15.0,1.88,15,0,Gratuit,Gratuit
Couronne du Roi Nain,Crown of the Dwarf King,1,8,0.12,12%,13.0,1.62,13,0,Gratuit,Gratuit
Désintégrateur Magnétique,Magnetic Disintegrator,1,8,0.12,12%,11.0,1.38,11,0,Gratuit,Gratuit
Destruction Royale,Royal Destroyer,1,8,0.12,12%,11.0,1.38,11,0,Gratuit,Gratuit
Force Divine,Divine Impetu,1,8,0.12,12%,11.0,1.38,11,0,Gratuit,Gratuit
Coup de Mort,Death Helper,1,8,0.12,12%,10.0,1.25,10,1,10.0,1.25
Tombeau Rocheux,Rock Tomb,1,8,0.12,12%,10.0,1.25,10,1,10.0,1.25
Griffes Sauvages,Wild Claw,5,8,0.62,62%,1.6,1.0,8,3,0.53,0.33
