,Nom Anglais,nb games valide,total games,ratio,%,pts moy,pts moy total,total point,cout,pts par cout moy,pts par cout total,pts par cout moy+1,pts par cout total+1
Totem Équivalent,Equivalent Totem,8,8,1.0,100%,16.38,16.38,131,2,8.19,8.19,5.46,5.46
Faux,Scythe,8,8,1.0,100%,15.5,15.5,124,3,5.17,5.17,3.88,3.88
Lame Affutée,Sharp Blade,6,8,0.75,75%,18.0,13.5,108,3,6.0,4.5,4.5,3.38
Armure d'Obsidienne,Obsidian Battle Plate,5,8,0.62,62%,20.0,12.5,100,2,10.0,6.25,6.67,4.17
Faux Parfaite,Perfect Scythe,6,8,0.75,75%,15.0,11.25,90,0,Gratuit,Gratuit,15.0,11.25
Gantelet Impérieux,Imperious Gauntlet,3,8,0.38,38%,30.0,11.25,90,1,30.0,11.25,15.0,5.62
Hache Frénétique,Berseker Ax,5,8,0.62,62%,14.0,8.75,70,2,7.0,4.38,4.67,2.92
Économe Sagesse du Trésorier,Treasurer's Wisdom,4,8,0.5,50%,17.0,8.5,68,2,8.5,4.25,5.67,2.83
Esprit de l'Écuyer,Spirit of the Squire,7,8,0.88,88%,9.0,7.88,63,3,3.0,2.63,2.25,1.97
Chasseresse d'Âmes,Huntress of Souls,3,8,0.38,38%,19.0,7.12,57,1,19.0,7.12,9.5,3.56
Épée Obscure,Swords of Darkness,3,8,0.38,38%,17.0,6.38,51,1,17.0,6.38,8.5,3.19
Griffes Démoniaques,Demon Claws,3,8,0.38,38%,17.0,6.38,51,1,17.0,6.38,8.5,3.19
Ascension Divine,Divine Ascent,2,8,0.25,25%,25.0,6.25,50,3,8.33,2.08,6.25,1.56
Lame Insatiable,Fast Furious Blade,3,8,0.38,38%,16.0,6.0,48,2,8.0,3.0,5.33,2.0
Aveuglement,Incapacitor,7,8,0.88,88%,6.43,5.62,45,3,2.14,1.87,1.61,1.41
Aura Légendaire,Legend Aura,1,8,0.12,12%,40.0,5.0,40,3,13.33,1.67,10.0,1.25
Totem du Gardien,Guardian Totem,8,8,1.0,100%,4.5,4.5,36,3,1.5,1.5,1.12,1.12
Parchemin Secret,Secret Scroll,2,8,0.25,25%,18.0,4.5,36,2,9.0,2.25,6.0,1.5
Enchaînement Éclair,Unstoppable Lightning,2,8,0.25,25%,18.0,4.5,36,1,18.0,4.5,9.0,2.25
Danse Macabre,Dance of Death,4,8,0.5,50%,8.0,4.0,32,1,8.0,4.0,4.0,2.0
Adrénaline Arcanique,Arcane Adrenaline,2,8,0.25,25%,16.0,4.0,32,1,16.0,4.0,8.0,2.0
Masse de Siège,Siege Mace,2,8,0.25,25%,16.0,4.0,32,0,Gratuit,Gratuit,16.0,4.0
Tombeau Rocheux,Rock Tomb,3,8,0.38,38%,10.0,3.75,30,1,10.0,3.75,5.0,1.88
Triple Météore,Trimeteor,1,8,0.12,12%,30.0,3.75,30,0,Gratuit,Gratuit,30.0,3.75
Elan de Fureur,Rampage Momentum,2,8,0.25,25%,15.0,3.75,30,2,7.5,1.88,5.0,1.25
Marteau Collecteur,Collecting Hammer,3,8,0.38,38%,10.0,3.75,30,2,5.0,1.88,3.33,1.25
Couronne du Roi Nain,Crown of the Dwarf King,2,8,0.25,25%,13.0,3.25,26,0,Gratuit,Gratuit,13.0,3.25
Faux Assoiffées,Thirsty Scythes,1,8,0.12,12%,25.0,3.12,25,3,8.33,1.04,6.25,0.78
Explosion Arcanique,Arcane Explosive,2,8,0.25,25%,12.0,3.0,24,1,12.0,3.0,6.0,1.5
Sabre Versatile,Versatil Saber,2,8,0.25,25%,11.0,2.75,22,1,11.0,2.75,5.5,1.38
Coup de Mort,Death Helper,2,8,0.25,25%,10.0,2.5,20,1,10.0,2.5,5.0,1.25
Assistance Divine,Sacred Help,1,8,0.12,12%,20.0,2.5,20,2,10.0,1.25,6.67,0.83
Épé Sainte,Holy Sword,2,8,0.25,25%,10.0,2.5,20,0,Gratuit,Gratuit,10.0,2.5
Être de Lumière,Being of Light,1,8,0.12,12%,18.0,2.25,18,1,18.0,2.25,9.0,1.12
Mental d'Acier,Steel Aura,1,8,0.12,12%,18.0,2.25,18,2,9.0,1.12,6.0,0.75
Esprit omniprésent,Omnipresent Spirit,1,8,0.12,12%,18.0,2.25,18,2,9.0,1.12,6.0,0.75
Chasseur d'Âmes,Soul Hunter,1,8,0.12,12%,15.0,1.88,15,1,15.0,1.88,7.5,0.94
Armure d'Immortel,Immortal Breastplate,1,8,0.12,12%,14.0,1.75,14,1,14.0,1.75,7.0,0.88
Désintégrateur Magnétique,Magnetic Disintegrator,1,8,0.12,12%,11.0,1.38,11,0,Gratuit,Gratuit,11.0,1.38
Masse Colossale,Colossal Mace,1,8,0.12,12%,11.0,1.38,11,0,Gratuit,Gratuit,11.0,1.38
Bâton du Conquérant,Staff of Conquered Worlds,1,8,0.12,12%,11.0,1.38,11,0,Gratuit,Gratuit,11.0,1.38
Griffes Sauvages,Wild Claw,6,8,0.75,75%,1.5,1.12,9,3,0.5,0.37,0.38,0.28
Œil de Lynx,Hawk's Eye,1,8,0.12,12%,8.0,1.0,8,0,Gratuit,Gratuit,8.0,1.0
