,Nom Anglais,nb games valide,total games,ratio,%,pts moy,pts moy total,total point,cout,pts par cout moy,pts par cout total,pts par cout moy+1,pts par cout total+1
Totem Équivalent,Equivalent Totem,13,13,1.0,100%,16.54,16.54,215,2,8.27,8.27,5.51,5.51
Faux,Scythe,13,13,1.0,100%,15.23,15.23,198,3,5.08,5.08,3.81,3.81
Lame Affutée,Sharp Blade,10,13,0.77,77%,15.6,12.0,156,3,5.2,4.0,3.9,3.0
Armure d'Obsidienne,Obsidian Battle Plate,7,13,0.54,54%,20.0,10.77,140,2,10.0,5.38,6.67,3.59
Ascension Divine,Divine Ascent,5,13,0.38,38%,25.0,9.62,125,3,8.33,3.21,6.25,2.4
Hache Frénétique,Berseker Ax,8,13,0.62,62%,14.0,8.62,112,2,7.0,4.31,4.67,2.87
Faux Parfaite,Perfect Scythe,7,13,0.54,54%,15.0,8.08,105,0,Gratuit,Gratuit,15.0,8.08
Esprit de l'Écuyer,Spirit of the Squire,11,13,0.85,85%,9.55,8.08,105,3,3.18,2.69,2.39,2.02
Économe Sagesse du Trésorier,Treasurer's Wisdom,6,13,0.46,46%,17.0,7.85,102,2,8.5,3.92,5.67,2.62
Gantelet Impérieux,Imperious Gauntlet,3,13,0.23,23%,30.0,6.92,90,1,30.0,6.92,15.0,3.46
Aveuglement,Incapacitor,12,13,0.92,92%,6.75,6.23,81,3,2.25,2.08,1.69,1.56
Elan de Fureur,Rampage Momentum,5,13,0.38,38%,15.0,5.77,75,2,7.5,2.88,5.0,1.92
Lame Insatiable,Fast Furious Blade,4,13,0.31,31%,16.0,4.92,64,2,8.0,2.46,5.33,1.64
Adrénaline Arcanique,Arcane Adrenaline,4,13,0.31,31%,16.0,4.92,64,1,16.0,4.92,8.0,2.46
Coup de Mort,Death Helper,5,13,0.38,38%,11.8,4.54,59,1,11.8,4.54,5.9,2.27
Chasseresse d'Âmes,Huntress of Souls,3,13,0.23,23%,19.0,4.38,57,1,19.0,4.38,9.5,2.19
Danse Macabre,Dance of Death,7,13,0.54,54%,8.0,4.31,56,1,8.0,4.31,4.0,2.15
Enchaînement Éclair,Unstoppable Lightning,3,13,0.23,23%,18.0,4.15,54,1,18.0,4.15,9.0,2.08
Parchemin Secret,Secret Scroll,3,13,0.23,23%,18.0,4.15,54,2,9.0,2.08,6.0,1.38
Griffes Démoniaques,Demon Claws,3,13,0.23,23%,17.0,3.92,51,1,17.0,3.92,8.5,1.96
Épée Obscure,Swords of Darkness,3,13,0.23,23%,17.0,3.92,51,1,17.0,3.92,8.5,1.96
Faux Assoiffées,Thirsty Scythes,2,13,0.15,15%,25.0,3.85,50,3,8.33,1.28,6.25,0.96
Sabre Versatile,Versatil Saber,4,13,0.31,31%,11.0,3.38,44,1,11.0,3.38,5.5,1.69
Marteau Collecteur,Collecting Hammer,5,13,0.38,38%,8.8,3.38,44,2,4.4,1.69,2.93,1.13
Totem du Gardien,Guardian Totem,9,13,0.69,69%,4.67,3.23,42,3,1.56,1.08,1.17,0.81
Aura Légendaire,Legend Aura,1,13,0.08,8%,40.0,3.08,40,3,13.33,1.03,10.0,0.77
Assistance Divine,Sacred Help,2,13,0.15,15%,20.0,3.08,40,2,10.0,1.54,6.67,1.03
Désintégrateur Magnétique,Magnetic Disintegrator,3,13,0.23,23%,11.0,2.54,33,0,Gratuit,Gratuit,11.0,2.54
Masse de Siège,Siege Mace,2,13,0.15,15%,16.0,2.46,32,0,Gratuit,Gratuit,16.0,2.46
Tombeau Rocheux,Rock Tomb,3,13,0.23,23%,10.0,2.31,30,1,10.0,2.31,5.0,1.16
Armure d'Immortel,Immortal Breastplate,2,13,0.15,15%,15.0,2.31,30,1,15.0,2.31,7.5,1.16
Triple Météore,Trimeteor,1,13,0.08,8%,30.0,2.31,30,0,Gratuit,Gratuit,30.0,2.31
Couronne du Roi Nain,Crown of the Dwarf King,2,13,0.15,15%,13.0,2.0,26,0,Gratuit,Gratuit,13.0,2.0
Explosion Arcanique,Arcane Explosive,2,13,0.15,15%,12.0,1.85,24,1,12.0,1.85,6.0,0.93
Épé Sainte,Holy Sword,2,13,0.15,15%,10.0,1.54,20,0,Gratuit,Gratuit,10.0,1.54
Être de Lumière,Being of Light,1,13,0.08,8%,18.0,1.38,18,1,18.0,1.38,9.0,0.69
Esprit omniprésent,Omnipresent Spirit,1,13,0.08,8%,18.0,1.38,18,2,9.0,0.69,6.0,0.46
Mental d'Acier,Steel Aura,1,13,0.08,8%,18.0,1.38,18,2,9.0,0.69,6.0,0.46
Œil de Lynx,Hawk's Eye,2,13,0.15,15%,9.0,1.38,18,0,Gratuit,Gratuit,9.0,1.38
Force Divine,Divine Impetu,1,13,0.08,8%,15.0,1.15,15,0,Gratuit,Gratuit,15.0,1.15
Griffes Sauvages,Wild Claw,9,13,0.69,69%,1.67,1.15,15,3,0.56,0.38,0.42,0.29
Chasseur d'Âmes,Soul Hunter,1,13,0.08,8%,15.0,1.15,15,1,15.0,1.15,7.5,0.57
Masse Colossale,Colossal Mace,1,13,0.08,8%,11.0,0.85,11,0,Gratuit,Gratuit,11.0,0.85
Bâton du Conquérant,Staff of Conquered Worlds,1,13,0.08,8%,11.0,0.85,11,0,Gratuit,Gratuit,11.0,0.85
