,Nom Anglais,nb games valide,total games,ratio,%,pts moy,pts moy total,total point,cout,pts par cout moy,pts par cout total
Faux,Scythe,11,11,1.0,100%,14.91,14.91,164,3,4.97,4.97
Armure d'Obsidienne,Obsidian Battle Plate,8,11,0.73,73%,20.0,14.55,160,2,10.0,7.28
Économe Sagesse du Trésorier,Treasurer's Wisdom,9,11,0.82,82%,17.0,13.91,153,2,8.5,6.96
Aveuglement,Incapacitor,11,11,1.0,100%,13.64,13.64,150,3,4.55,4.55
Lame Affutée,Sharp Blade,11,11,1.0,100%,12.82,12.82,141,3,4.27,4.27
Glaive Vindicatif,Large Sword of Hate,7,11,0.64,64%,20.0,12.73,140,1,20.0,12.73
Hache Frénétique,Berseker Ax,8,11,0.73,73%,14.0,10.18,112,2,7.0,5.09
Adrénaline Arcanique,Arcane Adrenaline,7,11,0.64,64%,16.0,10.18,112,1,16.0,10.18
Explosion Arcanique,Arcane Explosive,9,11,0.82,82%,12.0,9.82,108,1,12.0,9.82
Esprit de l'Écuyer,Spirit of the Squire,11,11,1.0,100%,9.0,9.0,99,3,3.0,3.0
Lame Insatiable,Fast Furious Blade,6,11,0.55,55%,16.0,8.73,96,2,8.0,4.37
Parchemin Secret,Secret Scroll,5,11,0.45,45%,18.0,8.18,90,2,9.0,4.09
Sabre Versatile,Versatil Saber,7,11,0.64,64%,11.0,7.0,77,1,11.0,7.0
Elan de Fureur,Rampage Momentum,5,11,0.45,45%,15.0,6.82,75,2,7.5,3.41
Désintégrateur Magnétique,Magnetic Disintegrator,6,11,0.55,55%,11.0,6.0,66,0,Gratuit,Gratuit
Épée Obscure,Swords of Darkness,4,11,0.36,36%,15.0,5.45,60,1,15.0,5.45
Totem du Gardien,Guardian Totem,11,11,1.0,100%,5.36,5.36,59,3,1.79,1.79
Armure d'Immortel,Immortal Breastplate,4,11,0.36,36%,14.0,5.09,56,1,14.0,5.09
Danse Macabre,Dance of Death,7,11,0.64,64%,8.0,5.09,56,1,8.0,5.09
Destruction Royale,Royal Destroyer,5,11,0.45,45%,11.0,5.0,55,0,Gratuit,Gratuit
Épées Jumelles,Twin Swords,4,11,0.36,36%,12.5,4.55,50,1,12.5,4.55
Ascension Divine,Divine Ascent,2,11,0.18,18%,25.0,4.55,50,3,8.33,1.52
Esquive Salvatrice,Evasive Protection,3,11,0.27,27%,15.0,4.09,45,0,Gratuit,Gratuit
Chasseur d'Âmes,Soul Hunter,3,11,0.27,27%,15.0,4.09,45,1,15.0,4.09
Masse Colossale,Colossal Mace,4,11,0.36,36%,11.0,4.0,44,0,Gratuit,Gratuit
Force Divine,Divine Impetu,4,11,0.36,36%,11.0,4.0,44,0,Gratuit,Gratuit
Le Croque-mort,The Undertaker,3,11,0.27,27%,14.0,3.82,42,1,14.0,3.82
Aura Légendaire,Legend Aura,1,11,0.09,9%,40.0,3.64,40,3,13.33,1.21
Le Marionnettiste,The Puppeteer,2,11,0.18,18%,20.0,3.64,40,2,10.0,1.82
Couronne du Roi Nain,Crown of the Dwarf King,3,11,0.27,27%,13.0,3.55,39,0,Gratuit,Gratuit
Enchaînement Éclair,Unstoppable Lightning,2,11,0.18,18%,18.0,3.27,36,1,18.0,3.27
Marteleur précis,Precise Hammer,2,11,0.18,18%,18.0,3.27,36,1,18.0,3.27
Œil de Lynx,Hawk's Eye,4,11,0.36,36%,8.0,2.91,32,0,Gratuit,Gratuit
Soif de Sang,Thirsty Dagger,2,11,0.18,18%,15.0,2.73,30,0,Gratuit,Gratuit
Coup de Mort,Death Helper,3,11,0.27,27%,10.0,2.73,30,1,10.0,2.73
Tombeau Rocheux,Rock Tomb,3,11,0.27,27%,10.0,2.73,30,1,10.0,2.73
Triple Météore,Trimeteor,1,11,0.09,9%,30.0,2.73,30,0,Gratuit,Gratuit
Lance Doublée,Dual Spear,3,11,0.27,27%,8.0,2.18,24,0,Gratuit,Gratuit
Griffes Sauvages,Wild Claw,9,11,0.82,82%,2.56,2.09,23,3,0.85,0.7
Amulette Omnisciente,Omnipresent Amulet,2,11,0.18,18%,11.0,2.0,22,0,Gratuit,Gratuit
Lance Triplée,Triple Spear,1,11,0.09,9%,20.0,1.82,20,0,Gratuit,Gratuit
Épé Sainte,Holy Sword,2,11,0.18,18%,10.0,1.82,20,0,Gratuit,Gratuit
Frappe Chirurgicale,Accurate Sword,1,11,0.09,9%,16.0,1.45,16,1,16.0,1.45
Masse de Siège,Siege Mace,1,11,0.09,9%,16.0,1.45,16,0,Gratuit,Gratuit
Instinct Sanguinaire,Bloody Instinct,1,11,0.09,9%,15.0,1.36,15,2,7.5,0.68
Bâton Élémentaire,Earthly Staff,1,11,0.09,9%,15.0,1.36,15,0,Gratuit,Gratuit
