,Nom Anglais,nb games valide,total games,ratio,%,pts moy,pts moy total,total point,cout,pts par cout moy,pts par cout total,pts par cout moy+1,pts par cout total+1
Totem Équivalent,Equivalent Totem,4,4,1.0,100%,16.25,16.25,65,2,8.12,8.12,5.42,5.42
Faux,Scythe,4,4,1.0,100%,15.25,15.25,61,3,5.08,5.08,3.81,3.81
Armure d'Obsidienne,Obsidian Battle Plate,3,4,0.75,75%,20.0,15.0,60,2,10.0,7.5,6.67,5.0
Faux Parfaite,Perfect Scythe,3,4,0.75,75%,15.0,11.25,45,0,Gratuit,Gratuit,15.0,11.25
Lame Insatiable,Fast Furious Blade,2,4,0.5,50%,16.0,8.0,32,2,8.0,4.0,5.33,2.67
Gantelet Impérieux,Imperious Gauntlet,1,4,0.25,25%,30.0,7.5,30,1,30.0,7.5,15.0,3.75
Hache Frénétique,Berseker Ax,2,4,0.5,50%,14.0,7.0,28,2,7.0,3.5,4.67,2.33
Ascension Divine,Divine Ascent,1,4,0.25,25%,25.0,6.25,25,3,8.33,2.08,6.25,1.56
Lame Affutée,Sharp Blade,2,4,0.5,50%,10.5,5.25,21,3,3.5,1.75,2.62,1.31
Assistance Divine,Sacred Help,1,4,0.25,25%,20.0,5.0,20,2,10.0,2.5,6.67,1.67
Chasseresse d'Âmes,Huntress of Souls,1,4,0.25,25%,19.0,4.75,19,1,19.0,4.75,9.5,2.38
Totem du Gardien,Guardian Totem,4,4,1.0,100%,4.75,4.75,19,3,1.58,1.58,1.19,1.19
Être de Lumière,Being of Light,1,4,0.25,25%,18.0,4.5,18,1,18.0,4.5,9.0,2.25
Marteau Collecteur,Collecting Hammer,2,4,0.5,50%,9.0,4.5,18,2,4.5,2.25,3.0,1.5
Épée Obscure,Swords of Darkness,1,4,0.25,25%,17.0,4.25,17,1,17.0,4.25,8.5,2.12
Griffes Démoniaques,Demon Claws,1,4,0.25,25%,17.0,4.25,17,1,17.0,4.25,8.5,2.12
Économe Sagesse du Trésorier,Treasurer's Wisdom,1,4,0.25,25%,17.0,4.25,17,2,8.5,2.12,5.67,1.42
Chasseur d'Âmes,Soul Hunter,1,4,0.25,25%,15.0,3.75,15,1,15.0,3.75,7.5,1.88
Esprit de l'Écuyer,Spirit of the Squire,3,4,0.75,75%,5.0,3.75,15,3,1.67,1.25,1.25,0.94
Aveuglement,Incapacitor,3,4,0.75,75%,4.0,3.0,12,3,1.33,1.0,1.0,0.75
Désintégrateur Magnétique,Magnetic Disintegrator,1,4,0.25,25%,11.0,2.75,11,0,Gratuit,Gratuit,11.0,2.75
Tombeau Rocheux,Rock Tomb,1,4,0.25,25%,10.0,2.5,10,1,10.0,2.5,5.0,1.25
Danse Macabre,Dance of Death,1,4,0.25,25%,8.0,2.0,8,1,8.0,2.0,4.0,1.0
Griffes Sauvages,Wild Claw,3,4,0.75,75%,1.0,0.75,3,3,0.33,0.25,0.25,0.19
