,Nom Anglais,nb games valide,total games,ratio,%,pts moy,pts moy total,total point,cout,pts par cout moy,pts par cout total,pts par cout moy+1,pts par cout total+1
Totem Équivalent,Equivalent Totem,15,15,1.0,100%,16.73,16.73,251,2,8.37,8.37,5.58,5.58
Faux,Scythe,15,15,1.0,100%,15.2,15.2,228,3,5.07,5.07,3.8,3.8
Lame Affutée,Sharp Blade,12,15,0.8,80%,16.0,12.8,192,3,5.33,4.27,4.0,3.2
Ascension Divine,Divine Ascent,7,15,0.47,47%,25.0,11.67,175,3,8.33,3.89,6.25,2.92
Hache Frénétique,Berseker Ax,10,15,0.67,67%,14.0,9.33,140,2,7.0,4.67,4.67,3.11
Armure d'Obsidienne,Obsidian Battle Plate,7,15,0.47,47%,20.0,9.33,140,2,10.0,4.67,6.67,3.11
Économe Sagesse du Trésorier,Treasurer's Wisdom,8,15,0.53,53%,17.0,9.07,136,2,8.5,4.54,5.67,3.02
Esprit de l'Écuyer,Spirit of the Squire,13,15,0.87,87%,10.38,9.0,135,3,3.46,3.0,2.6,2.25
Gantelet Impérieux,Imperious Gauntlet,4,15,0.27,27%,30.0,8.0,120,1,30.0,8.0,15.0,4.0
Faux Parfaite,Perfect Scythe,8,15,0.53,53%,15.0,8.0,120,0,Gratuit,Gratuit,15.0,8.0
Astéroïde Fatal,Final Asteroid,1,15,0.07,7%,100.0,6.67,100,0,Gratuit,Gratuit,100.0,6.67
Aveuglement,Incapacitor,14,15,0.93,93%,6.64,6.2,93,3,2.21,2.07,1.66,1.55
Elan de Fureur,Rampage Momentum,6,15,0.4,40%,15.0,6.0,90,2,7.5,3.0,5.0,2.0
Coup de Mort,Death Helper,7,15,0.47,47%,12.14,5.67,85,1,12.14,5.67,6.07,2.83
Aura Légendaire,Legend Aura,2,15,0.13,13%,40.0,5.33,80,3,13.33,1.78,10.0,1.33
Adrénaline Arcanique,Arcane Adrenaline,5,15,0.33,33%,16.0,5.33,80,1,16.0,5.33,8.0,2.67
Enchaînement Éclair,Unstoppable Lightning,4,15,0.27,27%,18.0,4.8,72,1,18.0,4.8,9.0,2.4
Pluie de Météorites,Meteorites,1,15,0.07,7%,70.0,4.67,70,0,Gratuit,Gratuit,70.0,4.67
Épée Obscure,Swords of Darkness,4,15,0.27,27%,17.0,4.53,68,1,17.0,4.53,8.5,2.27
Lame Insatiable,Fast Furious Blade,4,15,0.27,27%,16.0,4.27,64,2,8.0,2.13,5.33,1.42
Danse Macabre,Dance of Death,8,15,0.53,53%,8.0,4.27,64,1,8.0,4.27,4.0,2.13
Assistance Divine,Sacred Help,3,15,0.2,20%,20.0,4.0,60,2,10.0,2.0,6.67,1.33
Triple Météore,Trimeteor,2,15,0.13,13%,30.0,4.0,60,0,Gratuit,Gratuit,30.0,4.0
Chasseresse d'Âmes,Huntress of Souls,3,15,0.2,20%,19.0,3.8,57,1,19.0,3.8,9.5,1.9
Sabre Versatile,Versatil Saber,5,15,0.33,33%,11.0,3.67,55,1,11.0,3.67,5.5,1.83
Parchemin Secret,Secret Scroll,3,15,0.2,20%,18.0,3.6,54,2,9.0,1.8,6.0,1.2
Griffes Démoniaques,Demon Claws,3,15,0.2,20%,17.0,3.4,51,1,17.0,3.4,8.5,1.7
Marteau Collecteur,Collecting Hammer,6,15,0.4,40%,8.5,3.4,51,2,4.25,1.7,2.83,1.13
Faux Assoiffées,Thirsty Scythes,2,15,0.13,13%,25.0,3.33,50,3,8.33,1.11,6.25,0.83
Totem du Gardien,Guardian Totem,10,15,0.67,67%,4.4,2.93,44,3,1.47,0.98,1.1,0.73
Être de Lumière,Being of Light,2,15,0.13,13%,18.0,2.4,36,1,18.0,2.4,9.0,1.2
Désintégrateur Magnétique,Magnetic Disintegrator,3,15,0.2,20%,11.0,2.2,33,0,Gratuit,Gratuit,11.0,2.2
Masse de Siège,Siege Mace,2,15,0.13,13%,16.0,2.13,32,0,Gratuit,Gratuit,16.0,2.13
Tombeau Rocheux,Rock Tomb,3,15,0.2,20%,10.0,2.0,30,1,10.0,2.0,5.0,1.0
Armure d'Immortel,Immortal Breastplate,2,15,0.13,13%,15.0,2.0,30,1,15.0,2.0,7.5,1.0
Épé Sainte,Holy Sword,3,15,0.2,20%,10.0,2.0,30,0,Gratuit,Gratuit,10.0,2.0
Couronne du Roi Nain,Crown of the Dwarf King,2,15,0.13,13%,13.0,1.73,26,0,Gratuit,Gratuit,13.0,1.73
Explosion Arcanique,Arcane Explosive,2,15,0.13,13%,12.0,1.6,24,1,12.0,1.6,6.0,0.8
Esprit omniprésent,Omnipresent Spirit,1,15,0.07,7%,18.0,1.2,18,2,9.0,0.6,6.0,0.4
Mental d'Acier,Steel Aura,1,15,0.07,7%,18.0,1.2,18,2,9.0,0.6,6.0,0.4
Œil de Lynx,Hawk's Eye,2,15,0.13,13%,9.0,1.2,18,0,Gratuit,Gratuit,9.0,1.2
Griffes Sauvages,Wild Claw,10,15,0.67,67%,1.6,1.07,16,3,0.53,0.36,0.4,0.27
Force Divine,Divine Impetu,1,15,0.07,7%,15.0,1.0,15,0,Gratuit,Gratuit,15.0,1.0
Chasseur d'Âmes,Soul Hunter,1,15,0.07,7%,15.0,1.0,15,1,15.0,1.0,7.5,0.5
Masse Colossale,Colossal Mace,1,15,0.07,7%,11.0,0.73,11,0,Gratuit,Gratuit,11.0,0.73
Bâton du Conquérant,Staff of Conquered Worlds,1,15,0.07,7%,11.0,0.73,11,0,Gratuit,Gratuit,11.0,0.73
