,Nom Anglais,nb games valide,total games,ratio,%,pts moy,pts moy total,total point,cout,pts par cout moy,pts par cout total,pts par cout moy+1,pts par cout total+1
Totem Équivalent,Equivalent Totem,6,6,1.0,100%,16.5,16.5,99,2,8.25,8.25,5.5,5.5
Faux,Scythe,6,6,1.0,100%,15.83,15.83,95,3,5.28,5.28,3.96,3.96
Armure d'Obsidienne,Obsidian Battle Plate,4,6,0.67,67%,20.0,13.33,80,2,10.0,6.67,6.67,4.44
Gantelet Impérieux,Imperious Gauntlet,2,6,0.33,33%,30.0,10.0,60,1,30.0,10.0,15.0,5.0
Faux Parfaite,Perfect Scythe,4,6,0.67,67%,15.0,10.0,60,0,Gratuit,Gratuit,15.0,10.0
Lame Affutée,Sharp Blade,4,6,0.67,67%,15.0,10.0,60,3,5.0,3.33,3.75,2.5
Ascension Divine,Divine Ascent,2,6,0.33,33%,25.0,8.33,50,3,8.33,2.78,6.25,2.08
Lame Insatiable,Fast Furious Blade,3,6,0.5,50%,16.0,8.0,48,2,8.0,4.0,5.33,2.67
Hache Frénétique,Berseker Ax,3,6,0.5,50%,14.0,7.0,42,2,7.0,3.5,4.67,2.33
Chasseresse d'Âmes,Huntress of Souls,2,6,0.33,33%,19.0,6.33,38,1,19.0,6.33,9.5,3.17
Épée Obscure,Swords of Darkness,2,6,0.33,33%,17.0,5.67,34,1,17.0,5.67,8.5,2.83
Griffes Démoniaques,Demon Claws,2,6,0.33,33%,17.0,5.67,34,1,17.0,5.67,8.5,2.83
Économe Sagesse du Trésorier,Treasurer's Wisdom,2,6,0.33,33%,17.0,5.67,34,2,8.5,2.83,5.67,1.89
Marteau Collecteur,Collecting Hammer,3,6,0.5,50%,10.0,5.0,30,2,5.0,2.5,3.33,1.67
Aveuglement,Incapacitor,5,6,0.83,83%,6.0,5.0,30,3,2.0,1.67,1.5,1.25
Triple Météore,Trimeteor,1,6,0.17,17%,30.0,5.0,30,0,Gratuit,Gratuit,30.0,5.0
Esprit de l'Écuyer,Spirit of the Squire,5,6,0.83,83%,5.4,4.5,27,3,1.8,1.5,1.35,1.12
Totem du Gardien,Guardian Totem,6,6,1.0,100%,4.33,4.33,26,3,1.44,1.44,1.08,1.08
Faux Assoiffées,Thirsty Scythes,1,6,0.17,17%,25.0,4.17,25,3,8.33,1.39,6.25,1.04
Tombeau Rocheux,Rock Tomb,2,6,0.33,33%,10.0,3.33,20,1,10.0,3.33,5.0,1.67
Assistance Divine,Sacred Help,1,6,0.17,17%,20.0,3.33,20,2,10.0,1.67,6.67,1.11
Parchemin Secret,Secret Scroll,1,6,0.17,17%,18.0,3.0,18,2,9.0,1.5,6.0,1.0
Enchaînement Éclair,Unstoppable Lightning,1,6,0.17,17%,18.0,3.0,18,1,18.0,3.0,9.0,1.5
Être de Lumière,Being of Light,1,6,0.17,17%,18.0,3.0,18,1,18.0,3.0,9.0,1.5
Mental d'Acier,Steel Aura,1,6,0.17,17%,18.0,3.0,18,2,9.0,1.5,6.0,1.0
Adrénaline Arcanique,Arcane Adrenaline,1,6,0.17,17%,16.0,2.67,16,1,16.0,2.67,8.0,1.33
Danse Macabre,Dance of Death,2,6,0.33,33%,8.0,2.67,16,1,8.0,2.67,4.0,1.33
Elan de Fureur,Rampage Momentum,1,6,0.17,17%,15.0,2.5,15,2,7.5,1.25,5.0,0.83
Chasseur d'Âmes,Soul Hunter,1,6,0.17,17%,15.0,2.5,15,1,15.0,2.5,7.5,1.25
Couronne du Roi Nain,Crown of the Dwarf King,1,6,0.17,17%,13.0,2.17,13,0,Gratuit,Gratuit,13.0,2.17
Explosion Arcanique,Arcane Explosive,1,6,0.17,17%,12.0,2.0,12,1,12.0,2.0,6.0,1.0
Désintégrateur Magnétique,Magnetic Disintegrator,1,6,0.17,17%,11.0,1.83,11,0,Gratuit,Gratuit,11.0,1.83
Masse Colossale,Colossal Mace,1,6,0.17,17%,11.0,1.83,11,0,Gratuit,Gratuit,11.0,1.83
Épé Sainte,Holy Sword,1,6,0.17,17%,10.0,1.67,10,0,Gratuit,Gratuit,10.0,1.67
Œil de Lynx,Hawk's Eye,1,6,0.17,17%,8.0,1.33,8,0,Gratuit,Gratuit,8.0,1.33
Griffes Sauvages,Wild Claw,5,6,0.83,83%,1.4,1.17,7,3,0.47,0.39,0.35,0.29
