,Nom Anglais,nb games valide,total games,ratio,%,pts moy,pts moy total,total point,cout,pts par cout moy,pts par cout total,pts par cout moy+1,pts par cout total+1
Totem Équivalent,Equivalent Totem,18,18,1.0,100%,16.22,16.22,292,2,8.11,8.11,5.41,5.41
Faux,Scythe,18,18,1.0,100%,15.0,15.0,270,3,5.0,5.0,3.75,3.75
Armure d'Obsidienne,Obsidian Battle Plate,12,18,0.67,67%,20.0,13.33,240,2,10.0,6.67,6.67,4.44
Gantelet Impérieux,Imperious Gauntlet,7,18,0.39,39%,30.0,11.67,210,1,30.0,11.67,15.0,5.83
Faux Parfaite,Perfect Scythe,13,18,0.72,72%,15.0,10.83,195,0,Gratuit,Gratuit,15.0,10.83
Lame Affutée,Sharp Blade,15,18,0.83,83%,10.6,8.83,159,3,3.53,2.94,2.65,2.21
Hache Frénétique,Berseker Ax,11,18,0.61,61%,14.0,8.56,154,2,7.0,4.28,4.67,2.85
Économe Sagesse du Trésorier,Treasurer's Wisdom,8,18,0.44,44%,17.0,7.56,136,2,8.5,3.78,5.67,2.52
Lame Insatiable,Fast Furious Blade,8,18,0.44,44%,16.0,7.11,128,2,8.0,3.56,5.33,2.37
Adrénaline Arcanique,Arcane Adrenaline,7,18,0.39,39%,16.0,6.22,112,1,16.0,6.22,8.0,3.11
Épée Obscure,Swords of Darkness,6,18,0.33,33%,17.0,5.67,102,1,17.0,5.67,8.5,2.83
Aveuglement,Incapacitor,17,18,0.94,94%,6.0,5.67,102,3,2.0,1.89,1.5,1.42
Ascension Divine,Divine Ascent,4,18,0.22,22%,25.0,5.56,100,3,8.33,1.85,6.25,1.39
Esprit de l'Écuyer,Spirit of the Squire,12,18,0.67,67%,8.0,5.33,96,3,2.67,1.78,2.0,1.33
Chasseresse d'Âmes,Huntress of Souls,4,18,0.22,22%,19.0,4.22,76,1,19.0,4.22,9.5,2.11
Faux Assoiffées,Thirsty Scythes,3,18,0.17,17%,25.0,4.17,75,3,8.33,1.39,6.25,1.04
Griffes Démoniaques,Demon Claws,4,18,0.22,22%,17.0,3.78,68,1,17.0,3.78,8.5,1.89
Marteau Collecteur,Collecting Hammer,6,18,0.33,33%,10.17,3.39,61,2,5.08,1.7,3.39,1.13
Le Marionnettiste,The Puppeteer,3,18,0.17,17%,20.0,3.33,60,2,10.0,1.67,6.67,1.11
Triple Météore,Trimeteor,2,18,0.11,11%,30.0,3.33,60,0,Gratuit,Gratuit,30.0,3.33
Parchemin Secret,Secret Scroll,3,18,0.17,17%,18.0,3.0,54,2,9.0,1.5,6.0,1.0
Enchaînement Éclair,Unstoppable Lightning,3,18,0.17,17%,18.0,3.0,54,1,18.0,3.0,9.0,1.5
Mental d'Acier,Steel Aura,3,18,0.17,17%,18.0,3.0,54,2,9.0,1.5,6.0,1.0
Œil de Lynx,Hawk's Eye,6,18,0.33,33%,8.67,2.89,52,0,Gratuit,Gratuit,8.67,2.89
Totem du Gardien,Guardian Totem,13,18,0.72,72%,3.77,2.72,49,3,1.26,0.91,0.94,0.68
Elan de Fureur,Rampage Momentum,3,18,0.17,17%,15.0,2.5,45,2,7.5,1.25,5.0,0.83
Assistance Divine,Sacred Help,2,18,0.11,11%,20.0,2.22,40,2,10.0,1.11,6.67,0.74
Aura Légendaire,Legend Aura,1,18,0.06,6%,40.0,2.22,40,3,13.33,0.74,10.0,0.56
Danse Macabre,Dance of Death,5,18,0.28,28%,8.0,2.22,40,1,8.0,2.22,4.0,1.11
Marteleur précis,Precise Hammer,2,18,0.11,11%,18.0,2.0,36,1,18.0,2.0,9.0,1.0
Être de Lumière,Being of Light,2,18,0.11,11%,18.0,2.0,36,1,18.0,2.0,9.0,1.0
Chasseur d'Âmes,Soul Hunter,2,18,0.11,11%,17.5,1.94,35,1,17.5,1.94,8.75,0.97
Sabre Versatile,Versatil Saber,3,18,0.17,17%,11.0,1.83,33,1,11.0,1.83,5.5,0.92
Armure d'Immortel,Immortal Breastplate,2,18,0.11,11%,15.0,1.67,30,1,15.0,1.67,7.5,0.83
Couronne du Roi Nain,Crown of the Dwarf King,2,18,0.11,11%,13.0,1.44,26,0,Gratuit,Gratuit,13.0,1.44
Force Divine,Divine Impetu,2,18,0.11,11%,13.0,1.44,26,0,Gratuit,Gratuit,13.0,1.44
Bâton de Conquête,Conquering Staff,1,18,0.06,6%,24.0,1.33,24,2,12.0,0.67,8.0,0.44
Coup de Mort,Death Helper,2,18,0.11,11%,11.5,1.28,23,1,11.5,1.28,5.75,0.64
Griffes Sauvages,Wild Claw,11,18,0.61,61%,2.0,1.22,22,3,0.67,0.41,0.5,0.3
Tombeau Rocheux,Rock Tomb,2,18,0.11,11%,10.0,1.11,20,1,10.0,1.11,5.0,0.56
Épé Sainte,Holy Sword,2,18,0.11,11%,10.0,1.11,20,0,Gratuit,Gratuit,10.0,1.11
Esprit omniprésent,Omnipresent Spirit,1,18,0.06,6%,18.0,1.0,18,2,9.0,0.5,6.0,0.33
Esprit Guerrier,Spirit of the Warrior,1,18,0.06,6%,16.0,0.89,16,1,16.0,0.89,8.0,0.45
Masse Colossale,Colossal Mace,1,18,0.06,6%,15.0,0.83,15,0,Gratuit,Gratuit,15.0,0.83
Soif de Sang,Thirsty Dagger,1,18,0.06,6%,15.0,0.83,15,0,Gratuit,Gratuit,15.0,0.83
Explosion Arcanique,Arcane Explosive,1,18,0.06,6%,12.0,0.67,12,1,12.0,0.67,6.0,0.34
Bâton du Conquérant,Staff of Conquered Worlds,1,18,0.06,6%,11.0,0.61,11,0,Gratuit,Gratuit,11.0,0.61
Désintégrateur Magnétique,Magnetic Disintegrator,1,18,0.06,6%,11.0,0.61,11,0,Gratuit,Gratuit,11.0,0.61
