,Nom Anglais,nb games valide,total games,ratio,%,pts moy,pts moy total,total point,cout,pts par cout moy,pts par cout total,pts par cout moy+1,pts par cout total+1
Totem Équivalent,Equivalent Totem,4,4,1.0,100%,17.25,17.25,69,2,8.62,8.62,5.75,5.75
Faux,Scythe,4,4,1.0,100%,17.0,17.0,68,3,5.67,5.67,4.25,4.25
Faux Parfaite,Perfect Scythe,4,4,1.0,100%,15.0,15.0,60,0,Gratuit,Gratuit,15.0,15.0
Économe Sagesse du Trésorier,Treasurer's Wisdom,3,4,0.75,75%,17.0,12.75,51,2,8.5,6.38,5.67,4.25
Faux Assoiffées,Thirsty Scythes,2,4,0.5,50%,25.0,12.5,50,3,8.33,4.17,6.25,3.12
Ascension Divine,Divine Ascent,2,4,0.5,50%,25.0,12.5,50,3,8.33,4.17,6.25,3.12
Armure d'Obsidienne,Obsidian Battle Plate,2,4,0.5,50%,20.0,10.0,40,2,10.0,5.0,6.67,3.33
Aveuglement,Incapacitor,4,4,1.0,100%,9.0,9.0,36,3,3.0,3.0,2.25,2.25
Lame Insatiable,Fast Furious Blade,2,4,0.5,50%,16.0,8.0,32,2,8.0,4.0,5.33,2.67
Lame Affutée,Sharp Blade,3,4,0.75,75%,10.0,7.5,30,3,3.33,2.5,2.5,1.88
Gantelet Impérieux,Imperious Gauntlet,1,4,0.25,25%,30.0,7.5,30,1,30.0,7.5,15.0,3.75
Bâton de Conquête,Conquering Staff,1,4,0.25,25%,24.0,6.0,24,2,12.0,3.0,8.0,2.0
Œil de Lynx,Hawk's Eye,3,4,0.75,75%,8.0,6.0,24,0,Gratuit,Gratuit,8.0,6.0
Enchaînement Éclair,Unstoppable Lightning,1,4,0.25,25%,18.0,4.5,18,1,18.0,4.5,9.0,2.25
Totem du Gardien,Guardian Totem,4,4,1.0,100%,4.25,4.25,17,3,1.42,1.42,1.06,1.06
Adrénaline Arcanique,Arcane Adrenaline,1,4,0.25,25%,16.0,4.0,16,1,16.0,4.0,8.0,2.0
Elan de Fureur,Rampage Momentum,1,4,0.25,25%,15.0,3.75,15,2,7.5,1.88,5.0,1.25
Soif de Sang,Thirsty Dagger,1,4,0.25,25%,15.0,3.75,15,0,Gratuit,Gratuit,15.0,3.75
Armure d'Immortel,Immortal Breastplate,1,4,0.25,25%,14.0,3.5,14,1,14.0,3.5,7.0,1.75
Hache Frénétique,Berseker Ax,1,4,0.25,25%,14.0,3.5,14,2,7.0,1.75,4.67,1.17
Esprit de l'Écuyer,Spirit of the Squire,2,4,0.5,50%,6.0,3.0,12,3,2.0,1.0,1.5,0.75
Sabre Versatile,Versatil Saber,1,4,0.25,25%,11.0,2.75,11,1,11.0,2.75,5.5,1.38
Tombeau Rocheux,Rock Tomb,1,4,0.25,25%,10.0,2.5,10,1,10.0,2.5,5.0,1.25
Griffes Sauvages,Wild Claw,3,4,0.75,75%,3.0,2.25,9,3,1.0,0.75,0.75,0.56
Danse Macabre,Dance of Death,1,4,0.25,25%,8.0,2.0,8,1,8.0,2.0,4.0,1.0
Marteau Collecteur,Collecting Hammer,1,4,0.25,25%,6.0,1.5,6,2,3.0,0.75,2.0,0.5
