,Nom Anglais,nb games valide,total games,ratio,%,pts moy,pts moy total,total point,cout,pts par cout moy,pts par cout total,pts par cout moy+1,pts par cout total+1
Totem Équivalent,Equivalent Totem,16,16,1.0,100%,16.44,16.44,263,2,8.22,8.22,5.48,5.48
Faux,Scythe,16,16,1.0,100%,15.38,15.38,246,3,5.13,5.13,3.85,3.85
Armure d'Obsidienne,Obsidian Battle Plate,11,16,0.69,69%,20.0,13.75,220,2,10.0,6.88,6.67,4.58
Gantelet Impérieux,Imperious Gauntlet,7,16,0.44,44%,30.0,13.12,210,1,30.0,13.12,15.0,6.56
Faux Parfaite,Perfect Scythe,12,16,0.75,75%,15.0,11.25,180,0,Gratuit,Gratuit,15.0,11.25
Hache Frénétique,Berseker Ax,11,16,0.69,69%,14.0,9.62,154,2,7.0,4.81,4.67,3.21
Lame Affutée,Sharp Blade,13,16,0.81,81%,11.54,9.38,150,3,3.85,3.13,2.88,2.35
Économe Sagesse du Trésorier,Treasurer's Wisdom,8,16,0.5,50%,17.0,8.5,136,2,8.5,4.25,5.67,2.83
Lame Insatiable,Fast Furious Blade,8,16,0.5,50%,16.0,8.0,128,2,8.0,4.0,5.33,2.67
Adrénaline Arcanique,Arcane Adrenaline,7,16,0.44,44%,16.0,7.0,112,1,16.0,7.0,8.0,3.5
Épée Obscure,Swords of Darkness,6,16,0.38,38%,17.0,6.38,102,1,17.0,6.38,8.5,3.19
Ascension Divine,Divine Ascent,4,16,0.25,25%,25.0,6.25,100,3,8.33,2.08,6.25,1.56
Aveuglement,Incapacitor,15,16,0.94,94%,6.4,6.0,96,3,2.13,2.0,1.6,1.5
Chasseresse d'Âmes,Huntress of Souls,4,16,0.25,25%,19.0,4.75,76,1,19.0,4.75,9.5,2.38
Faux Assoiffées,Thirsty Scythes,3,16,0.19,19%,25.0,4.69,75,3,8.33,1.56,6.25,1.17
Esprit de l'Écuyer,Spirit of the Squire,10,16,0.62,62%,7.5,4.69,75,3,2.5,1.56,1.88,1.17
Griffes Démoniaques,Demon Claws,4,16,0.25,25%,17.0,4.25,68,1,17.0,4.25,8.5,2.12
Marteau Collecteur,Collecting Hammer,6,16,0.38,38%,10.17,3.81,61,2,5.08,1.91,3.39,1.27
Le Marionnettiste,The Puppeteer,3,16,0.19,19%,20.0,3.75,60,2,10.0,1.88,6.67,1.25
Triple Météore,Trimeteor,2,16,0.12,12%,30.0,3.75,60,0,Gratuit,Gratuit,30.0,3.75
Enchaînement Éclair,Unstoppable Lightning,3,16,0.19,19%,18.0,3.38,54,1,18.0,3.38,9.0,1.69
Parchemin Secret,Secret Scroll,3,16,0.19,19%,18.0,3.38,54,2,9.0,1.69,6.0,1.13
Œil de Lynx,Hawk's Eye,6,16,0.38,38%,8.67,3.25,52,0,Gratuit,Gratuit,8.67,3.25
Elan de Fureur,Rampage Momentum,3,16,0.19,19%,15.0,2.81,45,2,7.5,1.41,5.0,0.94
Totem du Gardien,Guardian Totem,11,16,0.69,69%,3.91,2.69,43,3,1.3,0.9,0.98,0.67
Danse Macabre,Dance of Death,5,16,0.31,31%,8.0,2.5,40,1,8.0,2.5,4.0,1.25
Aura Légendaire,Legend Aura,1,16,0.06,6%,40.0,2.5,40,3,13.33,0.83,10.0,0.62
Assistance Divine,Sacred Help,2,16,0.12,12%,20.0,2.5,40,2,10.0,1.25,6.67,0.83
Marteleur précis,Precise Hammer,2,16,0.12,12%,18.0,2.25,36,1,18.0,2.25,9.0,1.12
Être de Lumière,Being of Light,2,16,0.12,12%,18.0,2.25,36,1,18.0,2.25,9.0,1.12
Mental d'Acier,Steel Aura,2,16,0.12,12%,18.0,2.25,36,2,9.0,1.12,6.0,0.75
Chasseur d'Âmes,Soul Hunter,2,16,0.12,12%,17.5,2.19,35,1,17.5,2.19,8.75,1.09
Sabre Versatile,Versatil Saber,3,16,0.19,19%,11.0,2.06,33,1,11.0,2.06,5.5,1.03
Armure d'Immortel,Immortal Breastplate,2,16,0.12,12%,15.0,1.88,30,1,15.0,1.88,7.5,0.94
Couronne du Roi Nain,Crown of the Dwarf King,2,16,0.12,12%,13.0,1.62,26,0,Gratuit,Gratuit,13.0,1.62
Force Divine,Divine Impetu,2,16,0.12,12%,13.0,1.62,26,0,Gratuit,Gratuit,13.0,1.62
Bâton de Conquête,Conquering Staff,1,16,0.06,6%,24.0,1.5,24,2,12.0,0.75,8.0,0.5
Tombeau Rocheux,Rock Tomb,2,16,0.12,12%,10.0,1.25,20,1,10.0,1.25,5.0,0.62
Griffes Sauvages,Wild Claw,10,16,0.62,62%,2.0,1.25,20,3,0.67,0.42,0.5,0.31
Épé Sainte,Holy Sword,2,16,0.12,12%,10.0,1.25,20,0,Gratuit,Gratuit,10.0,1.25
Esprit omniprésent,Omnipresent Spirit,1,16,0.06,6%,18.0,1.12,18,2,9.0,0.56,6.0,0.37
Esprit Guerrier,Spirit of the Warrior,1,16,0.06,6%,16.0,1.0,16,1,16.0,1.0,8.0,0.5
Soif de Sang,Thirsty Dagger,1,16,0.06,6%,15.0,0.94,15,0,Gratuit,Gratuit,15.0,0.94
Masse Colossale,Colossal Mace,1,16,0.06,6%,15.0,0.94,15,0,Gratuit,Gratuit,15.0,0.94
Explosion Arcanique,Arcane Explosive,1,16,0.06,6%,12.0,0.75,12,1,12.0,0.75,6.0,0.38
Bâton du Conquérant,Staff of Conquered Worlds,1,16,0.06,6%,11.0,0.69,11,0,Gratuit,Gratuit,11.0,0.69
Désintégrateur Magnétique,Magnetic Disintegrator,1,16,0.06,6%,11.0,0.69,11,0,Gratuit,Gratuit,11.0,0.69
Coup de Mort,Death Helper,1,16,0.06,6%,10.0,0.62,10,1,10.0,0.62,5.0,0.31
