,Nom Anglais,nb games valide,total games,ratio,%,pts moy,pts moy total,total point,cout,pts par cout moy,pts par cout total
Totem Équivalent,Equivalent Totem,3,3,1.0,100%,17.0,17.0,51,1,17.0,17.0
Faux,Scythe,3,3,1.0,100%,16.67,16.67,50,3,5.56,5.56
Faux Parfaite,Perfect Scythe,3,3,1.0,100%,15.0,15.0,45,0,Gratuit,Gratuit
Armure d'Obsidienne,Obsidian Battle Plate,2,3,0.67,67%,20.0,13.33,40,2,10.0,6.67
Économe Sagesse du Trésorier,Treasurer's Wisdom,2,3,0.67,67%,17.0,11.33,34,2,8.5,5.67
Lame Insatiable,Fast Furious Blade,2,3,0.67,67%,16.0,10.67,32,2,8.0,5.33
Gantelet Impérieux,Imperious Gauntlet,1,3,0.33,33%,30.0,10.0,30,1,30.0,10.0
Aveuglement,Incapacitor,3,3,1.0,100%,9.0,9.0,27,3,3.0,3.0
Faux Assoiffées,Thirsty Scythes,1,3,0.33,33%,25.0,8.33,25,3,8.33,2.78
Ascension Divine,Divine Ascent,1,3,0.33,33%,25.0,8.33,25,3,8.33,2.78
Bâton de Conquête,Conquering Staff,1,3,0.33,33%,24.0,8.0,24,2,12.0,4.0
Lame Affutée,Sharp Blade,2,3,0.67,67%,12.0,8.0,24,3,4.0,2.67
Enchaînement Éclair,Unstoppable Lightning,1,3,0.33,33%,18.0,6.0,18,1,18.0,6.0
Adrénaline Arcanique,Arcane Adrenaline,1,3,0.33,33%,16.0,5.33,16,1,16.0,5.33
Œil de Lynx,Hawk's Eye,2,3,0.67,67%,8.0,5.33,16,0,Gratuit,Gratuit
Elan de Fureur,Rampage Momentum,1,3,0.33,33%,15.0,5.0,15,2,7.5,2.5
Soif de Sang,Thirsty Dagger,1,3,0.33,33%,15.0,5.0,15,0,Gratuit,Gratuit
Armure d'Immortel,Immortal Breastplate,1,3,0.33,33%,14.0,4.67,14,1,14.0,4.67
Totem du Gardien,Guardian Totem,3,3,1.0,100%,4.33,4.33,13,3,1.44,1.44
Sabre Versatile,Versatil Saber,1,3,0.33,33%,11.0,3.67,11,1,11.0,3.67
Tombeau Rocheux,Rock Tomb,1,3,0.33,33%,10.0,3.33,10,1,10.0,3.33
Griffes Sauvages,Wild Claw,3,3,1.0,100%,3.0,3.0,9,3,1.0,1.0
Danse Macabre,Dance of Death,1,3,0.33,33%,8.0,2.67,8,1,8.0,2.67
Marteau Collecteur,Collecting Hammer,1,3,0.33,33%,6.0,2.0,6,2,3.0,1.0
Esprit de l'Écuyer,Spirit of the Squire,1,3,0.33,33%,3.0,1.0,3,3,1.0,0.33
