,Nom Anglais,nb games valide,total games,ratio,%,pts moy,pts moy total,total point,cout,pts par cout moy,pts par cout total,pts par cout moy+1,pts par cout total+1
Totem Équivalent,Equivalent Totem,8,8,1.0,100%,17.12,17.12,137,2,8.56,8.56,5.71,5.71
Faux,Scythe,8,8,1.0,100%,16.25,16.25,130,3,5.42,5.42,4.06,4.06
Armure d'Obsidienne,Obsidian Battle Plate,6,8,0.75,75%,20.0,15.0,120,2,10.0,7.5,6.67,5.0
Faux Parfaite,Perfect Scythe,7,8,0.88,88%,15.0,13.12,105,0,Gratuit,Gratuit,15.0,13.12
Ascension Divine,Divine Ascent,4,8,0.5,50%,25.0,12.5,100,3,8.33,4.17,6.25,3.12
Gantelet Impérieux,Imperious Gauntlet,3,8,0.38,38%,30.0,11.25,90,1,30.0,11.25,15.0,5.62
Économe Sagesse du Trésorier,Treasurer's Wisdom,5,8,0.62,62%,17.0,10.62,85,2,8.5,5.31,5.67,3.54
Lame Insatiable,Fast Furious Blade,5,8,0.62,62%,16.0,10.0,80,2,8.0,5.0,5.33,3.33
Faux Assoiffées,Thirsty Scythes,3,8,0.38,38%,25.0,9.38,75,3,8.33,3.13,6.25,2.35
Lame Affutée,Sharp Blade,5,8,0.62,62%,12.6,7.88,63,3,4.2,2.63,3.15,1.97
Chasseresse d'Âmes,Huntress of Souls,3,8,0.38,38%,19.0,7.12,57,1,19.0,7.12,9.5,3.56
Hache Frénétique,Berseker Ax,4,8,0.5,50%,14.0,7.0,56,2,7.0,3.5,4.67,2.33
Griffes Démoniaques,Demon Claws,3,8,0.38,38%,17.0,6.38,51,1,17.0,6.38,8.5,3.19
Aveuglement,Incapacitor,8,8,1.0,100%,6.38,6.38,51,3,2.13,2.13,1.59,1.59
Adrénaline Arcanique,Arcane Adrenaline,3,8,0.38,38%,16.0,6.0,48,1,16.0,6.0,8.0,3.0
Aura Légendaire,Legend Aura,1,8,0.12,12%,40.0,5.0,40,3,13.33,1.67,10.0,1.25
Esprit de l'Écuyer,Spirit of the Squire,5,8,0.62,62%,7.8,4.88,39,3,2.6,1.63,1.95,1.22
Enchaînement Éclair,Unstoppable Lightning,2,8,0.25,25%,18.0,4.5,36,1,18.0,4.5,9.0,2.25
Totem du Gardien,Guardian Totem,8,8,1.0,100%,4.12,4.12,33,3,1.37,1.37,1.03,1.03
Œil de Lynx,Hawk's Eye,4,8,0.5,50%,8.0,4.0,32,0,Gratuit,Gratuit,8.0,4.0
Elan de Fureur,Rampage Momentum,2,8,0.25,25%,15.0,3.75,30,2,7.5,1.88,5.0,1.25
Triple Météore,Trimeteor,1,8,0.12,12%,30.0,3.75,30,0,Gratuit,Gratuit,30.0,3.75
Bâton de Conquête,Conquering Staff,1,8,0.12,12%,24.0,3.0,24,2,12.0,1.5,8.0,1.0
Sabre Versatile,Versatil Saber,2,8,0.25,25%,11.0,2.75,22,1,11.0,2.75,5.5,1.38
Assistance Divine,Sacred Help,1,8,0.12,12%,20.0,2.5,20,2,10.0,1.25,6.67,0.83
Le Marionnettiste,The Puppeteer,1,8,0.12,12%,20.0,2.5,20,2,10.0,1.25,6.67,0.83
Parchemin Secret,Secret Scroll,1,8,0.12,12%,18.0,2.25,18,2,9.0,1.12,6.0,0.75
Être de Lumière,Being of Light,1,8,0.12,12%,18.0,2.25,18,1,18.0,2.25,9.0,1.12
Mental d'Acier,Steel Aura,1,8,0.12,12%,18.0,2.25,18,2,9.0,1.12,6.0,0.75
Épée Obscure,Swords of Darkness,1,8,0.12,12%,17.0,2.12,17,1,17.0,2.12,8.5,1.06
Danse Macabre,Dance of Death,2,8,0.25,25%,8.0,2.0,16,1,8.0,2.0,4.0,1.0
Soif de Sang,Thirsty Dagger,1,8,0.12,12%,15.0,1.88,15,0,Gratuit,Gratuit,15.0,1.88
Chasseur d'Âmes,Soul Hunter,1,8,0.12,12%,15.0,1.88,15,1,15.0,1.88,7.5,0.94
Armure d'Immortel,Immortal Breastplate,1,8,0.12,12%,14.0,1.75,14,1,14.0,1.75,7.0,0.88
Griffes Sauvages,Wild Claw,6,8,0.75,75%,2.17,1.62,13,3,0.72,0.54,0.54,0.41
Couronne du Roi Nain,Crown of the Dwarf King,1,8,0.12,12%,13.0,1.62,13,0,Gratuit,Gratuit,13.0,1.62
Marteau Collecteur,Collecting Hammer,2,8,0.25,25%,6.0,1.5,12,2,3.0,0.75,2.0,0.5
Force Divine,Divine Impetu,1,8,0.12,12%,11.0,1.38,11,0,Gratuit,Gratuit,11.0,1.38
Coup de Mort,Death Helper,1,8,0.12,12%,10.0,1.25,10,1,10.0,1.25,5.0,0.62
Tombeau Rocheux,Rock Tomb,1,8,0.12,12%,10.0,1.25,10,1,10.0,1.25,5.0,0.62
Épé Sainte,Holy Sword,1,8,0.12,12%,10.0,1.25,10,0,Gratuit,Gratuit,10.0,1.25
