,Nom Anglais,nb games valide,total games,ratio,%,pts moy,pts moy total,total point,cout,pts par cout moy,pts par cout total,pts par cout moy+1,pts par cout total+1
Totem Équivalent,Equivalent Totem,17,17,1.0,100%,16.29,16.29,277,2,8.14,8.14,5.43,5.43
Faux,Scythe,17,17,1.0,100%,15.12,15.12,257,3,5.04,5.04,3.78,3.78
Armure d'Obsidienne,Obsidian Battle Plate,11,17,0.65,65%,20.0,12.94,220,2,10.0,6.47,6.67,4.31
Gantelet Impérieux,Imperious Gauntlet,7,17,0.41,41%,30.0,12.35,210,1,30.0,12.35,15.0,6.17
Faux Parfaite,Perfect Scythe,13,17,0.76,76%,15.0,11.47,195,0,Gratuit,Gratuit,15.0,11.47
Hache Frénétique,Berseker Ax,11,17,0.65,65%,14.0,9.06,154,2,7.0,4.53,4.67,3.02
Lame Affutée,Sharp Blade,14,17,0.82,82%,10.93,9.0,153,3,3.64,3.0,2.73,2.25
Économe Sagesse du Trésorier,Treasurer's Wisdom,8,17,0.47,47%,17.0,8.0,136,2,8.5,4.0,5.67,2.67
Lame Insatiable,Fast Furious Blade,8,17,0.47,47%,16.0,7.53,128,2,8.0,3.77,5.33,2.51
Adrénaline Arcanique,Arcane Adrenaline,7,17,0.41,41%,16.0,6.59,112,1,16.0,6.59,8.0,3.29
Épée Obscure,Swords of Darkness,6,17,0.35,35%,17.0,6.0,102,1,17.0,6.0,8.5,3.0
Ascension Divine,Divine Ascent,4,17,0.24,24%,25.0,5.88,100,3,8.33,1.96,6.25,1.47
Aveuglement,Incapacitor,16,17,0.94,94%,6.19,5.82,99,3,2.06,1.94,1.55,1.46
Esprit de l'Écuyer,Spirit of the Squire,11,17,0.65,65%,7.64,4.94,84,3,2.55,1.65,1.91,1.24
Chasseresse d'Âmes,Huntress of Souls,4,17,0.24,24%,19.0,4.47,76,1,19.0,4.47,9.5,2.23
Faux Assoiffées,Thirsty Scythes,3,17,0.18,18%,25.0,4.41,75,3,8.33,1.47,6.25,1.1
Griffes Démoniaques,Demon Claws,4,17,0.24,24%,17.0,4.0,68,1,17.0,4.0,8.5,2.0
Marteau Collecteur,Collecting Hammer,6,17,0.35,35%,10.17,3.59,61,2,5.08,1.79,3.39,1.2
Le Marionnettiste,The Puppeteer,3,17,0.18,18%,20.0,3.53,60,2,10.0,1.76,6.67,1.18
Triple Météore,Trimeteor,2,17,0.12,12%,30.0,3.53,60,0,Gratuit,Gratuit,30.0,3.53
Parchemin Secret,Secret Scroll,3,17,0.18,18%,18.0,3.18,54,2,9.0,1.59,6.0,1.06
Enchaînement Éclair,Unstoppable Lightning,3,17,0.18,18%,18.0,3.18,54,1,18.0,3.18,9.0,1.59
Mental d'Acier,Steel Aura,3,17,0.18,18%,18.0,3.18,54,2,9.0,1.59,6.0,1.06
Œil de Lynx,Hawk's Eye,6,17,0.35,35%,8.67,3.06,52,0,Gratuit,Gratuit,8.67,3.06
Totem du Gardien,Guardian Totem,12,17,0.71,71%,3.75,2.65,45,3,1.25,0.88,0.94,0.66
Elan de Fureur,Rampage Momentum,3,17,0.18,18%,15.0,2.65,45,2,7.5,1.32,5.0,0.88
Aura Légendaire,Legend Aura,1,17,0.06,6%,40.0,2.35,40,3,13.33,0.78,10.0,0.59
Assistance Divine,Sacred Help,2,17,0.12,12%,20.0,2.35,40,2,10.0,1.18,6.67,0.78
Danse Macabre,Dance of Death,5,17,0.29,29%,8.0,2.35,40,1,8.0,2.35,4.0,1.18
Marteleur précis,Precise Hammer,2,17,0.12,12%,18.0,2.12,36,1,18.0,2.12,9.0,1.06
Être de Lumière,Being of Light,2,17,0.12,12%,18.0,2.12,36,1,18.0,2.12,9.0,1.06
Chasseur d'Âmes,Soul Hunter,2,17,0.12,12%,17.5,2.06,35,1,17.5,2.06,8.75,1.03
Sabre Versatile,Versatil Saber,3,17,0.18,18%,11.0,1.94,33,1,11.0,1.94,5.5,0.97
Armure d'Immortel,Immortal Breastplate,2,17,0.12,12%,15.0,1.76,30,1,15.0,1.76,7.5,0.88
Couronne du Roi Nain,Crown of the Dwarf King,2,17,0.12,12%,13.0,1.53,26,0,Gratuit,Gratuit,13.0,1.53
Force Divine,Divine Impetu,2,17,0.12,12%,13.0,1.53,26,0,Gratuit,Gratuit,13.0,1.53
Bâton de Conquête,Conquering Staff,1,17,0.06,6%,24.0,1.41,24,2,12.0,0.7,8.0,0.47
Épé Sainte,Holy Sword,2,17,0.12,12%,10.0,1.18,20,0,Gratuit,Gratuit,10.0,1.18
Griffes Sauvages,Wild Claw,10,17,0.59,59%,2.0,1.18,20,3,0.67,0.39,0.5,0.29
Tombeau Rocheux,Rock Tomb,2,17,0.12,12%,10.0,1.18,20,1,10.0,1.18,5.0,0.59
Esprit omniprésent,Omnipresent Spirit,1,17,0.06,6%,18.0,1.06,18,2,9.0,0.53,6.0,0.35
Esprit Guerrier,Spirit of the Warrior,1,17,0.06,6%,16.0,0.94,16,1,16.0,0.94,8.0,0.47
Soif de Sang,Thirsty Dagger,1,17,0.06,6%,15.0,0.88,15,0,Gratuit,Gratuit,15.0,0.88
Masse Colossale,Colossal Mace,1,17,0.06,6%,15.0,0.88,15,0,Gratuit,Gratuit,15.0,0.88
Explosion Arcanique,Arcane Explosive,1,17,0.06,6%,12.0,0.71,12,1,12.0,0.71,6.0,0.35
Bâton du Conquérant,Staff of Conquered Worlds,1,17,0.06,6%,11.0,0.65,11,0,Gratuit,Gratuit,11.0,0.65
Désintégrateur Magnétique,Magnetic Disintegrator,1,17,0.06,6%,11.0,0.65,11,0,Gratuit,Gratuit,11.0,0.65
Coup de Mort,Death Helper,1,17,0.06,6%,10.0,0.59,10,1,10.0,0.59,5.0,0.29
