,Nom Anglais,nb games valide,total games,ratio,%,pts moy,pts moy total,total point,cout,pts par cout moy,pts par cout total
Faux,Scythe,16,16,1.0,100%,15.06,15.06,241,3,5.02,5.02
Armure d'Obsidienne,Obsidian Battle Plate,10,16,0.62,62%,20.0,12.5,200,2,10.0,6.25
Ascension Divine,Divine Ascent,7,16,0.44,44%,25.0,10.94,175,3,8.33,3.65
Aveuglement,Incapacitor,16,16,1.0,100%,10.69,10.69,171,3,3.56,3.56
Économe Sagesse du Trésorier,Treasurer's Wisdom,7,16,0.44,44%,17.0,7.44,119,2,8.5,3.72
Esprit de l'Écuyer,Spirit of the Squire,14,16,0.88,88%,7.5,6.56,105,3,2.5,2.19
Faux Assoiffées,Thirsty Scythes,4,16,0.25,25%,25.0,6.25,100,3,8.33,2.08
Assistance Divine,Sacred Help,5,16,0.31,31%,20.0,6.25,100,2,10.0,3.12
Hache Frénétique,Berseker Ax,7,16,0.44,44%,14.0,6.12,98,2,7.0,3.06
Lame Affutée,Sharp Blade,10,16,0.62,62%,9.0,5.62,90,3,3.0,1.87
Instinct Sanguinaire,Bloody Instinct,5,16,0.31,31%,15.0,4.69,75,2,7.5,2.35
Totem du Gardien,Guardian Totem,16,16,1.0,100%,4.56,4.56,73,3,1.52,1.52
Lame Insatiable,Fast Furious Blade,4,16,0.25,25%,16.0,4.0,64,2,8.0,2.0
Chasseresse d'Âmes,Huntress of Souls,3,16,0.19,19%,19.0,3.56,57,1,19.0,3.56
Armure d'Immortel,Immortal Breastplate,4,16,0.25,25%,14.0,3.5,56,1,14.0,3.5
Sabre Versatile,Versatil Saber,5,16,0.31,31%,11.0,3.44,55,1,11.0,3.44
Griffes Démoniaques,Demon Claws,3,16,0.19,19%,17.0,3.19,51,1,17.0,3.19
Adrénaline Arcanique,Arcane Adrenaline,3,16,0.19,19%,16.0,3.0,48,1,16.0,3.0
Elan de Fureur,Rampage Momentum,3,16,0.19,19%,15.0,2.81,45,2,7.5,1.41
Le Croque-mort,The Undertaker,3,16,0.19,19%,14.0,2.62,42,1,14.0,2.62
Griffes Sauvages,Wild Claw,12,16,0.75,75%,3.0,2.25,36,3,1.0,0.75
Danse Macabre,Dance of Death,4,16,0.25,25%,8.0,2.0,32,1,8.0,2.0
Coup de Mort,Death Helper,3,16,0.19,19%,10.0,1.88,30,1,10.0,1.88
Épée Obscure,Swords of Darkness,2,16,0.12,12%,15.0,1.88,30,1,15.0,1.88
Bâton de Conquête,Conquering Staff,1,16,0.06,6%,24.0,1.5,24,2,12.0,0.75
Œil de Lynx,Hawk's Eye,3,16,0.19,19%,8.0,1.5,24,0,Gratuit,Gratuit
Glaive Vindicatif,Large Sword of Hate,1,16,0.06,6%,20.0,1.25,20,1,20.0,1.25
Le Marionnettiste,The Puppeteer,1,16,0.06,6%,20.0,1.25,20,2,10.0,0.62
Épées Jumelles,Twin Swords,2,16,0.12,12%,10.0,1.25,20,1,10.0,1.25
Épé Sainte,Holy Sword,2,16,0.12,12%,10.0,1.25,20,0,Gratuit,Gratuit
Être de Lumière,Being of Light,1,16,0.06,6%,18.0,1.12,18,1,18.0,1.12
Parchemin Secret,Secret Scroll,1,16,0.06,6%,18.0,1.12,18,2,9.0,0.56
Esprit omniprésent,Omnipresent Spirit,1,16,0.06,6%,18.0,1.12,18,2,9.0,0.56
Mental d'Acier,Steel Aura,1,16,0.06,6%,18.0,1.12,18,2,9.0,0.56
Masse de Siège,Siege Mace,1,16,0.06,6%,16.0,1.0,16,0,Gratuit,Gratuit
Lance Doublée,Dual Spear,2,16,0.12,12%,8.0,1.0,16,0,Gratuit,Gratuit
Chasseur d'Âmes,Soul Hunter,1,16,0.06,6%,15.0,0.94,15,1,15.0,0.94
Esquive Salvatrice,Evasive Protection,1,16,0.06,6%,15.0,0.94,15,0,Gratuit,Gratuit
Explosion Arcanique,Arcane Explosive,1,16,0.06,6%,12.0,0.75,12,1,12.0,0.75
Force Divine,Divine Impetu,1,16,0.06,6%,11.0,0.69,11,0,Gratuit,Gratuit
Tombeau Rocheux,Rock Tomb,1,16,0.06,6%,10.0,0.62,10,1,10.0,0.62
