,Nom Anglais,nb games valide,total games,ratio,%,pts moy,pts moy total,total point,cout,pts par cout moy,pts par cout total
Totem Équivalent,Equivalent Totem,4,4,1.0,100%,15.75,15.75,63,2,7.88,7.88
Armure d'Obsidienne,Obsidian Battle Plate,3,4,0.75,75%,20.0,15.0,60,2,10.0,7.5
Faux Parfaite,Perfect Scythe,4,4,1.0,100%,15.0,15.0,60,0,Gratuit,Gratuit
Lame Affutée,Sharp Blade,4,4,1.0,100%,13.5,13.5,54,3,4.5,4.5
Faux,Scythe,4,4,1.0,100%,13.25,13.25,53,3,4.42,4.42
Adrénaline Arcanique,Arcane Adrenaline,3,4,0.75,75%,16.0,12.0,48,1,16.0,12.0
Parchemin Secret,Secret Scroll,2,4,0.5,50%,18.0,9.0,36,2,9.0,4.5
Épée Obscure,Swords of Darkness,2,4,0.5,50%,17.0,8.5,34,1,17.0,8.5
Sabre Versatile,Versatil Saber,3,4,0.75,75%,11.0,8.25,33,1,11.0,8.25
Gantelet Impérieux,Imperious Gauntlet,1,4,0.25,25%,30.0,7.5,30,1,30.0,7.5
Elan de Fureur,Rampage Momentum,2,4,0.5,50%,15.0,7.5,30,2,7.5,3.75
Armure d'Immortel,Immortal Breastplate,2,4,0.5,50%,14.0,7.0,28,1,14.0,7.0
Hache Frénétique,Berseker Ax,2,4,0.5,50%,14.0,7.0,28,2,7.0,3.5
Esprit de l'Écuyer,Spirit of the Squire,3,4,0.75,75%,9.0,6.75,27,3,3.0,2.25
Ascension Divine,Divine Ascent,1,4,0.25,25%,25.0,6.25,25,3,8.33,2.08
Marteau Collecteur,Collecting Hammer,3,4,0.75,75%,8.0,6.0,24,2,4.0,3.0
Aveuglement,Incapacitor,3,4,0.75,75%,8.0,6.0,24,3,2.67,2.0
Le Marionnettiste,The Puppeteer,1,4,0.25,25%,20.0,5.0,20,2,10.0,2.5
Épé Sainte,Holy Sword,2,4,0.5,50%,10.0,5.0,20,0,Gratuit,Gratuit
Esprit omniprésent,Omnipresent Spirit,1,4,0.25,25%,18.0,4.5,18,2,9.0,2.25
Enchaînement Éclair,Unstoppable Lightning,1,4,0.25,25%,18.0,4.5,18,1,18.0,4.5
Économe Sagesse du Trésorier,Treasurer's Wisdom,1,4,0.25,25%,17.0,4.25,17,2,8.5,2.12
Lame Insatiable,Fast Furious Blade,1,4,0.25,25%,16.0,4.0,16,2,8.0,2.0
Danse Macabre,Dance of Death,2,4,0.5,50%,8.0,4.0,16,1,8.0,4.0
Totem du Gardien,Guardian Totem,4,4,1.0,100%,4.0,4.0,16,3,1.33,1.33
Explosion Arcanique,Arcane Explosive,1,4,0.25,25%,12.0,3.0,12,1,12.0,3.0
Force Divine,Divine Impetu,1,4,0.25,25%,11.0,2.75,11,0,Gratuit,Gratuit
Désintégrateur Magnétique,Magnetic Disintegrator,1,4,0.25,25%,11.0,2.75,11,0,Gratuit,Gratuit
Coup de Mort,Death Helper,1,4,0.25,25%,10.0,2.5,10,1,10.0,2.5
Tombeau Rocheux,Rock Tomb,1,4,0.25,25%,10.0,2.5,10,1,10.0,2.5
Œil de Lynx,Hawk's Eye,1,4,0.25,25%,8.0,2.0,8,0,Gratuit,Gratuit
Griffes Sauvages,Wild Claw,2,4,0.5,50%,1.5,0.75,3,3,0.5,0.25
