,Nom Anglais,nb games valide,total games,ratio,%,pts moy,pts moy total,total point,cout,pts par cout moy,pts par cout total,pts par cout moy+1,pts par cout total+1
Totem Équivalent,Equivalent Totem,15,15,1.0,100%,16.07,16.07,241,2,8.04,8.04,5.36,5.36
Faux,Scythe,15,15,1.0,100%,13.93,13.93,209,3,4.64,4.64,3.48,3.48
Armure d'Obsidienne,Obsidian Battle Plate,7,15,0.47,47%,20.0,9.33,140,2,10.0,4.67,6.67,3.11
Lame Affutée,Sharp Blade,12,15,0.8,80%,9.75,7.8,117,3,3.25,2.6,2.44,1.95
Hache Frénétique,Berseker Ax,8,15,0.53,53%,14.0,7.47,112,2,7.0,3.73,4.67,2.49
Adrénaline Arcanique,Arcane Adrenaline,6,15,0.4,40%,16.0,6.4,96,1,16.0,6.4,8.0,3.2
Esprit de l'Écuyer,Spirit of the Squire,11,15,0.73,73%,8.45,6.2,93,3,2.82,2.07,2.11,1.55
Épée Obscure,Swords of Darkness,5,15,0.33,33%,17.0,5.67,85,1,17.0,5.67,8.5,2.83
Aveuglement,Incapacitor,12,15,0.8,80%,7.0,5.6,84,3,2.33,1.87,1.75,1.4
Ascension Divine,Divine Ascent,3,15,0.2,20%,25.0,5.0,75,3,8.33,1.67,6.25,1.25
Faux Parfaite,Perfect Scythe,5,15,0.33,33%,15.0,5.0,75,0,Gratuit,Gratuit,15.0,5.0
Esprit omniprésent,Omnipresent Spirit,4,15,0.27,27%,18.0,4.8,72,2,9.0,2.4,6.0,1.6
Marteau Collecteur,Collecting Hammer,6,15,0.4,40%,10.5,4.2,63,2,5.25,2.1,3.5,1.4
Gantelet Impérieux,Imperious Gauntlet,2,15,0.13,13%,30.0,4.0,60,1,30.0,4.0,15.0,2.0
Économe Sagesse du Trésorier,Treasurer's Wisdom,3,15,0.2,20%,17.0,3.4,51,2,8.5,1.7,5.67,1.13
Tombeau Rocheux,Rock Tomb,5,15,0.33,33%,10.0,3.33,50,1,10.0,3.33,5.0,1.67
Faux Assoiffées,Thirsty Scythes,2,15,0.13,13%,25.0,3.33,50,3,8.33,1.11,6.25,0.83
Coup de Mort,Death Helper,4,15,0.27,27%,12.25,3.27,49,1,12.25,3.27,6.12,1.64
Lame Insatiable,Fast Furious Blade,3,15,0.2,20%,16.0,3.2,48,2,8.0,1.6,5.33,1.07
Œil de Lynx,Hawk's Eye,5,15,0.33,33%,9.2,3.07,46,0,Gratuit,Gratuit,9.2,3.07
Armure d'Immortel,Immortal Breastplate,3,15,0.2,20%,14.67,2.93,44,1,14.67,2.93,7.33,1.47
Totem du Gardien,Guardian Totem,10,15,0.67,67%,4.4,2.93,44,3,1.47,0.98,1.1,0.73
Sabre Versatile,Versatil Saber,4,15,0.27,27%,11.0,2.93,44,1,11.0,2.93,5.5,1.47
Le Marionnettiste,The Puppeteer,2,15,0.13,13%,20.0,2.67,40,2,10.0,1.33,6.67,0.89
Chasseur d'Âmes,Soul Hunter,2,15,0.13,13%,20.0,2.67,40,1,20.0,2.67,10.0,1.33
Parchemin Secret,Secret Scroll,2,15,0.13,13%,18.0,2.4,36,2,9.0,1.2,6.0,0.8
Danse Macabre,Dance of Death,4,15,0.27,27%,8.0,2.13,32,1,8.0,2.13,4.0,1.06
Elan de Fureur,Rampage Momentum,2,15,0.13,13%,15.0,2.0,30,2,7.5,1.0,5.0,0.67
Explosion Arcanique,Arcane Explosive,2,15,0.13,13%,12.0,1.6,24,1,12.0,1.6,6.0,0.8
Désintégrateur Magnétique,Magnetic Disintegrator,2,15,0.13,13%,11.0,1.47,22,0,Gratuit,Gratuit,11.0,1.47
Épé Sainte,Holy Sword,2,15,0.13,13%,10.0,1.33,20,0,Gratuit,Gratuit,10.0,1.33
Enchaînement Éclair,Unstoppable Lightning,1,15,0.07,7%,18.0,1.2,18,1,18.0,1.2,9.0,0.6
Marteleur précis,Precise Hammer,1,15,0.07,7%,18.0,1.2,18,1,18.0,1.2,9.0,0.6
Masse de Siège,Siege Mace,1,15,0.07,7%,16.0,1.07,16,0,Gratuit,Gratuit,16.0,1.07
Force Divine,Divine Impetu,1,15,0.07,7%,11.0,0.73,11,0,Gratuit,Gratuit,11.0,0.73
Griffes Sauvages,Wild Claw,5,15,0.33,33%,2.0,0.67,10,3,0.67,0.22,0.5,0.17
