,Nom Anglais,nb games valide,total games,ratio,%,pts moy,pts moy total,total point,cout,pts par cout moy,pts par cout total
Faux,Scythe,16,16,1.0,100%,15.88,15.88,254,3,5.29,5.29
Aveuglement,Incapacitor,15,16,0.94,94%,11.6,10.88,174,3,3.87,3.63
Lame Insatiable,Fast Furious Blade,9,16,0.56,56%,16.0,9.0,144,2,8.0,4.5
Armure d'Obsidienne,Obsidian Battle Plate,7,16,0.44,44%,20.0,8.75,140,2,10.0,4.38
Lame Affutée,Sharp Blade,12,16,0.75,75%,9.0,6.75,108,3,3.0,2.25
Économe Sagesse du Trésorier,Treasurer's Wisdom,6,16,0.38,38%,17.0,6.38,102,2,8.5,3.19
Ascension Divine,Divine Ascent,4,16,0.25,25%,25.0,6.25,100,3,8.33,2.08
Hache Frénétique,Berseker Ax,6,16,0.38,38%,14.0,5.25,84,2,7.0,2.62
Totem du Gardien,Guardian Totem,16,16,1.0,100%,5.06,5.06,81,3,1.69,1.69
Faux Assoiffées,Thirsty Scythes,3,16,0.19,19%,25.0,4.69,75,3,8.33,1.56
Esprit de l'Écuyer,Spirit of the Squire,11,16,0.69,69%,6.82,4.69,75,3,2.27,1.56
Adrénaline Arcanique,Arcane Adrenaline,4,16,0.25,25%,16.0,4.0,64,1,16.0,4.0
Bâton de Conquête,Conquering Staff,2,16,0.12,12%,24.0,3.0,48,2,12.0,1.5
Œil de Lynx,Hawk's Eye,6,16,0.38,38%,8.0,3.0,48,0,Gratuit,Gratuit
Épée Obscure,Swords of Darkness,3,16,0.19,19%,15.0,2.81,45,1,15.0,2.81
Elan de Fureur,Rampage Momentum,3,16,0.19,19%,15.0,2.81,45,2,7.5,1.41
Épées Jumelles,Twin Swords,3,16,0.19,19%,13.33,2.5,40,1,13.33,2.5
Danse Macabre,Dance of Death,5,16,0.31,31%,8.0,2.5,40,1,8.0,2.5
Glaive Vindicatif,Large Sword of Hate,2,16,0.12,12%,20.0,2.5,40,1,20.0,2.5
Esprit omniprésent,Omnipresent Spirit,2,16,0.12,12%,18.0,2.25,36,2,9.0,1.12
Explosion Arcanique,Arcane Explosive,3,16,0.19,19%,12.0,2.25,36,1,12.0,2.25
Instinct Sanguinaire,Bloody Instinct,2,16,0.12,12%,15.0,1.88,30,2,7.5,0.94
Triple Météore,Trimeteor,1,16,0.06,6%,30.0,1.88,30,0,Gratuit,Gratuit
Le Croque-mort,The Undertaker,2,16,0.12,12%,14.0,1.75,28,1,14.0,1.75
Griffes Sauvages,Wild Claw,11,16,0.69,69%,2.45,1.69,27,3,0.82,0.56
Désintégrateur Magnétique,Magnetic Disintegrator,2,16,0.12,12%,11.0,1.38,22,0,Gratuit,Gratuit
Tombeau Rocheux,Rock Tomb,2,16,0.12,12%,10.0,1.25,20,1,10.0,1.25
Lance Triplée,Triple Spear,1,16,0.06,6%,20.0,1.25,20,0,Gratuit,Gratuit
Pillard Féroce,Savage Looter,1,16,0.06,6%,20.0,1.25,20,1,20.0,1.25
Épé Sainte,Holy Sword,2,16,0.12,12%,10.0,1.25,20,0,Gratuit,Gratuit
Coup de Mort,Death Helper,2,16,0.12,12%,10.0,1.25,20,1,10.0,1.25
Le Traqueur,The Stalker,1,16,0.06,6%,18.0,1.12,18,3,6.0,0.37
Enchaînement Éclair,Unstoppable Lightning,1,16,0.06,6%,18.0,1.12,18,1,18.0,1.12
Chasseur d'Âmes,Soul Hunter,1,16,0.06,6%,15.0,0.94,15,1,15.0,0.94
Esquive Salvatrice,Evasive Protection,1,16,0.06,6%,15.0,0.94,15,0,Gratuit,Gratuit
Soif de Sang,Thirsty Dagger,1,16,0.06,6%,15.0,0.94,15,0,Gratuit,Gratuit
Armure d'Immortel,Immortal Breastplate,1,16,0.06,6%,14.0,0.88,14,1,14.0,0.88
Sabre Versatile,Versatil Saber,1,16,0.06,6%,11.0,0.69,11,1,11.0,0.69
Destruction Royale,Royal Destroyer,1,16,0.06,6%,11.0,0.69,11,0,Gratuit,Gratuit
Lance Doublée,Dual Spear,1,16,0.06,6%,8.0,0.5,8,0,Gratuit,Gratuit
