,Nom Anglais,nb games valide,total games,ratio,%,pts moy,pts moy total,total point,cout,pts par cout moy,pts par cout total
Faux,Scythe,11,11,1.0,100%,16.55,16.55,182,3,5.52,5.52
Armure d'Obsidienne,Obsidian Battle Plate,7,11,0.64,64%,20.0,12.73,140,2,10.0,6.37
Lame Insatiable,Fast Furious Blade,8,11,0.73,73%,16.0,11.64,128,2,8.0,5.82
Aveuglement,Incapacitor,10,11,0.91,91%,12.0,10.91,120,3,4.0,3.64
Faux Assoiffées,Thirsty Scythes,3,11,0.27,27%,25.0,6.82,75,3,8.33,2.27
Ascension Divine,Divine Ascent,3,11,0.27,27%,25.0,6.82,75,3,8.33,2.27
Économe Sagesse du Trésorier,Treasurer's Wisdom,4,11,0.36,36%,17.0,6.18,68,2,8.5,3.09
Totem du Gardien,Guardian Totem,11,11,1.0,100%,5.36,5.36,59,3,1.79,1.79
Lame Affutée,Sharp Blade,8,11,0.73,73%,6.38,4.64,51,3,2.13,1.55
Adrénaline Arcanique,Arcane Adrenaline,3,11,0.27,27%,16.0,4.36,48,1,16.0,4.36
Bâton de Conquête,Conquering Staff,2,11,0.18,18%,24.0,4.36,48,2,12.0,2.18
Esprit de l'Écuyer,Spirit of the Squire,7,11,0.64,64%,6.43,4.09,45,3,2.14,1.36
Hache Frénétique,Berseker Ax,3,11,0.27,27%,14.0,3.82,42,2,7.0,1.91
Esprit omniprésent,Omnipresent Spirit,2,11,0.18,18%,18.0,3.27,36,2,9.0,1.64
Explosion Arcanique,Arcane Explosive,3,11,0.27,27%,12.0,3.27,36,1,12.0,3.27
Œil de Lynx,Hawk's Eye,4,11,0.36,36%,8.0,2.91,32,0,Gratuit,Gratuit
Elan de Fureur,Rampage Momentum,2,11,0.18,18%,15.0,2.73,30,2,7.5,1.36
Le Croque-mort,The Undertaker,2,11,0.18,18%,14.0,2.55,28,1,14.0,2.55
Désintégrateur Magnétique,Magnetic Disintegrator,2,11,0.18,18%,11.0,2.0,22,0,Gratuit,Gratuit
Pillard Féroce,Savage Looter,1,11,0.09,9%,20.0,1.82,20,1,20.0,1.82
Épé Sainte,Holy Sword,2,11,0.18,18%,10.0,1.82,20,0,Gratuit,Gratuit
Glaive Vindicatif,Large Sword of Hate,1,11,0.09,9%,20.0,1.82,20,1,20.0,1.82
Le Traqueur,The Stalker,1,11,0.09,9%,18.0,1.64,18,3,6.0,0.55
Griffes Sauvages,Wild Claw,8,11,0.73,73%,2.25,1.64,18,3,0.75,0.55
Danse Macabre,Dance of Death,2,11,0.18,18%,8.0,1.45,16,1,8.0,1.45
Instinct Sanguinaire,Bloody Instinct,1,11,0.09,9%,15.0,1.36,15,2,7.5,0.68
Esquive Salvatrice,Evasive Protection,1,11,0.09,9%,15.0,1.36,15,0,Gratuit,Gratuit
Chasseur d'Âmes,Soul Hunter,1,11,0.09,9%,15.0,1.36,15,1,15.0,1.36
Armure d'Immortel,Immortal Breastplate,1,11,0.09,9%,14.0,1.27,14,1,14.0,1.27
Destruction Royale,Royal Destroyer,1,11,0.09,9%,11.0,1.0,11,0,Gratuit,Gratuit
Sabre Versatile,Versatil Saber,1,11,0.09,9%,11.0,1.0,11,1,11.0,1.0
Tombeau Rocheux,Rock Tomb,1,11,0.09,9%,10.0,0.91,10,1,10.0,0.91
Coup de Mort,Death Helper,1,11,0.09,9%,10.0,0.91,10,1,10.0,0.91
