,Nom Anglais,nb games valide,total games,ratio,%,pts moy,pts moy total,total point,cout,pts par cout moy,pts par cout total
Faux,Scythe,15,15,1.0,100%,15.0,15.0,225,3,5.0,5.0
Hache Frénétique,Berseker Ax,14,15,0.93,93%,14.0,13.07,196,2,7.0,6.54
Aveuglement,Incapacitor,15,15,1.0,100%,11.6,11.6,174,3,3.87,3.87
Lame Affutée,Sharp Blade,13,15,0.87,87%,12.46,10.8,162,3,4.15,3.6
Économe Sagesse du Trésorier,Treasurer's Wisdom,9,15,0.6,60%,17.0,10.2,153,2,8.5,5.1
Armure d'Obsidienne,Obsidian Battle Plate,7,15,0.47,47%,20.0,9.33,140,2,10.0,4.67
Esprit de l'Écuyer,Spirit of the Squire,13,15,0.87,87%,9.92,8.6,129,3,3.31,2.87
Adrénaline Arcanique,Arcane Adrenaline,7,15,0.47,47%,16.0,7.47,112,1,16.0,7.47
Ascension Divine,Divine Ascent,4,15,0.27,27%,25.0,6.67,100,3,8.33,2.22
Glaive Vindicatif,Large Sword of Hate,4,15,0.27,27%,20.0,5.33,80,1,20.0,5.33
Esprit omniprésent,Omnipresent Spirit,4,15,0.27,27%,18.0,4.8,72,2,9.0,2.4
Danse Macabre,Dance of Death,8,15,0.53,53%,8.0,4.27,64,1,8.0,4.27
Épée Obscure,Swords of Darkness,4,15,0.27,27%,15.0,4.0,60,1,15.0,4.0
Coup de Mort,Death Helper,6,15,0.4,40%,10.0,4.0,60,1,10.0,4.0
Le Marionnettiste,The Puppeteer,3,15,0.2,20%,20.0,4.0,60,2,10.0,2.0
Épées Jumelles,Twin Swords,4,15,0.27,27%,15.0,4.0,60,1,15.0,4.0
Sabre Versatile,Versatil Saber,5,15,0.33,33%,11.0,3.67,55,1,11.0,3.67
Faux Assoiffées,Thirsty Scythes,2,15,0.13,13%,25.0,3.33,50,3,8.33,1.11
Totem du Gardien,Guardian Totem,15,15,1.0,100%,2.73,2.73,41,3,0.91,0.91
Griffes Sauvages,Wild Claw,13,15,0.87,87%,3.08,2.67,40,3,1.03,0.89
Parchemin Secret,Secret Scroll,2,15,0.13,13%,18.0,2.4,36,2,9.0,1.2
Marteleur précis,Precise Hammer,2,15,0.13,13%,18.0,2.4,36,1,18.0,2.4
Lame Insatiable,Fast Furious Blade,2,15,0.13,13%,16.0,2.13,32,2,8.0,1.06
Chasseur d'Âmes,Soul Hunter,2,15,0.13,13%,15.0,2.0,30,1,15.0,2.0
Épé Sainte,Holy Sword,3,15,0.2,20%,10.0,2.0,30,0,Gratuit,Gratuit
Elan de Fureur,Rampage Momentum,2,15,0.13,13%,15.0,2.0,30,2,7.5,1.0
Explosion Arcanique,Arcane Explosive,2,15,0.13,13%,12.0,1.6,24,1,12.0,1.6
Bâton de Conquête,Conquering Staff,1,15,0.07,7%,24.0,1.6,24,2,12.0,0.8
Désintégrateur Magnétique,Magnetic Disintegrator,2,15,0.13,13%,11.0,1.47,22,0,Gratuit,Gratuit
Assistance Divine,Sacred Help,1,15,0.07,7%,20.0,1.33,20,2,10.0,0.67
Lance Doublée,Dual Spear,2,15,0.13,13%,8.0,1.07,16,0,Gratuit,Gratuit
Instinct Sanguinaire,Bloody Instinct,1,15,0.07,7%,15.0,1.0,15,2,7.5,0.5
Esquive Salvatrice,Evasive Protection,1,15,0.07,7%,15.0,1.0,15,0,Gratuit,Gratuit
Soif de Sang,Thirsty Dagger,1,15,0.07,7%,15.0,1.0,15,0,Gratuit,Gratuit
Bâton Élémentaire,Earthly Staff,1,15,0.07,7%,15.0,1.0,15,0,Gratuit,Gratuit
Armure d'Immortel,Immortal Breastplate,1,15,0.07,7%,14.0,0.93,14,1,14.0,0.93
Le Croque-mort,The Undertaker,1,15,0.07,7%,14.0,0.93,14,1,14.0,0.93
Destruction Royale,Royal Destroyer,1,15,0.07,7%,11.0,0.73,11,0,Gratuit,Gratuit
Amulette Omnisciente,Omnipresent Amulet,1,15,0.07,7%,11.0,0.73,11,0,Gratuit,Gratuit
Tombeau Rocheux,Rock Tomb,1,15,0.07,7%,10.0,0.67,10,1,10.0,0.67
