,Nom Anglais,nb games valide,total games,ratio,%,pts moy,pts moy total,total point,cout,pts par cout moy,pts par cout total
Ascension Divine,Divine Ascent,2,3,0.67,67%,25.0,16.67,50,3,8.33,5.56
Totem Équivalent,Equivalent Totem,3,3,1.0,100%,16.67,16.67,50,1,16.67,16.67
Faux Parfaite,Perfect Scythe,3,3,1.0,100%,15.0,15.0,45,0,Gratuit,Gratuit
Faux,Scythe,3,3,1.0,100%,15.0,15.0,45,3,5.0,5.0
Aura Légendaire,Legend Aura,1,3,0.33,33%,40.0,13.33,40,3,13.33,4.44
Économe Sagesse du Trésorier,Treasurer's Wisdom,2,3,0.67,67%,17.0,11.33,34,2,8.5,5.67
Lame Affutée,Sharp Blade,3,3,1.0,100%,11.0,11.0,33,3,3.67,3.67
Lame Insatiable,Fast Furious Blade,2,3,0.67,67%,16.0,10.67,32,2,8.0,5.33
Gantelet Impérieux,Imperious Gauntlet,1,3,0.33,33%,30.0,10.0,30,1,30.0,10.0
Faux Assoiffées,Thirsty Scythes,1,3,0.33,33%,25.0,8.33,25,3,8.33,2.78
Aveuglement,Incapacitor,3,3,1.0,100%,7.0,7.0,21,3,2.33,2.33
Armure d'Obsidienne,Obsidian Battle Plate,1,3,0.33,33%,20.0,6.67,20,2,10.0,3.33
Enchaînement Éclair,Unstoppable Lightning,1,3,0.33,33%,18.0,6.0,18,1,18.0,6.0
Parchemin Secret,Secret Scroll,1,3,0.33,33%,18.0,6.0,18,2,9.0,3.0
Être de Lumière,Being of Light,1,3,0.33,33%,18.0,6.0,18,1,18.0,6.0
Épée Obscure,Swords of Darkness,1,3,0.33,33%,17.0,5.67,17,1,17.0,5.67
Elan de Fureur,Rampage Momentum,1,3,0.33,33%,15.0,5.0,15,2,7.5,2.5
Hache Frénétique,Berseker Ax,1,3,0.33,33%,14.0,4.67,14,2,7.0,2.33
Couronne du Roi Nain,Crown of the Dwarf King,1,3,0.33,33%,13.0,4.33,13,0,Gratuit,Gratuit
Marteau Collecteur,Collecting Hammer,2,3,0.67,67%,6.0,4.0,12,2,3.0,2.0
Explosion Arcanique,Arcane Explosive,1,3,0.33,33%,12.0,4.0,12,1,12.0,4.0
Masse Colossale,Colossal Mace,1,3,0.33,33%,11.0,3.67,11,0,Gratuit,Gratuit
Totem du Gardien,Guardian Totem,3,3,1.0,100%,3.67,3.67,11,3,1.22,1.22
Désintégrateur Magnétique,Magnetic Disintegrator,1,3,0.33,33%,11.0,3.67,11,0,Gratuit,Gratuit
Tombeau Rocheux,Rock Tomb,1,3,0.33,33%,10.0,3.33,10,1,10.0,3.33
Danse Macabre,Dance of Death,1,3,0.33,33%,8.0,2.67,8,1,8.0,2.67
Esprit de l'Écuyer,Spirit of the Squire,2,3,0.67,67%,3.0,2.0,6,3,1.0,0.67
Griffes Sauvages,Wild Claw,2,3,0.67,67%,2.0,1.33,4,3,0.67,0.44
