,Nom Anglais,nb games valide,total games,ratio,%,pts moy,pts moy total,total point,cout,pts par cout moy,pts par cout total,pts par cout moy+1,pts par cout total+1
Totem Équivalent,Equivalent Totem,9,9,1.0,100%,16.89,16.89,152,2,8.45,8.45,5.63,5.63
Ascension Divine,Divine Ascent,6,9,0.67,67%,25.0,16.67,150,3,8.33,5.56,6.25,4.17
Faux,Scythe,9,9,1.0,100%,15.67,15.67,141,3,5.22,5.22,3.92,3.92
Faux Parfaite,Perfect Scythe,9,9,1.0,100%,15.0,15.0,135,0,Gratuit,Gratuit,15.0,15.0
Économe Sagesse du Trésorier,Treasurer's Wisdom,7,9,0.78,78%,17.0,13.22,119,2,8.5,6.61,5.67,4.41
Lame Affutée,Sharp Blade,9,9,1.0,100%,11.67,11.67,105,3,3.89,3.89,2.92,2.92
Faux Assoiffées,Thirsty Scythes,4,9,0.44,44%,25.0,11.11,100,3,8.33,3.7,6.25,2.78
Armure d'Obsidienne,Obsidian Battle Plate,5,9,0.56,56%,20.0,11.11,100,2,10.0,5.55,6.67,3.7
Gantelet Impérieux,Imperious Gauntlet,3,9,0.33,33%,30.0,10.0,90,1,30.0,10.0,15.0,5.0
Épée Obscure,Swords of Darkness,5,9,0.56,56%,17.0,9.44,85,1,17.0,9.44,8.5,4.72
Hache Frénétique,Berseker Ax,6,9,0.67,67%,14.0,9.33,84,2,7.0,4.67,4.67,3.11
Aura Légendaire,Legend Aura,2,9,0.22,22%,40.0,8.89,80,3,13.33,2.96,10.0,2.22
Lame Insatiable,Fast Furious Blade,5,9,0.56,56%,16.0,8.89,80,2,8.0,4.45,5.33,2.96
Parchemin Secret,Secret Scroll,4,9,0.44,44%,18.0,8.0,72,2,9.0,4.0,6.0,2.67
Aveuglement,Incapacitor,9,9,1.0,100%,7.67,7.67,69,3,2.56,2.56,1.92,1.92
Esprit de l'Écuyer,Spirit of the Squire,8,9,0.89,89%,6.75,6.0,54,3,2.25,2.0,1.69,1.5
Elan de Fureur,Rampage Momentum,3,9,0.33,33%,15.0,5.0,45,2,7.5,2.5,5.0,1.67
Assistance Divine,Sacred Help,2,9,0.22,22%,20.0,4.44,40,2,10.0,2.22,6.67,1.48
Couronne du Roi Nain,Crown of the Dwarf King,3,9,0.33,33%,13.0,4.33,39,0,Gratuit,Gratuit,13.0,4.33
Être de Lumière,Being of Light,2,9,0.22,22%,18.0,4.0,36,1,18.0,4.0,9.0,2.0
Enchaînement Éclair,Unstoppable Lightning,2,9,0.22,22%,18.0,4.0,36,1,18.0,4.0,9.0,2.0
Explosion Arcanique,Arcane Explosive,3,9,0.33,33%,12.0,4.0,36,1,12.0,4.0,6.0,2.0
Griffes Démoniaques,Demon Claws,2,9,0.22,22%,17.0,3.78,34,1,17.0,3.78,8.5,1.89
Désintégrateur Magnétique,Magnetic Disintegrator,3,9,0.33,33%,11.0,3.67,33,0,Gratuit,Gratuit,11.0,3.67
Esprit Guerrier,Spirit of the Warrior,2,9,0.22,22%,16.0,3.56,32,1,16.0,3.56,8.0,1.78
Danse Macabre,Dance of Death,4,9,0.44,44%,8.0,3.56,32,1,8.0,3.56,4.0,1.78
Totem du Gardien,Guardian Totem,9,9,1.0,100%,3.56,3.56,32,3,1.19,1.19,0.89,0.89
Triple Météore,Trimeteor,1,9,0.11,11%,30.0,3.33,30,0,Gratuit,Gratuit,30.0,3.33
Tombeau Rocheux,Rock Tomb,3,9,0.33,33%,10.0,3.33,30,1,10.0,3.33,5.0,1.67
Chasseur d'Âmes,Soul Hunter,2,9,0.22,22%,15.0,3.33,30,1,15.0,3.33,7.5,1.67
Armure d'Immortel,Immortal Breastplate,2,9,0.22,22%,14.0,3.11,28,1,14.0,3.11,7.0,1.55
Coup de Mort,Death Helper,2,9,0.22,22%,11.5,2.56,23,1,11.5,2.56,5.75,1.28
Masse Colossale,Colossal Mace,2,9,0.22,22%,11.0,2.44,22,0,Gratuit,Gratuit,11.0,2.44
Sabre Versatile,Versatil Saber,2,9,0.22,22%,11.0,2.44,22,1,11.0,2.44,5.5,1.22
Pillard Féroce,Savage Looter,1,9,0.11,11%,20.0,2.22,20,1,20.0,2.22,10.0,1.11
Épé Sainte,Holy Sword,2,9,0.22,22%,10.0,2.22,20,0,Gratuit,Gratuit,10.0,2.22
Chasseresse d'Âmes,Huntress of Souls,1,9,0.11,11%,19.0,2.11,19,1,19.0,2.11,9.5,1.05
Mental d'Acier,Steel Aura,1,9,0.11,11%,18.0,2.0,18,2,9.0,1.0,6.0,0.67
Marteau Collecteur,Collecting Hammer,3,9,0.33,33%,6.0,2.0,18,2,3.0,1.0,2.0,0.67
Adrénaline Arcanique,Arcane Adrenaline,1,9,0.11,11%,16.0,1.78,16,1,16.0,1.78,8.0,0.89
Force Divine,Divine Impetu,1,9,0.11,11%,11.0,1.22,11,0,Gratuit,Gratuit,11.0,1.22
Griffes Sauvages,Wild Claw,6,9,0.67,67%,1.67,1.11,10,3,0.56,0.37,0.42,0.28
