,Nom Anglais,nb games valide,total games,ratio,%,pts moy,pts moy total,total point,cout,pts par cout moy,pts par cout total
Faux,Scythe,15,15,1.0,100%,14.6,14.6,219,3,4.87,4.87
Lame Affutée,Sharp Blade,13,15,0.87,87%,14.31,12.4,186,3,4.77,4.13
Hache Frénétique,Berseker Ax,11,15,0.73,73%,14.0,10.27,154,2,7.0,5.13
Esprit de l'Écuyer,Spirit of the Squire,12,15,0.8,80%,10.75,8.6,129,3,3.58,2.87
Économe Sagesse du Trésorier,Treasurer's Wisdom,7,15,0.47,47%,17.0,7.93,119,2,8.5,3.96
Aveuglement,Incapacitor,14,15,0.93,93%,8.36,7.8,117,3,2.79,2.6
Adrénaline Arcanique,Arcane Adrenaline,7,15,0.47,47%,16.0,7.47,112,1,16.0,7.47
Épées Jumelles,Twin Swords,6,15,0.4,40%,18.33,7.33,110,1,18.33,7.33
Armure d'Obsidienne,Obsidian Battle Plate,5,15,0.33,33%,20.0,6.67,100,2,10.0,3.33
Ascension Divine,Divine Ascent,4,15,0.27,27%,25.0,6.67,100,3,8.33,2.22
Épée Obscure,Swords of Darkness,6,15,0.4,40%,15.0,6.0,90,1,15.0,6.0
Faux Assoiffées,Thirsty Scythes,3,15,0.2,20%,25.0,5.0,75,3,8.33,1.67
Parchemin Secret,Secret Scroll,4,15,0.27,27%,18.0,4.8,72,2,9.0,2.4
Désintégrateur Magnétique,Magnetic Disintegrator,6,15,0.4,40%,11.0,4.4,66,0,Gratuit,Gratuit
Danse Macabre,Dance of Death,8,15,0.53,53%,8.0,4.27,64,1,8.0,4.27
Totem du Gardien,Guardian Totem,15,15,1.0,100%,4.13,4.13,62,3,1.38,1.38
Le Marionnettiste,The Puppeteer,3,15,0.2,20%,20.0,4.0,60,2,10.0,2.0
Elan de Fureur,Rampage Momentum,4,15,0.27,27%,15.0,4.0,60,2,7.5,2.0
Armure d'Immortel,Immortal Breastplate,4,15,0.27,27%,14.0,3.73,56,1,14.0,3.73
Coup de Mort,Death Helper,5,15,0.33,33%,10.0,3.33,50,1,10.0,3.33
Explosion Arcanique,Arcane Explosive,4,15,0.27,27%,12.0,3.2,48,1,12.0,3.2
Destruction Royale,Royal Destroyer,4,15,0.27,27%,11.0,2.93,44,0,Gratuit,Gratuit
Le Croque-mort,The Undertaker,3,15,0.2,20%,14.0,2.8,42,1,14.0,2.8
Glaive Vindicatif,Large Sword of Hate,2,15,0.13,13%,20.0,2.67,40,1,20.0,2.67
Aura Légendaire,Legend Aura,1,15,0.07,7%,40.0,2.67,40,3,13.33,0.89
Enchaînement Éclair,Unstoppable Lightning,2,15,0.13,13%,18.0,2.4,36,1,18.0,2.4
Sabre Versatile,Versatil Saber,3,15,0.2,20%,11.0,2.2,33,1,11.0,2.2
Lame Insatiable,Fast Furious Blade,2,15,0.13,13%,16.0,2.13,32,2,8.0,1.06
Chasseur d'Âmes,Soul Hunter,2,15,0.13,13%,15.0,2.0,30,1,15.0,2.0
Triple Météore,Trimeteor,1,15,0.07,7%,30.0,2.0,30,0,Gratuit,Gratuit
Épé Sainte,Holy Sword,3,15,0.2,20%,10.0,2.0,30,0,Gratuit,Gratuit
Esquive Salvatrice,Evasive Protection,2,15,0.13,13%,15.0,2.0,30,0,Gratuit,Gratuit
Lance Doublée,Dual Spear,3,15,0.2,20%,8.0,1.6,24,0,Gratuit,Gratuit
Griffes Sauvages,Wild Claw,12,15,0.8,80%,1.92,1.53,23,3,0.64,0.51
Force Divine,Divine Impetu,2,15,0.13,13%,11.0,1.47,22,0,Gratuit,Gratuit
Lance Triplée,Triple Spear,1,15,0.07,7%,20.0,1.33,20,0,Gratuit,Gratuit
Chasseresse d'Âmes,Huntress of Souls,1,15,0.07,7%,19.0,1.27,19,1,19.0,1.27
Mental d'Acier,Steel Aura,1,15,0.07,7%,18.0,1.2,18,2,9.0,0.6
Esprit omniprésent,Omnipresent Spirit,1,15,0.07,7%,18.0,1.2,18,2,9.0,0.6
Marteleur précis,Precise Hammer,1,15,0.07,7%,18.0,1.2,18,1,18.0,1.2
Griffes Démoniaques,Demon Claws,1,15,0.07,7%,17.0,1.13,17,1,17.0,1.13
Esprit Guerrier,Spirit of the Warrior,1,15,0.07,7%,16.0,1.07,16,1,16.0,1.07
Instinct Sanguinaire,Bloody Instinct,1,15,0.07,7%,15.0,1.0,15,2,7.5,0.5
Soif de Sang,Thirsty Dagger,1,15,0.07,7%,15.0,1.0,15,0,Gratuit,Gratuit
Masse Colossale,Colossal Mace,1,15,0.07,7%,11.0,0.73,11,0,Gratuit,Gratuit
Tombeau Rocheux,Rock Tomb,1,15,0.07,7%,10.0,0.67,10,1,10.0,0.67
Œil de Lynx,Hawk's Eye,1,15,0.07,7%,8.0,0.53,8,0,Gratuit,Gratuit
