,Nom Anglais,nb games valide,total games,ratio,%,pts moy,pts moy total,total point,cout,pts par cout moy,pts par cout total
Faux,Scythe,14,14,1.0,100%,17.14,17.14,240,3,5.71,5.71
Économe Sagesse du Trésorier,Treasurer's Wisdom,12,14,0.86,86%,17.0,14.57,204,2,8.5,7.29
Armure d'Obsidienne,Obsidian Battle Plate,9,14,0.64,64%,20.0,12.86,180,2,10.0,6.43
Adrénaline Arcanique,Arcane Adrenaline,11,14,0.79,79%,16.0,12.57,176,1,16.0,12.57
Faux Assoiffées,Thirsty Scythes,7,14,0.5,50%,25.0,12.5,175,3,8.33,4.17
Hache Frénétique,Berseker Ax,12,14,0.86,86%,14.0,12.0,168,2,7.0,6.0
Aveuglement,Incapacitor,14,14,1.0,100%,10.5,10.5,147,3,3.5,3.5
Lame Insatiable,Fast Furious Blade,9,14,0.64,64%,16.0,10.29,144,2,8.0,5.14
Lame Affutée,Sharp Blade,12,14,0.86,86%,10.5,9.0,126,3,3.5,3.0
Esprit de l'Écuyer,Spirit of the Squire,14,14,1.0,100%,9.0,9.0,126,3,3.0,3.0
Ascension Divine,Divine Ascent,4,14,0.29,29%,25.0,7.14,100,3,8.33,2.38
Parchemin Secret,Secret Scroll,5,14,0.36,36%,18.0,6.43,90,2,9.0,3.21
Glaive Vindicatif,Large Sword of Hate,4,14,0.29,29%,20.0,5.71,80,1,20.0,5.71
Armure d'Immortel,Immortal Breastplate,5,14,0.36,36%,14.0,5.0,70,1,14.0,5.0
Totem du Gardien,Guardian Totem,14,14,1.0,100%,4.79,4.79,67,3,1.6,1.6
Sabre Versatile,Versatil Saber,6,14,0.43,43%,11.0,4.71,66,1,11.0,4.71
Tombeau Rocheux,Rock Tomb,6,14,0.43,43%,10.0,4.29,60,1,10.0,4.29
Griffes Sauvages,Wild Claw,13,14,0.93,93%,4.46,4.14,58,3,1.49,1.38
Marteleur précis,Precise Hammer,3,14,0.21,21%,18.0,3.86,54,1,18.0,3.86
Griffes Démoniaques,Demon Claws,3,14,0.21,21%,17.0,3.64,51,1,17.0,3.64
Explosion Arcanique,Arcane Explosive,4,14,0.29,29%,12.0,3.43,48,1,12.0,3.43
Elan de Fureur,Rampage Momentum,3,14,0.21,21%,15.0,3.21,45,2,7.5,1.6
Esquive Salvatrice,Evasive Protection,3,14,0.21,21%,15.0,3.21,45,0,Gratuit,Gratuit
Œil de Lynx,Hawk's Eye,5,14,0.36,36%,8.0,2.86,40,0,Gratuit,Gratuit
Coup de Mort,Death Helper,4,14,0.29,29%,10.0,2.86,40,1,10.0,2.86
Danse Macabre,Dance of Death,5,14,0.36,36%,8.0,2.86,40,1,8.0,2.86
Chasseresse d'Âmes,Huntress of Souls,2,14,0.14,14%,19.0,2.71,38,1,19.0,2.71
Enchaînement Éclair,Unstoppable Lightning,2,14,0.14,14%,18.0,2.57,36,1,18.0,2.57
Esprit omniprésent,Omnipresent Spirit,2,14,0.14,14%,18.0,2.57,36,2,9.0,1.28
Désintégrateur Magnétique,Magnetic Disintegrator,3,14,0.21,21%,11.0,2.36,33,0,Gratuit,Gratuit
Destruction Royale,Royal Destroyer,3,14,0.21,21%,11.0,2.36,33,0,Gratuit,Gratuit
Chasseur d'Âmes,Soul Hunter,2,14,0.14,14%,15.0,2.14,30,1,15.0,2.14
Instinct Sanguinaire,Bloody Instinct,2,14,0.14,14%,15.0,2.14,30,2,7.5,1.07
Bâton Élémentaire,Earthly Staff,2,14,0.14,14%,15.0,2.14,30,0,Gratuit,Gratuit
Couronne du Roi Nain,Crown of the Dwarf King,2,14,0.14,14%,13.0,1.86,26,0,Gratuit,Gratuit
Force Divine,Divine Impetu,2,14,0.14,14%,11.0,1.57,22,0,Gratuit,Gratuit
Masse Colossale,Colossal Mace,2,14,0.14,14%,11.0,1.57,22,0,Gratuit,Gratuit
Le Marionnettiste,The Puppeteer,1,14,0.07,7%,20.0,1.43,20,2,10.0,0.71
Pillard Féroce,Savage Looter,1,14,0.07,7%,20.0,1.43,20,1,20.0,1.43
Assistance Divine,Sacred Help,1,14,0.07,7%,20.0,1.43,20,2,10.0,0.71
Épé Sainte,Holy Sword,2,14,0.14,14%,10.0,1.43,20,0,Gratuit,Gratuit
Être de Lumière,Being of Light,1,14,0.07,7%,18.0,1.29,18,1,18.0,1.29
Épée Obscure,Swords of Darkness,1,14,0.07,7%,15.0,1.07,15,1,15.0,1.07
Le Croque-mort,The Undertaker,1,14,0.07,7%,14.0,1.0,14,1,14.0,1.0
Bâton du Conquérant,Staff of Conquered Worlds,1,14,0.07,7%,11.0,0.79,11,0,Gratuit,Gratuit
Épées Jumelles,Twin Swords,1,14,0.07,7%,10.0,0.71,10,1,10.0,0.71
