,Nom Anglais,nb games valide,total games,ratio,%,pts moy,pts moy total,total point,cout,pts par cout moy,pts par cout total,pts par cout moy+1,pts par cout total+1
Totem Équivalent,Equivalent Totem,8,8,1.0,100%,16.0,16.0,128,2,8.0,8.0,5.33,5.33
Faux,Scythe,8,8,1.0,100%,13.88,13.88,111,3,4.63,4.63,3.47,3.47
Faux Parfaite,Perfect Scythe,6,8,0.75,75%,15.0,11.25,90,0,Gratuit,Gratuit,15.0,11.25
Hache Frénétique,Berseker Ax,6,8,0.75,75%,14.0,10.5,84,2,7.0,5.25,4.67,3.5
Adrénaline Arcanique,Arcane Adrenaline,5,8,0.62,62%,16.0,10.0,80,1,16.0,10.0,8.0,5.0
Lame Affutée,Sharp Blade,5,8,0.62,62%,12.0,7.5,60,3,4.0,2.5,3.0,1.88
Marteau Collecteur,Collecting Hammer,5,8,0.62,62%,8.4,5.25,42,2,4.2,2.62,2.8,1.75
Assistance Divine,Sacred Help,2,8,0.25,25%,20.0,5.0,40,2,10.0,2.5,6.67,1.67
Totem du Gardien,Guardian Totem,8,8,1.0,100%,4.88,4.88,39,3,1.63,1.63,1.22,1.22
Aveuglement,Incapacitor,7,8,0.88,88%,5.57,4.88,39,3,1.86,1.63,1.39,1.22
Économe Sagesse du Trésorier,Treasurer's Wisdom,2,8,0.25,25%,17.0,4.25,34,2,8.5,2.12,5.67,1.42
Esprit de l'Écuyer,Spirit of the Squire,5,8,0.62,62%,6.6,4.12,33,3,2.2,1.37,1.65,1.03
Lame Insatiable,Fast Furious Blade,2,8,0.25,25%,16.0,4.0,32,2,8.0,2.0,5.33,1.33
Gantelet Impérieux,Imperious Gauntlet,1,8,0.12,12%,30.0,3.75,30,1,30.0,3.75,15.0,1.88
Armure d'Obsidienne,Obsidian Battle Plate,1,8,0.12,12%,20.0,2.5,20,2,10.0,1.25,6.67,0.83
Épée Obscure,Swords of Darkness,1,8,0.12,12%,17.0,2.12,17,1,17.0,2.12,8.5,1.06
Danse Macabre,Dance of Death,2,8,0.25,25%,8.0,2.0,16,1,8.0,2.0,4.0,1.0
Esprit Guerrier,Spirit of the Warrior,1,8,0.12,12%,16.0,2.0,16,1,16.0,2.0,8.0,1.0
Elan de Fureur,Rampage Momentum,1,8,0.12,12%,15.0,1.88,15,2,7.5,0.94,5.0,0.63
Armure d'Immortel,Immortal Breastplate,1,8,0.12,12%,14.0,1.75,14,1,14.0,1.75,7.0,0.88
Désintégrateur Magnétique,Magnetic Disintegrator,1,8,0.12,12%,11.0,1.38,11,0,Gratuit,Gratuit,11.0,1.38
Épé Sainte,Holy Sword,1,8,0.12,12%,10.0,1.25,10,0,Gratuit,Gratuit,10.0,1.25
Œil de Lynx,Hawk's Eye,1,8,0.12,12%,8.0,1.0,8,0,Gratuit,Gratuit,8.0,1.0
Griffes Sauvages,Wild Claw,3,8,0.38,38%,1.0,0.38,3,3,0.33,0.13,0.25,0.1
