,Nom Anglais,nb games valide,total games,ratio,%,pts moy,pts moy total,total point,cout,pts par cout moy,pts par cout total,pts par cout moy+1,pts par cout total+1
Totem Équivalent,Equivalent Totem,11,11,1.0,100%,16.0,16.0,176,2,8.0,8.0,5.33,5.33
Faux,Scythe,11,11,1.0,100%,13.82,13.82,152,3,4.61,4.61,3.46,3.46
Faux Parfaite,Perfect Scythe,9,11,0.82,82%,15.0,12.27,135,0,Gratuit,Gratuit,15.0,12.27
Hache Frénétique,Berseker Ax,7,11,0.64,64%,14.0,8.91,98,2,7.0,4.46,4.67,2.97
Adrénaline Arcanique,Arcane Adrenaline,6,11,0.55,55%,16.0,8.73,96,1,16.0,8.73,8.0,4.37
Gantelet Impérieux,Imperious Gauntlet,3,11,0.27,27%,30.0,8.18,90,1,30.0,8.18,15.0,4.09
Lame Affutée,Sharp Blade,8,11,0.73,73%,10.12,7.36,81,3,3.37,2.45,2.53,1.84
Aveuglement,Incapacitor,10,11,0.91,91%,7.5,6.82,75,3,2.5,2.27,1.88,1.71
Marteau Collecteur,Collecting Hammer,7,11,0.64,64%,10.0,6.36,70,2,5.0,3.18,3.33,2.12
Économe Sagesse du Trésorier,Treasurer's Wisdom,4,11,0.36,36%,17.0,6.18,68,2,8.5,3.09,5.67,2.06
Esprit de l'Écuyer,Spirit of the Squire,8,11,0.73,73%,7.88,5.73,63,3,2.63,1.91,1.97,1.43
Bâton de Conquête,Conquering Staff,2,11,0.18,18%,24.0,4.36,48,2,12.0,2.18,8.0,1.45
Totem du Gardien,Guardian Totem,9,11,0.82,82%,5.33,4.36,48,3,1.78,1.45,1.33,1.09
Assistance Divine,Sacred Help,2,11,0.18,18%,20.0,3.64,40,2,10.0,1.82,6.67,1.21
Armure d'Obsidienne,Obsidian Battle Plate,2,11,0.18,18%,20.0,3.64,40,2,10.0,1.82,6.67,1.21
Marteleur précis,Precise Hammer,2,11,0.18,18%,18.0,3.27,36,1,18.0,3.27,9.0,1.64
Désintégrateur Magnétique,Magnetic Disintegrator,3,11,0.27,27%,11.0,3.0,33,0,Gratuit,Gratuit,11.0,3.0
Esprit Guerrier,Spirit of the Warrior,2,11,0.18,18%,16.0,2.91,32,1,16.0,2.91,8.0,1.46
Lame Insatiable,Fast Furious Blade,2,11,0.18,18%,16.0,2.91,32,2,8.0,1.46,5.33,0.97
Armure d'Immortel,Immortal Breastplate,2,11,0.18,18%,15.0,2.73,30,1,15.0,2.73,7.5,1.36
Œil de Lynx,Hawk's Eye,3,11,0.27,27%,9.33,2.55,28,0,Gratuit,Gratuit,9.33,2.55
Coup de Mort,Death Helper,2,11,0.18,18%,13.0,2.36,26,1,13.0,2.36,6.5,1.18
Ascension Divine,Divine Ascent,1,11,0.09,9%,25.0,2.27,25,3,8.33,0.76,6.25,0.57
Pillard Féroce,Savage Looter,1,11,0.09,9%,20.0,1.82,20,1,20.0,1.82,10.0,0.91
Épée Obscure,Swords of Darkness,1,11,0.09,9%,17.0,1.55,17,1,17.0,1.55,8.5,0.78
Danse Macabre,Dance of Death,2,11,0.18,18%,8.0,1.45,16,1,8.0,1.45,4.0,0.72
Elan de Fureur,Rampage Momentum,1,11,0.09,9%,15.0,1.36,15,2,7.5,0.68,5.0,0.45
Masse Colossale,Colossal Mace,1,11,0.09,9%,15.0,1.36,15,0,Gratuit,Gratuit,15.0,1.36
Explosion Arcanique,Arcane Explosive,1,11,0.09,9%,12.0,1.09,12,1,12.0,1.09,6.0,0.55
Sabre Versatile,Versatil Saber,1,11,0.09,9%,11.0,1.0,11,1,11.0,1.0,5.5,0.5
Tombeau Rocheux,Rock Tomb,1,11,0.09,9%,10.0,0.91,10,1,10.0,0.91,5.0,0.46
Épé Sainte,Holy Sword,1,11,0.09,9%,10.0,0.91,10,0,Gratuit,Gratuit,10.0,0.91
Griffes Sauvages,Wild Claw,4,11,0.36,36%,1.25,0.45,5,3,0.42,0.15,0.31,0.11
