,Nom Anglais,nb games valide,total games,ratio,%,pts moy,pts moy total,total point,cout,pts par cout moy,pts par cout total,pts par cout moy+1,pts par cout total+1
Totem Équivalent,Equivalent Totem,9,9,1.0,100%,16.22,16.22,146,2,8.11,8.11,5.41,5.41
Faux,Scythe,9,9,1.0,100%,14.0,14.0,126,3,4.67,4.67,3.5,3.5
Faux Parfaite,Perfect Scythe,7,9,0.78,78%,15.0,11.67,105,0,Gratuit,Gratuit,15.0,11.67
Hache Frénétique,Berseker Ax,6,9,0.67,67%,14.0,9.33,84,2,7.0,4.67,4.67,3.11
Adrénaline Arcanique,Arcane Adrenaline,5,9,0.56,56%,16.0,8.89,80,1,16.0,8.89,8.0,4.45
Lame Affutée,Sharp Blade,6,9,0.67,67%,11.5,7.67,69,3,3.83,2.56,2.88,1.92
Marteau Collecteur,Collecting Hammer,6,9,0.67,67%,10.5,7.0,63,2,5.25,3.5,3.5,2.33
Aveuglement,Incapacitor,8,9,0.89,89%,6.75,6.0,54,3,2.25,2.0,1.69,1.5
Économe Sagesse du Trésorier,Treasurer's Wisdom,3,9,0.33,33%,17.0,5.67,51,2,8.5,2.83,5.67,1.89
Totem du Gardien,Guardian Totem,9,9,1.0,100%,5.33,5.33,48,3,1.78,1.78,1.33,1.33
Esprit de l'Écuyer,Spirit of the Squire,6,9,0.67,67%,7.5,5.0,45,3,2.5,1.67,1.88,1.25
Assistance Divine,Sacred Help,2,9,0.22,22%,20.0,4.44,40,2,10.0,2.22,6.67,1.48
Lame Insatiable,Fast Furious Blade,2,9,0.22,22%,16.0,3.56,32,2,8.0,1.78,5.33,1.19
Gantelet Impérieux,Imperious Gauntlet,1,9,0.11,11%,30.0,3.33,30,1,30.0,3.33,15.0,1.67
Ascension Divine,Divine Ascent,1,9,0.11,11%,25.0,2.78,25,3,8.33,0.93,6.25,0.69
Bâton de Conquête,Conquering Staff,1,9,0.11,11%,24.0,2.67,24,2,12.0,1.33,8.0,0.89
Désintégrateur Magnétique,Magnetic Disintegrator,2,9,0.22,22%,11.0,2.44,22,0,Gratuit,Gratuit,11.0,2.44
Armure d'Obsidienne,Obsidian Battle Plate,1,9,0.11,11%,20.0,2.22,20,2,10.0,1.11,6.67,0.74
Marteleur précis,Precise Hammer,1,9,0.11,11%,18.0,2.0,18,1,18.0,2.0,9.0,1.0
Œil de Lynx,Hawk's Eye,2,9,0.22,22%,9.0,2.0,18,0,Gratuit,Gratuit,9.0,2.0
Épée Obscure,Swords of Darkness,1,9,0.11,11%,17.0,1.89,17,1,17.0,1.89,8.5,0.94
Esprit Guerrier,Spirit of the Warrior,1,9,0.11,11%,16.0,1.78,16,1,16.0,1.78,8.0,0.89
Danse Macabre,Dance of Death,2,9,0.22,22%,8.0,1.78,16,1,8.0,1.78,4.0,0.89
Elan de Fureur,Rampage Momentum,1,9,0.11,11%,15.0,1.67,15,2,7.5,0.83,5.0,0.56
Masse Colossale,Colossal Mace,1,9,0.11,11%,15.0,1.67,15,0,Gratuit,Gratuit,15.0,1.67
Armure d'Immortel,Immortal Breastplate,1,9,0.11,11%,14.0,1.56,14,1,14.0,1.56,7.0,0.78
Coup de Mort,Death Helper,1,9,0.11,11%,13.0,1.44,13,1,13.0,1.44,6.5,0.72
Explosion Arcanique,Arcane Explosive,1,9,0.11,11%,12.0,1.33,12,1,12.0,1.33,6.0,0.67
Tombeau Rocheux,Rock Tomb,1,9,0.11,11%,10.0,1.11,10,1,10.0,1.11,5.0,0.56
Épé Sainte,Holy Sword,1,9,0.11,11%,10.0,1.11,10,0,Gratuit,Gratuit,10.0,1.11
Griffes Sauvages,Wild Claw,3,9,0.33,33%,1.0,0.33,3,3,0.33,0.11,0.25,0.08
