,Nom Anglais,nb games valide,total games,ratio,%,pts moy,pts moy total,total point,cout,pts par cout moy,pts par cout total
Faux,Scythe,15,15,1.0,100%,14.8,14.8,222,3,4.93,4.93
Armure d'Obsidienne,Obsidian Battle Plate,7,15,0.47,47%,20.0,9.33,140,2,10.0,4.67
Lame Insatiable,Fast Furious Blade,8,15,0.53,53%,16.0,8.53,128,2,8.0,4.26
Hache Frénétique,Berseker Ax,9,15,0.6,60%,14.0,8.4,126,2,7.0,4.2
Aveuglement,Incapacitor,14,15,0.93,93%,8.57,8.0,120,3,2.86,2.67
Lame Affutée,Sharp Blade,13,15,0.87,87%,8.08,7.0,105,3,2.69,2.33
Économe Sagesse du Trésorier,Treasurer's Wisdom,6,15,0.4,40%,17.0,6.8,102,2,8.5,3.4
Ascension Divine,Divine Ascent,4,15,0.27,27%,25.0,6.67,100,3,8.33,2.22
Instinct Sanguinaire,Bloody Instinct,6,15,0.4,40%,15.0,6.0,90,2,7.5,3.0
Esprit de l'Écuyer,Spirit of the Squire,12,15,0.8,80%,7.25,5.8,87,3,2.42,1.93
Adrénaline Arcanique,Arcane Adrenaline,5,15,0.33,33%,16.0,5.33,80,1,16.0,5.33
Faux Assoiffées,Thirsty Scythes,3,15,0.2,20%,25.0,5.0,75,3,8.33,1.67
Parchemin Secret,Secret Scroll,4,15,0.27,27%,18.0,4.8,72,2,9.0,2.4
Totem du Gardien,Guardian Totem,15,15,1.0,100%,4.0,4.0,60,3,1.33,1.33
Glaive Vindicatif,Large Sword of Hate,3,15,0.2,20%,20.0,4.0,60,1,20.0,4.0
Épée Obscure,Swords of Darkness,4,15,0.27,27%,15.0,4.0,60,1,15.0,4.0
Sabre Versatile,Versatil Saber,5,15,0.33,33%,11.0,3.67,55,1,11.0,3.67
Esprit omniprésent,Omnipresent Spirit,3,15,0.2,20%,18.0,3.6,54,2,9.0,1.8
Explosion Arcanique,Arcane Explosive,4,15,0.27,27%,12.0,3.2,48,1,12.0,3.2
Chasseur d'Âmes,Soul Hunter,3,15,0.2,20%,15.0,3.0,45,1,15.0,3.0
Elan de Fureur,Rampage Momentum,3,15,0.2,20%,15.0,3.0,45,2,7.5,1.5
Épées Jumelles,Twin Swords,4,15,0.27,27%,10.0,2.67,40,1,10.0,2.67
Chasseresse d'Âmes,Huntress of Souls,2,15,0.13,13%,19.0,2.53,38,1,19.0,2.53
Enchaînement Éclair,Unstoppable Lightning,2,15,0.13,13%,18.0,2.4,36,1,18.0,2.4
Griffes Démoniaques,Demon Claws,2,15,0.13,13%,17.0,2.27,34,1,17.0,2.27
Masse Colossale,Colossal Mace,3,15,0.2,20%,11.0,2.2,33,0,Gratuit,Gratuit
Danse Macabre,Dance of Death,4,15,0.27,27%,8.0,2.13,32,1,8.0,2.13
Lance Doublée,Dual Spear,4,15,0.27,27%,8.0,2.13,32,0,Gratuit,Gratuit
Coup de Mort,Death Helper,3,15,0.2,20%,10.0,2.0,30,1,10.0,2.0
Triple Météore,Trimeteor,1,15,0.07,7%,30.0,2.0,30,0,Gratuit,Gratuit
Le Croque-mort,The Undertaker,2,15,0.13,13%,14.0,1.87,28,1,14.0,1.87
Griffes Sauvages,Wild Claw,13,15,0.87,87%,2.0,1.73,26,3,0.67,0.58
Couronne du Roi Nain,Crown of the Dwarf King,2,15,0.13,13%,13.0,1.73,26,0,Gratuit,Gratuit
Lance Triplée,Triple Spear,1,15,0.07,7%,20.0,1.33,20,0,Gratuit,Gratuit
Tombeau Rocheux,Rock Tomb,2,15,0.13,13%,10.0,1.33,20,1,10.0,1.33
Marteleur précis,Precise Hammer,1,15,0.07,7%,18.0,1.2,18,1,18.0,1.2
Esquive Salvatrice,Evasive Protection,1,15,0.07,7%,15.0,1.0,15,0,Gratuit,Gratuit
Soif de Sang,Thirsty Dagger,1,15,0.07,7%,15.0,1.0,15,0,Gratuit,Gratuit
Armure d'Immortel,Immortal Breastplate,1,15,0.07,7%,14.0,0.93,14,1,14.0,0.93
Désintégrateur Magnétique,Magnetic Disintegrator,1,15,0.07,7%,11.0,0.73,11,0,Gratuit,Gratuit
Destruction Royale,Royal Destroyer,1,15,0.07,7%,11.0,0.73,11,0,Gratuit,Gratuit
Épé Sainte,Holy Sword,1,15,0.07,7%,10.0,0.67,10,0,Gratuit,Gratuit
Œil de Lynx,Hawk's Eye,1,15,0.07,7%,8.0,0.53,8,0,Gratuit,Gratuit
