,Nom Anglais,nb games valide,total games,ratio,%,pts moy,pts moy total,total point,cout,pts par cout moy,pts par cout total
Faux,Scythe,13,13,1.0,100%,14.85,14.85,193,3,4.95,4.95
Armure d'Obsidienne,Obsidian Battle Plate,6,13,0.46,46%,20.0,9.23,120,2,10.0,4.62
Lame Insatiable,Fast Furious Blade,7,13,0.54,54%,16.0,8.62,112,2,8.0,4.31
Aveuglement,Incapacitor,12,13,0.92,92%,8.25,7.62,99,3,2.75,2.54
Hache Frénétique,Berseker Ax,7,13,0.54,54%,14.0,7.54,98,2,7.0,3.77
Économe Sagesse du Trésorier,Treasurer's Wisdom,5,13,0.38,38%,17.0,6.54,85,2,8.5,3.27
Adrénaline Arcanique,Arcane Adrenaline,5,13,0.38,38%,16.0,6.15,80,1,16.0,6.15
Lame Affutée,Sharp Blade,11,13,0.85,85%,7.09,6.0,78,3,2.36,2.0
Instinct Sanguinaire,Bloody Instinct,5,13,0.38,38%,15.0,5.77,75,2,7.5,2.88
Ascension Divine,Divine Ascent,3,13,0.23,23%,25.0,5.77,75,3,8.33,1.92
Faux Assoiffées,Thirsty Scythes,3,13,0.23,23%,25.0,5.77,75,3,8.33,1.92
Esprit de l'Écuyer,Spirit of the Squire,10,13,0.77,77%,6.3,4.85,63,3,2.1,1.62
Glaive Vindicatif,Large Sword of Hate,3,13,0.23,23%,20.0,4.62,60,1,20.0,4.62
Parchemin Secret,Secret Scroll,3,13,0.23,23%,18.0,4.15,54,2,9.0,2.08
Totem du Gardien,Guardian Totem,13,13,1.0,100%,3.92,3.92,51,3,1.31,1.31
Explosion Arcanique,Arcane Explosive,4,13,0.31,31%,12.0,3.69,48,1,12.0,3.69
Épée Obscure,Swords of Darkness,3,13,0.23,23%,15.0,3.46,45,1,15.0,3.46
Sabre Versatile,Versatil Saber,4,13,0.31,31%,11.0,3.38,44,1,11.0,3.38
Chasseresse d'Âmes,Huntress of Souls,2,13,0.15,15%,19.0,2.92,38,1,19.0,2.92
Esprit omniprésent,Omnipresent Spirit,2,13,0.15,15%,18.0,2.77,36,2,9.0,1.39
Griffes Démoniaques,Demon Claws,2,13,0.15,15%,17.0,2.62,34,1,17.0,2.62
Masse Colossale,Colossal Mace,3,13,0.23,23%,11.0,2.54,33,0,Gratuit,Gratuit
Chasseur d'Âmes,Soul Hunter,2,13,0.15,15%,15.0,2.31,30,1,15.0,2.31
Elan de Fureur,Rampage Momentum,2,13,0.15,15%,15.0,2.31,30,2,7.5,1.16
Épées Jumelles,Twin Swords,3,13,0.23,23%,10.0,2.31,30,1,10.0,2.31
Triple Météore,Trimeteor,1,13,0.08,8%,30.0,2.31,30,0,Gratuit,Gratuit
Le Croque-mort,The Undertaker,2,13,0.15,15%,14.0,2.15,28,1,14.0,2.15
Couronne du Roi Nain,Crown of the Dwarf King,2,13,0.15,15%,13.0,2.0,26,0,Gratuit,Gratuit
Lance Doublée,Dual Spear,3,13,0.23,23%,8.0,1.85,24,0,Gratuit,Gratuit
Danse Macabre,Dance of Death,3,13,0.23,23%,8.0,1.85,24,1,8.0,1.85
Griffes Sauvages,Wild Claw,11,13,0.85,85%,2.09,1.77,23,3,0.7,0.59
Lance Triplée,Triple Spear,1,13,0.08,8%,20.0,1.54,20,0,Gratuit,Gratuit
Coup de Mort,Death Helper,2,13,0.15,15%,10.0,1.54,20,1,10.0,1.54
Tombeau Rocheux,Rock Tomb,2,13,0.15,15%,10.0,1.54,20,1,10.0,1.54
Enchaînement Éclair,Unstoppable Lightning,1,13,0.08,8%,18.0,1.38,18,1,18.0,1.38
Marteleur précis,Precise Hammer,1,13,0.08,8%,18.0,1.38,18,1,18.0,1.38
Esquive Salvatrice,Evasive Protection,1,13,0.08,8%,15.0,1.15,15,0,Gratuit,Gratuit
Soif de Sang,Thirsty Dagger,1,13,0.08,8%,15.0,1.15,15,0,Gratuit,Gratuit
Armure d'Immortel,Immortal Breastplate,1,13,0.08,8%,14.0,1.08,14,1,14.0,1.08
Destruction Royale,Royal Destroyer,1,13,0.08,8%,11.0,0.85,11,0,Gratuit,Gratuit
Désintégrateur Magnétique,Magnetic Disintegrator,1,13,0.08,8%,11.0,0.85,11,0,Gratuit,Gratuit
Épé Sainte,Holy Sword,1,13,0.08,8%,10.0,0.77,10,0,Gratuit,Gratuit
