,Nom Anglais,nb games valide,total games,ratio,%,pts moy,pts moy total,total point,cout,pts par cout moy,pts par cout total
Faux,Scythe,14,14,1.0,100%,14.71,14.71,206,3,4.9,4.9
Armure d'Obsidienne,Obsidian Battle Plate,6,14,0.43,43%,20.0,8.57,120,2,10.0,4.29
Lame Insatiable,Fast Furious Blade,7,14,0.5,50%,16.0,8.0,112,2,8.0,4.0
Hache Frénétique,Berseker Ax,8,14,0.57,57%,14.0,8.0,112,2,7.0,4.0
Aveuglement,Incapacitor,13,14,0.93,93%,7.85,7.29,102,3,2.62,2.43
Lame Affutée,Sharp Blade,12,14,0.86,86%,7.25,6.21,87,3,2.42,2.07
Économe Sagesse du Trésorier,Treasurer's Wisdom,5,14,0.36,36%,17.0,6.07,85,2,8.5,3.04
Adrénaline Arcanique,Arcane Adrenaline,5,14,0.36,36%,16.0,5.71,80,1,16.0,5.71
Ascension Divine,Divine Ascent,3,14,0.21,21%,25.0,5.36,75,3,8.33,1.79
Instinct Sanguinaire,Bloody Instinct,5,14,0.36,36%,15.0,5.36,75,2,7.5,2.68
Faux Assoiffées,Thirsty Scythes,3,14,0.21,21%,25.0,5.36,75,3,8.33,1.79
Esprit de l'Écuyer,Spirit of the Squire,11,14,0.79,79%,6.27,4.93,69,3,2.09,1.64
Glaive Vindicatif,Large Sword of Hate,3,14,0.21,21%,20.0,4.29,60,1,20.0,4.29
Totem du Gardien,Guardian Totem,14,14,1.0,100%,3.93,3.93,55,3,1.31,1.31
Parchemin Secret,Secret Scroll,3,14,0.21,21%,18.0,3.86,54,2,9.0,1.93
Explosion Arcanique,Arcane Explosive,4,14,0.29,29%,12.0,3.43,48,1,12.0,3.43
Épée Obscure,Swords of Darkness,3,14,0.21,21%,15.0,3.21,45,1,15.0,3.21
Sabre Versatile,Versatil Saber,4,14,0.29,29%,11.0,3.14,44,1,11.0,3.14
Chasseresse d'Âmes,Huntress of Souls,2,14,0.14,14%,19.0,2.71,38,1,19.0,2.71
Esprit omniprésent,Omnipresent Spirit,2,14,0.14,14%,18.0,2.57,36,2,9.0,1.28
Griffes Démoniaques,Demon Claws,2,14,0.14,14%,17.0,2.43,34,1,17.0,2.43
Masse Colossale,Colossal Mace,3,14,0.21,21%,11.0,2.36,33,0,Gratuit,Gratuit
Chasseur d'Âmes,Soul Hunter,2,14,0.14,14%,15.0,2.14,30,1,15.0,2.14
Elan de Fureur,Rampage Momentum,2,14,0.14,14%,15.0,2.14,30,2,7.5,1.07
Épées Jumelles,Twin Swords,3,14,0.21,21%,10.0,2.14,30,1,10.0,2.14
Triple Météore,Trimeteor,1,14,0.07,7%,30.0,2.14,30,0,Gratuit,Gratuit
Le Croque-mort,The Undertaker,2,14,0.14,14%,14.0,2.0,28,1,14.0,2.0
Couronne du Roi Nain,Crown of the Dwarf King,2,14,0.14,14%,13.0,1.86,26,0,Gratuit,Gratuit
Griffes Sauvages,Wild Claw,12,14,0.86,86%,2.0,1.71,24,3,0.67,0.57
Lance Doublée,Dual Spear,3,14,0.21,21%,8.0,1.71,24,0,Gratuit,Gratuit
Danse Macabre,Dance of Death,3,14,0.21,21%,8.0,1.71,24,1,8.0,1.71
Lance Triplée,Triple Spear,1,14,0.07,7%,20.0,1.43,20,0,Gratuit,Gratuit
Coup de Mort,Death Helper,2,14,0.14,14%,10.0,1.43,20,1,10.0,1.43
Tombeau Rocheux,Rock Tomb,2,14,0.14,14%,10.0,1.43,20,1,10.0,1.43
Enchaînement Éclair,Unstoppable Lightning,1,14,0.07,7%,18.0,1.29,18,1,18.0,1.29
Marteleur précis,Precise Hammer,1,14,0.07,7%,18.0,1.29,18,1,18.0,1.29
Esquive Salvatrice,Evasive Protection,1,14,0.07,7%,15.0,1.07,15,0,Gratuit,Gratuit
Soif de Sang,Thirsty Dagger,1,14,0.07,7%,15.0,1.07,15,0,Gratuit,Gratuit
Armure d'Immortel,Immortal Breastplate,1,14,0.07,7%,14.0,1.0,14,1,14.0,1.0
Destruction Royale,Royal Destroyer,1,14,0.07,7%,11.0,0.79,11,0,Gratuit,Gratuit
Désintégrateur Magnétique,Magnetic Disintegrator,1,14,0.07,7%,11.0,0.79,11,0,Gratuit,Gratuit
Épé Sainte,Holy Sword,1,14,0.07,7%,10.0,0.71,10,0,Gratuit,Gratuit
