,Nom Anglais,nb games valide,total games,ratio,%,pts moy,pts moy total,total point,cout,pts par cout moy,pts par cout total,pts par cout moy+1,pts par cout total+1
Totem Équivalent,Equivalent Totem,15,15,1.0,100%,16.47,16.47,247,2,8.23,8.23,5.49,5.49
Faux,Scythe,15,15,1.0,100%,15.6,15.6,234,3,5.2,5.2,3.9,3.9
Lame Affutée,Sharp Blade,11,15,0.73,73%,17.45,12.8,192,3,5.82,4.27,4.36,3.2
Hache Frénétique,Berseker Ax,12,15,0.8,80%,14.0,11.2,168,2,7.0,5.6,4.67,3.73
Faux Parfaite,Perfect Scythe,11,15,0.73,73%,15.0,11.0,165,0,Gratuit,Gratuit,15.0,11.0
Armure d'Obsidienne,Obsidian Battle Plate,8,15,0.53,53%,20.0,10.67,160,2,10.0,5.33,6.67,3.56
Économe Sagesse du Trésorier,Treasurer's Wisdom,9,15,0.6,60%,17.0,10.2,153,2,8.5,5.1,5.67,3.4
Ascension Divine,Divine Ascent,5,15,0.33,33%,25.0,8.33,125,3,8.33,2.78,6.25,2.08
Esprit de l'Écuyer,Spirit of the Squire,13,15,0.87,87%,9.46,8.2,123,3,3.15,2.73,2.37,2.05
Gantelet Impérieux,Imperious Gauntlet,4,15,0.27,27%,30.0,8.0,120,1,30.0,8.0,15.0,4.0
Adrénaline Arcanique,Arcane Adrenaline,7,15,0.47,47%,16.0,7.47,112,1,16.0,7.47,8.0,3.73
Marteau Collecteur,Collecting Hammer,8,15,0.53,53%,12.75,6.8,102,2,6.38,3.4,4.25,2.27
Enchaînement Éclair,Unstoppable Lightning,5,15,0.33,33%,18.0,6.0,90,1,18.0,6.0,9.0,3.0
Elan de Fureur,Rampage Momentum,6,15,0.4,40%,15.0,6.0,90,2,7.5,3.0,5.0,2.0
Sabre Versatile,Versatil Saber,8,15,0.53,53%,11.0,5.87,88,1,11.0,5.87,5.5,2.94
Aveuglement,Incapacitor,14,15,0.93,93%,6.21,5.8,87,3,2.07,1.93,1.55,1.45
Désintégrateur Magnétique,Magnetic Disintegrator,7,15,0.47,47%,11.0,5.13,77,0,Gratuit,Gratuit,11.0,5.13
Faux Assoiffées,Thirsty Scythes,3,15,0.2,20%,25.0,5.0,75,3,8.33,1.67,6.25,1.25
Épée Obscure,Swords of Darkness,4,15,0.27,27%,17.0,4.53,68,1,17.0,4.53,8.5,2.27
Coup de Mort,Death Helper,6,15,0.4,40%,11.0,4.4,66,1,11.0,4.4,5.5,2.2
Lame Insatiable,Fast Furious Blade,4,15,0.27,27%,16.0,4.27,64,2,8.0,2.13,5.33,1.42
Triple Météore,Trimeteor,2,15,0.13,13%,30.0,4.0,60,0,Gratuit,Gratuit,30.0,4.0
Soif de Sang,Thirsty Dagger,4,15,0.27,27%,15.0,4.0,60,0,Gratuit,Gratuit,15.0,4.0
Épé Sainte,Holy Sword,6,15,0.4,40%,10.0,4.0,60,0,Gratuit,Gratuit,10.0,4.0
Marteleur précis,Precise Hammer,3,15,0.2,20%,18.0,3.6,54,1,18.0,3.6,9.0,1.8
Explosion Arcanique,Arcane Explosive,4,15,0.27,27%,12.0,3.2,48,1,12.0,3.2,6.0,1.6
Danse Macabre,Dance of Death,6,15,0.4,40%,8.0,3.2,48,1,8.0,3.2,4.0,1.6
Totem du Gardien,Guardian Totem,10,15,0.67,67%,4.6,3.07,46,3,1.53,1.02,1.15,0.77
Aura Légendaire,Legend Aura,1,15,0.07,7%,40.0,2.67,40,3,13.33,0.89,10.0,0.67
Parchemin Secret,Secret Scroll,2,15,0.13,13%,18.0,2.4,36,2,9.0,1.2,6.0,0.8
Armure d'Immortel,Immortal Breastplate,2,15,0.13,13%,16.0,2.13,32,1,16.0,2.13,8.0,1.06
Couronne du Roi Nain,Crown of the Dwarf King,2,15,0.13,13%,13.0,1.73,26,0,Gratuit,Gratuit,13.0,1.73
Griffes Sauvages,Wild Claw,9,15,0.6,60%,2.33,1.4,21,3,0.78,0.47,0.58,0.35
Assistance Divine,Sacred Help,1,15,0.07,7%,20.0,1.33,20,2,10.0,0.67,6.67,0.44
Tombeau Rocheux,Rock Tomb,2,15,0.13,13%,10.0,1.33,20,1,10.0,1.33,5.0,0.67
Chasseur d'Âmes,Soul Hunter,1,15,0.07,7%,20.0,1.33,20,1,20.0,1.33,10.0,0.67
Chasseresse d'Âmes,Huntress of Souls,1,15,0.07,7%,19.0,1.27,19,1,19.0,1.27,9.5,0.64
Esprit omniprésent,Omnipresent Spirit,1,15,0.07,7%,18.0,1.2,18,2,9.0,0.6,6.0,0.4
Être de Lumière,Being of Light,1,15,0.07,7%,18.0,1.2,18,1,18.0,1.2,9.0,0.6
Griffes Démoniaques,Demon Claws,1,15,0.07,7%,17.0,1.13,17,1,17.0,1.13,8.5,0.56
Esprit Guerrier,Spirit of the Warrior,1,15,0.07,7%,16.0,1.07,16,1,16.0,1.07,8.0,0.54
Masse de Siège,Siege Mace,1,15,0.07,7%,16.0,1.07,16,0,Gratuit,Gratuit,16.0,1.07
Œil de Lynx,Hawk's Eye,2,15,0.13,13%,8.0,1.07,16,0,Gratuit,Gratuit,8.0,1.07
Masse Colossale,Colossal Mace,1,15,0.07,7%,15.0,1.0,15,0,Gratuit,Gratuit,15.0,1.0
Amulette Omnisciente,Omnipresent Amulet,1,15,0.07,7%,11.0,0.73,11,0,Gratuit,Gratuit,11.0,0.73
Force Divine,Divine Impetu,1,15,0.07,7%,11.0,0.73,11,0,Gratuit,Gratuit,11.0,0.73
Bâton du Conquérant,Staff of Conquered Worlds,1,15,0.07,7%,11.0,0.73,11,0,Gratuit,Gratuit,11.0,0.73
