,Nom Anglais,nb games valide,total games,ratio,%,pts moy,pts moy total,total point,cout,pts par cout moy,pts par cout total,pts par cout moy+1,pts par cout total+1
Totem Équivalent,Equivalent Totem,9,9,1.0,100%,16.56,16.56,149,2,8.28,8.28,5.52,5.52
Faux,Scythe,9,9,1.0,100%,15.89,15.89,143,3,5.3,5.3,3.97,3.97
Armure d'Obsidienne,Obsidian Battle Plate,6,9,0.67,67%,20.0,13.33,120,2,10.0,6.67,6.67,4.44
Faux Parfaite,Perfect Scythe,7,9,0.78,78%,15.0,11.67,105,0,Gratuit,Gratuit,15.0,11.67
Économe Sagesse du Trésorier,Treasurer's Wisdom,6,9,0.67,67%,17.0,11.33,102,2,8.5,5.67,5.67,3.78
Lame Affutée,Sharp Blade,7,9,0.78,78%,14.57,11.33,102,3,4.86,3.78,3.64,2.83
Ascension Divine,Divine Ascent,4,9,0.44,44%,25.0,11.11,100,3,8.33,3.7,6.25,2.78
Hache Frénétique,Berseker Ax,7,9,0.78,78%,14.0,10.89,98,2,7.0,5.45,4.67,3.63
Esprit de l'Écuyer,Spirit of the Squire,7,9,0.78,78%,12.0,9.33,84,3,4.0,3.11,3.0,2.33
Faux Assoiffées,Thirsty Scythes,3,9,0.33,33%,25.0,8.33,75,3,8.33,2.78,6.25,2.08
Sabre Versatile,Versatil Saber,6,9,0.67,67%,11.0,7.33,66,1,11.0,7.33,5.5,3.67
Adrénaline Arcanique,Arcane Adrenaline,4,9,0.44,44%,16.0,7.11,64,1,16.0,7.11,8.0,3.56
Gantelet Impérieux,Imperious Gauntlet,2,9,0.22,22%,30.0,6.67,60,1,30.0,6.67,15.0,3.33
Marteau Collecteur,Collecting Hammer,6,9,0.67,67%,10.0,6.67,60,2,5.0,3.33,3.33,2.22
Aveuglement,Incapacitor,8,9,0.89,89%,7.12,6.33,57,3,2.37,2.11,1.78,1.58
Enchaînement Éclair,Unstoppable Lightning,3,9,0.33,33%,18.0,6.0,54,1,18.0,6.0,9.0,3.0
Coup de Mort,Death Helper,5,9,0.56,56%,10.6,5.89,53,1,10.6,5.89,5.3,2.94
Explosion Arcanique,Arcane Explosive,4,9,0.44,44%,12.0,5.33,48,1,12.0,5.33,6.0,2.67
Elan de Fureur,Rampage Momentum,3,9,0.33,33%,15.0,5.0,45,2,7.5,2.5,5.0,1.67
Désintégrateur Magnétique,Magnetic Disintegrator,4,9,0.44,44%,11.0,4.89,44,0,Gratuit,Gratuit,11.0,4.89
Totem du Gardien,Guardian Totem,9,9,1.0,100%,4.56,4.56,41,3,1.52,1.52,1.14,1.14
Épée Obscure,Swords of Darkness,2,9,0.22,22%,17.0,3.78,34,1,17.0,3.78,8.5,1.89
Lame Insatiable,Fast Furious Blade,2,9,0.22,22%,16.0,3.56,32,2,8.0,1.78,5.33,1.19
Soif de Sang,Thirsty Dagger,2,9,0.22,22%,15.0,3.33,30,0,Gratuit,Gratuit,15.0,3.33
Épé Sainte,Holy Sword,3,9,0.33,33%,10.0,3.33,30,0,Gratuit,Gratuit,10.0,3.33
Couronne du Roi Nain,Crown of the Dwarf King,2,9,0.22,22%,13.0,2.89,26,0,Gratuit,Gratuit,13.0,2.89
Danse Macabre,Dance of Death,3,9,0.33,33%,8.0,2.67,24,1,8.0,2.67,4.0,1.33
Assistance Divine,Sacred Help,1,9,0.11,11%,20.0,2.22,20,2,10.0,1.11,6.67,0.74
Tombeau Rocheux,Rock Tomb,2,9,0.22,22%,10.0,2.22,20,1,10.0,2.22,5.0,1.11
Parchemin Secret,Secret Scroll,1,9,0.11,11%,18.0,2.0,18,2,9.0,1.0,6.0,0.67
Esprit omniprésent,Omnipresent Spirit,1,9,0.11,11%,18.0,2.0,18,2,9.0,1.0,6.0,0.67
Être de Lumière,Being of Light,1,9,0.11,11%,18.0,2.0,18,1,18.0,2.0,9.0,1.0
Marteleur précis,Precise Hammer,1,9,0.11,11%,18.0,2.0,18,1,18.0,2.0,9.0,1.0
Œil de Lynx,Hawk's Eye,2,9,0.22,22%,8.0,1.78,16,0,Gratuit,Gratuit,8.0,1.78
Masse de Siège,Siege Mace,1,9,0.11,11%,16.0,1.78,16,0,Gratuit,Gratuit,16.0,1.78
Griffes Sauvages,Wild Claw,5,9,0.56,56%,3.0,1.67,15,3,1.0,0.56,0.75,0.42
Masse Colossale,Colossal Mace,1,9,0.11,11%,15.0,1.67,15,0,Gratuit,Gratuit,15.0,1.67
Force Divine,Divine Impetu,1,9,0.11,11%,11.0,1.22,11,0,Gratuit,Gratuit,11.0,1.22
Amulette Omnisciente,Omnipresent Amulet,1,9,0.11,11%,11.0,1.22,11,0,Gratuit,Gratuit,11.0,1.22
Bâton du Conquérant,Staff of Conquered Worlds,1,9,0.11,11%,11.0,1.22,11,0,Gratuit,Gratuit,11.0,1.22
