,Nom Anglais,nb games valide,total games,ratio,%,pts moy,pts moy total,total point,cout,pts par cout moy,pts par cout total,pts par cout moy+1,pts par cout total+1
Gantelet Impérieux,Imperious Gauntlet,3,4,0.75,75%,30.0,22.5,90,1,30.0,22.5,15.0,11.25
Totem Équivalent,Equivalent Totem,4,4,1.0,100%,16.75,16.75,67,2,8.38,8.38,5.58,5.58
Faux,Scythe,4,4,1.0,100%,16.0,16.0,64,3,5.33,5.33,4.0,4.0
Faux Parfaite,Perfect Scythe,4,4,1.0,100%,15.0,15.0,60,0,Gratuit,Gratuit,15.0,15.0
Lame Affutée,Sharp Blade,4,4,1.0,100%,15.0,15.0,60,3,5.0,5.0,3.75,3.75
Hache Frénétique,Berseker Ax,4,4,1.0,100%,14.0,14.0,56,2,7.0,7.0,4.67,4.67
Ascension Divine,Divine Ascent,2,4,0.5,50%,25.0,12.5,50,3,8.33,4.17,6.25,3.12
Elan de Fureur,Rampage Momentum,3,4,0.75,75%,15.0,11.25,45,2,7.5,5.62,5.0,3.75
Aura Légendaire,Legend Aura,1,4,0.25,25%,40.0,10.0,40,3,13.33,3.33,10.0,2.5
Esprit de l'Écuyer,Spirit of the Squire,4,4,1.0,100%,9.0,9.0,36,3,3.0,3.0,2.25,2.25
Économe Sagesse du Trésorier,Treasurer's Wisdom,2,4,0.5,50%,17.0,8.5,34,2,8.5,4.25,5.67,2.83
Adrénaline Arcanique,Arcane Adrenaline,2,4,0.5,50%,16.0,8.0,32,1,16.0,8.0,8.0,4.0
Triple Météore,Trimeteor,1,4,0.25,25%,30.0,7.5,30,0,Gratuit,Gratuit,30.0,7.5
Faux Assoiffées,Thirsty Scythes,1,4,0.25,25%,25.0,6.25,25,3,8.33,2.08,6.25,1.56
Danse Macabre,Dance of Death,3,4,0.75,75%,8.0,6.0,24,1,8.0,6.0,4.0,3.0
Totem du Gardien,Guardian Totem,4,4,1.0,100%,5.5,5.5,22,3,1.83,1.83,1.38,1.38
Tombeau Rocheux,Rock Tomb,2,4,0.5,50%,10.0,5.0,20,1,10.0,5.0,5.0,2.5
Armure d'Obsidienne,Obsidian Battle Plate,1,4,0.25,25%,20.0,5.0,20,2,10.0,2.5,6.67,1.67
Coup de Mort,Death Helper,2,4,0.5,50%,10.0,5.0,20,1,10.0,5.0,5.0,2.5
Aveuglement,Incapacitor,3,4,0.75,75%,6.0,4.5,18,3,2.0,1.5,1.5,1.12
Marteau Collecteur,Collecting Hammer,3,4,0.75,75%,6.0,4.5,18,2,3.0,2.25,2.0,1.5
Esprit omniprésent,Omnipresent Spirit,1,4,0.25,25%,18.0,4.5,18,2,9.0,2.25,6.0,1.5
Enchaînement Éclair,Unstoppable Lightning,1,4,0.25,25%,18.0,4.5,18,1,18.0,4.5,9.0,2.25
Épée Obscure,Swords of Darkness,1,4,0.25,25%,17.0,4.25,17,1,17.0,4.25,8.5,2.12
Armure d'Immortel,Immortal Breastplate,1,4,0.25,25%,14.0,3.5,14,1,14.0,3.5,7.0,1.75
Couronne du Roi Nain,Crown of the Dwarf King,1,4,0.25,25%,13.0,3.25,13,0,Gratuit,Gratuit,13.0,3.25
Explosion Arcanique,Arcane Explosive,1,4,0.25,25%,12.0,3.0,12,1,12.0,3.0,6.0,1.5
Sabre Versatile,Versatil Saber,1,4,0.25,25%,11.0,2.75,11,1,11.0,2.75,5.5,1.38
Désintégrateur Magnétique,Magnetic Disintegrator,1,4,0.25,25%,11.0,2.75,11,0,Gratuit,Gratuit,11.0,2.75
Force Divine,Divine Impetu,1,4,0.25,25%,11.0,2.75,11,0,Gratuit,Gratuit,11.0,2.75
Masse Colossale,Colossal Mace,1,4,0.25,25%,11.0,2.75,11,0,Gratuit,Gratuit,11.0,2.75
Épé Sainte,Holy Sword,1,4,0.25,25%,10.0,2.5,10,0,Gratuit,Gratuit,10.0,2.5
Œil de Lynx,Hawk's Eye,1,4,0.25,25%,8.0,2.0,8,0,Gratuit,Gratuit,8.0,2.0
Griffes Sauvages,Wild Claw,3,4,0.75,75%,1.0,0.75,3,3,0.33,0.25,0.25,0.19
