,Nom Anglais,nb games valide,total games,ratio,%,pts moy,pts moy total,total point,cout,pts par cout moy,pts par cout total
Totem Équivalent,Equivalent Totem,2,2,1.0,100%,16.5,16.5,33,1,16.5,16.5
Faux Parfaite,Perfect Scythe,2,2,1.0,100%,15.0,15.0,30,0,Gratuit,Gratuit
Gantelet Impérieux,Imperious Gauntlet,1,2,0.5,50%,30.0,15.0,30,1,30.0,15.0
Faux,Scythe,2,2,1.0,100%,14.5,14.5,29,3,4.83,4.83
Hache Frénétique,Berseker Ax,2,2,1.0,100%,14.0,14.0,28,2,7.0,7.0
Lame Affutée,Sharp Blade,2,2,1.0,100%,13.5,13.5,27,3,4.5,4.5
Ascension Divine,Divine Ascent,1,2,0.5,50%,25.0,12.5,25,3,8.33,4.17
Esprit omniprésent,Omnipresent Spirit,1,2,0.5,50%,18.0,9.0,18,2,9.0,4.5
Esprit de l'Écuyer,Spirit of the Squire,2,2,1.0,100%,9.0,9.0,18,3,3.0,3.0
Économe Sagesse du Trésorier,Treasurer's Wisdom,1,2,0.5,50%,17.0,8.5,17,2,8.5,4.25
Adrénaline Arcanique,Arcane Adrenaline,1,2,0.5,50%,16.0,8.0,16,1,16.0,8.0
Aveuglement,Incapacitor,2,2,1.0,100%,7.5,7.5,15,3,2.5,2.5
Elan de Fureur,Rampage Momentum,1,2,0.5,50%,15.0,7.5,15,2,7.5,3.75
Couronne du Roi Nain,Crown of the Dwarf King,1,2,0.5,50%,13.0,6.5,13,0,Gratuit,Gratuit
Explosion Arcanique,Arcane Explosive,1,2,0.5,50%,12.0,6.0,12,1,12.0,6.0
Marteau Collecteur,Collecting Hammer,2,2,1.0,100%,6.0,6.0,12,2,3.0,3.0
Masse Colossale,Colossal Mace,1,2,0.5,50%,11.0,5.5,11,0,Gratuit,Gratuit
Désintégrateur Magnétique,Magnetic Disintegrator,1,2,0.5,50%,11.0,5.5,11,0,Gratuit,Gratuit
Coup de Mort,Death Helper,1,2,0.5,50%,10.0,5.0,10,1,10.0,5.0
Tombeau Rocheux,Rock Tomb,1,2,0.5,50%,10.0,5.0,10,1,10.0,5.0
Épé Sainte,Holy Sword,1,2,0.5,50%,10.0,5.0,10,0,Gratuit,Gratuit
Totem du Gardien,Guardian Totem,2,2,1.0,100%,4.5,4.5,9,3,1.5,1.5
Danse Macabre,Dance of Death,1,2,0.5,50%,8.0,4.0,8,1,8.0,4.0
Griffes Sauvages,Wild Claw,1,2,0.5,50%,1.0,0.5,1,3,0.33,0.17
