,Nom Anglais,nb games valide,total games,ratio,%,pts moy,pts moy total,total point,cout,pts par cout moy,pts par cout total,pts par cout moy+1,pts par cout total+1
Totem Équivalent,Equivalent Totem,16,16,1.0,100%,17.06,17.06,273,2,8.53,8.53,5.69,5.69
Faux,Scythe,16,16,1.0,100%,16.25,16.25,260,3,5.42,5.42,4.06,4.06
Hache Frénétique,Berseker Ax,15,16,0.94,94%,14.0,13.12,210,2,7.0,6.56,4.67,4.37
Économe Sagesse du Trésorier,Treasurer's Wisdom,12,16,0.75,75%,17.0,12.75,204,2,8.5,6.38,5.67,4.25
Ascension Divine,Divine Ascent,8,16,0.5,50%,25.0,12.5,200,3,8.33,4.17,6.25,3.12
Lame Affutée,Sharp Blade,14,16,0.88,88%,12.86,11.25,180,3,4.29,3.75,3.21,2.81
Gantelet Impérieux,Imperious Gauntlet,6,16,0.38,38%,30.0,11.25,180,1,30.0,11.25,15.0,5.62
Faux Parfaite,Perfect Scythe,11,16,0.69,69%,15.0,10.31,165,0,Gratuit,Gratuit,15.0,10.31
Adrénaline Arcanique,Arcane Adrenaline,10,16,0.62,62%,16.0,10.0,160,1,16.0,10.0,8.0,5.0
Armure d'Obsidienne,Obsidian Battle Plate,8,16,0.5,50%,20.0,10.0,160,2,10.0,5.0,6.67,3.33
Faux Assoiffées,Thirsty Scythes,6,16,0.38,38%,25.0,9.38,150,3,8.33,3.13,6.25,2.35
Esprit de l'Écuyer,Spirit of the Squire,16,16,1.0,100%,7.31,7.31,117,3,2.44,2.44,1.83,1.83
Marteau Collecteur,Collecting Hammer,8,16,0.5,50%,13.0,6.5,104,2,6.5,3.25,4.33,2.17
Aveuglement,Incapacitor,15,16,0.94,94%,6.8,6.38,102,3,2.27,2.13,1.7,1.59
Armure d'Immortel,Immortal Breastplate,6,16,0.38,38%,15.33,5.75,92,1,15.33,5.75,7.67,2.88
Épée Obscure,Swords of Darkness,5,16,0.31,31%,17.0,5.31,85,1,17.0,5.31,8.5,2.65
Elan de Fureur,Rampage Momentum,5,16,0.31,31%,15.0,4.69,75,2,7.5,2.35,5.0,1.56
Sabre Versatile,Versatil Saber,6,16,0.38,38%,11.0,4.12,66,1,11.0,4.12,5.5,2.06
Danse Macabre,Dance of Death,8,16,0.5,50%,8.0,4.0,64,1,8.0,4.0,4.0,2.0
Œil de Lynx,Hawk's Eye,7,16,0.44,44%,8.86,3.88,62,0,Gratuit,Gratuit,8.86,3.88
Totem du Gardien,Guardian Totem,11,16,0.69,69%,5.45,3.75,60,3,1.82,1.25,1.36,0.94
Triple Météore,Trimeteor,2,16,0.12,12%,30.0,3.75,60,0,Gratuit,Gratuit,30.0,3.75
Coup de Mort,Death Helper,5,16,0.31,31%,11.8,3.69,59,1,11.8,3.69,5.9,1.84
Chasseur d'Âmes,Soul Hunter,3,16,0.19,19%,18.33,3.44,55,1,18.33,3.44,9.16,1.72
Esprit omniprésent,Omnipresent Spirit,3,16,0.19,19%,18.0,3.38,54,2,9.0,1.69,6.0,1.13
Tombeau Rocheux,Rock Tomb,5,16,0.31,31%,10.0,3.12,50,1,10.0,3.12,5.0,1.56
Explosion Arcanique,Arcane Explosive,4,16,0.25,25%,12.0,3.0,48,1,12.0,3.0,6.0,1.5
Aura Légendaire,Legend Aura,1,16,0.06,6%,40.0,2.5,40,3,13.33,0.83,10.0,0.62
Couronne du Roi Nain,Crown of the Dwarf King,3,16,0.19,19%,13.0,2.44,39,0,Gratuit,Gratuit,13.0,2.44
Chasseresse d'Âmes,Huntress of Souls,2,16,0.12,12%,19.0,2.38,38,1,19.0,2.38,9.5,1.19
Masse Colossale,Colossal Mace,3,16,0.19,19%,12.33,2.31,37,0,Gratuit,Gratuit,12.33,2.31
Force Divine,Divine Impetu,3,16,0.19,19%,12.33,2.31,37,0,Gratuit,Gratuit,12.33,2.31
Parchemin Secret,Secret Scroll,2,16,0.12,12%,18.0,2.25,36,2,9.0,1.12,6.0,0.75
Enchaînement Éclair,Unstoppable Lightning,2,16,0.12,12%,18.0,2.25,36,1,18.0,2.25,9.0,1.12
Griffes Démoniaques,Demon Claws,2,16,0.12,12%,17.0,2.12,34,1,17.0,2.12,8.5,1.06
Désintégrateur Magnétique,Magnetic Disintegrator,3,16,0.19,19%,11.0,2.06,33,0,Gratuit,Gratuit,11.0,2.06
Lame Insatiable,Fast Furious Blade,2,16,0.12,12%,16.0,2.0,32,2,8.0,1.0,5.33,0.67
Soif de Sang,Thirsty Dagger,2,16,0.12,12%,15.0,1.88,30,0,Gratuit,Gratuit,15.0,1.88
Le Marionnettiste,The Puppeteer,1,16,0.06,6%,20.0,1.25,20,2,10.0,0.62,6.67,0.42
Assistance Divine,Sacred Help,1,16,0.06,6%,20.0,1.25,20,2,10.0,0.62,6.67,0.42
Épé Sainte,Holy Sword,2,16,0.12,12%,10.0,1.25,20,0,Gratuit,Gratuit,10.0,1.25
Marteleur précis,Precise Hammer,1,16,0.06,6%,18.0,1.12,18,1,18.0,1.12,9.0,0.56
Masse de Siège,Siege Mace,1,16,0.06,6%,16.0,1.0,16,0,Gratuit,Gratuit,16.0,1.0
Griffes Sauvages,Wild Claw,9,16,0.56,56%,1.44,0.81,13,3,0.48,0.27,0.36,0.2
