,Nom Anglais,nb games valide,total games,ratio,%,pts moy,pts moy total,total point,cout,pts par cout moy,pts par cout total,pts par cout moy+1,pts par cout total+1
Totem Équivalent,Equivalent Totem,16,16,1.0,100%,15.75,15.75,252,2,7.88,7.88,5.25,5.25
Faux,Scythe,16,16,1.0,100%,13.0,13.0,208,3,4.33,4.33,3.25,3.25
Armure d'Obsidienne,Obsidian Battle Plate,9,16,0.56,56%,20.0,11.25,180,2,10.0,5.62,6.67,3.75
Lame Affutée,Sharp Blade,13,16,0.81,81%,7.38,6.0,96,3,2.46,2.0,1.84,1.5
Économe Sagesse du Trésorier,Treasurer's Wisdom,5,16,0.31,31%,17.0,5.31,85,2,8.5,2.65,5.67,1.77
Hache Frénétique,Berseker Ax,6,16,0.38,38%,14.0,5.25,84,2,7.0,2.62,4.67,1.75
Esprit de l'Écuyer,Spirit of the Squire,11,16,0.69,69%,7.09,4.88,78,3,2.36,1.63,1.77,1.22
Ascension Divine,Divine Ascent,3,16,0.19,19%,25.0,4.69,75,3,8.33,1.56,6.25,1.17
Aveuglement,Incapacitor,13,16,0.81,81%,5.77,4.69,75,3,1.92,1.56,1.44,1.17
Chasseur d'Âmes,Soul Hunter,4,16,0.25,25%,16.25,4.06,65,1,16.25,4.06,8.12,2.03
Marteau Collecteur,Collecting Hammer,6,16,0.38,38%,10.5,3.94,63,2,5.25,1.97,3.5,1.31
Assistance Divine,Sacred Help,3,16,0.19,19%,20.0,3.75,60,2,10.0,1.88,6.67,1.25
Le Marionnettiste,The Puppeteer,3,16,0.19,19%,20.0,3.75,60,2,10.0,1.88,6.67,1.25
Totem du Gardien,Guardian Totem,11,16,0.69,69%,4.45,3.06,49,3,1.48,1.02,1.11,0.77
Armure d'Immortel,Immortal Breastplate,3,16,0.19,19%,15.33,2.88,46,1,15.33,2.88,7.67,1.44
Marteleur précis,Precise Hammer,2,16,0.12,12%,18.0,2.25,36,1,18.0,2.25,9.0,1.12
Mental d'Acier,Steel Aura,2,16,0.12,12%,18.0,2.25,36,2,9.0,1.12,6.0,0.75
Explosion Arcanique,Arcane Explosive,3,16,0.19,19%,12.0,2.25,36,1,12.0,2.25,6.0,1.12
Œil de Lynx,Hawk's Eye,4,16,0.25,25%,9.0,2.25,36,0,Gratuit,Gratuit,9.0,2.25
Faux Parfaite,Perfect Scythe,2,16,0.12,12%,15.0,1.88,30,0,Gratuit,Gratuit,15.0,1.88
Coup de Mort,Death Helper,2,16,0.12,12%,11.5,1.44,23,1,11.5,1.44,5.75,0.72
Sabre Versatile,Versatil Saber,2,16,0.12,12%,11.0,1.38,22,1,11.0,1.38,5.5,0.69
Être de Lumière,Being of Light,1,16,0.06,6%,18.0,1.12,18,1,18.0,1.12,9.0,0.56
Parchemin Secret,Secret Scroll,1,16,0.06,6%,18.0,1.12,18,2,9.0,0.56,6.0,0.37
Épée Obscure,Swords of Darkness,1,16,0.06,6%,17.0,1.06,17,1,17.0,1.06,8.5,0.53
Adrénaline Arcanique,Arcane Adrenaline,1,16,0.06,6%,16.0,1.0,16,1,16.0,1.0,8.0,0.5
Danse Macabre,Dance of Death,2,16,0.12,12%,8.0,1.0,16,1,8.0,1.0,4.0,0.5
Lame Insatiable,Fast Furious Blade,1,16,0.06,6%,16.0,1.0,16,2,8.0,0.5,5.33,0.33
Elan de Fureur,Rampage Momentum,1,16,0.06,6%,15.0,0.94,15,2,7.5,0.47,5.0,0.31
Amulette Omnisciente,Omnipresent Amulet,1,16,0.06,6%,15.0,0.94,15,0,Gratuit,Gratuit,15.0,0.94
Couronne du Roi Nain,Crown of the Dwarf King,1,16,0.06,6%,13.0,0.81,13,0,Gratuit,Gratuit,13.0,0.81
Force Divine,Divine Impetu,1,16,0.06,6%,11.0,0.69,11,0,Gratuit,Gratuit,11.0,0.69
Tombeau Rocheux,Rock Tomb,1,16,0.06,6%,10.0,0.62,10,1,10.0,0.62,5.0,0.31
Griffes Sauvages,Wild Claw,5,16,0.31,31%,1.6,0.5,8,3,0.53,0.17,0.4,0.12
