,Nom Anglais,nb games valide,total games,ratio,%,pts moy,pts moy total,total point,cout,pts par cout moy,pts par cout total,pts par cout moy+1,pts par cout total+1
Totem Équivalent,Equivalent Totem,9,9,1.0,100%,15.78,15.78,142,2,7.89,7.89,5.26,5.26
Faux,Scythe,9,9,1.0,100%,13.44,13.44,121,3,4.48,4.48,3.36,3.36
Armure d'Obsidienne,Obsidian Battle Plate,5,9,0.56,56%,20.0,11.11,100,2,10.0,5.55,6.67,3.7
Lame Affutée,Sharp Blade,7,9,0.78,78%,8.14,6.33,57,3,2.71,2.11,2.04,1.58
Économe Sagesse du Trésorier,Treasurer's Wisdom,3,9,0.33,33%,17.0,5.67,51,2,8.5,2.83,5.67,1.89
Chasseur d'Âmes,Soul Hunter,3,9,0.33,33%,15.0,5.0,45,1,15.0,5.0,7.5,2.5
Aveuglement,Incapacitor,7,9,0.78,78%,6.0,4.67,42,3,2.0,1.56,1.5,1.17
Marteau Collecteur,Collecting Hammer,4,9,0.44,44%,10.5,4.67,42,2,5.25,2.33,3.5,1.56
Hache Frénétique,Berseker Ax,3,9,0.33,33%,14.0,4.67,42,2,7.0,2.33,4.67,1.56
Totem du Gardien,Guardian Totem,9,9,1.0,100%,4.44,4.44,40,3,1.48,1.48,1.11,1.11
Esprit de l'Écuyer,Spirit of the Squire,5,9,0.56,56%,7.8,4.33,39,3,2.6,1.44,1.95,1.08
Marteleur précis,Precise Hammer,2,9,0.22,22%,18.0,4.0,36,1,18.0,4.0,9.0,2.0
Faux Parfaite,Perfect Scythe,2,9,0.22,22%,15.0,3.33,30,0,Gratuit,Gratuit,15.0,3.33
Ascension Divine,Divine Ascent,1,9,0.11,11%,25.0,2.78,25,3,8.33,0.93,6.25,0.69
Sabre Versatile,Versatil Saber,2,9,0.22,22%,11.0,2.44,22,1,11.0,2.44,5.5,1.22
Assistance Divine,Sacred Help,1,9,0.11,11%,20.0,2.22,20,2,10.0,1.11,6.67,0.74
Le Marionnettiste,The Puppeteer,1,9,0.11,11%,20.0,2.22,20,2,10.0,1.11,6.67,0.74
Être de Lumière,Being of Light,1,9,0.11,11%,18.0,2.0,18,1,18.0,2.0,9.0,1.0
Mental d'Acier,Steel Aura,1,9,0.11,11%,18.0,2.0,18,2,9.0,1.0,6.0,0.67
Parchemin Secret,Secret Scroll,1,9,0.11,11%,18.0,2.0,18,2,9.0,1.0,6.0,0.67
Lame Insatiable,Fast Furious Blade,1,9,0.11,11%,16.0,1.78,16,2,8.0,0.89,5.33,0.59
Œil de Lynx,Hawk's Eye,2,9,0.22,22%,8.0,1.78,16,0,Gratuit,Gratuit,8.0,1.78
Elan de Fureur,Rampage Momentum,1,9,0.11,11%,15.0,1.67,15,2,7.5,0.83,5.0,0.56
Armure d'Immortel,Immortal Breastplate,1,9,0.11,11%,14.0,1.56,14,1,14.0,1.56,7.0,0.78
Couronne du Roi Nain,Crown of the Dwarf King,1,9,0.11,11%,13.0,1.44,13,0,Gratuit,Gratuit,13.0,1.44
Explosion Arcanique,Arcane Explosive,1,9,0.11,11%,12.0,1.33,12,1,12.0,1.33,6.0,0.67
Force Divine,Divine Impetu,1,9,0.11,11%,11.0,1.22,11,0,Gratuit,Gratuit,11.0,1.22
Tombeau Rocheux,Rock Tomb,1,9,0.11,11%,10.0,1.11,10,1,10.0,1.11,5.0,0.56
Coup de Mort,Death Helper,1,9,0.11,11%,10.0,1.11,10,1,10.0,1.11,5.0,0.56
Danse Macabre,Dance of Death,1,9,0.11,11%,8.0,0.89,8,1,8.0,0.89,4.0,0.45
Griffes Sauvages,Wild Claw,4,9,0.44,44%,1.5,0.67,6,3,0.5,0.22,0.38,0.17
