,Nom Anglais,nb games valide,total games,ratio,%,pts moy,pts moy total,total point,cout,pts par cout moy,pts par cout total,pts par cout moy+1,pts par cout total+1
Totem Équivalent,Equivalent Totem,6,6,1.0,100%,15.67,15.67,94,2,7.83,7.83,5.22,5.22
Armure d'Obsidienne,Obsidian Battle Plate,4,6,0.67,67%,20.0,13.33,80,2,10.0,6.67,6.67,4.44
Faux,Scythe,6,6,1.0,100%,13.17,13.17,79,3,4.39,4.39,3.29,3.29
Marteau Collecteur,Collecting Hammer,4,6,0.67,67%,10.5,7.0,42,2,5.25,3.5,3.5,2.33
Lame Affutée,Sharp Blade,5,6,0.83,83%,7.8,6.5,39,3,2.6,2.17,1.95,1.62
Marteleur précis,Precise Hammer,2,6,0.33,33%,18.0,6.0,36,1,18.0,6.0,9.0,3.0
Économe Sagesse du Trésorier,Treasurer's Wisdom,2,6,0.33,33%,17.0,5.67,34,2,8.5,2.83,5.67,1.89
Chasseur d'Âmes,Soul Hunter,2,6,0.33,33%,15.0,5.0,30,1,15.0,5.0,7.5,2.5
Hache Frénétique,Berseker Ax,2,6,0.33,33%,14.0,4.67,28,2,7.0,2.33,4.67,1.56
Esprit de l'Écuyer,Spirit of the Squire,3,6,0.5,50%,9.0,4.5,27,3,3.0,1.5,2.25,1.12
Ascension Divine,Divine Ascent,1,6,0.17,17%,25.0,4.17,25,3,8.33,1.39,6.25,1.04
Totem du Gardien,Guardian Totem,6,6,1.0,100%,4.17,4.17,25,3,1.39,1.39,1.04,1.04
Aveuglement,Incapacitor,4,6,0.67,67%,6.0,4.0,24,3,2.0,1.33,1.5,1.0
Sabre Versatile,Versatil Saber,2,6,0.33,33%,11.0,3.67,22,1,11.0,3.67,5.5,1.83
Le Marionnettiste,The Puppeteer,1,6,0.17,17%,20.0,3.33,20,2,10.0,1.67,6.67,1.11
Assistance Divine,Sacred Help,1,6,0.17,17%,20.0,3.33,20,2,10.0,1.67,6.67,1.11
Parchemin Secret,Secret Scroll,1,6,0.17,17%,18.0,3.0,18,2,9.0,1.5,6.0,1.0
Être de Lumière,Being of Light,1,6,0.17,17%,18.0,3.0,18,1,18.0,3.0,9.0,1.5
Lame Insatiable,Fast Furious Blade,1,6,0.17,17%,16.0,2.67,16,2,8.0,1.33,5.33,0.89
Faux Parfaite,Perfect Scythe,1,6,0.17,17%,15.0,2.5,15,0,Gratuit,Gratuit,15.0,2.5
Elan de Fureur,Rampage Momentum,1,6,0.17,17%,15.0,2.5,15,2,7.5,1.25,5.0,0.83
Armure d'Immortel,Immortal Breastplate,1,6,0.17,17%,14.0,2.33,14,1,14.0,2.33,7.0,1.17
Couronne du Roi Nain,Crown of the Dwarf King,1,6,0.17,17%,13.0,2.17,13,0,Gratuit,Gratuit,13.0,2.17
Explosion Arcanique,Arcane Explosive,1,6,0.17,17%,12.0,2.0,12,1,12.0,2.0,6.0,1.0
Force Divine,Divine Impetu,1,6,0.17,17%,11.0,1.83,11,0,Gratuit,Gratuit,11.0,1.83
Tombeau Rocheux,Rock Tomb,1,6,0.17,17%,10.0,1.67,10,1,10.0,1.67,5.0,0.83
Coup de Mort,Death Helper,1,6,0.17,17%,10.0,1.67,10,1,10.0,1.67,5.0,0.83
Danse Macabre,Dance of Death,1,6,0.17,17%,8.0,1.33,8,1,8.0,1.33,4.0,0.67
Œil de Lynx,Hawk's Eye,1,6,0.17,17%,8.0,1.33,8,0,Gratuit,Gratuit,8.0,1.33
Griffes Sauvages,Wild Claw,2,6,0.33,33%,1.5,0.5,3,3,0.5,0.17,0.38,0.12
