,Nom Anglais,nb games valide,total games,ratio,%,pts moy,pts moy total,total point,cout,pts par cout moy,pts par cout total,pts par cout moy+1,pts par cout total+1
Totem Équivalent,Equivalent Totem,11,11,1.0,100%,15.91,15.91,175,2,7.96,7.96,5.3,5.3
Faux,Scythe,11,11,1.0,100%,13.36,13.36,147,3,4.45,4.45,3.34,3.34
Armure d'Obsidienne,Obsidian Battle Plate,6,11,0.55,55%,20.0,10.91,120,2,10.0,5.46,6.67,3.64
Économe Sagesse du Trésorier,Treasurer's Wisdom,4,11,0.36,36%,17.0,6.18,68,2,8.5,3.09,5.67,2.06
Lame Affutée,Sharp Blade,9,11,0.82,82%,7.33,6.0,66,3,2.44,2.0,1.83,1.5
Marteau Collecteur,Collecting Hammer,6,11,0.55,55%,10.5,5.73,63,2,5.25,2.87,3.5,1.91
Aveuglement,Incapacitor,9,11,0.82,82%,6.33,5.18,57,3,2.11,1.73,1.58,1.29
Hache Frénétique,Berseker Ax,4,11,0.36,36%,14.0,5.09,56,2,7.0,2.54,4.67,1.7
Esprit de l'Écuyer,Spirit of the Squire,7,11,0.64,64%,7.71,4.91,54,3,2.57,1.64,1.93,1.23
Ascension Divine,Divine Ascent,2,11,0.18,18%,25.0,4.55,50,3,8.33,1.52,6.25,1.14
Totem du Gardien,Guardian Totem,11,11,1.0,100%,4.45,4.45,49,3,1.48,1.48,1.11,1.11
Chasseur d'Âmes,Soul Hunter,3,11,0.27,27%,15.0,4.09,45,1,15.0,4.09,7.5,2.04
Assistance Divine,Sacred Help,2,11,0.18,18%,20.0,3.64,40,2,10.0,1.82,6.67,1.21
Marteleur précis,Precise Hammer,2,11,0.18,18%,18.0,3.27,36,1,18.0,3.27,9.0,1.64
Armure d'Immortel,Immortal Breastplate,2,11,0.18,18%,15.0,2.73,30,1,15.0,2.73,7.5,1.36
Faux Parfaite,Perfect Scythe,2,11,0.18,18%,15.0,2.73,30,0,Gratuit,Gratuit,15.0,2.73
Œil de Lynx,Hawk's Eye,3,11,0.27,27%,8.67,2.36,26,0,Gratuit,Gratuit,8.67,2.36
Explosion Arcanique,Arcane Explosive,2,11,0.18,18%,12.0,2.18,24,1,12.0,2.18,6.0,1.09
Sabre Versatile,Versatil Saber,2,11,0.18,18%,11.0,2.0,22,1,11.0,2.0,5.5,1.0
Le Marionnettiste,The Puppeteer,1,11,0.09,9%,20.0,1.82,20,2,10.0,0.91,6.67,0.61
Être de Lumière,Being of Light,1,11,0.09,9%,18.0,1.64,18,1,18.0,1.64,9.0,0.82
Parchemin Secret,Secret Scroll,1,11,0.09,9%,18.0,1.64,18,2,9.0,0.82,6.0,0.55
Mental d'Acier,Steel Aura,1,11,0.09,9%,18.0,1.64,18,2,9.0,0.82,6.0,0.55
Lame Insatiable,Fast Furious Blade,1,11,0.09,9%,16.0,1.45,16,2,8.0,0.72,5.33,0.48
Elan de Fureur,Rampage Momentum,1,11,0.09,9%,15.0,1.36,15,2,7.5,0.68,5.0,0.45
Amulette Omnisciente,Omnipresent Amulet,1,11,0.09,9%,15.0,1.36,15,0,Gratuit,Gratuit,15.0,1.36
Couronne du Roi Nain,Crown of the Dwarf King,1,11,0.09,9%,13.0,1.18,13,0,Gratuit,Gratuit,13.0,1.18
Force Divine,Divine Impetu,1,11,0.09,9%,11.0,1.0,11,0,Gratuit,Gratuit,11.0,1.0
Tombeau Rocheux,Rock Tomb,1,11,0.09,9%,10.0,0.91,10,1,10.0,0.91,5.0,0.46
Coup de Mort,Death Helper,1,11,0.09,9%,10.0,0.91,10,1,10.0,0.91,5.0,0.46
Danse Macabre,Dance of Death,1,11,0.09,9%,8.0,0.73,8,1,8.0,0.73,4.0,0.36
Griffes Sauvages,Wild Claw,4,11,0.36,36%,1.5,0.55,6,3,0.5,0.18,0.38,0.14
