,Nom Anglais,nb games valide,total games,ratio,%,pts moy,pts moy total,total point,cout,pts par cout moy,pts par cout total
Ascension Divine,Divine Ascent,4,5,0.8,80%,25.0,20.0,100,3,8.33,6.67
Faux,Scythe,5,5,1.0,100%,17.2,17.2,86,3,5.73,5.73
Totem Équivalent,Equivalent Totem,5,5,1.0,100%,17.0,17.0,85,2,8.5,8.5
Économe Sagesse du Trésorier,Treasurer's Wisdom,4,5,0.8,80%,17.0,13.6,68,2,8.5,6.8
Assistance Divine,Sacred Help,3,5,0.6,60%,20.0,12.0,60,2,10.0,6.0
Hache Frénétique,Berseker Ax,4,5,0.8,80%,14.0,11.2,56,2,7.0,5.6
Faux Assoiffées,Thirsty Scythes,2,5,0.4,40%,25.0,10.0,50,3,8.33,3.33
Être de Lumière,Being of Light,2,5,0.4,40%,18.0,7.2,36,1,18.0,7.2
Lame Affutée,Sharp Blade,3,5,0.6,60%,12.0,7.2,36,3,4.0,2.4
Faux Parfaite,Perfect Scythe,2,5,0.4,40%,15.0,6.0,30,0,Gratuit,Gratuit
Gantelet Impérieux,Imperious Gauntlet,1,5,0.2,20%,30.0,6.0,30,1,30.0,6.0
Aveuglement,Incapacitor,4,5,0.8,80%,7.5,6.0,30,3,2.5,2.0
Totem du Gardien,Guardian Totem,5,5,1.0,100%,5.4,5.4,27,3,1.8,1.8
Explosion Arcanique,Arcane Explosive,2,5,0.4,40%,12.0,4.8,24,1,12.0,4.8
Tombeau Rocheux,Rock Tomb,2,5,0.4,40%,10.0,4.0,20,1,10.0,4.0
Enchaînement Éclair,Unstoppable Lightning,1,5,0.2,20%,18.0,3.6,18,1,18.0,3.6
Marteleur précis,Precise Hammer,1,5,0.2,20%,18.0,3.6,18,1,18.0,3.6
Mental d'Acier,Steel Aura,1,5,0.2,20%,18.0,3.6,18,2,9.0,1.8
Marteau Collecteur,Collecting Hammer,2,5,0.4,40%,9.0,3.6,18,2,4.5,1.8
Parchemin Secret,Secret Scroll,1,5,0.2,20%,18.0,3.6,18,2,9.0,1.8
Épée Obscure,Swords of Darkness,1,5,0.2,20%,17.0,3.4,17,1,17.0,3.4
Lame Insatiable,Fast Furious Blade,1,5,0.2,20%,16.0,3.2,16,2,8.0,1.6
Danse Macabre,Dance of Death,2,5,0.4,40%,8.0,3.2,16,1,8.0,3.2
Esprit Guerrier,Spirit of the Warrior,1,5,0.2,20%,16.0,3.2,16,1,16.0,3.2
Chasseur d'Âmes,Soul Hunter,1,5,0.2,20%,15.0,3.0,15,1,15.0,3.0
Esprit de l'Écuyer,Spirit of the Squire,3,5,0.6,60%,5.0,3.0,15,3,1.67,1.0
Elan de Fureur,Rampage Momentum,1,5,0.2,20%,15.0,3.0,15,2,7.5,1.5
Masse Colossale,Colossal Mace,1,5,0.2,20%,11.0,2.2,11,0,Gratuit,Gratuit
Œil de Lynx,Hawk's Eye,1,5,0.2,20%,8.0,1.6,8,0,Gratuit,Gratuit
Griffes Sauvages,Wild Claw,2,5,0.4,40%,1.0,0.4,2,3,0.33,0.13
