,Nom Anglais,nb games valide,total games,ratio,%,pts moy,pts moy total,total point,cout,pts par cout moy,pts par cout total,pts par cout moy+1,pts par cout total+1
Totem Équivalent,Equivalent Totem,6,6,1.0,100%,16.67,16.67,100,2,8.34,8.34,5.56,5.56
Ascension Divine,Divine Ascent,4,6,0.67,67%,25.0,16.67,100,3,8.33,5.56,6.25,4.17
Faux,Scythe,6,6,1.0,100%,16.33,16.33,98,3,5.44,5.44,4.08,4.08
Économe Sagesse du Trésorier,Treasurer's Wisdom,4,6,0.67,67%,17.0,11.33,68,2,8.5,5.67,5.67,3.78
Assistance Divine,Sacred Help,3,6,0.5,50%,20.0,10.0,60,2,10.0,5.0,6.67,3.33
Hache Frénétique,Berseker Ax,4,6,0.67,67%,14.0,9.33,56,2,7.0,4.67,4.67,3.11
Faux Assoiffées,Thirsty Scythes,2,6,0.33,33%,25.0,8.33,50,3,8.33,2.78,6.25,2.08
Marteau Collecteur,Collecting Hammer,3,6,0.5,50%,16.0,8.0,48,2,8.0,4.0,5.33,2.67
Lame Affutée,Sharp Blade,4,6,0.67,67%,10.5,7.0,42,3,3.5,2.33,2.62,1.75
Être de Lumière,Being of Light,2,6,0.33,33%,18.0,6.0,36,1,18.0,6.0,9.0,3.0
Explosion Arcanique,Arcane Explosive,3,6,0.5,50%,12.0,6.0,36,1,12.0,6.0,6.0,3.0
Marteleur précis,Precise Hammer,2,6,0.33,33%,18.0,6.0,36,1,18.0,6.0,9.0,3.0
Aveuglement,Incapacitor,5,6,0.83,83%,7.2,6.0,36,3,2.4,2.0,1.8,1.5
Totem du Gardien,Guardian Totem,6,6,1.0,100%,5.17,5.17,31,3,1.72,1.72,1.29,1.29
Gantelet Impérieux,Imperious Gauntlet,1,6,0.17,17%,30.0,5.0,30,1,30.0,5.0,15.0,2.5
Faux Parfaite,Perfect Scythe,2,6,0.33,33%,15.0,5.0,30,0,Gratuit,Gratuit,15.0,5.0
Tombeau Rocheux,Rock Tomb,2,6,0.33,33%,10.0,3.33,20,1,10.0,3.33,5.0,1.67
Mental d'Acier,Steel Aura,1,6,0.17,17%,18.0,3.0,18,2,9.0,1.5,6.0,1.0
Enchaînement Éclair,Unstoppable Lightning,1,6,0.17,17%,18.0,3.0,18,1,18.0,3.0,9.0,1.5
Parchemin Secret,Secret Scroll,1,6,0.17,17%,18.0,3.0,18,2,9.0,1.5,6.0,1.0
Épée Obscure,Swords of Darkness,1,6,0.17,17%,17.0,2.83,17,1,17.0,2.83,8.5,1.42
Danse Macabre,Dance of Death,2,6,0.33,33%,8.0,2.67,16,1,8.0,2.67,4.0,1.33
Esprit Guerrier,Spirit of the Warrior,1,6,0.17,17%,16.0,2.67,16,1,16.0,2.67,8.0,1.33
Lame Insatiable,Fast Furious Blade,1,6,0.17,17%,16.0,2.67,16,2,8.0,1.33,5.33,0.89
Esprit de l'Écuyer,Spirit of the Squire,3,6,0.5,50%,5.0,2.5,15,3,1.67,0.83,1.25,0.62
Chasseur d'Âmes,Soul Hunter,1,6,0.17,17%,15.0,2.5,15,1,15.0,2.5,7.5,1.25
Elan de Fureur,Rampage Momentum,1,6,0.17,17%,15.0,2.5,15,2,7.5,1.25,5.0,0.83
Masse Colossale,Colossal Mace,1,6,0.17,17%,11.0,1.83,11,0,Gratuit,Gratuit,11.0,1.83
Œil de Lynx,Hawk's Eye,1,6,0.17,17%,8.0,1.33,8,0,Gratuit,Gratuit,8.0,1.33
Griffes Sauvages,Wild Claw,2,6,0.33,33%,1.0,0.33,2,3,0.33,0.11,0.25,0.08
