,Nom Anglais,nb games valide,total games,ratio,%,pts moy,pts moy total,total point,cout,pts par cout moy,pts par cout total,pts par cout moy+1,pts par cout total+1
Totem Équivalent,Equivalent Totem,13,13,1.0,100%,16.38,16.38,213,2,8.19,8.19,5.46,5.46
Faux,Scythe,13,13,1.0,100%,15.62,15.62,203,3,5.21,5.21,3.9,3.9
Ascension Divine,Divine Ascent,7,13,0.54,54%,25.0,13.46,175,3,8.33,4.49,6.25,3.37
Économe Sagesse du Trésorier,Treasurer's Wisdom,8,13,0.62,62%,17.0,10.46,136,2,8.5,5.23,5.67,3.49
Faux Assoiffées,Thirsty Scythes,5,13,0.38,38%,25.0,9.62,125,3,8.33,3.21,6.25,2.4
Assistance Divine,Sacred Help,5,13,0.38,38%,20.0,7.69,100,2,10.0,3.85,6.67,2.56
Lame Affutée,Sharp Blade,10,13,0.77,77%,9.3,7.15,93,3,3.1,2.38,2.33,1.79
Marteau Collecteur,Collecting Hammer,7,13,0.54,54%,13.29,7.15,93,2,6.64,3.58,4.43,2.38
Hache Frénétique,Berseker Ax,6,13,0.46,46%,14.0,6.46,84,2,7.0,3.23,4.67,2.15
Explosion Arcanique,Arcane Explosive,6,13,0.46,46%,12.0,5.54,72,1,12.0,5.54,6.0,2.77
Aveuglement,Incapacitor,11,13,0.85,85%,5.73,4.85,63,3,1.91,1.62,1.43,1.21
Armure d'Obsidienne,Obsidian Battle Plate,3,13,0.23,23%,20.0,4.62,60,2,10.0,2.31,6.67,1.54
Être de Lumière,Being of Light,3,13,0.23,23%,18.0,4.15,54,1,18.0,4.15,9.0,2.08
Mental d'Acier,Steel Aura,3,13,0.23,23%,18.0,4.15,54,2,9.0,2.08,6.0,1.38
Totem du Gardien,Guardian Totem,11,13,0.85,85%,4.91,4.15,54,3,1.64,1.38,1.23,1.04
Marteleur précis,Precise Hammer,3,13,0.23,23%,18.0,4.15,54,1,18.0,4.15,9.0,2.08
Épée Obscure,Swords of Darkness,3,13,0.23,23%,17.0,3.92,51,1,17.0,3.92,8.5,1.96
Esprit de l'Écuyer,Spirit of the Squire,9,13,0.69,69%,5.67,3.92,51,3,1.89,1.31,1.42,0.98
Lame Insatiable,Fast Furious Blade,3,13,0.23,23%,16.0,3.69,48,2,8.0,1.84,5.33,1.23
Tombeau Rocheux,Rock Tomb,4,13,0.31,31%,10.0,3.08,40,1,10.0,3.08,5.0,1.54
Le Marionnettiste,The Puppeteer,2,13,0.15,15%,20.0,3.08,40,2,10.0,1.54,6.67,1.03
Danse Macabre,Dance of Death,4,13,0.31,31%,8.0,2.46,32,1,8.0,2.46,4.0,1.23
Gantelet Impérieux,Imperious Gauntlet,1,13,0.08,8%,30.0,2.31,30,1,30.0,2.31,15.0,1.16
Faux Parfaite,Perfect Scythe,2,13,0.15,15%,15.0,2.31,30,0,Gratuit,Gratuit,15.0,2.31
Œil de Lynx,Hawk's Eye,3,13,0.23,23%,9.33,2.15,28,0,Gratuit,Gratuit,9.33,2.15
Masse Colossale,Colossal Mace,2,13,0.15,15%,13.0,2.0,26,0,Gratuit,Gratuit,13.0,2.0
Pillard Féroce,Savage Looter,1,13,0.08,8%,20.0,1.54,20,1,20.0,1.54,10.0,0.77
Chasseresse d'Âmes,Huntress of Souls,1,13,0.08,8%,19.0,1.46,19,1,19.0,1.46,9.5,0.73
Enchaînement Éclair,Unstoppable Lightning,1,13,0.08,8%,18.0,1.38,18,1,18.0,1.38,9.0,0.69
Parchemin Secret,Secret Scroll,1,13,0.08,8%,18.0,1.38,18,2,9.0,0.69,6.0,0.46
Griffes Démoniaques,Demon Claws,1,13,0.08,8%,17.0,1.31,17,1,17.0,1.31,8.5,0.66
Esprit Guerrier,Spirit of the Warrior,1,13,0.08,8%,16.0,1.23,16,1,16.0,1.23,8.0,0.61
Soif de Sang,Thirsty Dagger,1,13,0.08,8%,15.0,1.15,15,0,Gratuit,Gratuit,15.0,1.15
Chasseur d'Âmes,Soul Hunter,1,13,0.08,8%,15.0,1.15,15,1,15.0,1.15,7.5,0.57
Elan de Fureur,Rampage Momentum,1,13,0.08,8%,15.0,1.15,15,2,7.5,0.57,5.0,0.38
Armure d'Immortel,Immortal Breastplate,1,13,0.08,8%,14.0,1.08,14,1,14.0,1.08,7.0,0.54
Sabre Versatile,Versatil Saber,1,13,0.08,8%,11.0,0.85,11,1,11.0,0.85,5.5,0.42
Griffes Sauvages,Wild Claw,7,13,0.54,54%,1.57,0.85,11,3,0.52,0.28,0.39,0.21
