,Nom Anglais,nb games valide,total games,ratio,%,pts moy,pts moy total,total point,cout,pts par cout moy,pts par cout total
Ascension Divine,Divine Ascent,3,4,0.75,75%,25.0,18.75,75,3,8.33,6.25
Faux,Scythe,4,4,1.0,100%,17.25,17.25,69,3,5.75,5.75
Totem Équivalent,Equivalent Totem,4,4,1.0,100%,16.75,16.75,67,1,16.75,16.75
Économe Sagesse du Trésorier,Treasurer's Wisdom,3,4,0.75,75%,17.0,12.75,51,2,8.5,6.38
Faux Assoiffées,Thirsty Scythes,2,4,0.5,50%,25.0,12.5,50,3,8.33,4.17
Hache Frénétique,Berseker Ax,3,4,0.75,75%,14.0,10.5,42,2,7.0,5.25
Assistance Divine,Sacred Help,2,4,0.5,50%,20.0,10.0,40,2,10.0,5.0
Lame Affutée,Sharp Blade,2,4,0.5,50%,15.0,7.5,30,3,5.0,2.5
Faux Parfaite,Perfect Scythe,2,4,0.5,50%,15.0,7.5,30,0,Gratuit,Gratuit
Gantelet Impérieux,Imperious Gauntlet,1,4,0.25,25%,30.0,7.5,30,1,30.0,7.5
Aveuglement,Incapacitor,3,4,0.75,75%,9.0,6.75,27,3,3.0,2.25
Totem du Gardien,Guardian Totem,4,4,1.0,100%,5.75,5.75,23,3,1.92,1.92
Tombeau Rocheux,Rock Tomb,2,4,0.5,50%,10.0,5.0,20,1,10.0,5.0
Mental d'Acier,Steel Aura,1,4,0.25,25%,18.0,4.5,18,2,9.0,2.25
Parchemin Secret,Secret Scroll,1,4,0.25,25%,18.0,4.5,18,2,9.0,2.25
Marteleur précis,Precise Hammer,1,4,0.25,25%,18.0,4.5,18,1,18.0,4.5
Enchaînement Éclair,Unstoppable Lightning,1,4,0.25,25%,18.0,4.5,18,1,18.0,4.5
Être de Lumière,Being of Light,1,4,0.25,25%,18.0,4.5,18,1,18.0,4.5
Marteau Collecteur,Collecting Hammer,2,4,0.5,50%,9.0,4.5,18,2,4.5,2.25
Épée Obscure,Swords of Darkness,1,4,0.25,25%,17.0,4.25,17,1,17.0,4.25
Danse Macabre,Dance of Death,2,4,0.5,50%,8.0,4.0,16,1,8.0,4.0
Lame Insatiable,Fast Furious Blade,1,4,0.25,25%,16.0,4.0,16,2,8.0,2.0
Esprit Guerrier,Spirit of the Warrior,1,4,0.25,25%,16.0,4.0,16,1,16.0,4.0
Elan de Fureur,Rampage Momentum,1,4,0.25,25%,15.0,3.75,15,2,7.5,1.88
Esprit de l'Écuyer,Spirit of the Squire,2,4,0.5,50%,6.0,3.0,12,3,2.0,1.0
Explosion Arcanique,Arcane Explosive,1,4,0.25,25%,12.0,3.0,12,1,12.0,3.0
Masse Colossale,Colossal Mace,1,4,0.25,25%,11.0,2.75,11,0,Gratuit,Gratuit
Œil de Lynx,Hawk's Eye,1,4,0.25,25%,8.0,2.0,8,0,Gratuit,Gratuit
Griffes Sauvages,Wild Claw,2,4,0.5,50%,1.0,0.5,2,3,0.33,0.17
