,Nom Anglais,nb games valide,total games,ratio,%,pts moy,pts moy total,total point,cout,pts par cout moy,pts par cout total
Ascension Divine,Divine Ascent,2,2,1.0,100%,25.0,25.0,50,3,8.33,8.33
Assistance Divine,Sacred Help,2,2,1.0,100%,20.0,20.0,40,2,10.0,10.0
Faux,Scythe,2,2,1.0,100%,19.0,19.0,38,3,6.33,6.33
Totem Équivalent,Equivalent Totem,2,2,1.0,100%,18.0,18.0,36,1,18.0,18.0
Économe Sagesse du Trésorier,Treasurer's Wisdom,2,2,1.0,100%,17.0,17.0,34,2,8.5,8.5
Lame Affutée,Sharp Blade,2,2,1.0,100%,15.0,15.0,30,3,5.0,5.0
Gantelet Impérieux,Imperious Gauntlet,1,2,0.5,50%,30.0,15.0,30,1,30.0,15.0
Hache Frénétique,Berseker Ax,2,2,1.0,100%,14.0,14.0,28,2,7.0,7.0
Faux Assoiffées,Thirsty Scythes,1,2,0.5,50%,25.0,12.5,25,3,8.33,4.17
Aveuglement,Incapacitor,2,2,1.0,100%,9.0,9.0,18,3,3.0,3.0
Enchaînement Éclair,Unstoppable Lightning,1,2,0.5,50%,18.0,9.0,18,1,18.0,9.0
Marteleur précis,Precise Hammer,1,2,0.5,50%,18.0,9.0,18,1,18.0,9.0
Parchemin Secret,Secret Scroll,1,2,0.5,50%,18.0,9.0,18,2,9.0,4.5
Mental d'Acier,Steel Aura,1,2,0.5,50%,18.0,9.0,18,2,9.0,4.5
Épée Obscure,Swords of Darkness,1,2,0.5,50%,17.0,8.5,17,1,17.0,8.5
Danse Macabre,Dance of Death,2,2,1.0,100%,8.0,8.0,16,1,8.0,8.0
Lame Insatiable,Fast Furious Blade,1,2,0.5,50%,16.0,8.0,16,2,8.0,4.0
Faux Parfaite,Perfect Scythe,1,2,0.5,50%,15.0,7.5,15,0,Gratuit,Gratuit
Elan de Fureur,Rampage Momentum,1,2,0.5,50%,15.0,7.5,15,2,7.5,3.75
Marteau Collecteur,Collecting Hammer,1,2,0.5,50%,12.0,6.0,12,2,6.0,3.0
Explosion Arcanique,Arcane Explosive,1,2,0.5,50%,12.0,6.0,12,1,12.0,6.0
Totem du Gardien,Guardian Totem,2,2,1.0,100%,6.0,6.0,12,3,2.0,2.0
Masse Colossale,Colossal Mace,1,2,0.5,50%,11.0,5.5,11,0,Gratuit,Gratuit
Tombeau Rocheux,Rock Tomb,1,2,0.5,50%,10.0,5.0,10,1,10.0,5.0
Esprit de l'Écuyer,Spirit of the Squire,1,2,0.5,50%,9.0,4.5,9,3,3.0,1.5
Œil de Lynx,Hawk's Eye,1,2,0.5,50%,8.0,4.0,8,0,Gratuit,Gratuit
Griffes Sauvages,Wild Claw,1,2,0.5,50%,1.0,0.5,1,3,0.33,0.17
