,Nom Anglais,nb games valide,total games,ratio,%,pts moy,pts moy total,total point,cout,pts par cout moy,pts par cout total,pts par cout moy+1,pts par cout total+1
Totem Équivalent,Equivalent Totem,11,11,1.0,100%,16.18,16.18,178,2,8.09,8.09,5.39,5.39
Faux,Scythe,11,11,1.0,100%,15.18,15.18,167,3,5.06,5.06,3.79,3.79
Ascension Divine,Divine Ascent,6,11,0.55,55%,25.0,13.64,150,3,8.33,4.55,6.25,3.41
Économe Sagesse du Trésorier,Treasurer's Wisdom,6,11,0.55,55%,17.0,9.27,102,2,8.5,4.63,5.67,3.09
Faux Assoiffées,Thirsty Scythes,4,11,0.36,36%,25.0,9.09,100,3,8.33,3.03,6.25,2.27
Marteau Collecteur,Collecting Hammer,6,11,0.55,55%,14.33,7.82,86,2,7.17,3.91,4.78,2.61
Assistance Divine,Sacred Help,4,11,0.36,36%,20.0,7.27,80,2,10.0,3.63,6.67,2.42
Lame Affutée,Sharp Blade,8,11,0.73,73%,9.75,7.09,78,3,3.25,2.36,2.44,1.77
Hache Frénétique,Berseker Ax,5,11,0.45,45%,14.0,6.36,70,2,7.0,3.18,4.67,2.12
Armure d'Obsidienne,Obsidian Battle Plate,3,11,0.27,27%,20.0,5.45,60,2,10.0,2.73,6.67,1.82
Être de Lumière,Being of Light,3,11,0.27,27%,18.0,4.91,54,1,18.0,4.91,9.0,2.46
Aveuglement,Incapacitor,9,11,0.82,82%,6.0,4.91,54,3,2.0,1.64,1.5,1.23
Mental d'Acier,Steel Aura,3,11,0.27,27%,18.0,4.91,54,2,9.0,2.46,6.0,1.64
Totem du Gardien,Guardian Totem,11,11,1.0,100%,4.91,4.91,54,3,1.64,1.64,1.23,1.23
Marteleur précis,Precise Hammer,3,11,0.27,27%,18.0,4.91,54,1,18.0,4.91,9.0,2.46
Épée Obscure,Swords of Darkness,3,11,0.27,27%,17.0,4.64,51,1,17.0,4.64,8.5,2.32
Explosion Arcanique,Arcane Explosive,4,11,0.36,36%,12.0,4.36,48,1,12.0,4.36,6.0,2.18
Le Marionnettiste,The Puppeteer,2,11,0.18,18%,20.0,3.64,40,2,10.0,1.82,6.67,1.21
Esprit de l'Écuyer,Spirit of the Squire,7,11,0.64,64%,5.57,3.55,39,3,1.86,1.18,1.39,0.89
Danse Macabre,Dance of Death,4,11,0.36,36%,8.0,2.91,32,1,8.0,2.91,4.0,1.46
Lame Insatiable,Fast Furious Blade,2,11,0.18,18%,16.0,2.91,32,2,8.0,1.46,5.33,0.97
Faux Parfaite,Perfect Scythe,2,11,0.18,18%,15.0,2.73,30,0,Gratuit,Gratuit,15.0,2.73
Gantelet Impérieux,Imperious Gauntlet,1,11,0.09,9%,30.0,2.73,30,1,30.0,2.73,15.0,1.36
Tombeau Rocheux,Rock Tomb,2,11,0.18,18%,10.0,1.82,20,1,10.0,1.82,5.0,0.91
Chasseresse d'Âmes,Huntress of Souls,1,11,0.09,9%,19.0,1.73,19,1,19.0,1.73,9.5,0.86
Enchaînement Éclair,Unstoppable Lightning,1,11,0.09,9%,18.0,1.64,18,1,18.0,1.64,9.0,0.82
Œil de Lynx,Hawk's Eye,2,11,0.18,18%,9.0,1.64,18,0,Gratuit,Gratuit,9.0,1.64
Parchemin Secret,Secret Scroll,1,11,0.09,9%,18.0,1.64,18,2,9.0,0.82,6.0,0.55
Griffes Démoniaques,Demon Claws,1,11,0.09,9%,17.0,1.55,17,1,17.0,1.55,8.5,0.78
Esprit Guerrier,Spirit of the Warrior,1,11,0.09,9%,16.0,1.45,16,1,16.0,1.45,8.0,0.72
Chasseur d'Âmes,Soul Hunter,1,11,0.09,9%,15.0,1.36,15,1,15.0,1.36,7.5,0.68
Soif de Sang,Thirsty Dagger,1,11,0.09,9%,15.0,1.36,15,0,Gratuit,Gratuit,15.0,1.36
Elan de Fureur,Rampage Momentum,1,11,0.09,9%,15.0,1.36,15,2,7.5,0.68,5.0,0.45
Armure d'Immortel,Immortal Breastplate,1,11,0.09,9%,14.0,1.27,14,1,14.0,1.27,7.0,0.64
Sabre Versatile,Versatil Saber,1,11,0.09,9%,11.0,1.0,11,1,11.0,1.0,5.5,0.5
Masse Colossale,Colossal Mace,1,11,0.09,9%,11.0,1.0,11,0,Gratuit,Gratuit,11.0,1.0
Griffes Sauvages,Wild Claw,5,11,0.45,45%,1.0,0.45,5,3,0.33,0.15,0.25,0.11
