,Nom Anglais,nb games valide,total games,ratio,%,pts moy,pts moy total,total point,cout,pts par cout moy,pts par cout total,pts par cout moy+1,pts par cout total+1
Totem Équivalent,Equivalent Totem,16,16,1.0,100%,16.44,16.44,263,2,8.22,8.22,5.48,5.48
Faux,Scythe,16,16,1.0,100%,15.06,15.06,241,3,5.02,5.02,3.77,3.77
Ascension Divine,Divine Ascent,7,16,0.44,44%,25.0,10.94,175,3,8.33,3.65,6.25,2.73
Économe Sagesse du Trésorier,Treasurer's Wisdom,9,16,0.56,56%,17.0,9.56,153,2,8.5,4.78,5.67,3.19
Assistance Divine,Sacred Help,7,16,0.44,44%,20.0,8.75,140,2,10.0,4.38,6.67,2.92
Lame Affutée,Sharp Blade,13,16,0.81,81%,10.38,8.44,135,3,3.46,2.81,2.6,2.11
Hache Frénétique,Berseker Ax,9,16,0.56,56%,14.0,7.88,126,2,7.0,3.94,4.67,2.63
Faux Assoiffées,Thirsty Scythes,5,16,0.31,31%,25.0,7.81,125,3,8.33,2.6,6.25,1.95
Marteau Collecteur,Collecting Hammer,7,16,0.44,44%,13.29,5.81,93,2,6.64,2.9,4.43,1.94
Épée Obscure,Swords of Darkness,5,16,0.31,31%,17.0,5.31,85,1,17.0,5.31,8.5,2.65
Armure d'Obsidienne,Obsidian Battle Plate,4,16,0.25,25%,20.0,5.0,80,2,10.0,2.5,6.67,1.67
Aveuglement,Incapacitor,14,16,0.88,88%,5.57,4.88,78,3,1.86,1.63,1.39,1.22
Explosion Arcanique,Arcane Explosive,6,16,0.38,38%,12.0,4.5,72,1,12.0,4.5,6.0,2.25
Mental d'Acier,Steel Aura,4,16,0.25,25%,18.0,4.5,72,2,9.0,2.25,6.0,1.5
Esprit de l'Écuyer,Spirit of the Squire,12,16,0.75,75%,6.0,4.5,72,3,2.0,1.5,1.5,1.12
Être de Lumière,Being of Light,3,16,0.19,19%,18.0,3.38,54,1,18.0,3.38,9.0,1.69
Totem du Gardien,Guardian Totem,11,16,0.69,69%,4.91,3.38,54,3,1.64,1.13,1.23,0.84
Marteleur précis,Precise Hammer,3,16,0.19,19%,18.0,3.38,54,1,18.0,3.38,9.0,1.69
Tombeau Rocheux,Rock Tomb,5,16,0.31,31%,10.0,3.12,50,1,10.0,3.12,5.0,1.56
Danse Macabre,Dance of Death,6,16,0.38,38%,8.0,3.0,48,1,8.0,3.0,4.0,1.5
Lame Insatiable,Fast Furious Blade,3,16,0.19,19%,16.0,3.0,48,2,8.0,1.5,5.33,1.0
Le Marionnettiste,The Puppeteer,2,16,0.12,12%,20.0,2.5,40,2,10.0,1.25,6.67,0.83
Gantelet Impérieux,Imperious Gauntlet,1,16,0.06,6%,30.0,1.88,30,1,30.0,1.88,15.0,0.94
Faux Parfaite,Perfect Scythe,2,16,0.12,12%,15.0,1.88,30,0,Gratuit,Gratuit,15.0,1.88
Elan de Fureur,Rampage Momentum,2,16,0.12,12%,15.0,1.88,30,2,7.5,0.94,5.0,0.63
Œil de Lynx,Hawk's Eye,3,16,0.19,19%,9.33,1.75,28,0,Gratuit,Gratuit,9.33,1.75
Masse Colossale,Colossal Mace,2,16,0.12,12%,13.0,1.62,26,0,Gratuit,Gratuit,13.0,1.62
Sabre Versatile,Versatil Saber,2,16,0.12,12%,11.0,1.38,22,1,11.0,1.38,5.5,0.69
Pillard Féroce,Savage Looter,1,16,0.06,6%,20.0,1.25,20,1,20.0,1.25,10.0,0.62
Chasseresse d'Âmes,Huntress of Souls,1,16,0.06,6%,19.0,1.19,19,1,19.0,1.19,9.5,0.59
Enchaînement Éclair,Unstoppable Lightning,1,16,0.06,6%,18.0,1.12,18,1,18.0,1.12,9.0,0.56
Parchemin Secret,Secret Scroll,1,16,0.06,6%,18.0,1.12,18,2,9.0,0.56,6.0,0.37
Griffes Démoniaques,Demon Claws,1,16,0.06,6%,17.0,1.06,17,1,17.0,1.06,8.5,0.53
Esprit Guerrier,Spirit of the Warrior,1,16,0.06,6%,16.0,1.0,16,1,16.0,1.0,8.0,0.5
Soif de Sang,Thirsty Dagger,1,16,0.06,6%,15.0,0.94,15,0,Gratuit,Gratuit,15.0,0.94
Chasseur d'Âmes,Soul Hunter,1,16,0.06,6%,15.0,0.94,15,1,15.0,0.94,7.5,0.47
Armure d'Immortel,Immortal Breastplate,1,16,0.06,6%,14.0,0.88,14,1,14.0,0.88,7.0,0.44
Coup de Mort,Death Helper,1,16,0.06,6%,13.0,0.81,13,1,13.0,0.81,6.5,0.41
Griffes Sauvages,Wild Claw,8,16,0.5,50%,1.62,0.81,13,3,0.54,0.27,0.41,0.2
Désintégrateur Magnétique,Magnetic Disintegrator,1,16,0.06,6%,11.0,0.69,11,0,Gratuit,Gratuit,11.0,0.69
