,Nom Anglais,nb games valide,total games,ratio,%,pts moy,pts moy total,total point,cout,pts par cout moy,pts par cout total,pts par cout moy+1,pts par cout total+1
Totem Équivalent,Equivalent Totem,17,17,1.0,100%,16.82,16.82,286,2,8.41,8.41,5.61,5.61
Faux,Scythe,17,17,1.0,100%,14.65,14.65,249,3,4.88,4.88,3.66,3.66
Armure d'Obsidienne,Obsidian Battle Plate,11,17,0.65,65%,20.0,12.94,220,2,10.0,6.47,6.67,4.31
Marteau Collecteur,Collecting Hammer,12,17,0.71,71%,16.0,11.29,192,2,8.0,5.64,5.33,3.76
Hache Frénétique,Berseker Ax,12,17,0.71,71%,14.0,9.88,168,2,7.0,4.94,4.67,3.29
Esprit de l'Écuyer,Spirit of the Squire,17,17,1.0,100%,9.35,9.35,159,3,3.12,3.12,2.34,2.34
Économe Sagesse du Trésorier,Treasurer's Wisdom,9,17,0.53,53%,17.0,9.0,153,2,8.5,4.5,5.67,3.0
Ascension Divine,Divine Ascent,6,17,0.35,35%,25.0,8.82,150,3,8.33,2.94,6.25,2.21
Lame Affutée,Sharp Blade,15,17,0.88,88%,9.8,8.65,147,3,3.27,2.88,2.45,2.16
Marteleur précis,Precise Hammer,8,17,0.47,47%,18.0,8.47,144,1,18.0,8.47,9.0,4.24
Assistance Divine,Sacred Help,7,17,0.41,41%,20.0,8.24,140,2,10.0,4.12,6.67,2.75
Sabre Versatile,Versatil Saber,11,17,0.65,65%,11.0,7.12,121,1,11.0,7.12,5.5,3.56
Armure d'Immortel,Immortal Breastplate,8,17,0.47,47%,15.0,7.06,120,1,15.0,7.06,7.5,3.53
Faux Parfaite,Perfect Scythe,8,17,0.47,47%,15.0,7.06,120,0,Gratuit,Gratuit,15.0,7.06
Explosion Arcanique,Arcane Explosive,9,17,0.53,53%,12.0,6.35,108,1,12.0,6.35,6.0,3.17
Aveuglement,Incapacitor,15,17,0.88,88%,7.0,6.18,105,3,2.33,2.06,1.75,1.54
Épée Obscure,Swords of Darkness,6,17,0.35,35%,17.0,6.0,102,1,17.0,6.0,8.5,3.0
Parchemin Secret,Secret Scroll,5,17,0.29,29%,18.0,5.29,90,2,9.0,2.65,6.0,1.76
Coup de Mort,Death Helper,7,17,0.41,41%,11.71,4.82,82,1,11.71,4.82,5.86,2.41
Chasseur d'Âmes,Soul Hunter,5,17,0.29,29%,16.0,4.71,80,1,16.0,4.71,8.0,2.35
Elan de Fureur,Rampage Momentum,5,17,0.29,29%,15.0,4.41,75,2,7.5,2.21,5.0,1.47
Faux Assoiffées,Thirsty Scythes,3,17,0.18,18%,25.0,4.41,75,3,8.33,1.47,6.25,1.1
Désintégrateur Magnétique,Magnetic Disintegrator,6,17,0.35,35%,11.0,3.88,66,0,Gratuit,Gratuit,11.0,3.88
Œil de Lynx,Hawk's Eye,7,17,0.41,41%,9.14,3.76,64,0,Gratuit,Gratuit,9.14,3.76
Esprit Guerrier,Spirit of the Warrior,4,17,0.24,24%,16.0,3.76,64,1,16.0,3.76,8.0,1.88
Totem du Gardien,Guardian Totem,12,17,0.71,71%,5.33,3.76,64,3,1.78,1.25,1.33,0.94
Le Marionnettiste,The Puppeteer,3,17,0.18,18%,20.0,3.53,60,2,10.0,1.76,6.67,1.18
Pillard Féroce,Savage Looter,3,17,0.18,18%,20.0,3.53,60,1,20.0,3.53,10.0,1.76
Triple Météore,Trimeteor,2,17,0.12,12%,30.0,3.53,60,0,Gratuit,Gratuit,30.0,3.53
Gantelet Impérieux,Imperious Gauntlet,2,17,0.12,12%,30.0,3.53,60,1,30.0,3.53,15.0,1.76
Être de Lumière,Being of Light,3,17,0.18,18%,18.0,3.18,54,1,18.0,3.18,9.0,1.59
Lame Insatiable,Fast Furious Blade,3,17,0.18,18%,16.0,2.82,48,2,8.0,1.41,5.33,0.94
Danse Macabre,Dance of Death,6,17,0.35,35%,8.0,2.82,48,1,8.0,2.82,4.0,1.41
Tombeau Rocheux,Rock Tomb,4,17,0.24,24%,10.0,2.35,40,1,10.0,2.35,5.0,1.18
Masse de Siège,Siege Mace,2,17,0.12,12%,16.0,1.88,32,0,Gratuit,Gratuit,16.0,1.88
Soif de Sang,Thirsty Dagger,2,17,0.12,12%,15.0,1.76,30,0,Gratuit,Gratuit,15.0,1.76
Force Divine,Divine Impetu,2,17,0.12,12%,15.0,1.76,30,0,Gratuit,Gratuit,15.0,1.76
Bâton de Conquête,Conquering Staff,1,17,0.06,6%,24.0,1.41,24,2,12.0,0.7,8.0,0.47
Chasseresse d'Âmes,Huntress of Souls,1,17,0.06,6%,19.0,1.12,19,1,19.0,1.12,9.5,0.56
Mental d'Acier,Steel Aura,1,17,0.06,6%,18.0,1.06,18,2,9.0,0.53,6.0,0.35
Enchaînement Éclair,Unstoppable Lightning,1,17,0.06,6%,18.0,1.06,18,1,18.0,1.06,9.0,0.53
Griffes Démoniaques,Demon Claws,1,17,0.06,6%,17.0,1.0,17,1,17.0,1.0,8.5,0.5
Griffes Sauvages,Wild Claw,10,17,0.59,59%,1.6,0.94,16,3,0.53,0.31,0.4,0.23
Masse Colossale,Colossal Mace,1,17,0.06,6%,15.0,0.88,15,0,Gratuit,Gratuit,15.0,0.88
Amulette Omnisciente,Omnipresent Amulet,1,17,0.06,6%,15.0,0.88,15,0,Gratuit,Gratuit,15.0,0.88
Couronne du Roi Nain,Crown of the Dwarf King,1,17,0.06,6%,13.0,0.76,13,0,Gratuit,Gratuit,13.0,0.76
Épé Sainte,Holy Sword,1,17,0.06,6%,10.0,0.59,10,0,Gratuit,Gratuit,10.0,0.59
