,Nom Anglais,nb games valide,total games,ratio,%,pts moy,pts moy total,total point,cout,pts par cout moy,pts par cout total,pts par cout moy+1,pts par cout total+1
Totem Équivalent,Equivalent Totem,22,22,1.0,100%,16.86,16.86,371,2,8.43,8.43,5.62,5.62
Faux,Scythe,22,22,1.0,100%,14.73,14.73,324,3,4.91,4.91,3.68,3.68
Armure d'Obsidienne,Obsidian Battle Plate,12,22,0.55,55%,20.0,10.91,240,2,10.0,5.46,6.67,3.64
Marteau Collecteur,Collecting Hammer,14,22,0.64,64%,16.71,10.64,234,2,8.36,5.32,5.57,3.55
Ascension Divine,Divine Ascent,9,22,0.41,41%,25.0,10.23,225,3,8.33,3.41,6.25,2.56
Hache Frénétique,Berseker Ax,16,22,0.73,73%,14.0,10.18,224,2,7.0,5.09,4.67,3.39
Esprit de l'Écuyer,Spirit of the Squire,22,22,1.0,100%,10.09,10.09,222,3,3.36,3.36,2.52,2.52
Économe Sagesse du Trésorier,Treasurer's Wisdom,12,22,0.55,55%,17.0,9.27,204,2,8.5,4.63,5.67,3.09
Lame Affutée,Sharp Blade,19,22,0.86,86%,10.26,8.86,195,3,3.42,2.95,2.56,2.21
Assistance Divine,Sacred Help,9,22,0.41,41%,20.0,8.18,180,2,10.0,4.09,6.67,2.73
Faux Parfaite,Perfect Scythe,11,22,0.5,50%,15.0,7.5,165,0,Gratuit,Gratuit,15.0,7.5
Marteleur précis,Precise Hammer,9,22,0.41,41%,18.0,7.36,162,1,18.0,7.36,9.0,3.68
Aveuglement,Incapacitor,20,22,0.91,91%,8.1,7.36,162,3,2.7,2.45,2.02,1.84
Sabre Versatile,Versatil Saber,12,22,0.55,55%,11.0,6.0,132,1,11.0,6.0,5.5,3.0
Explosion Arcanique,Arcane Explosive,11,22,0.5,50%,12.0,6.0,132,1,12.0,6.0,6.0,3.0
Coup de Mort,Death Helper,10,22,0.45,45%,12.1,5.5,121,1,12.1,5.5,6.05,2.75
Gantelet Impérieux,Imperious Gauntlet,4,22,0.18,18%,30.0,5.45,120,1,30.0,5.45,15.0,2.73
Armure d'Immortel,Immortal Breastplate,8,22,0.36,36%,15.0,5.45,120,1,15.0,5.45,7.5,2.73
Parchemin Secret,Secret Scroll,6,22,0.27,27%,18.0,4.91,108,2,9.0,2.46,6.0,1.64
Épée Obscure,Swords of Darkness,6,22,0.27,27%,17.0,4.64,102,1,17.0,4.64,8.5,2.32
Chasseur d'Âmes,Soul Hunter,6,22,0.27,27%,16.67,4.55,100,1,16.67,4.55,8.34,2.27
Faux Assoiffées,Thirsty Scythes,4,22,0.18,18%,25.0,4.55,100,3,8.33,1.52,6.25,1.14
Œil de Lynx,Hawk's Eye,10,22,0.45,45%,9.4,4.27,94,0,Gratuit,Gratuit,9.4,4.27
Totem du Gardien,Guardian Totem,17,22,0.77,77%,5.06,3.91,86,3,1.69,1.3,1.26,0.98
Pillard Féroce,Savage Looter,4,22,0.18,18%,20.0,3.64,80,1,20.0,3.64,10.0,1.82
Désintégrateur Magnétique,Magnetic Disintegrator,7,22,0.32,32%,11.0,3.5,77,0,Gratuit,Gratuit,11.0,3.5
Elan de Fureur,Rampage Momentum,5,22,0.23,23%,15.0,3.41,75,2,7.5,1.71,5.0,1.14
Esprit Guerrier,Spirit of the Warrior,4,22,0.18,18%,16.0,2.91,64,1,16.0,2.91,8.0,1.46
Danse Macabre,Dance of Death,8,22,0.36,36%,8.0,2.91,64,1,8.0,2.91,4.0,1.46
Le Marionnettiste,The Puppeteer,3,22,0.14,14%,20.0,2.73,60,2,10.0,1.36,6.67,0.91
Triple Météore,Trimeteor,2,22,0.09,9%,30.0,2.73,60,0,Gratuit,Gratuit,30.0,2.73
Être de Lumière,Being of Light,3,22,0.14,14%,18.0,2.45,54,1,18.0,2.45,9.0,1.23
Mental d'Acier,Steel Aura,3,22,0.14,14%,18.0,2.45,54,2,9.0,1.23,6.0,0.82
Tombeau Rocheux,Rock Tomb,5,22,0.23,23%,10.0,2.27,50,1,10.0,2.27,5.0,1.14
Bâton de Conquête,Conquering Staff,2,22,0.09,9%,24.0,2.18,48,2,12.0,1.09,8.0,0.73
Lame Insatiable,Fast Furious Blade,3,22,0.14,14%,16.0,2.18,48,2,8.0,1.09,5.33,0.73
Masse de Siège,Siege Mace,2,22,0.09,9%,16.0,1.45,32,0,Gratuit,Gratuit,16.0,1.45
Masse Colossale,Colossal Mace,2,22,0.09,9%,15.0,1.36,30,0,Gratuit,Gratuit,15.0,1.36
Soif de Sang,Thirsty Dagger,2,22,0.09,9%,15.0,1.36,30,0,Gratuit,Gratuit,15.0,1.36
Griffes Sauvages,Wild Claw,13,22,0.59,59%,2.31,1.36,30,3,0.77,0.45,0.58,0.34
Force Divine,Divine Impetu,2,22,0.09,9%,15.0,1.36,30,0,Gratuit,Gratuit,15.0,1.36
Épé Sainte,Holy Sword,2,22,0.09,9%,10.0,0.91,20,0,Gratuit,Gratuit,10.0,0.91
Chasseresse d'Âmes,Huntress of Souls,1,22,0.05,5%,19.0,0.86,19,1,19.0,0.86,9.5,0.43
Enchaînement Éclair,Unstoppable Lightning,1,22,0.05,5%,18.0,0.82,18,1,18.0,0.82,9.0,0.41
Griffes Démoniaques,Demon Claws,1,22,0.05,5%,17.0,0.77,17,1,17.0,0.77,8.5,0.39
Amulette Omnisciente,Omnipresent Amulet,1,22,0.05,5%,15.0,0.68,15,0,Gratuit,Gratuit,15.0,0.68
Couronne du Roi Nain,Crown of the Dwarf King,1,22,0.05,5%,13.0,0.59,13,0,Gratuit,Gratuit,13.0,0.59
