,Nom Anglais,nb games valide,total games,ratio,%,pts moy,pts moy total,total point,cout,pts par cout moy,pts par cout total,pts par cout moy+1,pts par cout total+1
Totem Équivalent,Equivalent Totem,11,11,1.0,100%,17.09,17.09,188,2,8.54,8.54,5.7,5.7
Armure d'Obsidienne,Obsidian Battle Plate,9,11,0.82,82%,20.0,16.36,180,2,10.0,8.18,6.67,5.45
Faux,Scythe,11,11,1.0,100%,15.45,15.45,170,3,5.15,5.15,3.86,3.86
Ascension Divine,Divine Ascent,5,11,0.45,45%,25.0,11.36,125,3,8.33,3.79,6.25,2.84
Économe Sagesse du Trésorier,Treasurer's Wisdom,7,11,0.64,64%,17.0,10.82,119,2,8.5,5.41,5.67,3.61
Hache Frénétique,Berseker Ax,8,11,0.73,73%,14.0,10.18,112,2,7.0,5.09,4.67,3.39
Assistance Divine,Sacred Help,5,11,0.45,45%,20.0,9.09,100,2,10.0,4.54,6.67,3.03
Lame Affutée,Sharp Blade,10,11,0.91,91%,9.3,8.45,93,3,3.1,2.82,2.33,2.11
Esprit de l'Écuyer,Spirit of the Squire,11,11,1.0,100%,8.45,8.45,93,3,2.82,2.82,2.11,2.11
Faux Parfaite,Perfect Scythe,6,11,0.55,55%,15.0,8.18,90,0,Gratuit,Gratuit,15.0,8.18
Sabre Versatile,Versatil Saber,8,11,0.73,73%,11.0,8.0,88,1,11.0,8.0,5.5,4.0
Armure d'Immortel,Immortal Breastplate,6,11,0.55,55%,14.67,8.0,88,1,14.67,8.0,7.33,4.0
Aveuglement,Incapacitor,10,11,0.91,91%,8.7,7.91,87,3,2.9,2.64,2.17,1.98
Chasseur d'Âmes,Soul Hunter,5,11,0.45,45%,16.0,7.27,80,1,16.0,7.27,8.0,3.63
Faux Assoiffées,Thirsty Scythes,3,11,0.27,27%,25.0,6.82,75,3,8.33,2.27,6.25,1.71
Épée Obscure,Swords of Darkness,4,11,0.36,36%,17.0,6.18,68,1,17.0,6.18,8.5,3.09
Marteau Collecteur,Collecting Hammer,6,11,0.55,55%,11.0,6.0,66,2,5.5,3.0,3.67,2.0
Triple Météore,Trimeteor,2,11,0.18,18%,30.0,5.45,60,0,Gratuit,Gratuit,30.0,5.45
Pillard Féroce,Savage Looter,3,11,0.27,27%,20.0,5.45,60,1,20.0,5.45,10.0,2.73
Le Marionnettiste,The Puppeteer,3,11,0.27,27%,20.0,5.45,60,2,10.0,2.73,6.67,1.82
Totem du Gardien,Guardian Totem,11,11,1.0,100%,5.27,5.27,58,3,1.76,1.76,1.32,1.32
Être de Lumière,Being of Light,3,11,0.27,27%,18.0,4.91,54,1,18.0,4.91,9.0,2.46
Parchemin Secret,Secret Scroll,3,11,0.27,27%,18.0,4.91,54,2,9.0,2.46,6.0,1.64
Marteleur précis,Precise Hammer,3,11,0.27,27%,18.0,4.91,54,1,18.0,4.91,9.0,2.46
Œil de Lynx,Hawk's Eye,6,11,0.55,55%,9.0,4.91,54,0,Gratuit,Gratuit,9.0,4.91
Explosion Arcanique,Arcane Explosive,4,11,0.36,36%,12.0,4.36,48,1,12.0,4.36,6.0,2.18
Esprit Guerrier,Spirit of the Warrior,3,11,0.27,27%,16.0,4.36,48,1,16.0,4.36,8.0,2.18
Lame Insatiable,Fast Furious Blade,3,11,0.27,27%,16.0,4.36,48,2,8.0,2.18,5.33,1.45
Elan de Fureur,Rampage Momentum,3,11,0.27,27%,15.0,4.09,45,2,7.5,2.04,5.0,1.36
Désintégrateur Magnétique,Magnetic Disintegrator,4,11,0.36,36%,11.0,4.0,44,0,Gratuit,Gratuit,11.0,4.0
Coup de Mort,Death Helper,4,11,0.36,36%,10.75,3.91,43,1,10.75,3.91,5.38,1.96
Tombeau Rocheux,Rock Tomb,4,11,0.36,36%,10.0,3.64,40,1,10.0,3.64,5.0,1.82
Danse Macabre,Dance of Death,4,11,0.36,36%,8.0,2.91,32,1,8.0,2.91,4.0,1.46
Gantelet Impérieux,Imperious Gauntlet,1,11,0.09,9%,30.0,2.73,30,1,30.0,2.73,15.0,1.36
Bâton de Conquête,Conquering Staff,1,11,0.09,9%,24.0,2.18,24,2,12.0,1.09,8.0,0.73
Chasseresse d'Âmes,Huntress of Souls,1,11,0.09,9%,19.0,1.73,19,1,19.0,1.73,9.5,0.86
Enchaînement Éclair,Unstoppable Lightning,1,11,0.09,9%,18.0,1.64,18,1,18.0,1.64,9.0,0.82
Griffes Démoniaques,Demon Claws,1,11,0.09,9%,17.0,1.55,17,1,17.0,1.55,8.5,0.78
Soif de Sang,Thirsty Dagger,1,11,0.09,9%,15.0,1.36,15,0,Gratuit,Gratuit,15.0,1.36
Couronne du Roi Nain,Crown of the Dwarf King,1,11,0.09,9%,13.0,1.18,13,0,Gratuit,Gratuit,13.0,1.18
Griffes Sauvages,Wild Claw,7,11,0.64,64%,1.71,1.09,12,3,0.57,0.36,0.43,0.27
Épé Sainte,Holy Sword,1,11,0.09,9%,10.0,0.91,10,0,Gratuit,Gratuit,10.0,0.91
