,Nom Anglais,nb games valide,total games,ratio,%,pts moy,pts moy total,total point,cout,pts par cout moy,pts par cout total,pts par cout moy+1,pts par cout total+1
Totem Équivalent,Equivalent Totem,13,13,1.0,100%,16.85,16.85,219,2,8.43,8.43,5.62,5.62
Armure d'Obsidienne,Obsidian Battle Plate,10,13,0.77,77%,20.0,15.38,200,2,10.0,7.69,6.67,5.13
Faux,Scythe,13,13,1.0,100%,15.08,15.08,196,3,5.03,5.03,3.77,3.77
Hache Frénétique,Berseker Ax,9,13,0.69,69%,14.0,9.69,126,2,7.0,4.84,4.67,3.23
Ascension Divine,Divine Ascent,5,13,0.38,38%,25.0,9.62,125,3,8.33,3.21,6.25,2.4
Faux Parfaite,Perfect Scythe,8,13,0.62,62%,15.0,9.23,120,0,Gratuit,Gratuit,15.0,9.23
Économe Sagesse du Trésorier,Treasurer's Wisdom,7,13,0.54,54%,17.0,9.15,119,2,8.5,4.58,5.67,3.05
Esprit de l'Écuyer,Spirit of the Squire,13,13,1.0,100%,8.08,8.08,105,3,2.69,2.69,2.02,2.02
Armure d'Immortel,Immortal Breastplate,7,13,0.54,54%,14.86,8.0,104,1,14.86,8.0,7.43,4.0
Lame Affutée,Sharp Blade,11,13,0.85,85%,9.27,7.85,102,3,3.09,2.62,2.32,1.96
Assistance Divine,Sacred Help,5,13,0.38,38%,20.0,7.69,100,2,10.0,3.85,6.67,2.56
Sabre Versatile,Versatil Saber,9,13,0.69,69%,11.0,7.62,99,1,11.0,7.62,5.5,3.81
Aveuglement,Incapacitor,12,13,0.92,92%,7.75,7.15,93,3,2.58,2.38,1.94,1.79
Marteau Collecteur,Collecting Hammer,8,13,0.62,62%,10.88,6.69,87,2,5.44,3.35,3.63,2.23
Épée Obscure,Swords of Darkness,5,13,0.38,38%,17.0,6.54,85,1,17.0,6.54,8.5,3.27
Chasseur d'Âmes,Soul Hunter,5,13,0.38,38%,16.0,6.15,80,1,16.0,6.15,8.0,3.08
Faux Assoiffées,Thirsty Scythes,3,13,0.23,23%,25.0,5.77,75,3,8.33,1.92,6.25,1.44
Marteleur précis,Precise Hammer,4,13,0.31,31%,18.0,5.54,72,1,18.0,5.54,9.0,2.77
Triple Météore,Trimeteor,2,13,0.15,15%,30.0,4.62,60,0,Gratuit,Gratuit,30.0,4.62
Gantelet Impérieux,Imperious Gauntlet,2,13,0.15,15%,30.0,4.62,60,1,30.0,4.62,15.0,2.31
Explosion Arcanique,Arcane Explosive,5,13,0.38,38%,12.0,4.62,60,1,12.0,4.62,6.0,2.31
Pillard Féroce,Savage Looter,3,13,0.23,23%,20.0,4.62,60,1,20.0,4.62,10.0,2.31
Le Marionnettiste,The Puppeteer,3,13,0.23,23%,20.0,4.62,60,2,10.0,2.31,6.67,1.54
Totem du Gardien,Guardian Totem,11,13,0.85,85%,5.27,4.46,58,3,1.76,1.49,1.32,1.11
Être de Lumière,Being of Light,3,13,0.23,23%,18.0,4.15,54,1,18.0,4.15,9.0,2.08
Œil de Lynx,Hawk's Eye,6,13,0.46,46%,9.0,4.15,54,0,Gratuit,Gratuit,9.0,4.15
Parchemin Secret,Secret Scroll,3,13,0.23,23%,18.0,4.15,54,2,9.0,2.08,6.0,1.38
Esprit Guerrier,Spirit of the Warrior,3,13,0.23,23%,16.0,3.69,48,1,16.0,3.69,8.0,1.84
Lame Insatiable,Fast Furious Blade,3,13,0.23,23%,16.0,3.69,48,2,8.0,1.84,5.33,1.23
Elan de Fureur,Rampage Momentum,3,13,0.23,23%,15.0,3.46,45,2,7.5,1.73,5.0,1.15
Désintégrateur Magnétique,Magnetic Disintegrator,4,13,0.31,31%,11.0,3.38,44,0,Gratuit,Gratuit,11.0,3.38
Coup de Mort,Death Helper,4,13,0.31,31%,10.75,3.31,43,1,10.75,3.31,5.38,1.66
Tombeau Rocheux,Rock Tomb,4,13,0.31,31%,10.0,3.08,40,1,10.0,3.08,5.0,1.54
Danse Macabre,Dance of Death,4,13,0.31,31%,8.0,2.46,32,1,8.0,2.46,4.0,1.23
Bâton de Conquête,Conquering Staff,1,13,0.08,8%,24.0,1.85,24,2,12.0,0.93,8.0,0.62
Chasseresse d'Âmes,Huntress of Souls,1,13,0.08,8%,19.0,1.46,19,1,19.0,1.46,9.5,0.73
Mental d'Acier,Steel Aura,1,13,0.08,8%,18.0,1.38,18,2,9.0,0.69,6.0,0.46
Enchaînement Éclair,Unstoppable Lightning,1,13,0.08,8%,18.0,1.38,18,1,18.0,1.38,9.0,0.69
Griffes Démoniaques,Demon Claws,1,13,0.08,8%,17.0,1.31,17,1,17.0,1.31,8.5,0.66
Masse de Siège,Siege Mace,1,13,0.08,8%,16.0,1.23,16,0,Gratuit,Gratuit,16.0,1.23
Soif de Sang,Thirsty Dagger,1,13,0.08,8%,15.0,1.15,15,0,Gratuit,Gratuit,15.0,1.15
Masse Colossale,Colossal Mace,1,13,0.08,8%,15.0,1.15,15,0,Gratuit,Gratuit,15.0,1.15
Couronne du Roi Nain,Crown of the Dwarf King,1,13,0.08,8%,13.0,1.0,13,0,Gratuit,Gratuit,13.0,1.0
Griffes Sauvages,Wild Claw,8,13,0.62,62%,1.62,1.0,13,3,0.54,0.33,0.41,0.25
Épé Sainte,Holy Sword,1,13,0.08,8%,10.0,0.77,10,0,Gratuit,Gratuit,10.0,0.77
