,Nom Anglais,nb games valide,total games,ratio,%,pts moy,pts moy total,total point,cout,pts par cout moy,pts par cout total
Totem Équivalent,Equivalent Totem,5,5,1.0,100%,17.0,17.0,85,2,8.5,8.5
Faux,Scythe,5,5,1.0,100%,16.0,16.0,80,3,5.33,5.33
Assistance Divine,Sacred Help,3,5,0.6,60%,20.0,12.0,60,2,10.0,6.0
Armure d'Obsidienne,Obsidian Battle Plate,3,5,0.6,60%,20.0,12.0,60,2,10.0,6.0
Triple Météore,Trimeteor,2,5,0.4,40%,30.0,12.0,60,0,Gratuit,Gratuit
Économe Sagesse du Trésorier,Treasurer's Wisdom,3,5,0.6,60%,17.0,10.2,51,2,8.5,5.1
Faux Assoiffées,Thirsty Scythes,2,5,0.4,40%,25.0,10.0,50,3,8.33,3.33
Ascension Divine,Divine Ascent,2,5,0.4,40%,25.0,10.0,50,3,8.33,3.33
Lame Affutée,Sharp Blade,5,5,1.0,100%,9.6,9.6,48,3,3.2,3.2
Chasseur d'Âmes,Soul Hunter,3,5,0.6,60%,15.0,9.0,45,1,15.0,9.0
Faux Parfaite,Perfect Scythe,3,5,0.6,60%,15.0,9.0,45,0,Gratuit,Gratuit
Hache Frénétique,Berseker Ax,3,5,0.6,60%,14.0,8.4,42,2,7.0,4.2
Marteau Collecteur,Collecting Hammer,4,5,0.8,80%,10.5,8.4,42,2,5.25,4.2
Aveuglement,Incapacitor,5,5,1.0,100%,8.4,8.4,42,3,2.8,2.8
Le Marionnettiste,The Puppeteer,2,5,0.4,40%,20.0,8.0,40,2,10.0,4.0
Parchemin Secret,Secret Scroll,2,5,0.4,40%,18.0,7.2,36,2,9.0,3.6
Marteleur précis,Precise Hammer,2,5,0.4,40%,18.0,7.2,36,1,18.0,7.2
Épée Obscure,Swords of Darkness,2,5,0.4,40%,17.0,6.8,34,1,17.0,6.8
Sabre Versatile,Versatil Saber,3,5,0.6,60%,11.0,6.6,33,1,11.0,6.6
Lame Insatiable,Fast Furious Blade,2,5,0.4,40%,16.0,6.4,32,2,8.0,3.2
Esprit Guerrier,Spirit of the Warrior,2,5,0.4,40%,16.0,6.4,32,1,16.0,6.4
Gantelet Impérieux,Imperious Gauntlet,1,5,0.2,20%,30.0,6.0,30,1,30.0,6.0
Elan de Fureur,Rampage Momentum,2,5,0.4,40%,15.0,6.0,30,2,7.5,3.0
Esprit de l'Écuyer,Spirit of the Squire,5,5,1.0,100%,6.0,6.0,30,3,2.0,2.0
Armure d'Immortel,Immortal Breastplate,2,5,0.4,40%,14.0,5.6,28,1,14.0,5.6
Totem du Gardien,Guardian Totem,5,5,1.0,100%,5.2,5.2,26,3,1.73,1.73
Œil de Lynx,Hawk's Eye,3,5,0.6,60%,8.0,4.8,24,0,Gratuit,Gratuit
Explosion Arcanique,Arcane Explosive,2,5,0.4,40%,12.0,4.8,24,1,12.0,4.8
Pillard Féroce,Savage Looter,1,5,0.2,20%,20.0,4.0,20,1,20.0,4.0
Chasseresse d'Âmes,Huntress of Souls,1,5,0.2,20%,19.0,3.8,19,1,19.0,3.8
Enchaînement Éclair,Unstoppable Lightning,1,5,0.2,20%,18.0,3.6,18,1,18.0,3.6
Être de Lumière,Being of Light,1,5,0.2,20%,18.0,3.6,18,1,18.0,3.6
Griffes Démoniaques,Demon Claws,1,5,0.2,20%,17.0,3.4,17,1,17.0,3.4
Danse Macabre,Dance of Death,2,5,0.4,40%,8.0,3.2,16,1,8.0,3.2
Couronne du Roi Nain,Crown of the Dwarf King,1,5,0.2,20%,13.0,2.6,13,0,Gratuit,Gratuit
Désintégrateur Magnétique,Magnetic Disintegrator,1,5,0.2,20%,11.0,2.2,11,0,Gratuit,Gratuit
Tombeau Rocheux,Rock Tomb,1,5,0.2,20%,10.0,2.0,10,1,10.0,2.0
Épé Sainte,Holy Sword,1,5,0.2,20%,10.0,2.0,10,0,Gratuit,Gratuit
Coup de Mort,Death Helper,1,5,0.2,20%,10.0,2.0,10,1,10.0,2.0
Griffes Sauvages,Wild Claw,2,5,0.4,40%,1.5,0.6,3,3,0.5,0.2
