,Nom Anglais,nb games valide,total games,ratio,%,pts moy,pts moy total,total point,cout,pts par cout moy,pts par cout total,pts par cout moy+1,pts par cout total+1
Totem Équivalent,Equivalent Totem,16,16,1.0,100%,16.81,16.81,269,2,8.4,8.4,5.6,5.6
Faux,Scythe,16,16,1.0,100%,14.75,14.75,236,3,4.92,4.92,3.69,3.69
Armure d'Obsidienne,Obsidian Battle Plate,11,16,0.69,69%,20.0,13.75,220,2,10.0,6.88,6.67,4.58
Marteau Collecteur,Collecting Hammer,11,16,0.69,69%,16.18,11.12,178,2,8.09,5.56,5.39,3.71
Hache Frénétique,Berseker Ax,11,16,0.69,69%,14.0,9.62,154,2,7.0,4.81,4.67,3.21
Économe Sagesse du Trésorier,Treasurer's Wisdom,9,16,0.56,56%,17.0,9.56,153,2,8.5,4.78,5.67,3.19
Ascension Divine,Divine Ascent,6,16,0.38,38%,25.0,9.38,150,3,8.33,3.13,6.25,2.35
Esprit de l'Écuyer,Spirit of the Squire,16,16,1.0,100%,9.19,9.19,147,3,3.06,3.06,2.3,2.3
Lame Affutée,Sharp Blade,14,16,0.88,88%,10.29,9.0,144,3,3.43,3.0,2.57,2.25
Assistance Divine,Sacred Help,7,16,0.44,44%,20.0,8.75,140,2,10.0,4.38,6.67,2.92
Marteleur précis,Precise Hammer,7,16,0.44,44%,18.0,7.88,126,1,18.0,7.88,9.0,3.94
Sabre Versatile,Versatil Saber,11,16,0.69,69%,11.0,7.56,121,1,11.0,7.56,5.5,3.78
Faux Parfaite,Perfect Scythe,8,16,0.5,50%,15.0,7.5,120,0,Gratuit,Gratuit,15.0,7.5
Armure d'Immortel,Immortal Breastplate,8,16,0.5,50%,15.0,7.5,120,1,15.0,7.5,7.5,3.75
Épée Obscure,Swords of Darkness,6,16,0.38,38%,17.0,6.38,102,1,17.0,6.38,8.5,3.19
Aveuglement,Incapacitor,14,16,0.88,88%,7.07,6.19,99,3,2.36,2.06,1.77,1.55
Explosion Arcanique,Arcane Explosive,8,16,0.5,50%,12.0,6.0,96,1,12.0,6.0,6.0,3.0
Parchemin Secret,Secret Scroll,5,16,0.31,31%,18.0,5.62,90,2,9.0,2.81,6.0,1.87
Chasseur d'Âmes,Soul Hunter,5,16,0.31,31%,16.0,5.0,80,1,16.0,5.0,8.0,2.5
Faux Assoiffées,Thirsty Scythes,3,16,0.19,19%,25.0,4.69,75,3,8.33,1.56,6.25,1.17
Elan de Fureur,Rampage Momentum,5,16,0.31,31%,15.0,4.69,75,2,7.5,2.35,5.0,1.56
Coup de Mort,Death Helper,6,16,0.38,38%,11.5,4.31,69,1,11.5,4.31,5.75,2.15
Désintégrateur Magnétique,Magnetic Disintegrator,6,16,0.38,38%,11.0,4.12,66,0,Gratuit,Gratuit,11.0,4.12
Esprit Guerrier,Spirit of the Warrior,4,16,0.25,25%,16.0,4.0,64,1,16.0,4.0,8.0,2.0
Pillard Féroce,Savage Looter,3,16,0.19,19%,20.0,3.75,60,1,20.0,3.75,10.0,1.88
Le Marionnettiste,The Puppeteer,3,16,0.19,19%,20.0,3.75,60,2,10.0,1.88,6.67,1.25
Triple Météore,Trimeteor,2,16,0.12,12%,30.0,3.75,60,0,Gratuit,Gratuit,30.0,3.75
Gantelet Impérieux,Imperious Gauntlet,2,16,0.12,12%,30.0,3.75,60,1,30.0,3.75,15.0,1.88
Totem du Gardien,Guardian Totem,11,16,0.69,69%,5.27,3.62,58,3,1.76,1.21,1.32,0.91
Œil de Lynx,Hawk's Eye,6,16,0.38,38%,9.0,3.38,54,0,Gratuit,Gratuit,9.0,3.38
Être de Lumière,Being of Light,3,16,0.19,19%,18.0,3.38,54,1,18.0,3.38,9.0,1.69
Lame Insatiable,Fast Furious Blade,3,16,0.19,19%,16.0,3.0,48,2,8.0,1.5,5.33,1.0
Danse Macabre,Dance of Death,6,16,0.38,38%,8.0,3.0,48,1,8.0,3.0,4.0,1.5
Tombeau Rocheux,Rock Tomb,4,16,0.25,25%,10.0,2.5,40,1,10.0,2.5,5.0,1.25
Masse de Siège,Siege Mace,2,16,0.12,12%,16.0,2.0,32,0,Gratuit,Gratuit,16.0,2.0
Soif de Sang,Thirsty Dagger,2,16,0.12,12%,15.0,1.88,30,0,Gratuit,Gratuit,15.0,1.88
Force Divine,Divine Impetu,2,16,0.12,12%,15.0,1.88,30,0,Gratuit,Gratuit,15.0,1.88
Bâton de Conquête,Conquering Staff,1,16,0.06,6%,24.0,1.5,24,2,12.0,0.75,8.0,0.5
Chasseresse d'Âmes,Huntress of Souls,1,16,0.06,6%,19.0,1.19,19,1,19.0,1.19,9.5,0.59
Mental d'Acier,Steel Aura,1,16,0.06,6%,18.0,1.12,18,2,9.0,0.56,6.0,0.37
Enchaînement Éclair,Unstoppable Lightning,1,16,0.06,6%,18.0,1.12,18,1,18.0,1.12,9.0,0.56
Griffes Démoniaques,Demon Claws,1,16,0.06,6%,17.0,1.06,17,1,17.0,1.06,8.5,0.53
Griffes Sauvages,Wild Claw,10,16,0.62,62%,1.6,1.0,16,3,0.53,0.33,0.4,0.25
Masse Colossale,Colossal Mace,1,16,0.06,6%,15.0,0.94,15,0,Gratuit,Gratuit,15.0,0.94
Amulette Omnisciente,Omnipresent Amulet,1,16,0.06,6%,15.0,0.94,15,0,Gratuit,Gratuit,15.0,0.94
Couronne du Roi Nain,Crown of the Dwarf King,1,16,0.06,6%,13.0,0.81,13,0,Gratuit,Gratuit,13.0,0.81
Épé Sainte,Holy Sword,1,16,0.06,6%,10.0,0.62,10,0,Gratuit,Gratuit,10.0,0.62
