,Nom Anglais,nb games valide,total games,ratio,%,pts moy,pts moy total,total point,cout,pts par cout moy,pts par cout total,pts par cout moy+1,pts par cout total+1
Totem Équivalent,Equivalent Totem,9,9,1.0,100%,17.0,17.0,153,2,8.5,8.5,5.67,5.67
Armure d'Obsidienne,Obsidian Battle Plate,7,9,0.78,78%,20.0,15.56,140,2,10.0,7.78,6.67,5.19
Faux,Scythe,9,9,1.0,100%,15.56,15.56,140,3,5.19,5.19,3.89,3.89
Ascension Divine,Divine Ascent,4,9,0.44,44%,25.0,11.11,100,3,8.33,3.7,6.25,2.78
Assistance Divine,Sacred Help,5,9,0.56,56%,20.0,11.11,100,2,10.0,5.55,6.67,3.7
Économe Sagesse du Trésorier,Treasurer's Wisdom,5,9,0.56,56%,17.0,9.44,85,2,8.5,4.72,5.67,3.15
Hache Frénétique,Berseker Ax,6,9,0.67,67%,14.0,9.33,84,2,7.0,4.67,4.67,3.11
Lame Affutée,Sharp Blade,9,9,1.0,100%,9.0,9.0,81,3,3.0,3.0,2.25,2.25
Esprit de l'Écuyer,Spirit of the Squire,9,9,1.0,100%,8.67,8.67,78,3,2.89,2.89,2.17,2.17
Sabre Versatile,Versatil Saber,7,9,0.78,78%,11.0,8.56,77,1,11.0,8.56,5.5,4.28
Faux Assoiffées,Thirsty Scythes,3,9,0.33,33%,25.0,8.33,75,3,8.33,2.78,6.25,2.08
Faux Parfaite,Perfect Scythe,5,9,0.56,56%,15.0,8.33,75,0,Gratuit,Gratuit,15.0,8.33
Chasseur d'Âmes,Soul Hunter,5,9,0.56,56%,15.0,8.33,75,1,15.0,8.33,7.5,4.17
Armure d'Immortel,Immortal Breastplate,5,9,0.56,56%,14.0,7.78,70,1,14.0,7.78,7.0,3.89
Aveuglement,Incapacitor,8,9,0.89,89%,8.62,7.67,69,3,2.87,2.56,2.15,1.92
Marteau Collecteur,Collecting Hammer,6,9,0.67,67%,11.0,7.33,66,2,5.5,3.67,3.67,2.44
Triple Météore,Trimeteor,2,9,0.22,22%,30.0,6.67,60,0,Gratuit,Gratuit,30.0,6.67
Le Marionnettiste,The Puppeteer,3,9,0.33,33%,20.0,6.67,60,2,10.0,3.33,6.67,2.22
Marteleur précis,Precise Hammer,3,9,0.33,33%,18.0,6.0,54,1,18.0,6.0,9.0,3.0
Épée Obscure,Swords of Darkness,3,9,0.33,33%,17.0,5.67,51,1,17.0,5.67,8.5,2.83
Totem du Gardien,Guardian Totem,9,9,1.0,100%,5.44,5.44,49,3,1.81,1.81,1.36,1.36
Esprit Guerrier,Spirit of the Warrior,3,9,0.33,33%,16.0,5.33,48,1,16.0,5.33,8.0,2.67
Coup de Mort,Death Helper,4,9,0.44,44%,10.0,4.44,40,1,10.0,4.44,5.0,2.22
Pillard Féroce,Savage Looter,2,9,0.22,22%,20.0,4.44,40,1,20.0,4.44,10.0,2.22
Être de Lumière,Being of Light,2,9,0.22,22%,18.0,4.0,36,1,18.0,4.0,9.0,2.0
Explosion Arcanique,Arcane Explosive,3,9,0.33,33%,12.0,4.0,36,1,12.0,4.0,6.0,2.0
Parchemin Secret,Secret Scroll,2,9,0.22,22%,18.0,4.0,36,2,9.0,2.0,6.0,1.33
Désintégrateur Magnétique,Magnetic Disintegrator,3,9,0.33,33%,11.0,3.67,33,0,Gratuit,Gratuit,11.0,3.67
Œil de Lynx,Hawk's Eye,4,9,0.44,44%,8.0,3.56,32,0,Gratuit,Gratuit,8.0,3.56
Lame Insatiable,Fast Furious Blade,2,9,0.22,22%,16.0,3.56,32,2,8.0,1.78,5.33,1.19
Elan de Fureur,Rampage Momentum,2,9,0.22,22%,15.0,3.33,30,2,7.5,1.67,5.0,1.11
Tombeau Rocheux,Rock Tomb,3,9,0.33,33%,10.0,3.33,30,1,10.0,3.33,5.0,1.67
Gantelet Impérieux,Imperious Gauntlet,1,9,0.11,11%,30.0,3.33,30,1,30.0,3.33,15.0,1.67
Danse Macabre,Dance of Death,3,9,0.33,33%,8.0,2.67,24,1,8.0,2.67,4.0,1.33
Bâton de Conquête,Conquering Staff,1,9,0.11,11%,24.0,2.67,24,2,12.0,1.33,8.0,0.89
Chasseresse d'Âmes,Huntress of Souls,1,9,0.11,11%,19.0,2.11,19,1,19.0,2.11,9.5,1.05
Enchaînement Éclair,Unstoppable Lightning,1,9,0.11,11%,18.0,2.0,18,1,18.0,2.0,9.0,1.0
Griffes Démoniaques,Demon Claws,1,9,0.11,11%,17.0,1.89,17,1,17.0,1.89,8.5,0.94
Soif de Sang,Thirsty Dagger,1,9,0.11,11%,15.0,1.67,15,0,Gratuit,Gratuit,15.0,1.67
Couronne du Roi Nain,Crown of the Dwarf King,1,9,0.11,11%,13.0,1.44,13,0,Gratuit,Gratuit,13.0,1.44
Épé Sainte,Holy Sword,1,9,0.11,11%,10.0,1.11,10,0,Gratuit,Gratuit,10.0,1.11
Griffes Sauvages,Wild Claw,5,9,0.56,56%,1.6,0.89,8,3,0.53,0.3,0.4,0.22
