,Nom Anglais,nb games valide,total games,ratio,%,pts moy,pts moy total,total point,cout,pts par cout moy,pts par cout total,pts par cout moy+1,pts par cout total+1
Totem Équivalent,Equivalent Totem,15,15,1.0,100%,16.8,16.8,252,2,8.4,8.4,5.6,5.6
Faux,Scythe,15,15,1.0,100%,14.6,14.6,219,3,4.87,4.87,3.65,3.65
Ascension Divine,Divine Ascent,6,15,0.4,40%,25.0,10.0,150,3,8.33,3.33,6.25,2.5
Armure d'Obsidienne,Obsidian Battle Plate,7,15,0.47,47%,20.0,9.33,140,2,10.0,4.67,6.67,3.11
Économe Sagesse du Trésorier,Treasurer's Wisdom,8,15,0.53,53%,17.0,9.07,136,2,8.5,4.54,5.67,3.02
Faux Parfaite,Perfect Scythe,8,15,0.53,53%,15.0,8.0,120,0,Gratuit,Gratuit,15.0,8.0
Explosion Arcanique,Arcane Explosive,10,15,0.67,67%,12.0,8.0,120,1,12.0,8.0,6.0,4.0
Assistance Divine,Sacred Help,6,15,0.4,40%,20.0,8.0,120,2,10.0,4.0,6.67,2.67
Marteau Collecteur,Collecting Hammer,10,15,0.67,67%,11.8,7.87,118,2,5.9,3.94,3.93,2.62
Lame Affutée,Sharp Blade,12,15,0.8,80%,9.5,7.6,114,3,3.17,2.53,2.38,1.9
Hache Frénétique,Berseker Ax,8,15,0.53,53%,14.0,7.47,112,2,7.0,3.73,4.67,2.49
Elan de Fureur,Rampage Momentum,5,15,0.33,33%,15.0,5.0,75,2,7.5,2.5,5.0,1.67
Faux Assoiffées,Thirsty Scythes,3,15,0.2,20%,25.0,5.0,75,3,8.33,1.67,6.25,1.25
Enchaînement Éclair,Unstoppable Lightning,4,15,0.27,27%,18.0,4.8,72,1,18.0,4.8,9.0,2.4
Parchemin Secret,Secret Scroll,4,15,0.27,27%,18.0,4.8,72,2,9.0,2.4,6.0,1.6
Aveuglement,Incapacitor,13,15,0.87,87%,5.54,4.8,72,3,1.85,1.6,1.39,1.2
Esprit de l'Écuyer,Spirit of the Squire,13,15,0.87,87%,5.54,4.8,72,3,1.85,1.6,1.39,1.2
Armure d'Immortel,Immortal Breastplate,5,15,0.33,33%,14.4,4.8,72,1,14.4,4.8,7.2,2.4
Épée Obscure,Swords of Darkness,4,15,0.27,27%,17.0,4.53,68,1,17.0,4.53,8.5,2.27
Sabre Versatile,Versatil Saber,6,15,0.4,40%,11.0,4.4,66,1,11.0,4.4,5.5,2.2
Être de Lumière,Being of Light,3,15,0.2,20%,18.0,3.6,54,1,18.0,3.6,9.0,1.8
Chasseur d'Âmes,Soul Hunter,3,15,0.2,20%,16.67,3.33,50,1,16.67,3.33,8.34,1.67
Totem du Gardien,Guardian Totem,11,15,0.73,73%,4.09,3.0,45,3,1.36,1.0,1.02,0.75
Danse Macabre,Dance of Death,5,15,0.33,33%,8.0,2.67,40,1,8.0,2.67,4.0,1.33
Tombeau Rocheux,Rock Tomb,4,15,0.27,27%,10.0,2.67,40,1,10.0,2.67,5.0,1.33
Lame Insatiable,Fast Furious Blade,2,15,0.13,13%,16.0,2.13,32,2,8.0,1.06,5.33,0.71
Triple Météore,Trimeteor,1,15,0.07,7%,30.0,2.0,30,0,Gratuit,Gratuit,30.0,2.0
Gantelet Impérieux,Imperious Gauntlet,1,15,0.07,7%,30.0,2.0,30,1,30.0,2.0,15.0,1.0
Couronne du Roi Nain,Crown of the Dwarf King,2,15,0.13,13%,13.0,1.73,26,0,Gratuit,Gratuit,13.0,1.73
Bâton de Conquête,Conquering Staff,1,15,0.07,7%,24.0,1.6,24,2,12.0,0.8,8.0,0.53
Marteleur précis,Precise Hammer,1,15,0.07,7%,18.0,1.2,18,1,18.0,1.2,9.0,0.6
Soif de Sang,Thirsty Dagger,1,15,0.07,7%,15.0,1.0,15,0,Gratuit,Gratuit,15.0,1.0
Désintégrateur Magnétique,Magnetic Disintegrator,1,15,0.07,7%,11.0,0.73,11,0,Gratuit,Gratuit,11.0,0.73
Épé Sainte,Holy Sword,1,15,0.07,7%,10.0,0.67,10,0,Gratuit,Gratuit,10.0,0.67
Œil de Lynx,Hawk's Eye,1,15,0.07,7%,8.0,0.53,8,0,Gratuit,Gratuit,8.0,0.53
Griffes Sauvages,Wild Claw,3,15,0.2,20%,1.0,0.2,3,3,0.33,0.07,0.25,0.05
