,Nom Anglais,nb games valide,total games,ratio,%,pts moy,pts moy total,total point,cout,pts par cout moy,pts par cout total,pts par cout moy+1,pts par cout total+1
Totem Équivalent,Equivalent Totem,17,17,1.0,100%,16.94,16.94,288,2,8.47,8.47,5.65,5.65
Faux,Scythe,17,17,1.0,100%,15.29,15.29,260,3,5.1,5.1,3.82,3.82
Ascension Divine,Divine Ascent,8,17,0.47,47%,25.0,11.76,200,3,8.33,3.92,6.25,2.94
Économe Sagesse du Trésorier,Treasurer's Wisdom,10,17,0.59,59%,17.0,10.0,170,2,8.5,5.0,5.67,3.33
Assistance Divine,Sacred Help,8,17,0.47,47%,20.0,9.41,160,2,10.0,4.71,6.67,3.14
Armure d'Obsidienne,Obsidian Battle Plate,8,17,0.47,47%,20.0,9.41,160,2,10.0,4.71,6.67,3.14
Hache Frénétique,Berseker Ax,10,17,0.59,59%,14.0,8.24,140,2,7.0,4.12,4.67,2.75
Marteau Collecteur,Collecting Hammer,12,17,0.71,71%,11.58,8.18,139,2,5.79,4.09,3.86,2.73
Faux Parfaite,Perfect Scythe,9,17,0.53,53%,15.0,7.94,135,0,Gratuit,Gratuit,15.0,7.94
Explosion Arcanique,Arcane Explosive,11,17,0.65,65%,12.0,7.76,132,1,12.0,7.76,6.0,3.88
Faux Assoiffées,Thirsty Scythes,5,17,0.29,29%,25.0,7.35,125,3,8.33,2.45,6.25,1.84
Lame Affutée,Sharp Blade,13,17,0.76,76%,9.23,7.06,120,3,3.08,2.35,2.31,1.76
Parchemin Secret,Secret Scroll,5,17,0.29,29%,18.0,5.29,90,2,9.0,2.65,6.0,1.76
Aveuglement,Incapacitor,15,17,0.88,88%,5.8,5.12,87,3,1.93,1.71,1.45,1.28
Esprit de l'Écuyer,Spirit of the Squire,15,17,0.88,88%,5.6,4.94,84,3,1.87,1.65,1.4,1.24
Elan de Fureur,Rampage Momentum,5,17,0.29,29%,15.0,4.41,75,2,7.5,2.21,5.0,1.47
Enchaînement Éclair,Unstoppable Lightning,4,17,0.24,24%,18.0,4.24,72,1,18.0,4.24,9.0,2.12
Armure d'Immortel,Immortal Breastplate,5,17,0.29,29%,14.4,4.24,72,1,14.4,4.24,7.2,2.12
Épée Obscure,Swords of Darkness,4,17,0.24,24%,17.0,4.0,68,1,17.0,4.0,8.5,2.0
Sabre Versatile,Versatil Saber,6,17,0.35,35%,11.0,3.88,66,1,11.0,3.88,5.5,1.94
Gantelet Impérieux,Imperious Gauntlet,2,17,0.12,12%,30.0,3.53,60,1,30.0,3.53,15.0,1.76
Être de Lumière,Being of Light,3,17,0.18,18%,18.0,3.18,54,1,18.0,3.18,9.0,1.59
Totem du Gardien,Guardian Totem,12,17,0.71,71%,4.17,2.94,50,3,1.39,0.98,1.04,0.73
Chasseur d'Âmes,Soul Hunter,3,17,0.18,18%,16.67,2.94,50,1,16.67,2.94,8.34,1.47
Lame Insatiable,Fast Furious Blade,3,17,0.18,18%,16.0,2.82,48,2,8.0,1.41,5.33,0.94
Danse Macabre,Dance of Death,5,17,0.29,29%,8.0,2.35,40,1,8.0,2.35,4.0,1.18
Tombeau Rocheux,Rock Tomb,4,17,0.24,24%,10.0,2.35,40,1,10.0,2.35,5.0,1.18
Triple Météore,Trimeteor,1,17,0.06,6%,30.0,1.76,30,0,Gratuit,Gratuit,30.0,1.76
Couronne du Roi Nain,Crown of the Dwarf King,2,17,0.12,12%,13.0,1.53,26,0,Gratuit,Gratuit,13.0,1.53
Bâton de Conquête,Conquering Staff,1,17,0.06,6%,24.0,1.41,24,2,12.0,0.7,8.0,0.47
Désintégrateur Magnétique,Magnetic Disintegrator,2,17,0.12,12%,11.0,1.29,22,0,Gratuit,Gratuit,11.0,1.29
Pillard Féroce,Savage Looter,1,17,0.06,6%,20.0,1.18,20,1,20.0,1.18,10.0,0.59
Chasseresse d'Âmes,Huntress of Souls,1,17,0.06,6%,19.0,1.12,19,1,19.0,1.12,9.5,0.56
Œil de Lynx,Hawk's Eye,2,17,0.12,12%,9.0,1.06,18,0,Gratuit,Gratuit,9.0,1.06
Marteleur précis,Precise Hammer,1,17,0.06,6%,18.0,1.06,18,1,18.0,1.06,9.0,0.53
Griffes Démoniaques,Demon Claws,1,17,0.06,6%,17.0,1.0,17,1,17.0,1.0,8.5,0.5
Soif de Sang,Thirsty Dagger,1,17,0.06,6%,15.0,0.88,15,0,Gratuit,Gratuit,15.0,0.88
Épé Sainte,Holy Sword,1,17,0.06,6%,10.0,0.59,10,0,Gratuit,Gratuit,10.0,0.59
Griffes Sauvages,Wild Claw,5,17,0.29,29%,1.4,0.41,7,3,0.47,0.14,0.35,0.1
