,Nom Anglais,nb games valide,total games,ratio,%,pts moy,pts moy total,total point,cout,pts par cout moy,pts par cout total,pts par cout moy+1,pts par cout total+1
Totem Équivalent,Equivalent Totem,11,11,1.0,100%,17.0,17.0,187,2,8.5,8.5,5.67,5.67
Faux,Scythe,11,11,1.0,100%,15.09,15.09,166,3,5.03,5.03,3.77,3.77
Ascension Divine,Divine Ascent,5,11,0.45,45%,25.0,11.36,125,3,8.33,3.79,6.25,2.84
Assistance Divine,Sacred Help,6,11,0.55,55%,20.0,10.91,120,2,10.0,5.46,6.67,3.64
Économe Sagesse du Trésorier,Treasurer's Wisdom,7,11,0.64,64%,17.0,10.82,119,2,8.5,5.41,5.67,3.61
Armure d'Obsidienne,Obsidian Battle Plate,5,11,0.45,45%,20.0,9.09,100,2,10.0,4.54,6.67,3.03
Explosion Arcanique,Arcane Explosive,8,11,0.73,73%,12.0,8.73,96,1,12.0,8.73,6.0,4.37
Lame Affutée,Sharp Blade,9,11,0.82,82%,10.33,8.45,93,3,3.44,2.82,2.58,2.11
Faux Parfaite,Perfect Scythe,6,11,0.55,55%,15.0,8.18,90,0,Gratuit,Gratuit,15.0,8.18
Hache Frénétique,Berseker Ax,6,11,0.55,55%,14.0,7.64,84,2,7.0,3.82,4.67,2.55
Faux Assoiffées,Thirsty Scythes,3,11,0.27,27%,25.0,6.82,75,3,8.33,2.27,6.25,1.71
Armure d'Immortel,Immortal Breastplate,5,11,0.45,45%,14.4,6.55,72,1,14.4,6.55,7.2,3.27
Marteau Collecteur,Collecting Hammer,6,11,0.55,55%,11.5,6.27,69,2,5.75,3.13,3.83,2.09
Aveuglement,Incapacitor,9,11,0.82,82%,6.67,5.45,60,3,2.22,1.82,1.67,1.36
Elan de Fureur,Rampage Momentum,4,11,0.36,36%,15.0,5.45,60,2,7.5,2.73,5.0,1.82
Parchemin Secret,Secret Scroll,3,11,0.27,27%,18.0,4.91,54,2,9.0,2.46,6.0,1.64
Être de Lumière,Being of Light,3,11,0.27,27%,18.0,4.91,54,1,18.0,4.91,9.0,2.46
Enchaînement Éclair,Unstoppable Lightning,3,11,0.27,27%,18.0,4.91,54,1,18.0,4.91,9.0,2.46
Épée Obscure,Swords of Darkness,3,11,0.27,27%,17.0,4.64,51,1,17.0,4.64,8.5,2.32
Chasseur d'Âmes,Soul Hunter,3,11,0.27,27%,16.67,4.55,50,1,16.67,4.55,8.34,2.27
Esprit de l'Écuyer,Spirit of the Squire,10,11,0.91,91%,4.8,4.36,48,3,1.6,1.45,1.2,1.09
Totem du Gardien,Guardian Totem,11,11,1.0,100%,4.09,4.09,45,3,1.36,1.36,1.02,1.02
Sabre Versatile,Versatil Saber,4,11,0.36,36%,11.0,4.0,44,1,11.0,4.0,5.5,2.0
Tombeau Rocheux,Rock Tomb,4,11,0.36,36%,10.0,3.64,40,1,10.0,3.64,5.0,1.82
Danse Macabre,Dance of Death,4,11,0.36,36%,8.0,2.91,32,1,8.0,2.91,4.0,1.46
Triple Météore,Trimeteor,1,11,0.09,9%,30.0,2.73,30,0,Gratuit,Gratuit,30.0,2.73
Bâton de Conquête,Conquering Staff,1,11,0.09,9%,24.0,2.18,24,2,12.0,1.09,8.0,0.73
Marteleur précis,Precise Hammer,1,11,0.09,9%,18.0,1.64,18,1,18.0,1.64,9.0,0.82
Lame Insatiable,Fast Furious Blade,1,11,0.09,9%,16.0,1.45,16,2,8.0,0.72,5.33,0.48
Soif de Sang,Thirsty Dagger,1,11,0.09,9%,15.0,1.36,15,0,Gratuit,Gratuit,15.0,1.36
Couronne du Roi Nain,Crown of the Dwarf King,1,11,0.09,9%,13.0,1.18,13,0,Gratuit,Gratuit,13.0,1.18
Épé Sainte,Holy Sword,1,11,0.09,9%,10.0,0.91,10,0,Gratuit,Gratuit,10.0,0.91
Œil de Lynx,Hawk's Eye,1,11,0.09,9%,8.0,0.73,8,0,Gratuit,Gratuit,8.0,0.73
Griffes Sauvages,Wild Claw,3,11,0.27,27%,1.0,0.27,3,3,0.33,0.09,0.25,0.07
