,Nom Anglais,nb games valide,total games,ratio,%,pts moy,pts moy total,total point,cout,pts par cout moy,pts par cout total,pts par cout moy+1,pts par cout total+1
Totem Équivalent,Equivalent Totem,16,16,1.0,100%,16.88,16.88,270,2,8.44,8.44,5.63,5.63
Faux,Scythe,16,16,1.0,100%,15.12,15.12,242,3,5.04,5.04,3.78,3.78
Ascension Divine,Divine Ascent,7,16,0.44,44%,25.0,10.94,175,3,8.33,3.65,6.25,2.73
Armure d'Obsidienne,Obsidian Battle Plate,8,16,0.5,50%,20.0,10.0,160,2,10.0,5.0,6.67,3.33
Économe Sagesse du Trésorier,Treasurer's Wisdom,9,16,0.56,56%,17.0,9.56,153,2,8.5,4.78,5.67,3.19
Assistance Divine,Sacred Help,7,16,0.44,44%,20.0,8.75,140,2,10.0,4.38,6.67,2.92
Faux Parfaite,Perfect Scythe,9,16,0.56,56%,15.0,8.44,135,0,Gratuit,Gratuit,15.0,8.44
Explosion Arcanique,Arcane Explosive,11,16,0.69,69%,12.0,8.25,132,1,12.0,8.25,6.0,4.12
Marteau Collecteur,Collecting Hammer,11,16,0.69,69%,12.0,8.25,132,2,6.0,4.12,4.0,2.75
Hache Frénétique,Berseker Ax,9,16,0.56,56%,14.0,7.88,126,2,7.0,3.94,4.67,2.63
Lame Affutée,Sharp Blade,12,16,0.75,75%,9.5,7.12,114,3,3.17,2.37,2.38,1.78
Faux Assoiffées,Thirsty Scythes,4,16,0.25,25%,25.0,6.25,100,3,8.33,2.08,6.25,1.56
Parchemin Secret,Secret Scroll,5,16,0.31,31%,18.0,5.62,90,2,9.0,2.81,6.0,1.87
Elan de Fureur,Rampage Momentum,5,16,0.31,31%,15.0,4.69,75,2,7.5,2.35,5.0,1.56
Aveuglement,Incapacitor,14,16,0.88,88%,5.36,4.69,75,3,1.79,1.56,1.34,1.17
Esprit de l'Écuyer,Spirit of the Squire,14,16,0.88,88%,5.36,4.69,75,3,1.79,1.56,1.34,1.17
Enchaînement Éclair,Unstoppable Lightning,4,16,0.25,25%,18.0,4.5,72,1,18.0,4.5,9.0,2.25
Armure d'Immortel,Immortal Breastplate,5,16,0.31,31%,14.4,4.5,72,1,14.4,4.5,7.2,2.25
Épée Obscure,Swords of Darkness,4,16,0.25,25%,17.0,4.25,68,1,17.0,4.25,8.5,2.12
Sabre Versatile,Versatil Saber,6,16,0.38,38%,11.0,4.12,66,1,11.0,4.12,5.5,2.06
Gantelet Impérieux,Imperious Gauntlet,2,16,0.12,12%,30.0,3.75,60,1,30.0,3.75,15.0,1.88
Être de Lumière,Being of Light,3,16,0.19,19%,18.0,3.38,54,1,18.0,3.38,9.0,1.69
Chasseur d'Âmes,Soul Hunter,3,16,0.19,19%,16.67,3.12,50,1,16.67,3.12,8.34,1.56
Lame Insatiable,Fast Furious Blade,3,16,0.19,19%,16.0,3.0,48,2,8.0,1.5,5.33,1.0
Totem du Gardien,Guardian Totem,11,16,0.69,69%,4.09,2.81,45,3,1.36,0.94,1.02,0.7
Danse Macabre,Dance of Death,5,16,0.31,31%,8.0,2.5,40,1,8.0,2.5,4.0,1.25
Tombeau Rocheux,Rock Tomb,4,16,0.25,25%,10.0,2.5,40,1,10.0,2.5,5.0,1.25
Triple Météore,Trimeteor,1,16,0.06,6%,30.0,1.88,30,0,Gratuit,Gratuit,30.0,1.88
Couronne du Roi Nain,Crown of the Dwarf King,2,16,0.12,12%,13.0,1.62,26,0,Gratuit,Gratuit,13.0,1.62
Bâton de Conquête,Conquering Staff,1,16,0.06,6%,24.0,1.5,24,2,12.0,0.75,8.0,0.5
Désintégrateur Magnétique,Magnetic Disintegrator,2,16,0.12,12%,11.0,1.38,22,0,Gratuit,Gratuit,11.0,1.38
Pillard Féroce,Savage Looter,1,16,0.06,6%,20.0,1.25,20,1,20.0,1.25,10.0,0.62
Chasseresse d'Âmes,Huntress of Souls,1,16,0.06,6%,19.0,1.19,19,1,19.0,1.19,9.5,0.59
Marteleur précis,Precise Hammer,1,16,0.06,6%,18.0,1.12,18,1,18.0,1.12,9.0,0.56
Griffes Démoniaques,Demon Claws,1,16,0.06,6%,17.0,1.06,17,1,17.0,1.06,8.5,0.53
Soif de Sang,Thirsty Dagger,1,16,0.06,6%,15.0,0.94,15,0,Gratuit,Gratuit,15.0,0.94
Épé Sainte,Holy Sword,1,16,0.06,6%,10.0,0.62,10,0,Gratuit,Gratuit,10.0,0.62
Œil de Lynx,Hawk's Eye,1,16,0.06,6%,8.0,0.5,8,0,Gratuit,Gratuit,8.0,0.5
Griffes Sauvages,Wild Claw,4,16,0.25,25%,1.25,0.31,5,3,0.42,0.1,0.31,0.08
