,Nom Anglais,nb games valide,total games,ratio,%,pts moy,pts moy total,total point,cout,pts par cout moy,pts par cout total,pts par cout moy+1,pts par cout total+1
Totem Équivalent,Equivalent Totem,6,6,1.0,100%,17.17,17.17,103,2,8.59,8.59,5.72,5.72
Faux,Scythe,6,6,1.0,100%,14.0,14.0,84,3,4.67,4.67,3.5,3.5
Assistance Divine,Sacred Help,4,6,0.67,67%,20.0,13.33,80,2,10.0,6.67,6.67,4.44
Armure d'Obsidienne,Obsidian Battle Plate,4,6,0.67,67%,20.0,13.33,80,2,10.0,6.67,6.67,4.44
Économe Sagesse du Trésorier,Treasurer's Wisdom,4,6,0.67,67%,17.0,11.33,68,2,8.5,5.67,5.67,3.78
Explosion Arcanique,Arcane Explosive,5,6,0.83,83%,12.0,10.0,60,1,12.0,10.0,6.0,5.0
Armure d'Immortel,Immortal Breastplate,4,6,0.67,67%,14.0,9.33,56,1,14.0,9.33,7.0,4.67
Être de Lumière,Being of Light,3,6,0.5,50%,18.0,9.0,54,1,18.0,9.0,9.0,4.5
Ascension Divine,Divine Ascent,2,6,0.33,33%,25.0,8.33,50,3,8.33,2.78,6.25,2.08
Lame Affutée,Sharp Blade,5,6,0.83,83%,9.6,8.0,48,3,3.2,2.67,2.4,2.0
Faux Parfaite,Perfect Scythe,3,6,0.5,50%,15.0,7.5,45,0,Gratuit,Gratuit,15.0,7.5
Marteau Collecteur,Collecting Hammer,3,6,0.5,50%,12.0,6.0,36,2,6.0,3.0,4.0,2.0
Sabre Versatile,Versatil Saber,3,6,0.5,50%,11.0,5.5,33,1,11.0,5.5,5.5,2.75
Chasseur d'Âmes,Soul Hunter,2,6,0.33,33%,15.0,5.0,30,1,15.0,5.0,7.5,2.5
Esprit de l'Écuyer,Spirit of the Squire,6,6,1.0,100%,5.0,5.0,30,3,1.67,1.67,1.25,1.25
Elan de Fureur,Rampage Momentum,2,6,0.33,33%,15.0,5.0,30,2,7.5,2.5,5.0,1.67
Hache Frénétique,Berseker Ax,2,6,0.33,33%,14.0,4.67,28,2,7.0,2.33,4.67,1.56
Aveuglement,Incapacitor,5,6,0.83,83%,4.8,4.0,24,3,1.6,1.33,1.2,1.0
Totem du Gardien,Guardian Totem,6,6,1.0,100%,3.83,3.83,23,3,1.28,1.28,0.96,0.96
Tombeau Rocheux,Rock Tomb,2,6,0.33,33%,10.0,3.33,20,1,10.0,3.33,5.0,1.67
Enchaînement Éclair,Unstoppable Lightning,1,6,0.17,17%,18.0,3.0,18,1,18.0,3.0,9.0,1.5
Marteleur précis,Precise Hammer,1,6,0.17,17%,18.0,3.0,18,1,18.0,3.0,9.0,1.5
Parchemin Secret,Secret Scroll,1,6,0.17,17%,18.0,3.0,18,2,9.0,1.5,6.0,1.0
Épée Obscure,Swords of Darkness,1,6,0.17,17%,17.0,2.83,17,1,17.0,2.83,8.5,1.42
Danse Macabre,Dance of Death,2,6,0.33,33%,8.0,2.67,16,1,8.0,2.67,4.0,1.33
Soif de Sang,Thirsty Dagger,1,6,0.17,17%,15.0,2.5,15,0,Gratuit,Gratuit,15.0,2.5
Griffes Sauvages,Wild Claw,2,6,0.33,33%,1.0,0.33,2,3,0.33,0.11,0.25,0.08
