,Nom Anglais,nb games valide,total games,ratio,%,pts moy,pts moy total,total point,cout,pts par cout moy,pts par cout total,pts par cout moy+1,pts par cout total+1
Totem Équivalent,Equivalent Totem,13,13,1.0,100%,17.0,17.0,221,2,8.5,8.5,5.67,5.67
Faux,Scythe,13,13,1.0,100%,14.92,14.92,194,3,4.97,4.97,3.73,3.73
Ascension Divine,Divine Ascent,6,13,0.46,46%,25.0,11.54,150,3,8.33,3.85,6.25,2.88
Économe Sagesse du Trésorier,Treasurer's Wisdom,8,13,0.62,62%,17.0,10.46,136,2,8.5,5.23,5.67,3.49
Armure d'Obsidienne,Obsidian Battle Plate,6,13,0.46,46%,20.0,9.23,120,2,10.0,4.62,6.67,3.08
Assistance Divine,Sacred Help,6,13,0.46,46%,20.0,9.23,120,2,10.0,4.62,6.67,3.08
Explosion Arcanique,Arcane Explosive,9,13,0.69,69%,12.0,8.31,108,1,12.0,8.31,6.0,4.16
Faux Parfaite,Perfect Scythe,7,13,0.54,54%,15.0,8.08,105,0,Gratuit,Gratuit,15.0,8.08
Lame Affutée,Sharp Blade,11,13,0.85,85%,9.0,7.62,99,3,3.0,2.54,2.25,1.91
Hache Frénétique,Berseker Ax,7,13,0.54,54%,14.0,7.54,98,2,7.0,3.77,4.67,2.51
Marteau Collecteur,Collecting Hammer,8,13,0.62,62%,11.25,6.92,90,2,5.62,3.46,3.75,2.31
Faux Assoiffées,Thirsty Scythes,3,13,0.23,23%,25.0,5.77,75,3,8.33,1.92,6.25,1.44
Armure d'Immortel,Immortal Breastplate,5,13,0.38,38%,14.4,5.54,72,1,14.4,5.54,7.2,2.77
Aveuglement,Incapacitor,11,13,0.85,85%,6.0,5.08,66,3,2.0,1.69,1.5,1.27
Esprit de l'Écuyer,Spirit of the Squire,12,13,0.92,92%,5.5,5.08,66,3,1.83,1.69,1.38,1.27
Elan de Fureur,Rampage Momentum,4,13,0.31,31%,15.0,4.62,60,2,7.5,2.31,5.0,1.54
Sabre Versatile,Versatil Saber,5,13,0.38,38%,11.0,4.23,55,1,11.0,4.23,5.5,2.12
Parchemin Secret,Secret Scroll,3,13,0.23,23%,18.0,4.15,54,2,9.0,2.08,6.0,1.38
Être de Lumière,Being of Light,3,13,0.23,23%,18.0,4.15,54,1,18.0,4.15,9.0,2.08
Enchaînement Éclair,Unstoppable Lightning,3,13,0.23,23%,18.0,4.15,54,1,18.0,4.15,9.0,2.08
Épée Obscure,Swords of Darkness,3,13,0.23,23%,17.0,3.92,51,1,17.0,3.92,8.5,1.96
Chasseur d'Âmes,Soul Hunter,3,13,0.23,23%,16.67,3.85,50,1,16.67,3.85,8.34,1.93
Totem du Gardien,Guardian Totem,11,13,0.85,85%,4.09,3.46,45,3,1.36,1.15,1.02,0.86
Tombeau Rocheux,Rock Tomb,4,13,0.31,31%,10.0,3.08,40,1,10.0,3.08,5.0,1.54
Danse Macabre,Dance of Death,4,13,0.31,31%,8.0,2.46,32,1,8.0,2.46,4.0,1.23
Triple Météore,Trimeteor,1,13,0.08,8%,30.0,2.31,30,0,Gratuit,Gratuit,30.0,2.31
Bâton de Conquête,Conquering Staff,1,13,0.08,8%,24.0,1.85,24,2,12.0,0.93,8.0,0.62
Marteleur précis,Precise Hammer,1,13,0.08,8%,18.0,1.38,18,1,18.0,1.38,9.0,0.69
Lame Insatiable,Fast Furious Blade,1,13,0.08,8%,16.0,1.23,16,2,8.0,0.61,5.33,0.41
Soif de Sang,Thirsty Dagger,1,13,0.08,8%,15.0,1.15,15,0,Gratuit,Gratuit,15.0,1.15
Couronne du Roi Nain,Crown of the Dwarf King,1,13,0.08,8%,13.0,1.0,13,0,Gratuit,Gratuit,13.0,1.0
Épé Sainte,Holy Sword,1,13,0.08,8%,10.0,0.77,10,0,Gratuit,Gratuit,10.0,0.77
Œil de Lynx,Hawk's Eye,1,13,0.08,8%,8.0,0.62,8,0,Gratuit,Gratuit,8.0,0.62
Griffes Sauvages,Wild Claw,3,13,0.23,23%,1.0,0.23,3,3,0.33,0.08,0.25,0.06
