,Nom Anglais,nb games valide,total games,ratio,%,pts moy,pts moy total,total point,cout,pts par cout moy,pts par cout total,pts par cout moy+1,pts par cout total+1
Totem Équivalent,Equivalent Totem,9,9,1.0,100%,17.44,17.44,157,2,8.72,8.72,5.81,5.81
Faux,Scythe,9,9,1.0,100%,16.0,16.0,144,3,5.33,5.33,4.0,4.0
Ascension Divine,Divine Ascent,5,9,0.56,56%,25.0,13.89,125,3,8.33,4.63,6.25,3.47
Assistance Divine,Sacred Help,6,9,0.67,67%,20.0,13.33,120,2,10.0,6.67,6.67,4.44
Économe Sagesse du Trésorier,Treasurer's Wisdom,7,9,0.78,78%,17.0,13.22,119,2,8.5,6.61,5.67,4.41
Armure d'Obsidienne,Obsidian Battle Plate,4,9,0.44,44%,20.0,8.89,80,2,10.0,4.45,6.67,2.96
Faux Parfaite,Perfect Scythe,5,9,0.56,56%,15.0,8.33,75,0,Gratuit,Gratuit,15.0,8.33
Faux Assoiffées,Thirsty Scythes,3,9,0.33,33%,25.0,8.33,75,3,8.33,2.78,6.25,2.08
Lame Affutée,Sharp Blade,8,9,0.89,89%,9.38,8.33,75,3,3.13,2.78,2.35,2.08
Explosion Arcanique,Arcane Explosive,6,9,0.67,67%,12.0,8.0,72,1,12.0,8.0,6.0,4.0
Hache Frénétique,Berseker Ax,5,9,0.56,56%,14.0,7.78,70,2,7.0,3.89,4.67,2.59
Aveuglement,Incapacitor,8,9,0.89,89%,7.12,6.33,57,3,2.37,2.11,1.78,1.58
Armure d'Immortel,Immortal Breastplate,4,9,0.44,44%,14.0,6.22,56,1,14.0,6.22,7.0,3.11
Être de Lumière,Being of Light,3,9,0.33,33%,18.0,6.0,54,1,18.0,6.0,9.0,3.0
Marteau Collecteur,Collecting Hammer,4,9,0.44,44%,12.0,5.33,48,2,6.0,2.67,4.0,1.78
Elan de Fureur,Rampage Momentum,3,9,0.33,33%,15.0,5.0,45,2,7.5,2.5,5.0,1.67
Esprit de l'Écuyer,Spirit of the Squire,9,9,1.0,100%,4.67,4.67,42,3,1.56,1.56,1.17,1.17
Tombeau Rocheux,Rock Tomb,4,9,0.44,44%,10.0,4.44,40,1,10.0,4.44,5.0,2.22
Totem du Gardien,Guardian Totem,9,9,1.0,100%,4.11,4.11,37,3,1.37,1.37,1.03,1.03
Parchemin Secret,Secret Scroll,2,9,0.22,22%,18.0,4.0,36,2,9.0,2.0,6.0,1.33
Enchaînement Éclair,Unstoppable Lightning,2,9,0.22,22%,18.0,4.0,36,1,18.0,4.0,9.0,2.0
Épée Obscure,Swords of Darkness,2,9,0.22,22%,17.0,3.78,34,1,17.0,3.78,8.5,1.89
Sabre Versatile,Versatil Saber,3,9,0.33,33%,11.0,3.67,33,1,11.0,3.67,5.5,1.83
Chasseur d'Âmes,Soul Hunter,2,9,0.22,22%,15.0,3.33,30,1,15.0,3.33,7.5,1.67
Triple Météore,Trimeteor,1,9,0.11,11%,30.0,3.33,30,0,Gratuit,Gratuit,30.0,3.33
Danse Macabre,Dance of Death,3,9,0.33,33%,8.0,2.67,24,1,8.0,2.67,4.0,1.33
Bâton de Conquête,Conquering Staff,1,9,0.11,11%,24.0,2.67,24,2,12.0,1.33,8.0,0.89
Marteleur précis,Precise Hammer,1,9,0.11,11%,18.0,2.0,18,1,18.0,2.0,9.0,1.0
Lame Insatiable,Fast Furious Blade,1,9,0.11,11%,16.0,1.78,16,2,8.0,0.89,5.33,0.59
Soif de Sang,Thirsty Dagger,1,9,0.11,11%,15.0,1.67,15,0,Gratuit,Gratuit,15.0,1.67
Couronne du Roi Nain,Crown of the Dwarf King,1,9,0.11,11%,13.0,1.44,13,0,Gratuit,Gratuit,13.0,1.44
Œil de Lynx,Hawk's Eye,1,9,0.11,11%,8.0,0.89,8,0,Gratuit,Gratuit,8.0,0.89
Griffes Sauvages,Wild Claw,3,9,0.33,33%,1.0,0.33,3,3,0.33,0.11,0.25,0.08
