,Nom Anglais,nb games valide,total games,ratio,%,pts moy,pts moy total,total point,cout,pts par cout moy,pts par cout total,pts par cout moy+1,pts par cout total+1
Totem Équivalent,Equivalent Totem,8,8,1.0,100%,17.38,17.38,139,2,8.69,8.69,5.79,5.79
Faux,Scythe,8,8,1.0,100%,15.38,15.38,123,3,5.13,5.13,3.85,3.85
Assistance Divine,Sacred Help,6,8,0.75,75%,20.0,15.0,120,2,10.0,7.5,6.67,5.0
Économe Sagesse du Trésorier,Treasurer's Wisdom,6,8,0.75,75%,17.0,12.75,102,2,8.5,6.38,5.67,4.25
Ascension Divine,Divine Ascent,4,8,0.5,50%,25.0,12.5,100,3,8.33,4.17,6.25,3.12
Armure d'Obsidienne,Obsidian Battle Plate,4,8,0.5,50%,20.0,10.0,80,2,10.0,5.0,6.67,3.33
Faux Parfaite,Perfect Scythe,5,8,0.62,62%,15.0,9.38,75,0,Gratuit,Gratuit,15.0,9.38
Explosion Arcanique,Arcane Explosive,6,8,0.75,75%,12.0,9.0,72,1,12.0,9.0,6.0,4.5
Lame Affutée,Sharp Blade,7,8,0.88,88%,10.29,9.0,72,3,3.43,3.0,2.57,2.25
Hache Frénétique,Berseker Ax,4,8,0.5,50%,14.0,7.0,56,2,7.0,3.5,4.67,2.33
Armure d'Immortel,Immortal Breastplate,4,8,0.5,50%,14.0,7.0,56,1,14.0,7.0,7.0,3.5
Être de Lumière,Being of Light,3,8,0.38,38%,18.0,6.75,54,1,18.0,6.75,9.0,3.38
Faux Assoiffées,Thirsty Scythes,2,8,0.25,25%,25.0,6.25,50,3,8.33,2.08,6.25,1.56
Marteau Collecteur,Collecting Hammer,4,8,0.5,50%,12.0,6.0,48,2,6.0,3.0,4.0,2.0
Elan de Fureur,Rampage Momentum,3,8,0.38,38%,15.0,5.62,45,2,7.5,2.81,5.0,1.87
Aveuglement,Incapacitor,7,8,0.88,88%,6.0,5.25,42,3,2.0,1.75,1.5,1.31
Esprit de l'Écuyer,Spirit of the Squire,8,8,1.0,100%,4.88,4.88,39,3,1.63,1.63,1.22,1.22
Parchemin Secret,Secret Scroll,2,8,0.25,25%,18.0,4.5,36,2,9.0,2.25,6.0,1.5
Enchaînement Éclair,Unstoppable Lightning,2,8,0.25,25%,18.0,4.5,36,1,18.0,4.5,9.0,2.25
Épée Obscure,Swords of Darkness,2,8,0.25,25%,17.0,4.25,34,1,17.0,4.25,8.5,2.12
Sabre Versatile,Versatil Saber,3,8,0.38,38%,11.0,4.12,33,1,11.0,4.12,5.5,2.06
Chasseur d'Âmes,Soul Hunter,2,8,0.25,25%,15.0,3.75,30,1,15.0,3.75,7.5,1.88
Tombeau Rocheux,Rock Tomb,3,8,0.38,38%,10.0,3.75,30,1,10.0,3.75,5.0,1.88
Triple Météore,Trimeteor,1,8,0.12,12%,30.0,3.75,30,0,Gratuit,Gratuit,30.0,3.75
Totem du Gardien,Guardian Totem,8,8,1.0,100%,3.62,3.62,29,3,1.21,1.21,0.91,0.91
Danse Macabre,Dance of Death,3,8,0.38,38%,8.0,3.0,24,1,8.0,3.0,4.0,1.5
Marteleur précis,Precise Hammer,1,8,0.12,12%,18.0,2.25,18,1,18.0,2.25,9.0,1.12
Lame Insatiable,Fast Furious Blade,1,8,0.12,12%,16.0,2.0,16,2,8.0,1.0,5.33,0.67
Soif de Sang,Thirsty Dagger,1,8,0.12,12%,15.0,1.88,15,0,Gratuit,Gratuit,15.0,1.88
Couronne du Roi Nain,Crown of the Dwarf King,1,8,0.12,12%,13.0,1.62,13,0,Gratuit,Gratuit,13.0,1.62
Œil de Lynx,Hawk's Eye,1,8,0.12,12%,8.0,1.0,8,0,Gratuit,Gratuit,8.0,1.0
Griffes Sauvages,Wild Claw,2,8,0.25,25%,1.0,0.25,2,3,0.33,0.08,0.25,0.06
