,Nom Anglais,nb games valide,total games,ratio,%,pts moy,pts moy total,total point,cout,pts par cout moy,pts par cout total,pts par cout moy+1,pts par cout total+1
Totem Équivalent,Equivalent Totem,5,5,1.0,100%,17.2,17.2,86,2,8.6,8.6,5.73,5.73
Faux,Scythe,5,5,1.0,100%,14.2,14.2,71,3,4.73,4.73,3.55,3.55
Armure d'Obsidienne,Obsidian Battle Plate,3,5,0.6,60%,20.0,12.0,60,2,10.0,6.0,6.67,4.0
Assistance Divine,Sacred Help,3,5,0.6,60%,20.0,12.0,60,2,10.0,6.0,6.67,4.0
Économe Sagesse du Trésorier,Treasurer's Wisdom,3,5,0.6,60%,17.0,10.2,51,2,8.5,5.1,5.67,3.4
Ascension Divine,Divine Ascent,2,5,0.4,40%,25.0,10.0,50,3,8.33,3.33,6.25,2.5
Explosion Arcanique,Arcane Explosive,4,5,0.8,80%,12.0,9.6,48,1,12.0,9.6,6.0,4.8
Armure d'Immortel,Immortal Breastplate,3,5,0.6,60%,14.0,8.4,42,1,14.0,8.4,7.0,4.2
Être de Lumière,Being of Light,2,5,0.4,40%,18.0,7.2,36,1,18.0,7.2,9.0,3.6
Lame Affutée,Sharp Blade,4,5,0.8,80%,8.25,6.6,33,3,2.75,2.2,2.06,1.65
Faux Parfaite,Perfect Scythe,2,5,0.4,40%,15.0,6.0,30,0,Gratuit,Gratuit,15.0,6.0
Hache Frénétique,Berseker Ax,2,5,0.4,40%,14.0,5.6,28,2,7.0,2.8,4.67,1.87
Esprit de l'Écuyer,Spirit of the Squire,5,5,1.0,100%,5.4,5.4,27,3,1.8,1.8,1.35,1.35
Sabre Versatile,Versatil Saber,2,5,0.4,40%,11.0,4.4,22,1,11.0,4.4,5.5,2.2
Aveuglement,Incapacitor,4,5,0.8,80%,5.25,4.2,21,3,1.75,1.4,1.31,1.05
Totem du Gardien,Guardian Totem,5,5,1.0,100%,4.0,4.0,20,3,1.33,1.33,1.0,1.0
Marteau Collecteur,Collecting Hammer,2,5,0.4,40%,9.0,3.6,18,2,4.5,1.8,3.0,1.2
Chasseur d'Âmes,Soul Hunter,1,5,0.2,20%,15.0,3.0,15,1,15.0,3.0,7.5,1.5
Elan de Fureur,Rampage Momentum,1,5,0.2,20%,15.0,3.0,15,2,7.5,1.5,5.0,1.0
Tombeau Rocheux,Rock Tomb,1,5,0.2,20%,10.0,2.0,10,1,10.0,2.0,5.0,1.0
Danse Macabre,Dance of Death,1,5,0.2,20%,8.0,1.6,8,1,8.0,1.6,4.0,0.8
Griffes Sauvages,Wild Claw,2,5,0.4,40%,1.0,0.4,2,3,0.33,0.13,0.25,0.1
