,Nom Anglais,nb games valide,total games,ratio,%,pts moy,pts moy total,total point,cout,pts par cout moy,pts par cout total,pts par cout moy+1,pts par cout total+1
Totem Équivalent,Equivalent Totem,18,18,1.0,100%,17.0,17.0,306,2,8.5,8.5,5.67,5.67
Faux,Scythe,18,18,1.0,100%,15.44,15.44,278,3,5.15,5.15,3.86,3.86
Ascension Divine,Divine Ascent,9,18,0.5,50%,25.0,12.5,225,3,8.33,4.17,6.25,3.12
Économe Sagesse du Trésorier,Treasurer's Wisdom,11,18,0.61,61%,17.0,10.39,187,2,8.5,5.2,5.67,3.46
Assistance Divine,Sacred Help,9,18,0.5,50%,20.0,10.0,180,2,10.0,5.0,6.67,3.33
Armure d'Obsidienne,Obsidian Battle Plate,8,18,0.44,44%,20.0,8.89,160,2,10.0,4.45,6.67,2.96
Hache Frénétique,Berseker Ax,11,18,0.61,61%,14.0,8.56,154,2,7.0,4.28,4.67,2.85
Faux Assoiffées,Thirsty Scythes,6,18,0.33,33%,25.0,8.33,150,3,8.33,2.78,6.25,2.08
Faux Parfaite,Perfect Scythe,10,18,0.56,56%,15.0,8.33,150,0,Gratuit,Gratuit,15.0,8.33
Marteau Collecteur,Collecting Hammer,13,18,0.72,72%,11.23,8.11,146,2,5.62,4.05,3.74,2.7
Explosion Arcanique,Arcane Explosive,11,18,0.61,61%,12.0,7.33,132,1,12.0,7.33,6.0,3.67
Lame Affutée,Sharp Blade,14,18,0.78,78%,9.43,7.33,132,3,3.14,2.44,2.36,1.83
Aveuglement,Incapacitor,16,18,0.89,89%,6.19,5.5,99,3,2.06,1.83,1.55,1.38
Gantelet Impérieux,Imperious Gauntlet,3,18,0.17,17%,30.0,5.0,90,1,30.0,5.0,15.0,2.5
Parchemin Secret,Secret Scroll,5,18,0.28,28%,18.0,5.0,90,2,9.0,2.5,6.0,1.67
Esprit de l'Écuyer,Spirit of the Squire,16,18,0.89,89%,5.62,5.0,90,3,1.87,1.67,1.41,1.25
Elan de Fureur,Rampage Momentum,5,18,0.28,28%,15.0,4.17,75,2,7.5,2.08,5.0,1.39
Enchaînement Éclair,Unstoppable Lightning,4,18,0.22,22%,18.0,4.0,72,1,18.0,4.0,9.0,2.0
Armure d'Immortel,Immortal Breastplate,5,18,0.28,28%,14.4,4.0,72,1,14.4,4.0,7.2,2.0
Épée Obscure,Swords of Darkness,4,18,0.22,22%,17.0,3.78,68,1,17.0,3.78,8.5,1.89
Sabre Versatile,Versatil Saber,6,18,0.33,33%,11.0,3.67,66,1,11.0,3.67,5.5,1.83
Être de Lumière,Being of Light,3,18,0.17,17%,18.0,3.0,54,1,18.0,3.0,9.0,1.5
Totem du Gardien,Guardian Totem,13,18,0.72,72%,4.08,2.94,53,3,1.36,0.98,1.02,0.73
Chasseur d'Âmes,Soul Hunter,3,18,0.17,17%,16.67,2.78,50,1,16.67,2.78,8.34,1.39
Danse Macabre,Dance of Death,6,18,0.33,33%,8.0,2.67,48,1,8.0,2.67,4.0,1.33
Lame Insatiable,Fast Furious Blade,3,18,0.17,17%,16.0,2.67,48,2,8.0,1.33,5.33,0.89
Tombeau Rocheux,Rock Tomb,4,18,0.22,22%,10.0,2.22,40,1,10.0,2.22,5.0,1.11
Désintégrateur Magnétique,Magnetic Disintegrator,3,18,0.17,17%,11.0,1.83,33,0,Gratuit,Gratuit,11.0,1.83
Triple Météore,Trimeteor,1,18,0.06,6%,30.0,1.67,30,0,Gratuit,Gratuit,30.0,1.67
Œil de Lynx,Hawk's Eye,3,18,0.17,17%,9.33,1.56,28,0,Gratuit,Gratuit,9.33,1.56
Couronne du Roi Nain,Crown of the Dwarf King,2,18,0.11,11%,13.0,1.44,26,0,Gratuit,Gratuit,13.0,1.44
Bâton de Conquête,Conquering Staff,1,18,0.06,6%,24.0,1.33,24,2,12.0,0.67,8.0,0.44
Pillard Féroce,Savage Looter,1,18,0.06,6%,20.0,1.11,20,1,20.0,1.11,10.0,0.56
Chasseresse d'Âmes,Huntress of Souls,1,18,0.06,6%,19.0,1.06,19,1,19.0,1.06,9.5,0.53
Marteleur précis,Precise Hammer,1,18,0.06,6%,18.0,1.0,18,1,18.0,1.0,9.0,0.5
Griffes Démoniaques,Demon Claws,1,18,0.06,6%,17.0,0.94,17,1,17.0,0.94,8.5,0.47
Soif de Sang,Thirsty Dagger,1,18,0.06,6%,15.0,0.83,15,0,Gratuit,Gratuit,15.0,0.83
Épé Sainte,Holy Sword,1,18,0.06,6%,10.0,0.56,10,0,Gratuit,Gratuit,10.0,0.56
Griffes Sauvages,Wild Claw,5,18,0.28,28%,1.4,0.39,7,3,0.47,0.13,0.35,0.1
