,Nom Anglais,nb games valide,total games,ratio,%,pts moy,pts moy total,total point,cout,pts par cout moy,pts par cout total,pts par cout moy+1,pts par cout total+1
Ascension Divine,Divine Ascent,5,7,0.71,71%,25.0,17.86,125,3,8.33,5.95,6.25,4.46
Totem Équivalent,Equivalent Totem,7,7,1.0,100%,17.29,17.29,121,2,8.64,8.64,5.76,5.76
Faux,Scythe,7,7,1.0,100%,15.29,15.29,107,3,5.1,5.1,3.82,3.82
Gantelet Impérieux,Imperious Gauntlet,3,7,0.43,43%,30.0,12.86,90,1,30.0,12.86,15.0,6.43
Faux Parfaite,Perfect Scythe,6,7,0.86,86%,15.0,12.86,90,0,Gratuit,Gratuit,15.0,12.86
Économe Sagesse du Trésorier,Treasurer's Wisdom,5,7,0.71,71%,17.0,12.14,85,2,8.5,6.07,5.67,4.05
Hache Frénétique,Berseker Ax,6,7,0.86,86%,14.0,12.0,84,2,7.0,6.0,4.67,4.0
Assistance Divine,Sacred Help,3,7,0.43,43%,20.0,8.57,60,2,10.0,4.29,6.67,2.86
Armure d'Obsidienne,Obsidian Battle Plate,3,7,0.43,43%,20.0,8.57,60,2,10.0,4.29,6.67,2.86
Esprit de l'Écuyer,Spirit of the Squire,6,7,0.86,86%,9.5,8.14,57,3,3.17,2.71,2.38,2.04
Faux Assoiffées,Thirsty Scythes,2,7,0.29,29%,25.0,7.14,50,3,8.33,2.38,6.25,1.78
Lame Insatiable,Fast Furious Blade,3,7,0.43,43%,16.0,6.86,48,2,8.0,3.43,5.33,2.29
Lame Affutée,Sharp Blade,6,7,0.86,86%,8.0,6.86,48,3,2.67,2.29,2.0,1.72
Aveuglement,Incapacitor,5,7,0.71,71%,6.6,4.71,33,3,2.2,1.57,1.65,1.18
Chasseur d'Âmes,Soul Hunter,2,7,0.29,29%,15.0,4.29,30,1,15.0,4.29,7.5,2.15
Marteau Collecteur,Collecting Hammer,3,7,0.43,43%,8.0,3.43,24,2,4.0,1.72,2.67,1.14
Sabre Versatile,Versatil Saber,2,7,0.29,29%,11.0,3.14,22,1,11.0,3.14,5.5,1.57
Désintégrateur Magnétique,Magnetic Disintegrator,2,7,0.29,29%,11.0,3.14,22,0,Gratuit,Gratuit,11.0,3.14
Totem du Gardien,Guardian Totem,7,7,1.0,100%,3.0,3.0,21,3,1.0,1.0,0.75,0.75
Le Marionnettiste,The Puppeteer,1,7,0.14,14%,20.0,2.86,20,2,10.0,1.43,6.67,0.95
Coup de Mort,Death Helper,2,7,0.29,29%,10.0,2.86,20,1,10.0,2.86,5.0,1.43
Tombeau Rocheux,Rock Tomb,2,7,0.29,29%,10.0,2.86,20,1,10.0,2.86,5.0,1.43
Pillard Féroce,Savage Looter,1,7,0.14,14%,20.0,2.86,20,1,20.0,2.86,10.0,1.43
Chasseresse d'Âmes,Huntress of Souls,1,7,0.14,14%,19.0,2.71,19,1,19.0,2.71,9.5,1.35
Marteleur précis,Precise Hammer,1,7,0.14,14%,18.0,2.57,18,1,18.0,2.57,9.0,1.28
Être de Lumière,Being of Light,1,7,0.14,14%,18.0,2.57,18,1,18.0,2.57,9.0,1.28
Esprit omniprésent,Omnipresent Spirit,1,7,0.14,14%,18.0,2.57,18,2,9.0,1.28,6.0,0.86
Épée Obscure,Swords of Darkness,1,7,0.14,14%,17.0,2.43,17,1,17.0,2.43,8.5,1.22
Griffes Démoniaques,Demon Claws,1,7,0.14,14%,17.0,2.43,17,1,17.0,2.43,8.5,1.22
Adrénaline Arcanique,Arcane Adrenaline,1,7,0.14,14%,16.0,2.29,16,1,16.0,2.29,8.0,1.15
Danse Macabre,Dance of Death,2,7,0.29,29%,8.0,2.29,16,1,8.0,2.29,4.0,1.15
Elan de Fureur,Rampage Momentum,1,7,0.14,14%,15.0,2.14,15,2,7.5,1.07,5.0,0.71
Couronne du Roi Nain,Crown of the Dwarf King,1,7,0.14,14%,13.0,1.86,13,0,Gratuit,Gratuit,13.0,1.86
Explosion Arcanique,Arcane Explosive,1,7,0.14,14%,12.0,1.71,12,1,12.0,1.71,6.0,0.85
Force Divine,Divine Impetu,1,7,0.14,14%,11.0,1.57,11,0,Gratuit,Gratuit,11.0,1.57
Œil de Lynx,Hawk's Eye,1,7,0.14,14%,8.0,1.14,8,0,Gratuit,Gratuit,8.0,1.14
Griffes Sauvages,Wild Claw,2,7,0.29,29%,2.5,0.71,5,3,0.83,0.24,0.62,0.18
