,Nom Anglais,nb games valide,total games,ratio,%,pts moy,pts moy total,total point,cout,pts par cout moy,pts par cout total,pts par cout moy+1,pts par cout total+1
Totem Équivalent,Equivalent Totem,15,15,1.0,100%,16.87,16.87,253,2,8.44,8.44,5.62,5.62
Faux,Scythe,15,15,1.0,100%,14.33,14.33,215,3,4.78,4.78,3.58,3.58
Ascension Divine,Divine Ascent,8,15,0.53,53%,25.0,13.33,200,3,8.33,4.44,6.25,3.33
Faux Parfaite,Perfect Scythe,12,15,0.8,80%,15.0,12.0,180,0,Gratuit,Gratuit,15.0,12.0
Hache Frénétique,Berseker Ax,11,15,0.73,73%,14.0,10.27,154,2,7.0,5.13,4.67,3.42
Économe Sagesse du Trésorier,Treasurer's Wisdom,9,15,0.6,60%,17.0,10.2,153,2,8.5,5.1,5.67,3.4
Gantelet Impérieux,Imperious Gauntlet,5,15,0.33,33%,30.0,10.0,150,1,30.0,10.0,15.0,5.0
Assistance Divine,Sacred Help,7,15,0.47,47%,20.0,9.33,140,2,10.0,4.67,6.67,3.11
Esprit de l'Écuyer,Spirit of the Squire,14,15,0.93,93%,8.57,8.0,120,3,2.86,2.67,2.14,2.0
Lame Affutée,Sharp Blade,13,15,0.87,87%,9.0,7.8,117,3,3.0,2.6,2.25,1.95
Aveuglement,Incapacitor,11,15,0.73,73%,7.36,5.4,81,3,2.45,1.8,1.84,1.35
Armure d'Obsidienne,Obsidian Battle Plate,4,15,0.27,27%,20.0,5.33,80,2,10.0,2.67,6.67,1.78
Épée Obscure,Swords of Darkness,4,15,0.27,27%,17.0,4.53,68,1,17.0,4.53,8.5,2.27
Lame Insatiable,Fast Furious Blade,4,15,0.27,27%,16.0,4.27,64,2,8.0,2.13,5.33,1.42
Coup de Mort,Death Helper,5,15,0.33,33%,11.2,3.73,56,1,11.2,3.73,5.6,1.86
Marteau Collecteur,Collecting Hammer,6,15,0.4,40%,9.33,3.73,56,2,4.67,1.86,3.11,1.24
Esprit omniprésent,Omnipresent Spirit,3,15,0.2,20%,18.0,3.6,54,2,9.0,1.8,6.0,1.2
Faux Assoiffées,Thirsty Scythes,2,15,0.13,13%,25.0,3.33,50,3,8.33,1.11,6.25,0.83
Explosion Arcanique,Arcane Explosive,4,15,0.27,27%,12.0,3.2,48,1,12.0,3.2,6.0,1.6
Tombeau Rocheux,Rock Tomb,4,15,0.27,27%,10.0,2.67,40,1,10.0,2.67,5.0,1.33
Pillard Féroce,Savage Looter,2,15,0.13,13%,20.0,2.67,40,1,20.0,2.67,10.0,1.33
Le Marionnettiste,The Puppeteer,2,15,0.13,13%,20.0,2.67,40,2,10.0,1.33,6.67,0.89
Marteleur précis,Precise Hammer,2,15,0.13,13%,18.0,2.4,36,1,18.0,2.4,9.0,1.2
Sabre Versatile,Versatil Saber,3,15,0.2,20%,11.0,2.2,33,1,11.0,2.2,5.5,1.1
Désintégrateur Magnétique,Magnetic Disintegrator,3,15,0.2,20%,11.0,2.2,33,0,Gratuit,Gratuit,11.0,2.2
Totem du Gardien,Guardian Totem,11,15,0.73,73%,3.0,2.2,33,3,1.0,0.73,0.75,0.55
Danse Macabre,Dance of Death,4,15,0.27,27%,8.0,2.13,32,1,8.0,2.13,4.0,1.06
Elan de Fureur,Rampage Momentum,2,15,0.13,13%,15.0,2.0,30,2,7.5,1.0,5.0,0.67
Chasseur d'Âmes,Soul Hunter,2,15,0.13,13%,15.0,2.0,30,1,15.0,2.0,7.5,1.0
Œil de Lynx,Hawk's Eye,3,15,0.2,20%,8.67,1.73,26,0,Gratuit,Gratuit,8.67,1.73
Couronne du Roi Nain,Crown of the Dwarf King,2,15,0.13,13%,13.0,1.73,26,0,Gratuit,Gratuit,13.0,1.73
Masse Colossale,Colossal Mace,2,15,0.13,13%,13.0,1.73,26,0,Gratuit,Gratuit,13.0,1.73
Bâton de Conquête,Conquering Staff,1,15,0.07,7%,24.0,1.6,24,2,12.0,0.8,8.0,0.53
Chasseresse d'Âmes,Huntress of Souls,1,15,0.07,7%,19.0,1.27,19,1,19.0,1.27,9.5,0.64
Mental d'Acier,Steel Aura,1,15,0.07,7%,18.0,1.2,18,2,9.0,0.6,6.0,0.4
Parchemin Secret,Secret Scroll,1,15,0.07,7%,18.0,1.2,18,2,9.0,0.6,6.0,0.4
Être de Lumière,Being of Light,1,15,0.07,7%,18.0,1.2,18,1,18.0,1.2,9.0,0.6
Griffes Démoniaques,Demon Claws,1,15,0.07,7%,17.0,1.13,17,1,17.0,1.13,8.5,0.56
Adrénaline Arcanique,Arcane Adrenaline,1,15,0.07,7%,16.0,1.07,16,1,16.0,1.07,8.0,0.54
Esprit Guerrier,Spirit of the Warrior,1,15,0.07,7%,16.0,1.07,16,1,16.0,1.07,8.0,0.54
Force Divine,Divine Impetu,1,15,0.07,7%,11.0,0.73,11,0,Gratuit,Gratuit,11.0,0.73
Griffes Sauvages,Wild Claw,5,15,0.33,33%,2.0,0.67,10,3,0.67,0.22,0.5,0.17
