,Nom Anglais,nb games valide,total games,ratio,%,pts moy,pts moy total,total point,cout,pts par cout moy,pts par cout total,pts par cout moy+1,pts par cout total+1
Totem Équivalent,Equivalent Totem,17,17,1.0,100%,16.88,16.88,287,2,8.44,8.44,5.63,5.63
Faux,Scythe,17,17,1.0,100%,14.47,14.47,246,3,4.82,4.82,3.62,3.62
Ascension Divine,Divine Ascent,9,17,0.53,53%,25.0,13.24,225,3,8.33,4.41,6.25,3.31
Faux Parfaite,Perfect Scythe,13,17,0.76,76%,15.0,11.47,195,0,Gratuit,Gratuit,15.0,11.47
Hache Frénétique,Berseker Ax,13,17,0.76,76%,14.0,10.71,182,2,7.0,5.36,4.67,3.57
Gantelet Impérieux,Imperious Gauntlet,6,17,0.35,35%,30.0,10.59,180,1,30.0,10.59,15.0,5.29
Économe Sagesse du Trésorier,Treasurer's Wisdom,10,17,0.59,59%,17.0,10.0,170,2,8.5,5.0,5.67,3.33
Assistance Divine,Sacred Help,8,17,0.47,47%,20.0,9.41,160,2,10.0,4.71,6.67,3.14
Lame Affutée,Sharp Blade,15,17,0.88,88%,9.2,8.12,138,3,3.07,2.71,2.3,2.03
Esprit de l'Écuyer,Spirit of the Squire,16,17,0.94,94%,8.44,7.94,135,3,2.81,2.65,2.11,1.99
Armure d'Obsidienne,Obsidian Battle Plate,5,17,0.29,29%,20.0,5.88,100,2,10.0,2.94,6.67,1.96
Aveuglement,Incapacitor,13,17,0.76,76%,6.69,5.12,87,3,2.23,1.71,1.67,1.28
Épée Obscure,Swords of Darkness,5,17,0.29,29%,17.0,5.0,85,1,17.0,5.0,8.5,2.5
Marteau Collecteur,Collecting Hammer,8,17,0.47,47%,9.62,4.53,77,2,4.81,2.27,3.21,1.51
Lame Insatiable,Fast Furious Blade,4,17,0.24,24%,16.0,3.76,64,2,8.0,1.88,5.33,1.25
Explosion Arcanique,Arcane Explosive,5,17,0.29,29%,12.0,3.53,60,1,12.0,3.53,6.0,1.76
Coup de Mort,Death Helper,5,17,0.29,29%,11.2,3.29,56,1,11.2,3.29,5.6,1.65
Esprit omniprésent,Omnipresent Spirit,3,17,0.18,18%,18.0,3.18,54,2,9.0,1.59,6.0,1.06
Tombeau Rocheux,Rock Tomb,5,17,0.29,29%,10.0,2.94,50,1,10.0,2.94,5.0,1.47
Faux Assoiffées,Thirsty Scythes,2,17,0.12,12%,25.0,2.94,50,3,8.33,0.98,6.25,0.73
Chasseur d'Âmes,Soul Hunter,3,17,0.18,18%,16.67,2.94,50,1,16.67,2.94,8.34,1.47
Sabre Versatile,Versatil Saber,4,17,0.24,24%,11.0,2.59,44,1,11.0,2.59,5.5,1.29
Le Marionnettiste,The Puppeteer,2,17,0.12,12%,20.0,2.35,40,2,10.0,1.18,6.67,0.78
Pillard Féroce,Savage Looter,2,17,0.12,12%,20.0,2.35,40,1,20.0,2.35,10.0,1.18
Danse Macabre,Dance of Death,5,17,0.29,29%,8.0,2.35,40,1,8.0,2.35,4.0,1.18
Totem du Gardien,Guardian Totem,12,17,0.71,71%,3.08,2.18,37,3,1.03,0.73,0.77,0.55
Parchemin Secret,Secret Scroll,2,17,0.12,12%,18.0,2.12,36,2,9.0,1.06,6.0,0.71
Marteleur précis,Precise Hammer,2,17,0.12,12%,18.0,2.12,36,1,18.0,2.12,9.0,1.06
Désintégrateur Magnétique,Magnetic Disintegrator,3,17,0.18,18%,11.0,1.94,33,0,Gratuit,Gratuit,11.0,1.94
Esprit Guerrier,Spirit of the Warrior,2,17,0.12,12%,16.0,1.88,32,1,16.0,1.88,8.0,0.94
Elan de Fureur,Rampage Momentum,2,17,0.12,12%,15.0,1.76,30,2,7.5,0.88,5.0,0.59
Couronne du Roi Nain,Crown of the Dwarf King,2,17,0.12,12%,13.0,1.53,26,0,Gratuit,Gratuit,13.0,1.53
Masse Colossale,Colossal Mace,2,17,0.12,12%,13.0,1.53,26,0,Gratuit,Gratuit,13.0,1.53
Force Divine,Divine Impetu,2,17,0.12,12%,13.0,1.53,26,0,Gratuit,Gratuit,13.0,1.53
Œil de Lynx,Hawk's Eye,3,17,0.18,18%,8.67,1.53,26,0,Gratuit,Gratuit,8.67,1.53
Bâton de Conquête,Conquering Staff,1,17,0.06,6%,24.0,1.41,24,2,12.0,0.7,8.0,0.47
Chasseresse d'Âmes,Huntress of Souls,1,17,0.06,6%,19.0,1.12,19,1,19.0,1.12,9.5,0.56
Mental d'Acier,Steel Aura,1,17,0.06,6%,18.0,1.06,18,2,9.0,0.53,6.0,0.35
Être de Lumière,Being of Light,1,17,0.06,6%,18.0,1.06,18,1,18.0,1.06,9.0,0.53
Griffes Démoniaques,Demon Claws,1,17,0.06,6%,17.0,1.0,17,1,17.0,1.0,8.5,0.5
Adrénaline Arcanique,Arcane Adrenaline,1,17,0.06,6%,16.0,0.94,16,1,16.0,0.94,8.0,0.47
Armure d'Immortel,Immortal Breastplate,1,17,0.06,6%,16.0,0.94,16,1,16.0,0.94,8.0,0.47
Griffes Sauvages,Wild Claw,6,17,0.35,35%,2.17,0.76,13,3,0.72,0.25,0.54,0.19
