,Nom Anglais,nb games valide,total games,ratio,%,pts moy,pts moy total,total point,cout,pts par cout moy,pts par cout total,pts par cout moy+1,pts par cout total+1
Totem Équivalent,Equivalent Totem,18,18,1.0,100%,16.89,16.89,304,2,8.45,8.45,5.63,5.63
Faux,Scythe,18,18,1.0,100%,14.44,14.44,260,3,4.81,4.81,3.61,3.61
Ascension Divine,Divine Ascent,9,18,0.5,50%,25.0,12.5,225,3,8.33,4.17,6.25,3.12
Faux Parfaite,Perfect Scythe,13,18,0.72,72%,15.0,10.83,195,0,Gratuit,Gratuit,15.0,10.83
Hache Frénétique,Berseker Ax,13,18,0.72,72%,14.0,10.11,182,2,7.0,5.05,4.67,3.37
Gantelet Impérieux,Imperious Gauntlet,6,18,0.33,33%,30.0,10.0,180,1,30.0,10.0,15.0,5.0
Économe Sagesse du Trésorier,Treasurer's Wisdom,10,18,0.56,56%,17.0,9.44,170,2,8.5,4.72,5.67,3.15
Assistance Divine,Sacred Help,8,18,0.44,44%,20.0,8.89,160,2,10.0,4.45,6.67,2.96
Lame Affutée,Sharp Blade,16,18,0.89,89%,8.81,7.83,141,3,2.94,2.61,2.2,1.96
Esprit de l'Écuyer,Spirit of the Squire,16,18,0.89,89%,8.44,7.5,135,3,2.81,2.5,2.11,1.88
Armure d'Obsidienne,Obsidian Battle Plate,5,18,0.28,28%,20.0,5.56,100,2,10.0,2.78,6.67,1.85
Aveuglement,Incapacitor,14,18,0.78,78%,7.07,5.5,99,3,2.36,1.83,1.77,1.38
Épée Obscure,Swords of Darkness,5,18,0.28,28%,17.0,4.72,85,1,17.0,4.72,8.5,2.36
Marteau Collecteur,Collecting Hammer,8,18,0.44,44%,9.62,4.28,77,2,4.81,2.14,3.21,1.43
Lame Insatiable,Fast Furious Blade,4,18,0.22,22%,16.0,3.56,64,2,8.0,1.78,5.33,1.19
Explosion Arcanique,Arcane Explosive,5,18,0.28,28%,12.0,3.33,60,1,12.0,3.33,6.0,1.67
Coup de Mort,Death Helper,5,18,0.28,28%,11.2,3.11,56,1,11.2,3.11,5.6,1.55
Esprit omniprésent,Omnipresent Spirit,3,18,0.17,17%,18.0,3.0,54,2,9.0,1.5,6.0,1.0
Tombeau Rocheux,Rock Tomb,5,18,0.28,28%,10.0,2.78,50,1,10.0,2.78,5.0,1.39
Faux Assoiffées,Thirsty Scythes,2,18,0.11,11%,25.0,2.78,50,3,8.33,0.93,6.25,0.69
Chasseur d'Âmes,Soul Hunter,3,18,0.17,17%,16.67,2.78,50,1,16.67,2.78,8.34,1.39
Sabre Versatile,Versatil Saber,4,18,0.22,22%,11.0,2.44,44,1,11.0,2.44,5.5,1.22
Totem du Gardien,Guardian Totem,13,18,0.72,72%,3.15,2.28,41,3,1.05,0.76,0.79,0.57
Le Marionnettiste,The Puppeteer,2,18,0.11,11%,20.0,2.22,40,2,10.0,1.11,6.67,0.74
Pillard Féroce,Savage Looter,2,18,0.11,11%,20.0,2.22,40,1,20.0,2.22,10.0,1.11
Danse Macabre,Dance of Death,5,18,0.28,28%,8.0,2.22,40,1,8.0,2.22,4.0,1.11
Parchemin Secret,Secret Scroll,2,18,0.11,11%,18.0,2.0,36,2,9.0,1.0,6.0,0.67
Marteleur précis,Precise Hammer,2,18,0.11,11%,18.0,2.0,36,1,18.0,2.0,9.0,1.0
Désintégrateur Magnétique,Magnetic Disintegrator,3,18,0.17,17%,11.0,1.83,33,0,Gratuit,Gratuit,11.0,1.83
Esprit Guerrier,Spirit of the Warrior,2,18,0.11,11%,16.0,1.78,32,1,16.0,1.78,8.0,0.89
Elan de Fureur,Rampage Momentum,2,18,0.11,11%,15.0,1.67,30,2,7.5,0.83,5.0,0.56
Couronne du Roi Nain,Crown of the Dwarf King,2,18,0.11,11%,13.0,1.44,26,0,Gratuit,Gratuit,13.0,1.44
Masse Colossale,Colossal Mace,2,18,0.11,11%,13.0,1.44,26,0,Gratuit,Gratuit,13.0,1.44
Force Divine,Divine Impetu,2,18,0.11,11%,13.0,1.44,26,0,Gratuit,Gratuit,13.0,1.44
Œil de Lynx,Hawk's Eye,3,18,0.17,17%,8.67,1.44,26,0,Gratuit,Gratuit,8.67,1.44
Bâton de Conquête,Conquering Staff,1,18,0.06,6%,24.0,1.33,24,2,12.0,0.67,8.0,0.44
Chasseresse d'Âmes,Huntress of Souls,1,18,0.06,6%,19.0,1.06,19,1,19.0,1.06,9.5,0.53
Mental d'Acier,Steel Aura,1,18,0.06,6%,18.0,1.0,18,2,9.0,0.5,6.0,0.33
Être de Lumière,Being of Light,1,18,0.06,6%,18.0,1.0,18,1,18.0,1.0,9.0,0.5
Griffes Démoniaques,Demon Claws,1,18,0.06,6%,17.0,0.94,17,1,17.0,0.94,8.5,0.47
Adrénaline Arcanique,Arcane Adrenaline,1,18,0.06,6%,16.0,0.89,16,1,16.0,0.89,8.0,0.45
Armure d'Immortel,Immortal Breastplate,1,18,0.06,6%,16.0,0.89,16,1,16.0,0.89,8.0,0.45
Griffes Sauvages,Wild Claw,6,18,0.33,33%,2.17,0.72,13,3,0.72,0.24,0.54,0.18
