,Nom Anglais,nb games valide,total games,ratio,%,pts moy,pts moy total,total point,cout,pts par cout moy,pts par cout total,pts par cout moy+1,pts par cout total+1
Totem Équivalent,Equivalent Totem,9,9,1.0,100%,17.33,17.33,156,2,8.66,8.66,5.78,5.78
Ascension Divine,Divine Ascent,6,9,0.67,67%,25.0,16.67,150,3,8.33,5.56,6.25,4.17
Faux,Scythe,9,9,1.0,100%,14.78,14.78,133,3,4.93,4.93,3.69,3.69
Faux Parfaite,Perfect Scythe,7,9,0.78,78%,15.0,11.67,105,0,Gratuit,Gratuit,15.0,11.67
Économe Sagesse du Trésorier,Treasurer's Wisdom,6,9,0.67,67%,17.0,11.33,102,2,8.5,5.67,5.67,3.78
Hache Frénétique,Berseker Ax,7,9,0.78,78%,14.0,10.89,98,2,7.0,5.45,4.67,3.63
Gantelet Impérieux,Imperious Gauntlet,3,9,0.33,33%,30.0,10.0,90,1,30.0,10.0,15.0,5.0
Esprit de l'Écuyer,Spirit of the Squire,8,9,0.89,89%,10.12,9.0,81,3,3.37,3.0,2.53,2.25
Armure d'Obsidienne,Obsidian Battle Plate,4,9,0.44,44%,20.0,8.89,80,2,10.0,4.45,6.67,2.96
Assistance Divine,Sacred Help,4,9,0.44,44%,20.0,8.89,80,2,10.0,4.45,6.67,2.96
Lame Affutée,Sharp Blade,8,9,0.89,89%,9.75,8.67,78,3,3.25,2.89,2.44,2.17
Aveuglement,Incapacitor,6,9,0.67,67%,8.5,5.67,51,3,2.83,1.89,2.12,1.42
Faux Assoiffées,Thirsty Scythes,2,9,0.22,22%,25.0,5.56,50,3,8.33,1.85,6.25,1.39
Lame Insatiable,Fast Furious Blade,3,9,0.33,33%,16.0,5.33,48,2,8.0,2.67,5.33,1.78
Marteau Collecteur,Collecting Hammer,4,9,0.44,44%,10.5,4.67,42,2,5.25,2.33,3.5,1.56
Pillard Féroce,Savage Looter,2,9,0.22,22%,20.0,4.44,40,1,20.0,4.44,10.0,2.22
Le Marionnettiste,The Puppeteer,2,9,0.22,22%,20.0,4.44,40,2,10.0,2.22,6.67,1.48
Coup de Mort,Death Helper,4,9,0.44,44%,10.0,4.44,40,1,10.0,4.44,5.0,2.22
Marteleur précis,Precise Hammer,2,9,0.22,22%,18.0,4.0,36,1,18.0,4.0,9.0,2.0
Épée Obscure,Swords of Darkness,2,9,0.22,22%,17.0,3.78,34,1,17.0,3.78,8.5,1.89
Sabre Versatile,Versatil Saber,3,9,0.33,33%,11.0,3.67,33,1,11.0,3.67,5.5,1.83
Chasseur d'Âmes,Soul Hunter,2,9,0.22,22%,15.0,3.33,30,1,15.0,3.33,7.5,1.67
Totem du Gardien,Guardian Totem,9,9,1.0,100%,3.0,3.0,27,3,1.0,1.0,0.75,0.75
Danse Macabre,Dance of Death,3,9,0.33,33%,8.0,2.67,24,1,8.0,2.67,4.0,1.33
Bâton de Conquête,Conquering Staff,1,9,0.11,11%,24.0,2.67,24,2,12.0,1.33,8.0,0.89
Explosion Arcanique,Arcane Explosive,2,9,0.22,22%,12.0,2.67,24,1,12.0,2.67,6.0,1.33
Désintégrateur Magnétique,Magnetic Disintegrator,2,9,0.22,22%,11.0,2.44,22,0,Gratuit,Gratuit,11.0,2.44
Tombeau Rocheux,Rock Tomb,2,9,0.22,22%,10.0,2.22,20,1,10.0,2.22,5.0,1.11
Chasseresse d'Âmes,Huntress of Souls,1,9,0.11,11%,19.0,2.11,19,1,19.0,2.11,9.5,1.05
Esprit omniprésent,Omnipresent Spirit,1,9,0.11,11%,18.0,2.0,18,2,9.0,1.0,6.0,0.67
Être de Lumière,Being of Light,1,9,0.11,11%,18.0,2.0,18,1,18.0,2.0,9.0,1.0
Griffes Démoniaques,Demon Claws,1,9,0.11,11%,17.0,1.89,17,1,17.0,1.89,8.5,0.94
Adrénaline Arcanique,Arcane Adrenaline,1,9,0.11,11%,16.0,1.78,16,1,16.0,1.78,8.0,0.89
Esprit Guerrier,Spirit of the Warrior,1,9,0.11,11%,16.0,1.78,16,1,16.0,1.78,8.0,0.89
Œil de Lynx,Hawk's Eye,2,9,0.22,22%,8.0,1.78,16,0,Gratuit,Gratuit,8.0,1.78
Elan de Fureur,Rampage Momentum,1,9,0.11,11%,15.0,1.67,15,2,7.5,0.83,5.0,0.56
Couronne du Roi Nain,Crown of the Dwarf King,1,9,0.11,11%,13.0,1.44,13,0,Gratuit,Gratuit,13.0,1.44
Masse Colossale,Colossal Mace,1,9,0.11,11%,11.0,1.22,11,0,Gratuit,Gratuit,11.0,1.22
Force Divine,Divine Impetu,1,9,0.11,11%,11.0,1.22,11,0,Gratuit,Gratuit,11.0,1.22
Griffes Sauvages,Wild Claw,2,9,0.22,22%,2.5,0.56,5,3,0.83,0.19,0.62,0.14
