,Nom Anglais,nb games valide,total games,ratio,%,pts moy,pts moy total,total point,cout,pts par cout moy,pts par cout total,pts par cout moy+1,pts par cout total+1
Ascension Divine,Divine Ascent,6,8,0.75,75%,25.0,18.75,150,3,8.33,6.25,6.25,4.69
Totem Équivalent,Equivalent Totem,8,8,1.0,100%,17.38,17.38,139,2,8.69,8.69,5.79,5.79
Faux,Scythe,8,8,1.0,100%,15.5,15.5,124,3,5.17,5.17,3.88,3.88
Faux Parfaite,Perfect Scythe,7,8,0.88,88%,15.0,13.12,105,0,Gratuit,Gratuit,15.0,13.12
Économe Sagesse du Trésorier,Treasurer's Wisdom,6,8,0.75,75%,17.0,12.75,102,2,8.5,6.38,5.67,4.25
Gantelet Impérieux,Imperious Gauntlet,3,8,0.38,38%,30.0,11.25,90,1,30.0,11.25,15.0,5.62
Hache Frénétique,Berseker Ax,6,8,0.75,75%,14.0,10.5,84,2,7.0,5.25,4.67,3.5
Armure d'Obsidienne,Obsidian Battle Plate,4,8,0.5,50%,20.0,10.0,80,2,10.0,5.0,6.67,3.33
Esprit de l'Écuyer,Spirit of the Squire,7,8,0.88,88%,9.86,8.62,69,3,3.29,2.87,2.46,2.15
Assistance Divine,Sacred Help,3,8,0.38,38%,20.0,7.5,60,2,10.0,3.75,6.67,2.5
Lame Affutée,Sharp Blade,7,8,0.88,88%,8.14,7.12,57,3,2.71,2.37,2.04,1.78
Aveuglement,Incapacitor,6,8,0.75,75%,8.5,6.38,51,3,2.83,2.13,2.12,1.59
Faux Assoiffées,Thirsty Scythes,2,8,0.25,25%,25.0,6.25,50,3,8.33,2.08,6.25,1.56
Lame Insatiable,Fast Furious Blade,3,8,0.38,38%,16.0,6.0,48,2,8.0,3.0,5.33,2.0
Marteau Collecteur,Collecting Hammer,4,8,0.5,50%,10.5,5.25,42,2,5.25,2.62,3.5,1.75
Pillard Féroce,Savage Looter,2,8,0.25,25%,20.0,5.0,40,1,20.0,5.0,10.0,2.5
Marteleur précis,Precise Hammer,2,8,0.25,25%,18.0,4.5,36,1,18.0,4.5,9.0,2.25
Sabre Versatile,Versatil Saber,3,8,0.38,38%,11.0,4.12,33,1,11.0,4.12,5.5,2.06
Coup de Mort,Death Helper,3,8,0.38,38%,10.0,3.75,30,1,10.0,3.75,5.0,1.88
Chasseur d'Âmes,Soul Hunter,2,8,0.25,25%,15.0,3.75,30,1,15.0,3.75,7.5,1.88
Bâton de Conquête,Conquering Staff,1,8,0.12,12%,24.0,3.0,24,2,12.0,1.5,8.0,1.0
Totem du Gardien,Guardian Totem,8,8,1.0,100%,3.0,3.0,24,3,1.0,1.0,0.75,0.75
Explosion Arcanique,Arcane Explosive,2,8,0.25,25%,12.0,3.0,24,1,12.0,3.0,6.0,1.5
Désintégrateur Magnétique,Magnetic Disintegrator,2,8,0.25,25%,11.0,2.75,22,0,Gratuit,Gratuit,11.0,2.75
Le Marionnettiste,The Puppeteer,1,8,0.12,12%,20.0,2.5,20,2,10.0,1.25,6.67,0.83
Tombeau Rocheux,Rock Tomb,2,8,0.25,25%,10.0,2.5,20,1,10.0,2.5,5.0,1.25
Chasseresse d'Âmes,Huntress of Souls,1,8,0.12,12%,19.0,2.38,19,1,19.0,2.38,9.5,1.19
Être de Lumière,Being of Light,1,8,0.12,12%,18.0,2.25,18,1,18.0,2.25,9.0,1.12
Esprit omniprésent,Omnipresent Spirit,1,8,0.12,12%,18.0,2.25,18,2,9.0,1.12,6.0,0.75
Griffes Démoniaques,Demon Claws,1,8,0.12,12%,17.0,2.12,17,1,17.0,2.12,8.5,1.06
Épée Obscure,Swords of Darkness,1,8,0.12,12%,17.0,2.12,17,1,17.0,2.12,8.5,1.06
Danse Macabre,Dance of Death,2,8,0.25,25%,8.0,2.0,16,1,8.0,2.0,4.0,1.0
Adrénaline Arcanique,Arcane Adrenaline,1,8,0.12,12%,16.0,2.0,16,1,16.0,2.0,8.0,1.0
Œil de Lynx,Hawk's Eye,2,8,0.25,25%,8.0,2.0,16,0,Gratuit,Gratuit,8.0,2.0
Elan de Fureur,Rampage Momentum,1,8,0.12,12%,15.0,1.88,15,2,7.5,0.94,5.0,0.63
Couronne du Roi Nain,Crown of the Dwarf King,1,8,0.12,12%,13.0,1.62,13,0,Gratuit,Gratuit,13.0,1.62
Masse Colossale,Colossal Mace,1,8,0.12,12%,11.0,1.38,11,0,Gratuit,Gratuit,11.0,1.38
Force Divine,Divine Impetu,1,8,0.12,12%,11.0,1.38,11,0,Gratuit,Gratuit,11.0,1.38
Griffes Sauvages,Wild Claw,2,8,0.25,25%,2.5,0.62,5,3,0.83,0.21,0.62,0.15
