,Nom Anglais,nb games valide,total games,ratio,%,pts moy,pts moy total,total point,cout,pts par cout moy,pts par cout total,pts par cout moy+1,pts par cout total+1
Faux,Scythe,7,7,1.0,100%,17.57,17.57,123,3,5.86,5.86,4.39,4.39
Totem Équivalent,Equivalent Totem,7,7,1.0,100%,17.43,17.43,122,2,8.71,8.71,5.81,5.81
Ascension Divine,Divine Ascent,4,7,0.57,57%,25.0,14.29,100,3,8.33,4.76,6.25,3.57
Hache Frénétique,Berseker Ax,7,7,1.0,100%,14.0,14.0,98,2,7.0,7.0,4.67,4.67
Économe Sagesse du Trésorier,Treasurer's Wisdom,5,7,0.71,71%,17.0,12.14,85,2,8.5,6.07,5.67,4.05
Lame Insatiable,Fast Furious Blade,5,7,0.71,71%,16.0,11.43,80,2,8.0,5.71,5.33,3.81
Armure d'Obsidienne,Obsidian Battle Plate,4,7,0.57,57%,20.0,11.43,80,2,10.0,5.71,6.67,3.81
Faux Assoiffées,Thirsty Scythes,3,7,0.43,43%,25.0,10.71,75,3,8.33,3.57,6.25,2.68
Faux Parfaite,Perfect Scythe,5,7,0.71,71%,15.0,10.71,75,0,Gratuit,Gratuit,15.0,10.71
Marteau Collecteur,Collecting Hammer,5,7,0.71,71%,14.4,10.29,72,2,7.2,5.14,4.8,3.43
Parchemin Secret,Secret Scroll,4,7,0.57,57%,18.0,10.29,72,2,9.0,5.14,6.0,3.43
Lame Affutée,Sharp Blade,7,7,1.0,100%,10.29,10.29,72,3,3.43,3.43,2.57,2.57
Esprit Guerrier,Spirit of the Warrior,4,7,0.57,57%,16.0,9.14,64,1,16.0,9.14,8.0,4.57
Explosion Arcanique,Arcane Explosive,5,7,0.71,71%,12.0,8.57,60,1,12.0,8.57,6.0,4.29
Assistance Divine,Sacred Help,3,7,0.43,43%,20.0,8.57,60,2,10.0,4.29,6.67,2.86
Marteleur précis,Precise Hammer,3,7,0.43,43%,18.0,7.71,54,1,18.0,7.71,9.0,3.85
Épée Obscure,Swords of Darkness,3,7,0.43,43%,17.0,7.29,51,1,17.0,7.29,8.5,3.65
Tombeau Rocheux,Rock Tomb,5,7,0.71,71%,10.0,7.14,50,1,10.0,7.14,5.0,3.57
Chasseur d'Âmes,Soul Hunter,3,7,0.43,43%,15.0,6.43,45,1,15.0,6.43,7.5,3.21
Esprit de l'Écuyer,Spirit of the Squire,6,7,0.86,86%,7.0,6.0,42,3,2.33,2.0,1.75,1.5
Couronne du Roi Nain,Crown of the Dwarf King,3,7,0.43,43%,13.0,5.57,39,0,Gratuit,Gratuit,13.0,5.57
Esprit omniprésent,Omnipresent Spirit,2,7,0.29,29%,18.0,5.14,36,2,9.0,2.57,6.0,1.71
Enchaînement Éclair,Unstoppable Lightning,2,7,0.29,29%,18.0,5.14,36,1,18.0,5.14,9.0,2.57
Être de Lumière,Being of Light,2,7,0.29,29%,18.0,5.14,36,1,18.0,5.14,9.0,2.57
Totem du Gardien,Guardian Totem,7,7,1.0,100%,5.0,5.0,35,3,1.67,1.67,1.25,1.25
Masse Colossale,Colossal Mace,3,7,0.43,43%,11.0,4.71,33,0,Gratuit,Gratuit,11.0,4.71
Sabre Versatile,Versatil Saber,3,7,0.43,43%,11.0,4.71,33,1,11.0,4.71,5.5,2.35
Aveuglement,Incapacitor,6,7,0.86,86%,5.5,4.71,33,3,1.83,1.57,1.38,1.18
Gantelet Impérieux,Imperious Gauntlet,1,7,0.14,14%,30.0,4.29,30,1,30.0,4.29,15.0,2.15
Elan de Fureur,Rampage Momentum,2,7,0.29,29%,15.0,4.29,30,2,7.5,2.15,5.0,1.43
Danse Macabre,Dance of Death,3,7,0.43,43%,8.0,3.43,24,1,8.0,3.43,4.0,1.72
Œil de Lynx,Hawk's Eye,3,7,0.43,43%,8.0,3.43,24,0,Gratuit,Gratuit,8.0,3.43
Force Divine,Divine Impetu,2,7,0.29,29%,11.0,3.14,22,0,Gratuit,Gratuit,11.0,3.14
Le Marionnettiste,The Puppeteer,1,7,0.14,14%,20.0,2.86,20,2,10.0,1.43,6.67,0.95
Pillard Féroce,Savage Looter,1,7,0.14,14%,20.0,2.86,20,1,20.0,2.86,10.0,1.43
Épé Sainte,Holy Sword,2,7,0.29,29%,10.0,2.86,20,0,Gratuit,Gratuit,10.0,2.86
Coup de Mort,Death Helper,2,7,0.29,29%,10.0,2.86,20,1,10.0,2.86,5.0,1.43
Chasseresse d'Âmes,Huntress of Souls,1,7,0.14,14%,19.0,2.71,19,1,19.0,2.71,9.5,1.35
Décharge Élémentaire,Elemental Discharge,1,7,0.14,14%,18.0,2.57,18,1,18.0,2.57,9.0,1.28
Griffes Démoniaques,Demon Claws,1,7,0.14,14%,17.0,2.43,17,1,17.0,2.43,8.5,1.22
Soif de Sang,Thirsty Dagger,1,7,0.14,14%,15.0,2.14,15,0,Gratuit,Gratuit,15.0,2.14
Griffes Sauvages,Wild Claw,4,7,0.57,57%,3.5,2.0,14,3,1.17,0.67,0.88,0.5
Armure d'Immortel,Immortal Breastplate,1,7,0.14,14%,14.0,2.0,14,1,14.0,2.0,7.0,1.0
Amulette Omnisciente,Omnipresent Amulet,1,7,0.14,14%,11.0,1.57,11,0,Gratuit,Gratuit,11.0,1.57
