,Nom Anglais,nb games valide,total games,ratio,%,pts moy,pts moy total,total point,cout,pts par cout moy,pts par cout total,pts par cout moy+1,pts par cout total+1
Totem Équivalent,Equivalent Totem,8,8,1.0,100%,17.25,17.25,138,2,8.62,8.62,5.75,5.75
Faux,Scythe,8,8,1.0,100%,17.25,17.25,138,3,5.75,5.75,4.31,4.31
Hache Frénétique,Berseker Ax,8,8,1.0,100%,14.0,14.0,112,2,7.0,7.0,4.67,4.67
Ascension Divine,Divine Ascent,4,8,0.5,50%,25.0,12.5,100,3,8.33,4.17,6.25,3.12
Économe Sagesse du Trésorier,Treasurer's Wisdom,5,8,0.62,62%,17.0,10.62,85,2,8.5,5.31,5.67,3.54
Assistance Divine,Sacred Help,4,8,0.5,50%,20.0,10.0,80,2,10.0,5.0,6.67,3.33
Armure d'Obsidienne,Obsidian Battle Plate,4,8,0.5,50%,20.0,10.0,80,2,10.0,5.0,6.67,3.33
Lame Insatiable,Fast Furious Blade,5,8,0.62,62%,16.0,10.0,80,2,8.0,5.0,5.33,3.33
Faux Parfaite,Perfect Scythe,5,8,0.62,62%,15.0,9.38,75,0,Gratuit,Gratuit,15.0,9.38
Faux Assoiffées,Thirsty Scythes,3,8,0.38,38%,25.0,9.38,75,3,8.33,3.13,6.25,2.35
Parchemin Secret,Secret Scroll,4,8,0.5,50%,18.0,9.0,72,2,9.0,4.5,6.0,3.0
Lame Affutée,Sharp Blade,7,8,0.88,88%,10.29,9.0,72,3,3.43,3.0,2.57,2.25
Marteau Collecteur,Collecting Hammer,5,8,0.62,62%,14.4,9.0,72,2,7.2,4.5,4.8,3.0
Esprit Guerrier,Spirit of the Warrior,4,8,0.5,50%,16.0,8.0,64,1,16.0,8.0,8.0,4.0
Explosion Arcanique,Arcane Explosive,5,8,0.62,62%,12.0,7.5,60,1,12.0,7.5,6.0,3.75
Marteleur précis,Precise Hammer,3,8,0.38,38%,18.0,6.75,54,1,18.0,6.75,9.0,3.38
Épée Obscure,Swords of Darkness,3,8,0.38,38%,17.0,6.38,51,1,17.0,6.38,8.5,3.19
Tombeau Rocheux,Rock Tomb,5,8,0.62,62%,10.0,6.25,50,1,10.0,6.25,5.0,3.12
Chasseur d'Âmes,Soul Hunter,3,8,0.38,38%,15.0,5.62,45,1,15.0,5.62,7.5,2.81
Esprit de l'Écuyer,Spirit of the Squire,6,8,0.75,75%,7.0,5.25,42,3,2.33,1.75,1.75,1.31
Couronne du Roi Nain,Crown of the Dwarf King,3,8,0.38,38%,13.0,4.88,39,0,Gratuit,Gratuit,13.0,4.88
Aveuglement,Incapacitor,7,8,0.88,88%,5.57,4.88,39,3,1.86,1.63,1.39,1.22
Totem du Gardien,Guardian Totem,8,8,1.0,100%,4.88,4.88,39,3,1.63,1.63,1.22,1.22
Esprit omniprésent,Omnipresent Spirit,2,8,0.25,25%,18.0,4.5,36,2,9.0,2.25,6.0,1.5
Être de Lumière,Being of Light,2,8,0.25,25%,18.0,4.5,36,1,18.0,4.5,9.0,2.25
Enchaînement Éclair,Unstoppable Lightning,2,8,0.25,25%,18.0,4.5,36,1,18.0,4.5,9.0,2.25
Masse Colossale,Colossal Mace,3,8,0.38,38%,11.0,4.12,33,0,Gratuit,Gratuit,11.0,4.12
Sabre Versatile,Versatil Saber,3,8,0.38,38%,11.0,4.12,33,1,11.0,4.12,5.5,2.06
Elan de Fureur,Rampage Momentum,2,8,0.25,25%,15.0,3.75,30,2,7.5,1.88,5.0,1.25
Gantelet Impérieux,Imperious Gauntlet,1,8,0.12,12%,30.0,3.75,30,1,30.0,3.75,15.0,1.88
Danse Macabre,Dance of Death,3,8,0.38,38%,8.0,3.0,24,1,8.0,3.0,4.0,1.5
Œil de Lynx,Hawk's Eye,3,8,0.38,38%,8.0,3.0,24,0,Gratuit,Gratuit,8.0,3.0
Force Divine,Divine Impetu,2,8,0.25,25%,11.0,2.75,22,0,Gratuit,Gratuit,11.0,2.75
Coup de Mort,Death Helper,2,8,0.25,25%,10.0,2.5,20,1,10.0,2.5,5.0,1.25
Épé Sainte,Holy Sword,2,8,0.25,25%,10.0,2.5,20,0,Gratuit,Gratuit,10.0,2.5
Le Marionnettiste,The Puppeteer,1,8,0.12,12%,20.0,2.5,20,2,10.0,1.25,6.67,0.83
Pillard Féroce,Savage Looter,1,8,0.12,12%,20.0,2.5,20,1,20.0,2.5,10.0,1.25
Chasseresse d'Âmes,Huntress of Souls,1,8,0.12,12%,19.0,2.38,19,1,19.0,2.38,9.5,1.19
Décharge Élémentaire,Elemental Discharge,1,8,0.12,12%,18.0,2.25,18,1,18.0,2.25,9.0,1.12
Mental d'Acier,Steel Aura,1,8,0.12,12%,18.0,2.25,18,2,9.0,1.12,6.0,0.75
Griffes Démoniaques,Demon Claws,1,8,0.12,12%,17.0,2.12,17,1,17.0,2.12,8.5,1.06
Soif de Sang,Thirsty Dagger,1,8,0.12,12%,15.0,1.88,15,0,Gratuit,Gratuit,15.0,1.88
Griffes Sauvages,Wild Claw,5,8,0.62,62%,3.0,1.88,15,3,1.0,0.63,0.75,0.47
Armure d'Immortel,Immortal Breastplate,1,8,0.12,12%,14.0,1.75,14,1,14.0,1.75,7.0,0.88
Amulette Omnisciente,Omnipresent Amulet,1,8,0.12,12%,11.0,1.38,11,0,Gratuit,Gratuit,11.0,1.38
