,Nom Anglais,nb games valide,total games,ratio,%,pts moy,pts moy total,total point,cout,pts par cout moy,pts par cout total,pts par cout moy+1,pts par cout total+1
Totem Équivalent,Equivalent Totem,9,9,1.0,100%,17.11,17.11,154,2,8.55,8.55,5.7,5.7
Faux,Scythe,9,9,1.0,100%,16.89,16.89,152,3,5.63,5.63,4.22,4.22
Hache Frénétique,Berseker Ax,9,9,1.0,100%,14.0,14.0,126,2,7.0,7.0,4.67,4.67
Ascension Divine,Divine Ascent,4,9,0.44,44%,25.0,11.11,100,3,8.33,3.7,6.25,2.78
Assistance Divine,Sacred Help,5,9,0.56,56%,20.0,11.11,100,2,10.0,5.55,6.67,3.7
Faux Parfaite,Perfect Scythe,6,9,0.67,67%,15.0,10.0,90,0,Gratuit,Gratuit,15.0,10.0
Économe Sagesse du Trésorier,Treasurer's Wisdom,5,9,0.56,56%,17.0,9.44,85,2,8.5,4.72,5.67,3.15
Armure d'Obsidienne,Obsidian Battle Plate,4,9,0.44,44%,20.0,8.89,80,2,10.0,4.45,6.67,2.96
Lame Insatiable,Fast Furious Blade,5,9,0.56,56%,16.0,8.89,80,2,8.0,4.45,5.33,2.96
Marteau Collecteur,Collecting Hammer,6,9,0.67,67%,13.0,8.67,78,2,6.5,4.33,4.33,2.89
Faux Assoiffées,Thirsty Scythes,3,9,0.33,33%,25.0,8.33,75,3,8.33,2.78,6.25,2.08
Lame Affutée,Sharp Blade,7,9,0.78,78%,10.29,8.0,72,3,3.43,2.67,2.57,2.0
Parchemin Secret,Secret Scroll,4,9,0.44,44%,18.0,8.0,72,2,9.0,4.0,6.0,2.67
Explosion Arcanique,Arcane Explosive,6,9,0.67,67%,12.0,8.0,72,1,12.0,8.0,6.0,4.0
Esprit Guerrier,Spirit of the Warrior,4,9,0.44,44%,16.0,7.11,64,1,16.0,7.11,8.0,3.56
Gantelet Impérieux,Imperious Gauntlet,2,9,0.22,22%,30.0,6.67,60,1,30.0,6.67,15.0,3.33
Marteleur précis,Precise Hammer,3,9,0.33,33%,18.0,6.0,54,1,18.0,6.0,9.0,3.0
Épée Obscure,Swords of Darkness,3,9,0.33,33%,17.0,5.67,51,1,17.0,5.67,8.5,2.83
Tombeau Rocheux,Rock Tomb,5,9,0.56,56%,10.0,5.56,50,1,10.0,5.56,5.0,2.78
Chasseur d'Âmes,Soul Hunter,3,9,0.33,33%,15.0,5.0,45,1,15.0,5.0,7.5,2.5
Esprit de l'Écuyer,Spirit of the Squire,7,9,0.78,78%,6.43,5.0,45,3,2.14,1.67,1.61,1.25
Masse Colossale,Colossal Mace,4,9,0.44,44%,11.0,4.89,44,0,Gratuit,Gratuit,11.0,4.89
Aveuglement,Incapacitor,8,9,0.89,89%,5.25,4.67,42,3,1.75,1.56,1.31,1.17
Totem du Gardien,Guardian Totem,9,9,1.0,100%,4.67,4.67,42,3,1.56,1.56,1.17,1.17
Couronne du Roi Nain,Crown of the Dwarf King,3,9,0.33,33%,13.0,4.33,39,0,Gratuit,Gratuit,13.0,4.33
Être de Lumière,Being of Light,2,9,0.22,22%,18.0,4.0,36,1,18.0,4.0,9.0,2.0
Mental d'Acier,Steel Aura,2,9,0.22,22%,18.0,4.0,36,2,9.0,2.0,6.0,1.33
Esprit omniprésent,Omnipresent Spirit,2,9,0.22,22%,18.0,4.0,36,2,9.0,2.0,6.0,1.33
Enchaînement Éclair,Unstoppable Lightning,2,9,0.22,22%,18.0,4.0,36,1,18.0,4.0,9.0,2.0
Sabre Versatile,Versatil Saber,3,9,0.33,33%,11.0,3.67,33,1,11.0,3.67,5.5,1.83
Elan de Fureur,Rampage Momentum,2,9,0.22,22%,15.0,3.33,30,2,7.5,1.67,5.0,1.11
Œil de Lynx,Hawk's Eye,3,9,0.33,33%,8.0,2.67,24,0,Gratuit,Gratuit,8.0,2.67
Danse Macabre,Dance of Death,3,9,0.33,33%,8.0,2.67,24,1,8.0,2.67,4.0,1.33
Force Divine,Divine Impetu,2,9,0.22,22%,11.0,2.44,22,0,Gratuit,Gratuit,11.0,2.44
Coup de Mort,Death Helper,2,9,0.22,22%,10.0,2.22,20,1,10.0,2.22,5.0,1.11
Épé Sainte,Holy Sword,2,9,0.22,22%,10.0,2.22,20,0,Gratuit,Gratuit,10.0,2.22
Pillard Féroce,Savage Looter,1,9,0.11,11%,20.0,2.22,20,1,20.0,2.22,10.0,1.11
Le Marionnettiste,The Puppeteer,1,9,0.11,11%,20.0,2.22,20,2,10.0,1.11,6.67,0.74
Chasseresse d'Âmes,Huntress of Souls,1,9,0.11,11%,19.0,2.11,19,1,19.0,2.11,9.5,1.05
Décharge Élémentaire,Elemental Discharge,1,9,0.11,11%,18.0,2.0,18,1,18.0,2.0,9.0,1.0
Griffes Démoniaques,Demon Claws,1,9,0.11,11%,17.0,1.89,17,1,17.0,1.89,8.5,0.94
Soif de Sang,Thirsty Dagger,1,9,0.11,11%,15.0,1.67,15,0,Gratuit,Gratuit,15.0,1.67
Griffes Sauvages,Wild Claw,5,9,0.56,56%,3.0,1.67,15,3,1.0,0.56,0.75,0.42
Armure d'Immortel,Immortal Breastplate,1,9,0.11,11%,14.0,1.56,14,1,14.0,1.56,7.0,0.78
Amulette Omnisciente,Omnipresent Amulet,1,9,0.11,11%,11.0,1.22,11,0,Gratuit,Gratuit,11.0,1.22
