,Nom Anglais,nb games valide,total games,ratio,%,pts moy,pts moy total,total point,cout,pts par cout moy,pts par cout total,pts par cout moy+1,pts par cout total+1
Totem Équivalent,Equivalent Totem,3,3,1.0,100%,13.33,13.33,40,3,4.44,4.44,3.33,3.33
Faux,Scythe,3,3,1.0,100%,9.33,9.33,28,3,3.11,3.11,2.33,2.33
Mental d'Acier,Steel Aura,1,3,0.33,33%,18.0,6.0,18,2,9.0,3.0,6.0,2.0
Lame Insatiable,Fast Furious Blade,1,3,0.33,33%,18.0,6.0,18,2,9.0,3.0,6.0,2.0
Marteau Collecteur,Collecting Hammer,1,3,0.33,33%,14.0,4.67,14,2,7.0,2.33,4.67,1.56
Explosion Arcanique,Arcane Explosive,1,3,0.33,33%,12.0,4.0,12,1,12.0,4.0,6.0,2.0
Aveuglement,Incapacitor,1,3,0.33,33%,6.0,2.0,6,3,2.0,0.67,1.5,0.5
Esprit de l'Écuyer,Spirit of the Squire,1,3,0.33,33%,3.0,1.0,3,3,1.0,0.33,0.75,0.25
Totem du Gardien,Guardian Totem,1,3,0.33,33%,3.0,1.0,3,3,1.0,0.33,0.75,0.25
