,Nom Anglais,nb games valide,total games,ratio,%,pts moy,pts moy total,total point,cout,pts par cout moy,pts par cout total,pts par cout moy+1,pts par cout total+1
Totem Équivalent,Equivalent Totem,16,16,1.0,100%,16.56,16.56,265,2,8.28,8.28,5.52,5.52
Armure d'Obsidienne,Obsidian Battle Plate,12,16,0.75,75%,20.0,15.0,240,2,10.0,7.5,6.67,5.0
Faux,Scythe,16,16,1.0,100%,13.81,13.81,221,3,4.6,4.6,3.45,3.45
Gantelet Impérieux,Imperious Gauntlet,7,16,0.44,44%,30.0,13.12,210,1,30.0,13.12,15.0,6.56
Faux Parfaite,Perfect Scythe,12,16,0.75,75%,15.0,11.25,180,0,Gratuit,Gratuit,15.0,11.25
Ascension Divine,Divine Ascent,6,16,0.38,38%,25.0,9.38,150,3,8.33,3.13,6.25,2.35
Esprit de l'Écuyer,Spirit of the Squire,14,16,0.88,88%,10.5,9.19,147,3,3.5,3.06,2.62,2.3
Marteau Collecteur,Collecting Hammer,12,16,0.75,75%,11.58,8.69,139,2,5.79,4.34,3.86,2.9
Économe Sagesse du Trésorier,Treasurer's Wisdom,8,16,0.5,50%,17.0,8.5,136,2,8.5,4.25,5.67,2.83
Marteleur précis,Precise Hammer,7,16,0.44,44%,18.0,7.88,126,1,18.0,7.88,9.0,3.94
Lame Affutée,Sharp Blade,15,16,0.94,94%,7.0,6.56,105,3,2.33,2.19,1.75,1.64
Armure d'Immortel,Immortal Breastplate,7,16,0.44,44%,14.57,6.38,102,1,14.57,6.38,7.29,3.19
Sabre Versatile,Versatil Saber,9,16,0.56,56%,11.0,6.19,99,1,11.0,6.19,5.5,3.1
Hache Frénétique,Berseker Ax,6,16,0.38,38%,14.0,5.25,84,2,7.0,2.62,4.67,1.75
Coup de Mort,Death Helper,6,16,0.38,38%,12.0,4.5,72,1,12.0,4.5,6.0,2.25
Explosion Arcanique,Arcane Explosive,6,16,0.38,38%,12.0,4.5,72,1,12.0,4.5,6.0,2.25
Aveuglement,Incapacitor,14,16,0.88,88%,4.93,4.31,69,3,1.64,1.44,1.23,1.08
Désintégrateur Magnétique,Magnetic Disintegrator,6,16,0.38,38%,11.0,4.12,66,0,Gratuit,Gratuit,11.0,4.12
Assistance Divine,Sacred Help,3,16,0.19,19%,20.0,3.75,60,2,10.0,1.88,6.67,1.25
Épée Obscure,Swords of Darkness,3,16,0.19,19%,17.0,3.19,51,1,17.0,3.19,8.5,1.59
Totem du Gardien,Guardian Totem,11,16,0.69,69%,3.82,2.62,42,3,1.27,0.87,0.95,0.66
Le Marionnettiste,The Puppeteer,2,16,0.12,12%,20.0,2.5,40,2,10.0,1.25,6.67,0.83
Esprit Guerrier,Spirit of the Warrior,2,16,0.12,12%,16.0,2.0,32,1,16.0,2.0,8.0,1.0
Soif de Sang,Thirsty Dagger,2,16,0.12,12%,15.0,1.88,30,0,Gratuit,Gratuit,15.0,1.88
Force Divine,Divine Impetu,2,16,0.12,12%,11.0,1.38,22,0,Gratuit,Gratuit,11.0,1.38
Tombeau Rocheux,Rock Tomb,2,16,0.12,12%,10.0,1.25,20,1,10.0,1.25,5.0,0.62
Chasseresse d'Âmes,Huntress of Souls,1,16,0.06,6%,19.0,1.19,19,1,19.0,1.19,9.5,0.59
Enchaînement Éclair,Unstoppable Lightning,1,16,0.06,6%,18.0,1.12,18,1,18.0,1.12,9.0,0.56
Griffes Démoniaques,Demon Claws,1,16,0.06,6%,17.0,1.06,17,1,17.0,1.06,8.5,0.53
Lame Insatiable,Fast Furious Blade,1,16,0.06,6%,16.0,1.0,16,2,8.0,0.5,5.33,0.33
Danse Macabre,Dance of Death,2,16,0.12,12%,8.0,1.0,16,1,8.0,1.0,4.0,0.5
Chasseur d'Âmes,Soul Hunter,1,16,0.06,6%,15.0,0.94,15,1,15.0,0.94,7.5,0.47
Elan de Fureur,Rampage Momentum,1,16,0.06,6%,15.0,0.94,15,2,7.5,0.47,5.0,0.31
Masse Colossale,Colossal Mace,1,16,0.06,6%,15.0,0.94,15,0,Gratuit,Gratuit,15.0,0.94
Griffes Sauvages,Wild Claw,7,16,0.44,44%,1.57,0.69,11,3,0.52,0.23,0.39,0.17
Épé Sainte,Holy Sword,1,16,0.06,6%,10.0,0.62,10,0,Gratuit,Gratuit,10.0,0.62
