,Nom Anglais,nb games valide,total games,ratio,%,pts moy,pts moy total,total point,cout,pts par cout moy,pts par cout total,pts par cout moy+1,pts par cout total+1
Totem Équivalent,Equivalent Totem,15,15,1.0,100%,16.73,16.73,251,2,8.37,8.37,5.58,5.58
Armure d'Obsidienne,Obsidian Battle Plate,11,15,0.73,73%,20.0,14.67,220,2,10.0,7.33,6.67,4.89
Faux,Scythe,15,15,1.0,100%,14.13,14.13,212,3,4.71,4.71,3.53,3.53
Gantelet Impérieux,Imperious Gauntlet,6,15,0.4,40%,30.0,12.0,180,1,30.0,12.0,15.0,6.0
Faux Parfaite,Perfect Scythe,11,15,0.73,73%,15.0,11.0,165,0,Gratuit,Gratuit,15.0,11.0
Ascension Divine,Divine Ascent,6,15,0.4,40%,25.0,10.0,150,3,8.33,3.33,6.25,2.5
Esprit de l'Écuyer,Spirit of the Squire,13,15,0.87,87%,10.85,9.4,141,3,3.62,3.13,2.71,2.35
Marteau Collecteur,Collecting Hammer,12,15,0.8,80%,11.58,9.27,139,2,5.79,4.63,3.86,3.09
Économe Sagesse du Trésorier,Treasurer's Wisdom,8,15,0.53,53%,17.0,9.07,136,2,8.5,4.54,5.67,3.02
Marteleur précis,Precise Hammer,7,15,0.47,47%,18.0,8.4,126,1,18.0,8.4,9.0,4.2
Armure d'Immortel,Immortal Breastplate,7,15,0.47,47%,14.57,6.8,102,1,14.57,6.8,7.29,3.4
Lame Affutée,Sharp Blade,14,15,0.93,93%,7.07,6.6,99,3,2.36,2.2,1.77,1.65
Sabre Versatile,Versatil Saber,8,15,0.53,53%,11.0,5.87,88,1,11.0,5.87,5.5,2.94
Hache Frénétique,Berseker Ax,6,15,0.4,40%,14.0,5.6,84,2,7.0,2.8,4.67,1.87
Coup de Mort,Death Helper,6,15,0.4,40%,12.0,4.8,72,1,12.0,4.8,6.0,2.4
Aveuglement,Incapacitor,13,15,0.87,87%,5.08,4.4,66,3,1.69,1.47,1.27,1.1
Désintégrateur Magnétique,Magnetic Disintegrator,6,15,0.4,40%,11.0,4.4,66,0,Gratuit,Gratuit,11.0,4.4
Explosion Arcanique,Arcane Explosive,5,15,0.33,33%,12.0,4.0,60,1,12.0,4.0,6.0,2.0
Assistance Divine,Sacred Help,3,15,0.2,20%,20.0,4.0,60,2,10.0,2.0,6.67,1.33
Totem du Gardien,Guardian Totem,11,15,0.73,73%,3.82,2.8,42,3,1.27,0.93,0.95,0.7
Le Marionnettiste,The Puppeteer,2,15,0.13,13%,20.0,2.67,40,2,10.0,1.33,6.67,0.89
Épée Obscure,Swords of Darkness,2,15,0.13,13%,17.0,2.27,34,1,17.0,2.27,8.5,1.14
Esprit Guerrier,Spirit of the Warrior,2,15,0.13,13%,16.0,2.13,32,1,16.0,2.13,8.0,1.06
Soif de Sang,Thirsty Dagger,2,15,0.13,13%,15.0,2.0,30,0,Gratuit,Gratuit,15.0,2.0
Force Divine,Divine Impetu,2,15,0.13,13%,11.0,1.47,22,0,Gratuit,Gratuit,11.0,1.47
Tombeau Rocheux,Rock Tomb,2,15,0.13,13%,10.0,1.33,20,1,10.0,1.33,5.0,0.67
Chasseresse d'Âmes,Huntress of Souls,1,15,0.07,7%,19.0,1.27,19,1,19.0,1.27,9.5,0.64
Enchaînement Éclair,Unstoppable Lightning,1,15,0.07,7%,18.0,1.2,18,1,18.0,1.2,9.0,0.6
Griffes Démoniaques,Demon Claws,1,15,0.07,7%,17.0,1.13,17,1,17.0,1.13,8.5,0.56
Lame Insatiable,Fast Furious Blade,1,15,0.07,7%,16.0,1.07,16,2,8.0,0.54,5.33,0.36
Danse Macabre,Dance of Death,2,15,0.13,13%,8.0,1.07,16,1,8.0,1.07,4.0,0.54
Chasseur d'Âmes,Soul Hunter,1,15,0.07,7%,15.0,1.0,15,1,15.0,1.0,7.5,0.5
Elan de Fureur,Rampage Momentum,1,15,0.07,7%,15.0,1.0,15,2,7.5,0.5,5.0,0.33
Masse Colossale,Colossal Mace,1,15,0.07,7%,15.0,1.0,15,0,Gratuit,Gratuit,15.0,1.0
Épé Sainte,Holy Sword,1,15,0.07,7%,10.0,0.67,10,0,Gratuit,Gratuit,10.0,0.67
Griffes Sauvages,Wild Claw,6,15,0.4,40%,1.67,0.67,10,3,0.56,0.22,0.42,0.17
