,Nom Anglais,nb games valide,total games,ratio,%,pts moy,pts moy total,total point,cout,pts par cout moy,pts par cout total,pts par cout moy+1,pts par cout total+1
Totem Équivalent,Equivalent Totem,11,11,1.0,100%,16.73,16.73,184,2,8.37,8.37,5.58,5.58
Armure d'Obsidienne,Obsidian Battle Plate,9,11,0.82,82%,20.0,16.36,180,2,10.0,8.18,6.67,5.45
Faux,Scythe,11,11,1.0,100%,13.91,13.91,153,3,4.64,4.64,3.48,3.48
Ascension Divine,Divine Ascent,5,11,0.45,45%,25.0,11.36,125,3,8.33,3.79,6.25,2.84
Faux Parfaite,Perfect Scythe,8,11,0.73,73%,15.0,10.91,120,0,Gratuit,Gratuit,15.0,10.91
Marteleur précis,Precise Hammer,5,11,0.45,45%,18.0,8.18,90,1,18.0,8.18,9.0,4.09
Gantelet Impérieux,Imperious Gauntlet,3,11,0.27,27%,30.0,8.18,90,1,30.0,8.18,15.0,4.09
Économe Sagesse du Trésorier,Treasurer's Wisdom,5,11,0.45,45%,17.0,7.73,85,2,8.5,3.87,5.67,2.58
Esprit de l'Écuyer,Spirit of the Squire,9,11,0.82,82%,9.33,7.64,84,3,3.11,2.55,2.33,1.91
Marteau Collecteur,Collecting Hammer,8,11,0.73,73%,10.38,7.55,83,2,5.19,3.77,3.46,2.52
Armure d'Immortel,Immortal Breastplate,5,11,0.45,45%,14.0,6.36,70,1,14.0,6.36,7.0,3.18
Sabre Versatile,Versatil Saber,6,11,0.55,55%,11.0,6.0,66,1,11.0,6.0,5.5,3.0
Lame Affutée,Sharp Blade,10,11,0.91,91%,6.3,5.73,63,3,2.1,1.91,1.57,1.43
Aveuglement,Incapacitor,9,11,0.82,82%,5.33,4.36,48,3,1.78,1.45,1.33,1.09
Totem du Gardien,Guardian Totem,11,11,1.0,100%,3.82,3.82,42,3,1.27,1.27,0.95,0.95
Hache Frénétique,Berseker Ax,3,11,0.27,27%,14.0,3.82,42,2,7.0,1.91,4.67,1.27
Coup de Mort,Death Helper,3,11,0.27,27%,11.0,3.0,33,1,11.0,3.0,5.5,1.5
Désintégrateur Magnétique,Magnetic Disintegrator,3,11,0.27,27%,11.0,3.0,33,0,Gratuit,Gratuit,11.0,3.0
Esprit Guerrier,Spirit of the Warrior,2,11,0.18,18%,16.0,2.91,32,1,16.0,2.91,8.0,1.46
Soif de Sang,Thirsty Dagger,2,11,0.18,18%,15.0,2.73,30,0,Gratuit,Gratuit,15.0,2.73
Explosion Arcanique,Arcane Explosive,2,11,0.18,18%,12.0,2.18,24,1,12.0,2.18,6.0,1.09
Force Divine,Divine Impetu,2,11,0.18,18%,11.0,2.0,22,0,Gratuit,Gratuit,11.0,2.0
Assistance Divine,Sacred Help,1,11,0.09,9%,20.0,1.82,20,2,10.0,0.91,6.67,0.61
Le Marionnettiste,The Puppeteer,1,11,0.09,9%,20.0,1.82,20,2,10.0,0.91,6.67,0.61
Tombeau Rocheux,Rock Tomb,2,11,0.18,18%,10.0,1.82,20,1,10.0,1.82,5.0,0.91
Chasseresse d'Âmes,Huntress of Souls,1,11,0.09,9%,19.0,1.73,19,1,19.0,1.73,9.5,0.86
Enchaînement Éclair,Unstoppable Lightning,1,11,0.09,9%,18.0,1.64,18,1,18.0,1.64,9.0,0.82
Griffes Démoniaques,Demon Claws,1,11,0.09,9%,17.0,1.55,17,1,17.0,1.55,8.5,0.78
Épée Obscure,Swords of Darkness,1,11,0.09,9%,17.0,1.55,17,1,17.0,1.55,8.5,0.78
Lame Insatiable,Fast Furious Blade,1,11,0.09,9%,16.0,1.45,16,2,8.0,0.72,5.33,0.48
Elan de Fureur,Rampage Momentum,1,11,0.09,9%,15.0,1.36,15,2,7.5,0.68,5.0,0.45
Chasseur d'Âmes,Soul Hunter,1,11,0.09,9%,15.0,1.36,15,1,15.0,1.36,7.5,0.68
Masse Colossale,Colossal Mace,1,11,0.09,9%,15.0,1.36,15,0,Gratuit,Gratuit,15.0,1.36
Épé Sainte,Holy Sword,1,11,0.09,9%,10.0,0.91,10,0,Gratuit,Gratuit,10.0,0.91
Danse Macabre,Dance of Death,1,11,0.09,9%,8.0,0.73,8,1,8.0,0.73,4.0,0.36
Griffes Sauvages,Wild Claw,3,11,0.27,27%,1.33,0.36,4,3,0.44,0.12,0.33,0.09
