,Nom Anglais,nb games valide,total games,ratio,%,pts moy,pts moy total,total point,cout,pts par cout moy,pts par cout total,pts par cout moy+1,pts par cout total+1
Totem Équivalent,Equivalent Totem,13,13,1.0,100%,16.85,16.85,219,2,8.43,8.43,5.62,5.62
Armure d'Obsidienne,Obsidian Battle Plate,10,13,0.77,77%,20.0,15.38,200,2,10.0,7.69,6.67,5.13
Faux,Scythe,13,13,1.0,100%,14.31,14.31,186,3,4.77,4.77,3.58,3.58
Faux Parfaite,Perfect Scythe,10,13,0.77,77%,15.0,11.54,150,0,Gratuit,Gratuit,15.0,11.54
Ascension Divine,Divine Ascent,6,13,0.46,46%,25.0,11.54,150,3,8.33,3.85,6.25,2.88
Gantelet Impérieux,Imperious Gauntlet,5,13,0.38,38%,30.0,11.54,150,1,30.0,11.54,15.0,5.77
Marteleur précis,Precise Hammer,7,13,0.54,54%,18.0,9.69,126,1,18.0,9.69,9.0,4.84
Économe Sagesse du Trésorier,Treasurer's Wisdom,7,13,0.54,54%,17.0,9.15,119,2,8.5,4.58,5.67,3.05
Marteau Collecteur,Collecting Hammer,10,13,0.77,77%,11.8,9.08,118,2,5.9,4.54,3.93,3.03
Esprit de l'Écuyer,Spirit of the Squire,11,13,0.85,85%,10.36,8.77,114,3,3.45,2.92,2.59,2.19
Armure d'Immortel,Immortal Breastplate,6,13,0.46,46%,14.33,6.62,86,1,14.33,6.62,7.17,3.31
Lame Affutée,Sharp Blade,12,13,0.92,92%,7.0,6.46,84,3,2.33,2.15,1.75,1.61
Sabre Versatile,Versatil Saber,7,13,0.54,54%,11.0,5.92,77,1,11.0,5.92,5.5,2.96
Hache Frénétique,Berseker Ax,5,13,0.38,38%,14.0,5.38,70,2,7.0,2.69,4.67,1.79
Assistance Divine,Sacred Help,3,13,0.23,23%,20.0,4.62,60,2,10.0,2.31,6.67,1.54
Aveuglement,Incapacitor,11,13,0.85,85%,5.18,4.38,57,3,1.73,1.46,1.29,1.09
Désintégrateur Magnétique,Magnetic Disintegrator,5,13,0.38,38%,11.0,4.23,55,0,Gratuit,Gratuit,11.0,4.23
Explosion Arcanique,Arcane Explosive,4,13,0.31,31%,12.0,3.69,48,1,12.0,3.69,6.0,1.84
Coup de Mort,Death Helper,4,13,0.31,31%,11.5,3.54,46,1,11.5,3.54,5.75,1.77
Totem du Gardien,Guardian Totem,11,13,0.85,85%,3.82,3.23,42,3,1.27,1.08,0.95,0.81
Esprit Guerrier,Spirit of the Warrior,2,13,0.15,15%,16.0,2.46,32,1,16.0,2.46,8.0,1.23
Soif de Sang,Thirsty Dagger,2,13,0.15,15%,15.0,2.31,30,0,Gratuit,Gratuit,15.0,2.31
Force Divine,Divine Impetu,2,13,0.15,15%,11.0,1.69,22,0,Gratuit,Gratuit,11.0,1.69
Le Marionnettiste,The Puppeteer,1,13,0.08,8%,20.0,1.54,20,2,10.0,0.77,6.67,0.51
Tombeau Rocheux,Rock Tomb,2,13,0.15,15%,10.0,1.54,20,1,10.0,1.54,5.0,0.77
Chasseresse d'Âmes,Huntress of Souls,1,13,0.08,8%,19.0,1.46,19,1,19.0,1.46,9.5,0.73
Enchaînement Éclair,Unstoppable Lightning,1,13,0.08,8%,18.0,1.38,18,1,18.0,1.38,9.0,0.69
Griffes Démoniaques,Demon Claws,1,13,0.08,8%,17.0,1.31,17,1,17.0,1.31,8.5,0.66
Épée Obscure,Swords of Darkness,1,13,0.08,8%,17.0,1.31,17,1,17.0,1.31,8.5,0.66
Lame Insatiable,Fast Furious Blade,1,13,0.08,8%,16.0,1.23,16,2,8.0,0.61,5.33,0.41
Danse Macabre,Dance of Death,2,13,0.15,15%,8.0,1.23,16,1,8.0,1.23,4.0,0.61
Chasseur d'Âmes,Soul Hunter,1,13,0.08,8%,15.0,1.15,15,1,15.0,1.15,7.5,0.57
Elan de Fureur,Rampage Momentum,1,13,0.08,8%,15.0,1.15,15,2,7.5,0.57,5.0,0.38
Masse Colossale,Colossal Mace,1,13,0.08,8%,15.0,1.15,15,0,Gratuit,Gratuit,15.0,1.15
Épé Sainte,Holy Sword,1,13,0.08,8%,10.0,0.77,10,0,Gratuit,Gratuit,10.0,0.77
Griffes Sauvages,Wild Claw,5,13,0.38,38%,1.8,0.69,9,3,0.6,0.23,0.45,0.17
