,Nom Anglais,nb games valide,total games,ratio,%,pts moy,pts moy total,total point,cout,pts par cout moy,pts par cout total,pts par cout moy+1,pts par cout total+1
Totem Équivalent,Equivalent Totem,7,7,1.0,100%,17.14,17.14,120,2,8.57,8.57,5.71,5.71
Armure d'Obsidienne,Obsidian Battle Plate,6,7,0.86,86%,20.0,17.14,120,2,10.0,8.57,6.67,5.71
Ascension Divine,Divine Ascent,4,7,0.57,57%,25.0,14.29,100,3,8.33,4.76,6.25,3.57
Faux,Scythe,7,7,1.0,100%,14.14,14.14,99,3,4.71,4.71,3.54,3.54
Faux Parfaite,Perfect Scythe,5,7,0.71,71%,15.0,10.71,75,0,Gratuit,Gratuit,15.0,10.71
Économe Sagesse du Trésorier,Treasurer's Wisdom,4,7,0.57,57%,17.0,9.71,68,2,8.5,4.86,5.67,3.24
Armure d'Immortel,Immortal Breastplate,4,7,0.57,57%,14.0,8.0,56,1,14.0,8.0,7.0,4.0
Esprit de l'Écuyer,Spirit of the Squire,6,7,0.86,86%,9.0,7.71,54,3,3.0,2.57,2.25,1.93
Lame Affutée,Sharp Blade,7,7,1.0,100%,6.43,6.43,45,3,2.14,2.14,1.61,1.61
Sabre Versatile,Versatil Saber,4,7,0.57,57%,11.0,6.29,44,1,11.0,6.29,5.5,3.15
Marteleur précis,Precise Hammer,2,7,0.29,29%,18.0,5.14,36,1,18.0,5.14,9.0,2.57
Marteau Collecteur,Collecting Hammer,4,7,0.57,57%,9.0,5.14,36,2,4.5,2.57,3.0,1.71
Aveuglement,Incapacitor,6,7,0.86,86%,5.5,4.71,33,3,1.83,1.57,1.38,1.18
Gantelet Impérieux,Imperious Gauntlet,1,7,0.14,14%,30.0,4.29,30,1,30.0,4.29,15.0,2.15
Totem du Gardien,Guardian Totem,7,7,1.0,100%,3.86,3.86,27,3,1.29,1.29,0.96,0.96
Force Divine,Divine Impetu,2,7,0.29,29%,11.0,3.14,22,0,Gratuit,Gratuit,11.0,3.14
Désintégrateur Magnétique,Magnetic Disintegrator,2,7,0.29,29%,11.0,3.14,22,0,Gratuit,Gratuit,11.0,3.14
Le Marionnettiste,The Puppeteer,1,7,0.14,14%,20.0,2.86,20,2,10.0,1.43,6.67,0.95
Tombeau Rocheux,Rock Tomb,2,7,0.29,29%,10.0,2.86,20,1,10.0,2.86,5.0,1.43
Coup de Mort,Death Helper,2,7,0.29,29%,10.0,2.86,20,1,10.0,2.86,5.0,1.43
Enchaînement Éclair,Unstoppable Lightning,1,7,0.14,14%,18.0,2.57,18,1,18.0,2.57,9.0,1.28
Épée Obscure,Swords of Darkness,1,7,0.14,14%,17.0,2.43,17,1,17.0,2.43,8.5,1.22
Elan de Fureur,Rampage Momentum,1,7,0.14,14%,15.0,2.14,15,2,7.5,1.07,5.0,0.71
Chasseur d'Âmes,Soul Hunter,1,7,0.14,14%,15.0,2.14,15,1,15.0,2.14,7.5,1.07
Soif de Sang,Thirsty Dagger,1,7,0.14,14%,15.0,2.14,15,0,Gratuit,Gratuit,15.0,2.14
Hache Frénétique,Berseker Ax,1,7,0.14,14%,14.0,2.0,14,2,7.0,1.0,4.67,0.67
Épé Sainte,Holy Sword,1,7,0.14,14%,10.0,1.43,10,0,Gratuit,Gratuit,10.0,1.43
Danse Macabre,Dance of Death,1,7,0.14,14%,8.0,1.14,8,1,8.0,1.14,4.0,0.57
Griffes Sauvages,Wild Claw,1,7,0.14,14%,1.0,0.14,1,3,0.33,0.05,0.25,0.04
