,Nom Anglais,nb games valide,total games,ratio,%,pts moy,pts moy total,total point,cout,pts par cout moy,pts par cout total,pts par cout moy+1,pts par cout total+1
Totem Équivalent,Equivalent Totem,9,9,1.0,100%,16.67,16.67,150,2,8.34,8.34,5.56,5.56
Faux,Scythe,9,9,1.0,100%,15.0,15.0,135,3,5.0,5.0,3.75,3.75
Épée Obscure,Swords of Darkness,6,9,0.67,67%,17.0,11.33,102,1,17.0,11.33,8.5,5.67
Ascension Divine,Divine Ascent,4,9,0.44,44%,25.0,11.11,100,3,8.33,3.7,6.25,2.78
Économe Sagesse du Trésorier,Treasurer's Wisdom,5,9,0.56,56%,17.0,9.44,85,2,8.5,4.72,5.67,3.15
Armure d'Obsidienne,Obsidian Battle Plate,4,9,0.44,44%,20.0,8.89,80,2,10.0,4.45,6.67,2.96
Assistance Divine,Sacred Help,4,9,0.44,44%,20.0,8.89,80,2,10.0,4.45,6.67,2.96
Lame Affutée,Sharp Blade,6,9,0.67,67%,13.0,8.67,78,3,4.33,2.89,3.25,2.17
Faux Parfaite,Perfect Scythe,5,9,0.56,56%,15.0,8.33,75,0,Gratuit,Gratuit,15.0,8.33
Faux Assoiffées,Thirsty Scythes,3,9,0.33,33%,25.0,8.33,75,3,8.33,2.78,6.25,2.08
Pluie de Météorites,Meteorites,1,9,0.11,11%,70.0,7.78,70,0,Gratuit,Gratuit,70.0,7.78
Elan de Fureur,Rampage Momentum,4,9,0.44,44%,15.0,6.67,60,2,7.5,3.33,5.0,2.22
Enchaînement Éclair,Unstoppable Lightning,3,9,0.33,33%,18.0,6.0,54,1,18.0,6.0,9.0,3.0
Parchemin Secret,Secret Scroll,3,9,0.33,33%,18.0,6.0,54,2,9.0,3.0,6.0,2.0
Être de Lumière,Being of Light,3,9,0.33,33%,18.0,6.0,54,1,18.0,6.0,9.0,3.0
Marteau Collecteur,Collecting Hammer,7,9,0.78,78%,6.86,5.33,48,2,3.43,2.67,2.29,1.78
Explosion Arcanique,Arcane Explosive,4,9,0.44,44%,12.0,5.33,48,1,12.0,5.33,6.0,2.67
Sabre Versatile,Versatil Saber,4,9,0.44,44%,11.0,4.89,44,1,11.0,4.89,5.5,2.44
Hache Frénétique,Berseker Ax,3,9,0.33,33%,14.0,4.67,42,2,7.0,2.33,4.67,1.56
Aveuglement,Incapacitor,7,9,0.78,78%,6.0,4.67,42,3,2.0,1.56,1.5,1.17
Esprit de l'Écuyer,Spirit of the Squire,7,9,0.78,78%,6.0,4.67,42,3,2.0,1.56,1.5,1.17
Danse Macabre,Dance of Death,5,9,0.56,56%,8.0,4.44,40,1,8.0,4.44,4.0,2.22
Totem du Gardien,Guardian Totem,9,9,1.0,100%,4.44,4.44,40,3,1.48,1.48,1.11,1.11
Marteleur précis,Precise Hammer,2,9,0.22,22%,18.0,4.0,36,1,18.0,4.0,9.0,2.0
Lame Insatiable,Fast Furious Blade,2,9,0.22,22%,16.0,3.56,32,2,8.0,1.78,5.33,1.19
Triple Météore,Trimeteor,1,9,0.11,11%,30.0,3.33,30,0,Gratuit,Gratuit,30.0,3.33
Tombeau Rocheux,Rock Tomb,3,9,0.33,33%,10.0,3.33,30,1,10.0,3.33,5.0,1.67
Armure d'Immortel,Immortal Breastplate,2,9,0.22,22%,14.0,3.11,28,1,14.0,3.11,7.0,1.55
Désintégrateur Magnétique,Magnetic Disintegrator,2,9,0.22,22%,11.0,2.44,22,0,Gratuit,Gratuit,11.0,2.44
Masse Colossale,Colossal Mace,2,9,0.22,22%,11.0,2.44,22,0,Gratuit,Gratuit,11.0,2.44
Pillard Féroce,Savage Looter,1,9,0.11,11%,20.0,2.22,20,1,20.0,2.22,10.0,1.11
Épé Sainte,Holy Sword,2,9,0.22,22%,10.0,2.22,20,0,Gratuit,Gratuit,10.0,2.22
Chasseresse d'Âmes,Huntress of Souls,1,9,0.11,11%,19.0,2.11,19,1,19.0,2.11,9.5,1.05
Décharge Élémentaire,Elemental Discharge,1,9,0.11,11%,18.0,2.0,18,1,18.0,2.0,9.0,1.0
Mental d'Acier,Steel Aura,1,9,0.11,11%,18.0,2.0,18,2,9.0,1.0,6.0,0.67
Griffes Démoniaques,Demon Claws,1,9,0.11,11%,17.0,1.89,17,1,17.0,1.89,8.5,0.94
Couronne du Roi Nain,Crown of the Dwarf King,1,9,0.11,11%,13.0,1.44,13,0,Gratuit,Gratuit,13.0,1.44
Œil de Lynx,Hawk's Eye,1,9,0.11,11%,8.0,0.89,8,0,Gratuit,Gratuit,8.0,0.89
Griffes Sauvages,Wild Claw,2,9,0.22,22%,2.0,0.44,4,3,0.67,0.15,0.5,0.11
