,Nom Anglais,nb games valide,total games,ratio,%,pts moy,pts moy total,total point,cout,pts par cout moy,pts par cout total,pts par cout moy+1,pts par cout total+1
Totem Équivalent,Equivalent Totem,18,18,1.0,100%,16.39,16.39,295,2,8.2,8.2,5.46,5.46
Faux,Scythe,18,18,1.0,100%,14.17,14.17,255,3,4.72,4.72,3.54,3.54
Armure d'Obsidienne,Obsidian Battle Plate,9,18,0.5,50%,20.0,10.0,180,2,10.0,5.0,6.67,3.33
Marteau Collecteur,Collecting Hammer,12,18,0.67,67%,11.67,7.78,140,2,5.83,3.89,3.89,2.59
Épée Obscure,Swords of Darkness,8,18,0.44,44%,17.0,7.56,136,1,17.0,7.56,8.5,3.78
Économe Sagesse du Trésorier,Treasurer's Wisdom,8,18,0.44,44%,17.0,7.56,136,2,8.5,3.78,5.67,2.52
Faux Parfaite,Perfect Scythe,9,18,0.5,50%,15.0,7.5,135,0,Gratuit,Gratuit,15.0,7.5
Lame Affutée,Sharp Blade,12,18,0.67,67%,10.75,7.17,129,3,3.58,2.39,2.69,1.79
Ascension Divine,Divine Ascent,5,18,0.28,28%,25.0,6.94,125,3,8.33,2.31,6.25,1.74
Hache Frénétique,Berseker Ax,7,18,0.39,39%,14.0,5.44,98,2,7.0,2.72,4.67,1.81
Esprit de l'Écuyer,Spirit of the Squire,14,18,0.78,78%,6.64,5.17,93,3,2.21,1.72,1.66,1.29
Gantelet Impérieux,Imperious Gauntlet,3,18,0.17,17%,30.0,5.0,90,1,30.0,5.0,15.0,2.5
Explosion Arcanique,Arcane Explosive,7,18,0.39,39%,12.0,4.67,84,1,12.0,4.67,6.0,2.33
Assistance Divine,Sacred Help,4,18,0.22,22%,20.0,4.44,80,2,10.0,2.22,6.67,1.48
Elan de Fureur,Rampage Momentum,5,18,0.28,28%,15.0,4.17,75,2,7.5,2.08,5.0,1.39
Faux Assoiffées,Thirsty Scythes,3,18,0.17,17%,25.0,4.17,75,3,8.33,1.39,6.25,1.04
Parchemin Secret,Secret Scroll,4,18,0.22,22%,18.0,4.0,72,2,9.0,2.0,6.0,1.33
Pluie de Météorites,Meteorites,1,18,0.06,6%,70.0,3.89,70,0,Gratuit,Gratuit,70.0,3.89
Sabre Versatile,Versatil Saber,6,18,0.33,33%,11.0,3.67,66,1,11.0,3.67,5.5,1.83
Aveuglement,Incapacitor,14,18,0.78,78%,4.71,3.67,66,3,1.57,1.22,1.18,0.92
Danse Macabre,Dance of Death,8,18,0.44,44%,8.0,3.56,64,1,8.0,3.56,4.0,1.78
Triple Météore,Trimeteor,2,18,0.11,11%,30.0,3.33,60,0,Gratuit,Gratuit,30.0,3.33
Totem du Gardien,Guardian Totem,13,18,0.72,72%,4.38,3.17,57,3,1.46,1.06,1.09,0.79
Être de Lumière,Being of Light,3,18,0.17,17%,18.0,3.0,54,1,18.0,3.0,9.0,1.5
Marteleur précis,Precise Hammer,3,18,0.17,17%,18.0,3.0,54,1,18.0,3.0,9.0,1.5
Enchaînement Éclair,Unstoppable Lightning,3,18,0.17,17%,18.0,3.0,54,1,18.0,3.0,9.0,1.5
Lame Insatiable,Fast Furious Blade,3,18,0.17,17%,16.0,2.67,48,2,8.0,1.33,5.33,0.89
Armure d'Immortel,Immortal Breastplate,3,18,0.17,17%,15.33,2.56,46,1,15.33,2.56,7.67,1.28
Tombeau Rocheux,Rock Tomb,4,18,0.22,22%,10.0,2.22,40,1,10.0,2.22,5.0,1.11
Coup de Mort,Death Helper,3,18,0.17,17%,13.0,2.17,39,1,13.0,2.17,6.5,1.08
Désintégrateur Magnétique,Magnetic Disintegrator,2,18,0.11,11%,11.0,1.22,22,0,Gratuit,Gratuit,11.0,1.22
Masse Colossale,Colossal Mace,2,18,0.11,11%,11.0,1.22,22,0,Gratuit,Gratuit,11.0,1.22
Le Marionnettiste,The Puppeteer,1,18,0.06,6%,20.0,1.11,20,2,10.0,0.56,6.67,0.37
Pillard Féroce,Savage Looter,1,18,0.06,6%,20.0,1.11,20,1,20.0,1.11,10.0,0.56
Épé Sainte,Holy Sword,2,18,0.11,11%,10.0,1.11,20,0,Gratuit,Gratuit,10.0,1.11
Chasseur d'Âmes,Soul Hunter,1,18,0.06,6%,20.0,1.11,20,1,20.0,1.11,10.0,0.56
Chasseresse d'Âmes,Huntress of Souls,1,18,0.06,6%,19.0,1.06,19,1,19.0,1.06,9.5,0.53
Œil de Lynx,Hawk's Eye,2,18,0.11,11%,9.0,1.0,18,0,Gratuit,Gratuit,9.0,1.0
Esprit omniprésent,Omnipresent Spirit,1,18,0.06,6%,18.0,1.0,18,2,9.0,0.5,6.0,0.33
Mental d'Acier,Steel Aura,1,18,0.06,6%,18.0,1.0,18,2,9.0,0.5,6.0,0.33
Décharge Élémentaire,Elemental Discharge,1,18,0.06,6%,18.0,1.0,18,1,18.0,1.0,9.0,0.5
Griffes Démoniaques,Demon Claws,1,18,0.06,6%,17.0,0.94,17,1,17.0,0.94,8.5,0.47
Esprit Guerrier,Spirit of the Warrior,1,18,0.06,6%,16.0,0.89,16,1,16.0,0.89,8.0,0.45
Soif de Sang,Thirsty Dagger,1,18,0.06,6%,15.0,0.83,15,0,Gratuit,Gratuit,15.0,0.83
Couronne du Roi Nain,Crown of the Dwarf King,1,18,0.06,6%,13.0,0.72,13,0,Gratuit,Gratuit,13.0,0.72
Griffes Sauvages,Wild Claw,4,18,0.22,22%,1.5,0.33,6,3,0.5,0.11,0.38,0.08
