,Nom Anglais,nb games valide,total games,ratio,%,pts moy,pts moy total,total point,cout,pts par cout moy,pts par cout total,pts par cout moy+1,pts par cout total+1
Totem Équivalent,Equivalent Totem,11,11,1.0,100%,16.55,16.55,182,2,8.28,8.28,5.52,5.52
Faux,Scythe,11,11,1.0,100%,14.73,14.73,162,3,4.91,4.91,3.68,3.68
Épée Obscure,Swords of Darkness,6,11,0.55,55%,17.0,9.27,102,1,17.0,9.27,8.5,4.63
Armure d'Obsidienne,Obsidian Battle Plate,5,11,0.45,45%,20.0,9.09,100,2,10.0,4.54,6.67,3.03
Ascension Divine,Divine Ascent,4,11,0.36,36%,25.0,9.09,100,3,8.33,3.03,6.25,2.27
Faux Parfaite,Perfect Scythe,6,11,0.55,55%,15.0,8.18,90,0,Gratuit,Gratuit,15.0,8.18
Économe Sagesse du Trésorier,Treasurer's Wisdom,5,11,0.45,45%,17.0,7.73,85,2,8.5,3.87,5.67,2.58
Lame Affutée,Sharp Blade,7,11,0.64,64%,11.57,7.36,81,3,3.86,2.45,2.89,1.84
Assistance Divine,Sacred Help,4,11,0.36,36%,20.0,7.27,80,2,10.0,3.63,6.67,2.42
Faux Assoiffées,Thirsty Scythes,3,11,0.27,27%,25.0,6.82,75,3,8.33,2.27,6.25,1.71
Pluie de Météorites,Meteorites,1,11,0.09,9%,70.0,6.36,70,0,Gratuit,Gratuit,70.0,6.36
Marteau Collecteur,Collecting Hammer,8,11,0.73,73%,7.88,5.73,63,2,3.94,2.87,2.63,1.91
Elan de Fureur,Rampage Momentum,4,11,0.36,36%,15.0,5.45,60,2,7.5,2.73,5.0,1.82
Hache Frénétique,Berseker Ax,4,11,0.36,36%,14.0,5.09,56,2,7.0,2.54,4.67,1.7
Être de Lumière,Being of Light,3,11,0.27,27%,18.0,4.91,54,1,18.0,4.91,9.0,2.46
Parchemin Secret,Secret Scroll,3,11,0.27,27%,18.0,4.91,54,2,9.0,2.46,6.0,1.64
Enchaînement Éclair,Unstoppable Lightning,3,11,0.27,27%,18.0,4.91,54,1,18.0,4.91,9.0,2.46
Totem du Gardien,Guardian Totem,11,11,1.0,100%,4.45,4.45,49,3,1.48,1.48,1.11,1.11
Explosion Arcanique,Arcane Explosive,4,11,0.36,36%,12.0,4.36,48,1,12.0,4.36,6.0,2.18
Esprit de l'Écuyer,Spirit of the Squire,8,11,0.73,73%,5.62,4.09,45,3,1.87,1.36,1.41,1.02
Aveuglement,Incapacitor,8,11,0.73,73%,5.62,4.09,45,3,1.87,1.36,1.41,1.02
Sabre Versatile,Versatil Saber,4,11,0.36,36%,11.0,4.0,44,1,11.0,4.0,5.5,2.0
Danse Macabre,Dance of Death,5,11,0.45,45%,8.0,3.64,40,1,8.0,3.64,4.0,1.82
Marteleur précis,Precise Hammer,2,11,0.18,18%,18.0,3.27,36,1,18.0,3.27,9.0,1.64
Lame Insatiable,Fast Furious Blade,2,11,0.18,18%,16.0,2.91,32,2,8.0,1.46,5.33,0.97
Armure d'Immortel,Immortal Breastplate,2,11,0.18,18%,15.0,2.73,30,1,15.0,2.73,7.5,1.36
Triple Météore,Trimeteor,1,11,0.09,9%,30.0,2.73,30,0,Gratuit,Gratuit,30.0,2.73
Tombeau Rocheux,Rock Tomb,3,11,0.27,27%,10.0,2.73,30,1,10.0,2.73,5.0,1.36
Masse Colossale,Colossal Mace,2,11,0.18,18%,11.0,2.0,22,0,Gratuit,Gratuit,11.0,2.0
Désintégrateur Magnétique,Magnetic Disintegrator,2,11,0.18,18%,11.0,2.0,22,0,Gratuit,Gratuit,11.0,2.0
Épé Sainte,Holy Sword,2,11,0.18,18%,10.0,1.82,20,0,Gratuit,Gratuit,10.0,1.82
Pillard Féroce,Savage Looter,1,11,0.09,9%,20.0,1.82,20,1,20.0,1.82,10.0,0.91
Chasseresse d'Âmes,Huntress of Souls,1,11,0.09,9%,19.0,1.73,19,1,19.0,1.73,9.5,0.86
Mental d'Acier,Steel Aura,1,11,0.09,9%,18.0,1.64,18,2,9.0,0.82,6.0,0.55
Décharge Élémentaire,Elemental Discharge,1,11,0.09,9%,18.0,1.64,18,1,18.0,1.64,9.0,0.82
Griffes Démoniaques,Demon Claws,1,11,0.09,9%,17.0,1.55,17,1,17.0,1.55,8.5,0.78
Couronne du Roi Nain,Crown of the Dwarf King,1,11,0.09,9%,13.0,1.18,13,0,Gratuit,Gratuit,13.0,1.18
Œil de Lynx,Hawk's Eye,1,11,0.09,9%,8.0,0.73,8,0,Gratuit,Gratuit,8.0,0.73
Griffes Sauvages,Wild Claw,2,11,0.18,18%,2.0,0.36,4,3,0.67,0.12,0.5,0.09
