,Nom Anglais,nb games valide,total games,ratio,%,pts moy,pts moy total,total point,cout,pts par cout moy,pts par cout total
Pluie de Météorites,Meteorites,1,2,0.5,50%,70.0,35.0,70,0,Gratuit,Gratuit
Épée Obscure,Swords of Darkness,2,2,1.0,100%,17.0,17.0,34,1,17.0,17.0
Totem Équivalent,Equivalent Totem,2,2,1.0,100%,16.5,16.5,33,1,16.5,16.5
Triple Météore,Trimeteor,1,2,0.5,50%,30.0,15.0,30,0,Gratuit,Gratuit
Lame Affutée,Sharp Blade,2,2,1.0,100%,15.0,15.0,30,3,5.0,5.0
Elan de Fureur,Rampage Momentum,2,2,1.0,100%,15.0,15.0,30,2,7.5,7.5
Faux,Scythe,2,2,1.0,100%,14.5,14.5,29,3,4.83,4.83
Faux Assoiffées,Thirsty Scythes,1,2,0.5,50%,25.0,12.5,25,3,8.33,4.17
Ascension Divine,Divine Ascent,1,2,0.5,50%,25.0,12.5,25,3,8.33,4.17
Armure d'Obsidienne,Obsidian Battle Plate,1,2,0.5,50%,20.0,10.0,20,2,10.0,5.0
Assistance Divine,Sacred Help,1,2,0.5,50%,20.0,10.0,20,2,10.0,5.0
Marteleur précis,Precise Hammer,1,2,0.5,50%,18.0,9.0,18,1,18.0,9.0
Enchaînement Éclair,Unstoppable Lightning,1,2,0.5,50%,18.0,9.0,18,1,18.0,9.0
Parchemin Secret,Secret Scroll,1,2,0.5,50%,18.0,9.0,18,2,9.0,4.5
Économe Sagesse du Trésorier,Treasurer's Wisdom,1,2,0.5,50%,17.0,8.5,17,2,8.5,4.25
Danse Macabre,Dance of Death,2,2,1.0,100%,8.0,8.0,16,1,8.0,8.0
Faux Parfaite,Perfect Scythe,1,2,0.5,50%,15.0,7.5,15,0,Gratuit,Gratuit
Hache Frénétique,Berseker Ax,1,2,0.5,50%,14.0,7.0,14,2,7.0,3.5
Explosion Arcanique,Arcane Explosive,1,2,0.5,50%,12.0,6.0,12,1,12.0,6.0
Masse Colossale,Colossal Mace,1,2,0.5,50%,11.0,5.5,11,0,Gratuit,Gratuit
Sabre Versatile,Versatil Saber,1,2,0.5,50%,11.0,5.5,11,1,11.0,5.5
Épé Sainte,Holy Sword,1,2,0.5,50%,10.0,5.0,10,0,Gratuit,Gratuit
Tombeau Rocheux,Rock Tomb,1,2,0.5,50%,10.0,5.0,10,1,10.0,5.0
Esprit de l'Écuyer,Spirit of the Squire,1,2,0.5,50%,9.0,4.5,9,3,3.0,1.5
Totem du Gardien,Guardian Totem,2,2,1.0,100%,4.0,4.0,8,3,1.33,1.33
Marteau Collecteur,Collecting Hammer,1,2,0.5,50%,6.0,3.0,6,2,3.0,1.5
Aveuglement,Incapacitor,1,2,0.5,50%,3.0,1.5,3,3,1.0,0.5
