,Nom Anglais,nb games valide,total games,ratio,%,pts moy,pts moy total,total point,cout,pts par cout moy,pts par cout total,pts par cout moy+1,pts par cout total+1
Totem Équivalent,Equivalent Totem,13,13,1.0,100%,16.46,16.46,214,2,8.23,8.23,5.49,5.49
Faux,Scythe,13,13,1.0,100%,14.69,14.69,191,3,4.9,4.9,3.67,3.67
Faux Parfaite,Perfect Scythe,8,13,0.62,62%,15.0,9.23,120,0,Gratuit,Gratuit,15.0,9.23
Armure d'Obsidienne,Obsidian Battle Plate,6,13,0.46,46%,20.0,9.23,120,2,10.0,4.62,6.67,3.08
Épée Obscure,Swords of Darkness,6,13,0.46,46%,17.0,7.85,102,1,17.0,7.85,8.5,3.92
Économe Sagesse du Trésorier,Treasurer's Wisdom,6,13,0.46,46%,17.0,7.85,102,2,8.5,3.92,5.67,2.62
Ascension Divine,Divine Ascent,4,13,0.31,31%,25.0,7.69,100,3,8.33,2.56,6.25,1.92
Lame Affutée,Sharp Blade,9,13,0.69,69%,10.67,7.38,96,3,3.56,2.46,2.67,1.84
Marteau Collecteur,Collecting Hammer,9,13,0.69,69%,10.11,7.0,91,2,5.05,3.5,3.37,2.33
Assistance Divine,Sacred Help,4,13,0.31,31%,20.0,6.15,80,2,10.0,3.08,6.67,2.05
Faux Assoiffées,Thirsty Scythes,3,13,0.23,23%,25.0,5.77,75,3,8.33,1.92,6.25,1.44
Pluie de Météorites,Meteorites,1,13,0.08,8%,70.0,5.38,70,0,Gratuit,Gratuit,70.0,5.38
Hache Frénétique,Berseker Ax,5,13,0.38,38%,14.0,5.38,70,2,7.0,2.69,4.67,1.79
Elan de Fureur,Rampage Momentum,4,13,0.31,31%,15.0,4.62,60,2,7.5,2.31,5.0,1.54
Explosion Arcanique,Arcane Explosive,5,13,0.38,38%,12.0,4.62,60,1,12.0,4.62,6.0,2.31
Esprit de l'Écuyer,Spirit of the Squire,10,13,0.77,77%,6.0,4.62,60,3,2.0,1.54,1.5,1.16
Être de Lumière,Being of Light,3,13,0.23,23%,18.0,4.15,54,1,18.0,4.15,9.0,2.08
Parchemin Secret,Secret Scroll,3,13,0.23,23%,18.0,4.15,54,2,9.0,2.08,6.0,1.38
Enchaînement Éclair,Unstoppable Lightning,3,13,0.23,23%,18.0,4.15,54,1,18.0,4.15,9.0,2.08
Aveuglement,Incapacitor,10,13,0.77,77%,5.1,3.92,51,3,1.7,1.31,1.27,0.98
Totem du Gardien,Guardian Totem,11,13,0.85,85%,4.45,3.77,49,3,1.48,1.26,1.11,0.94
Danse Macabre,Dance of Death,6,13,0.46,46%,8.0,3.69,48,1,8.0,3.69,4.0,1.84
Lame Insatiable,Fast Furious Blade,3,13,0.23,23%,16.0,3.69,48,2,8.0,1.84,5.33,1.23
Sabre Versatile,Versatil Saber,4,13,0.31,31%,11.0,3.38,44,1,11.0,3.38,5.5,1.69
Marteleur précis,Precise Hammer,2,13,0.15,15%,18.0,2.77,36,1,18.0,2.77,9.0,1.39
Armure d'Immortel,Immortal Breastplate,2,13,0.15,15%,15.0,2.31,30,1,15.0,2.31,7.5,1.16
Gantelet Impérieux,Imperious Gauntlet,1,13,0.08,8%,30.0,2.31,30,1,30.0,2.31,15.0,1.16
Triple Météore,Trimeteor,1,13,0.08,8%,30.0,2.31,30,0,Gratuit,Gratuit,30.0,2.31
Tombeau Rocheux,Rock Tomb,3,13,0.23,23%,10.0,2.31,30,1,10.0,2.31,5.0,1.16
Désintégrateur Magnétique,Magnetic Disintegrator,2,13,0.15,15%,11.0,1.69,22,0,Gratuit,Gratuit,11.0,1.69
Masse Colossale,Colossal Mace,2,13,0.15,15%,11.0,1.69,22,0,Gratuit,Gratuit,11.0,1.69
Pillard Féroce,Savage Looter,1,13,0.08,8%,20.0,1.54,20,1,20.0,1.54,10.0,0.77
Épé Sainte,Holy Sword,2,13,0.15,15%,10.0,1.54,20,0,Gratuit,Gratuit,10.0,1.54
Chasseresse d'Âmes,Huntress of Souls,1,13,0.08,8%,19.0,1.46,19,1,19.0,1.46,9.5,0.73
Mental d'Acier,Steel Aura,1,13,0.08,8%,18.0,1.38,18,2,9.0,0.69,6.0,0.46
Décharge Élémentaire,Elemental Discharge,1,13,0.08,8%,18.0,1.38,18,1,18.0,1.38,9.0,0.69
Griffes Démoniaques,Demon Claws,1,13,0.08,8%,17.0,1.31,17,1,17.0,1.31,8.5,0.66
Couronne du Roi Nain,Crown of the Dwarf King,1,13,0.08,8%,13.0,1.0,13,0,Gratuit,Gratuit,13.0,1.0
Coup de Mort,Death Helper,1,13,0.08,8%,13.0,1.0,13,1,13.0,1.0,6.5,0.5
Œil de Lynx,Hawk's Eye,1,13,0.08,8%,8.0,0.62,8,0,Gratuit,Gratuit,8.0,0.62
Griffes Sauvages,Wild Claw,3,13,0.23,23%,1.67,0.38,5,3,0.56,0.13,0.42,0.1
