,Nom Anglais,nb games valide,total games,ratio,%,pts moy,pts moy total,total point,cout,pts par cout moy,pts par cout total
Totem Équivalent,Equivalent Totem,5,5,1.0,100%,17.0,17.0,85,2,8.5,8.5
Faux,Scythe,5,5,1.0,100%,16.0,16.0,80,3,5.33,5.33
Économe Sagesse du Trésorier,Treasurer's Wisdom,4,5,0.8,80%,17.0,13.6,68,2,8.5,6.8
Faux Parfaite,Perfect Scythe,4,5,0.8,80%,15.0,12.0,60,0,Gratuit,Gratuit
Ascension Divine,Divine Ascent,2,5,0.4,40%,25.0,10.0,50,3,8.33,3.33
Armure d'Obsidienne,Obsidian Battle Plate,2,5,0.4,40%,20.0,8.0,40,2,10.0,4.0
Explosion Arcanique,Arcane Explosive,3,5,0.6,60%,12.0,7.2,36,1,12.0,7.2
Griffes Démoniaques,Demon Claws,2,5,0.4,40%,17.0,6.8,34,1,17.0,6.8
Lame Affutée,Sharp Blade,5,5,1.0,100%,6.6,6.6,33,3,2.2,2.2
Lame Insatiable,Fast Furious Blade,2,5,0.4,40%,16.0,6.4,32,2,8.0,3.2
Soif de Sang,Thirsty Dagger,2,5,0.4,40%,15.0,6.0,30,0,Gratuit,Gratuit
Marteau Collecteur,Collecting Hammer,2,5,0.4,40%,15.0,6.0,30,2,7.5,3.0
Totem du Gardien,Guardian Totem,5,5,1.0,100%,5.6,5.6,28,3,1.87,1.87
Hache Frénétique,Berseker Ax,2,5,0.4,40%,14.0,5.6,28,2,7.0,2.8
Aveuglement,Incapacitor,4,5,0.8,80%,6.75,5.4,27,3,2.25,1.8
Faux Assoiffées,Thirsty Scythes,1,5,0.2,20%,25.0,5.0,25,3,8.33,1.67
Œil de Lynx,Hawk's Eye,3,5,0.6,60%,8.0,4.8,24,0,Gratuit,Gratuit
Le Marionnettiste,The Puppeteer,1,5,0.2,20%,20.0,4.0,20,2,10.0,2.0
Chasseresse d'Âmes,Huntress of Souls,1,5,0.2,20%,19.0,3.8,19,1,19.0,3.8
Être de Lumière,Being of Light,1,5,0.2,20%,18.0,3.6,18,1,18.0,3.6
Parchemin Secret,Secret Scroll,1,5,0.2,20%,18.0,3.6,18,2,9.0,1.8
Décharge Élémentaire,Elemental Discharge,1,5,0.2,20%,18.0,3.6,18,1,18.0,3.6
Marteleur précis,Precise Hammer,1,5,0.2,20%,18.0,3.6,18,1,18.0,3.6
Enchaînement Éclair,Unstoppable Lightning,1,5,0.2,20%,18.0,3.6,18,1,18.0,3.6
Épée Obscure,Swords of Darkness,1,5,0.2,20%,17.0,3.4,17,1,17.0,3.4
Masse de Siège,Siege Mace,1,5,0.2,20%,16.0,3.2,16,0,Gratuit,Gratuit
Esprit Guerrier,Spirit of the Warrior,1,5,0.2,20%,16.0,3.2,16,1,16.0,3.2
Esprit de l'Écuyer,Spirit of the Squire,3,5,0.6,60%,5.0,3.0,15,3,1.67,1.0
Elan de Fureur,Rampage Momentum,1,5,0.2,20%,15.0,3.0,15,2,7.5,1.5
Armure d'Immortel,Immortal Breastplate,1,5,0.2,20%,14.0,2.8,14,1,14.0,2.8
Couronne du Roi Nain,Crown of the Dwarf King,1,5,0.2,20%,13.0,2.6,13,0,Gratuit,Gratuit
Masse Colossale,Colossal Mace,1,5,0.2,20%,11.0,2.2,11,0,Gratuit,Gratuit
Sabre Versatile,Versatil Saber,1,5,0.2,20%,11.0,2.2,11,1,11.0,2.2
Désintégrateur Magnétique,Magnetic Disintegrator,1,5,0.2,20%,11.0,2.2,11,0,Gratuit,Gratuit
Épé Sainte,Holy Sword,1,5,0.2,20%,10.0,2.0,10,0,Gratuit,Gratuit
Tombeau Rocheux,Rock Tomb,1,5,0.2,20%,10.0,2.0,10,1,10.0,2.0
Griffes Sauvages,Wild Claw,5,5,1.0,100%,1.8,1.8,9,3,0.6,0.6
Danse Macabre,Dance of Death,1,5,0.2,20%,8.0,1.6,8,1,8.0,1.6
