,Nom Anglais,nb games valide,total games,ratio,%,pts moy,pts moy total,total point,cout,pts par cout moy,pts par cout total,pts par cout moy+1,pts par cout total+1
Totem Équivalent,Equivalent Totem,18,18,1.0,100%,16.72,16.72,301,2,8.36,8.36,5.57,5.57
Faux,Scythe,18,18,1.0,100%,14.44,14.44,260,3,4.81,4.81,3.61,3.61
Ascension Divine,Divine Ascent,8,18,0.44,44%,25.0,11.11,200,3,8.33,3.7,6.25,2.78
Économe Sagesse du Trésorier,Treasurer's Wisdom,11,18,0.61,61%,17.0,10.39,187,2,8.5,5.2,5.67,3.46
Armure d'Obsidienne,Obsidian Battle Plate,9,18,0.5,50%,20.0,10.0,180,2,10.0,5.0,6.67,3.33
Marteau Collecteur,Collecting Hammer,8,18,0.44,44%,16.0,7.11,128,2,8.0,3.56,5.33,2.37
Hache Frénétique,Berseker Ax,8,18,0.44,44%,14.0,6.22,112,2,7.0,3.11,4.67,2.07
Faux Parfaite,Perfect Scythe,7,18,0.39,39%,15.0,5.83,105,0,Gratuit,Gratuit,15.0,5.83
Lame Affutée,Sharp Blade,14,18,0.78,78%,7.29,5.67,102,3,2.43,1.89,1.82,1.42
Assistance Divine,Sacred Help,5,18,0.28,28%,20.0,5.56,100,2,10.0,2.78,6.67,1.85
Esprit de l'Écuyer,Spirit of the Squire,15,18,0.83,83%,6.6,5.5,99,3,2.2,1.83,1.65,1.38
Explosion Arcanique,Arcane Explosive,8,18,0.44,44%,12.0,5.33,96,1,12.0,5.33,6.0,2.67
Marteleur précis,Precise Hammer,5,18,0.28,28%,18.0,5.0,90,1,18.0,5.0,9.0,2.5
Aveuglement,Incapacitor,16,18,0.89,89%,4.88,4.33,78,3,1.63,1.44,1.22,1.08
Mental d'Acier,Steel Aura,4,18,0.22,22%,18.0,4.0,72,2,9.0,2.0,6.0,1.33
Totem du Gardien,Guardian Totem,13,18,0.72,72%,5.0,3.61,65,3,1.67,1.2,1.25,0.9
Œil de Lynx,Hawk's Eye,7,18,0.39,39%,8.57,3.33,60,0,Gratuit,Gratuit,8.57,3.33
Gantelet Impérieux,Imperious Gauntlet,2,18,0.11,11%,30.0,3.33,60,1,30.0,3.33,15.0,1.67
Sabre Versatile,Versatil Saber,5,18,0.28,28%,11.0,3.06,55,1,11.0,3.06,5.5,1.53
Épée Obscure,Swords of Darkness,3,18,0.17,17%,17.0,2.83,51,1,17.0,2.83,8.5,1.42
Faux Assoiffées,Thirsty Scythes,2,18,0.11,11%,25.0,2.78,50,3,8.33,0.93,6.25,0.69
Armure d'Immortel,Immortal Breastplate,3,18,0.17,17%,15.33,2.56,46,1,15.33,2.56,7.67,1.28
Soif de Sang,Thirsty Dagger,3,18,0.17,17%,15.0,2.5,45,0,Gratuit,Gratuit,15.0,2.5
Être de Lumière,Being of Light,2,18,0.11,11%,18.0,2.0,36,1,18.0,2.0,9.0,1.0
Parchemin Secret,Secret Scroll,2,18,0.11,11%,18.0,2.0,36,2,9.0,1.0,6.0,0.67
Griffes Démoniaques,Demon Claws,2,18,0.11,11%,17.0,1.89,34,1,17.0,1.89,8.5,0.94
Désintégrateur Magnétique,Magnetic Disintegrator,3,18,0.17,17%,11.0,1.83,33,0,Gratuit,Gratuit,11.0,1.83
Lame Insatiable,Fast Furious Blade,2,18,0.11,11%,16.0,1.78,32,2,8.0,0.89,5.33,0.59
Esprit Guerrier,Spirit of the Warrior,2,18,0.11,11%,16.0,1.78,32,1,16.0,1.78,8.0,0.89
Coup de Mort,Death Helper,2,18,0.11,11%,13.0,1.44,26,1,13.0,1.44,6.5,0.72
Danse Macabre,Dance of Death,3,18,0.17,17%,8.0,1.33,24,1,8.0,1.33,4.0,0.67
Le Marionnettiste,The Puppeteer,1,18,0.06,6%,20.0,1.11,20,2,10.0,0.56,6.67,0.37
Chasseur d'Âmes,Soul Hunter,1,18,0.06,6%,20.0,1.11,20,1,20.0,1.11,10.0,0.56
Tombeau Rocheux,Rock Tomb,2,18,0.11,11%,10.0,1.11,20,1,10.0,1.11,5.0,0.56
Chasseresse d'Âmes,Huntress of Souls,1,18,0.06,6%,19.0,1.06,19,1,19.0,1.06,9.5,0.53
Décharge Élémentaire,Elemental Discharge,1,18,0.06,6%,18.0,1.0,18,1,18.0,1.0,9.0,0.5
Enchaînement Éclair,Unstoppable Lightning,1,18,0.06,6%,18.0,1.0,18,1,18.0,1.0,9.0,0.5
Masse de Siège,Siege Mace,1,18,0.06,6%,16.0,0.89,16,0,Gratuit,Gratuit,16.0,0.89
Force Divine,Divine Impetu,1,18,0.06,6%,15.0,0.83,15,0,Gratuit,Gratuit,15.0,0.83
Elan de Fureur,Rampage Momentum,1,18,0.06,6%,15.0,0.83,15,2,7.5,0.41,5.0,0.28
Couronne du Roi Nain,Crown of the Dwarf King,1,18,0.06,6%,13.0,0.72,13,0,Gratuit,Gratuit,13.0,0.72
Griffes Sauvages,Wild Claw,7,18,0.39,39%,1.57,0.61,11,3,0.52,0.2,0.39,0.15
Masse Colossale,Colossal Mace,1,18,0.06,6%,11.0,0.61,11,0,Gratuit,Gratuit,11.0,0.61
Épé Sainte,Holy Sword,1,18,0.06,6%,10.0,0.56,10,0,Gratuit,Gratuit,10.0,0.56
