,Nom Anglais,nb games valide,total games,ratio,%,pts moy,pts moy total,total point,cout,pts par cout moy,pts par cout total,pts par cout moy+1,pts par cout total+1
Totem Équivalent,Equivalent Totem,7,7,1.0,100%,17.14,17.14,120,2,8.57,8.57,5.71,5.71
Faux,Scythe,7,7,1.0,100%,15.29,15.29,107,3,5.1,5.1,3.82,3.82
Économe Sagesse du Trésorier,Treasurer's Wisdom,6,7,0.86,86%,17.0,14.57,102,2,8.5,7.29,5.67,4.86
Ascension Divine,Divine Ascent,3,7,0.43,43%,25.0,10.71,75,3,8.33,3.57,6.25,2.68
Marteau Collecteur,Collecting Hammer,3,7,0.43,43%,20.0,8.57,60,2,10.0,4.29,6.67,2.86
Faux Parfaite,Perfect Scythe,4,7,0.57,57%,15.0,8.57,60,0,Gratuit,Gratuit,15.0,8.57
Armure d'Obsidienne,Obsidian Battle Plate,3,7,0.43,43%,20.0,8.57,60,2,10.0,4.29,6.67,2.86
Hache Frénétique,Berseker Ax,4,7,0.57,57%,14.0,8.0,56,2,7.0,4.0,4.67,2.67
Explosion Arcanique,Arcane Explosive,4,7,0.57,57%,12.0,6.86,48,1,12.0,6.86,6.0,3.43
Œil de Lynx,Hawk's Eye,5,7,0.71,71%,8.0,5.71,40,0,Gratuit,Gratuit,8.0,5.71
Totem du Gardien,Guardian Totem,7,7,1.0,100%,5.57,5.57,39,3,1.86,1.86,1.39,1.39
Aveuglement,Incapacitor,6,7,0.86,86%,6.5,5.57,39,3,2.17,1.86,1.62,1.39
Lame Affutée,Sharp Blade,6,7,0.86,86%,6.5,5.57,39,3,2.17,1.86,1.62,1.39
Être de Lumière,Being of Light,2,7,0.29,29%,18.0,5.14,36,1,18.0,5.14,9.0,2.57
Marteleur précis,Precise Hammer,2,7,0.29,29%,18.0,5.14,36,1,18.0,5.14,9.0,2.57
Griffes Démoniaques,Demon Claws,2,7,0.29,29%,17.0,4.86,34,1,17.0,4.86,8.5,2.43
Esprit de l'Écuyer,Spirit of the Squire,5,7,0.71,71%,6.6,4.71,33,3,2.2,1.57,1.65,1.18
Désintégrateur Magnétique,Magnetic Disintegrator,3,7,0.43,43%,11.0,4.71,33,0,Gratuit,Gratuit,11.0,4.71
Esprit Guerrier,Spirit of the Warrior,2,7,0.29,29%,16.0,4.57,32,1,16.0,4.57,8.0,2.29
Lame Insatiable,Fast Furious Blade,2,7,0.29,29%,16.0,4.57,32,2,8.0,2.29,5.33,1.52
Soif de Sang,Thirsty Dagger,2,7,0.29,29%,15.0,4.29,30,0,Gratuit,Gratuit,15.0,4.29
Faux Assoiffées,Thirsty Scythes,1,7,0.14,14%,25.0,3.57,25,3,8.33,1.19,6.25,0.89
Assistance Divine,Sacred Help,1,7,0.14,14%,20.0,2.86,20,2,10.0,1.43,6.67,0.95
Le Marionnettiste,The Puppeteer,1,7,0.14,14%,20.0,2.86,20,2,10.0,1.43,6.67,0.95
Chasseresse d'Âmes,Huntress of Souls,1,7,0.14,14%,19.0,2.71,19,1,19.0,2.71,9.5,1.35
Mental d'Acier,Steel Aura,1,7,0.14,14%,18.0,2.57,18,2,9.0,1.28,6.0,0.86
Enchaînement Éclair,Unstoppable Lightning,1,7,0.14,14%,18.0,2.57,18,1,18.0,2.57,9.0,1.28
Décharge Élémentaire,Elemental Discharge,1,7,0.14,14%,18.0,2.57,18,1,18.0,2.57,9.0,1.28
Parchemin Secret,Secret Scroll,1,7,0.14,14%,18.0,2.57,18,2,9.0,1.28,6.0,0.86
Épée Obscure,Swords of Darkness,1,7,0.14,14%,17.0,2.43,17,1,17.0,2.43,8.5,1.22
Masse de Siège,Siege Mace,1,7,0.14,14%,16.0,2.29,16,0,Gratuit,Gratuit,16.0,2.29
Elan de Fureur,Rampage Momentum,1,7,0.14,14%,15.0,2.14,15,2,7.5,1.07,5.0,0.71
Armure d'Immortel,Immortal Breastplate,1,7,0.14,14%,14.0,2.0,14,1,14.0,2.0,7.0,1.0
Couronne du Roi Nain,Crown of the Dwarf King,1,7,0.14,14%,13.0,1.86,13,0,Gratuit,Gratuit,13.0,1.86
Sabre Versatile,Versatil Saber,1,7,0.14,14%,11.0,1.57,11,1,11.0,1.57,5.5,0.79
Masse Colossale,Colossal Mace,1,7,0.14,14%,11.0,1.57,11,0,Gratuit,Gratuit,11.0,1.57
Tombeau Rocheux,Rock Tomb,1,7,0.14,14%,10.0,1.43,10,1,10.0,1.43,5.0,0.71
Épé Sainte,Holy Sword,1,7,0.14,14%,10.0,1.43,10,0,Gratuit,Gratuit,10.0,1.43
Griffes Sauvages,Wild Claw,5,7,0.71,71%,1.8,1.29,9,3,0.6,0.43,0.45,0.32
Danse Macabre,Dance of Death,1,7,0.14,14%,8.0,1.14,8,1,8.0,1.14,4.0,0.57
