,Nom Anglais,nb games valide,total games,ratio,%,pts moy,pts moy total,total point,cout,pts par cout moy,pts par cout total,pts par cout moy+1,pts par cout total+1
Totem Équivalent,Equivalent Totem,17,17,1.0,100%,16.76,16.76,285,2,8.38,8.38,5.59,5.59
Faux,Scythe,17,17,1.0,100%,14.53,14.53,247,3,4.84,4.84,3.63,3.63
Ascension Divine,Divine Ascent,8,17,0.47,47%,25.0,11.76,200,3,8.33,3.92,6.25,2.94
Économe Sagesse du Trésorier,Treasurer's Wisdom,11,17,0.65,65%,17.0,11.0,187,2,8.5,5.5,5.67,3.67
Armure d'Obsidienne,Obsidian Battle Plate,9,17,0.53,53%,20.0,10.59,180,2,10.0,5.29,6.67,3.53
Marteau Collecteur,Collecting Hammer,7,17,0.41,41%,16.29,6.71,114,2,8.14,3.35,5.43,2.24
Hache Frénétique,Berseker Ax,8,17,0.47,47%,14.0,6.59,112,2,7.0,3.29,4.67,2.2
Faux Parfaite,Perfect Scythe,7,17,0.41,41%,15.0,6.18,105,0,Gratuit,Gratuit,15.0,6.18
Assistance Divine,Sacred Help,5,17,0.29,29%,20.0,5.88,100,2,10.0,2.94,6.67,1.96
Explosion Arcanique,Arcane Explosive,8,17,0.47,47%,12.0,5.65,96,1,12.0,5.65,6.0,2.83
Lame Affutée,Sharp Blade,13,17,0.76,76%,7.38,5.65,96,3,2.46,1.88,1.84,1.41
Esprit de l'Écuyer,Spirit of the Squire,14,17,0.82,82%,6.64,5.47,93,3,2.21,1.82,1.66,1.37
Mental d'Acier,Steel Aura,4,17,0.24,24%,18.0,4.24,72,2,9.0,2.12,6.0,1.41
Aveuglement,Incapacitor,15,17,0.88,88%,4.8,4.24,72,3,1.6,1.41,1.2,1.06
Marteleur précis,Precise Hammer,4,17,0.24,24%,18.0,4.24,72,1,18.0,4.24,9.0,2.12
Totem du Gardien,Guardian Totem,12,17,0.71,71%,5.08,3.59,61,3,1.69,1.2,1.27,0.9
Œil de Lynx,Hawk's Eye,7,17,0.41,41%,8.57,3.53,60,0,Gratuit,Gratuit,8.57,3.53
Gantelet Impérieux,Imperious Gauntlet,2,17,0.12,12%,30.0,3.53,60,1,30.0,3.53,15.0,1.76
Sabre Versatile,Versatil Saber,5,17,0.29,29%,11.0,3.24,55,1,11.0,3.24,5.5,1.62
Épée Obscure,Swords of Darkness,3,17,0.18,18%,17.0,3.0,51,1,17.0,3.0,8.5,1.5
Faux Assoiffées,Thirsty Scythes,2,17,0.12,12%,25.0,2.94,50,3,8.33,0.98,6.25,0.73
Armure d'Immortel,Immortal Breastplate,3,17,0.18,18%,15.33,2.71,46,1,15.33,2.71,7.67,1.35
Être de Lumière,Being of Light,2,17,0.12,12%,18.0,2.12,36,1,18.0,2.12,9.0,1.06
Parchemin Secret,Secret Scroll,2,17,0.12,12%,18.0,2.12,36,2,9.0,1.06,6.0,0.71
Griffes Démoniaques,Demon Claws,2,17,0.12,12%,17.0,2.0,34,1,17.0,2.0,8.5,1.0
Désintégrateur Magnétique,Magnetic Disintegrator,3,17,0.18,18%,11.0,1.94,33,0,Gratuit,Gratuit,11.0,1.94
Lame Insatiable,Fast Furious Blade,2,17,0.12,12%,16.0,1.88,32,2,8.0,0.94,5.33,0.63
Esprit Guerrier,Spirit of the Warrior,2,17,0.12,12%,16.0,1.88,32,1,16.0,1.88,8.0,0.94
Soif de Sang,Thirsty Dagger,2,17,0.12,12%,15.0,1.76,30,0,Gratuit,Gratuit,15.0,1.76
Coup de Mort,Death Helper,2,17,0.12,12%,13.0,1.53,26,1,13.0,1.53,6.5,0.77
Danse Macabre,Dance of Death,3,17,0.18,18%,8.0,1.41,24,1,8.0,1.41,4.0,0.7
Chasseur d'Âmes,Soul Hunter,1,17,0.06,6%,20.0,1.18,20,1,20.0,1.18,10.0,0.59
Le Marionnettiste,The Puppeteer,1,17,0.06,6%,20.0,1.18,20,2,10.0,0.59,6.67,0.39
Tombeau Rocheux,Rock Tomb,2,17,0.12,12%,10.0,1.18,20,1,10.0,1.18,5.0,0.59
Chasseresse d'Âmes,Huntress of Souls,1,17,0.06,6%,19.0,1.12,19,1,19.0,1.12,9.5,0.56
Décharge Élémentaire,Elemental Discharge,1,17,0.06,6%,18.0,1.06,18,1,18.0,1.06,9.0,0.53
Enchaînement Éclair,Unstoppable Lightning,1,17,0.06,6%,18.0,1.06,18,1,18.0,1.06,9.0,0.53
Masse de Siège,Siege Mace,1,17,0.06,6%,16.0,0.94,16,0,Gratuit,Gratuit,16.0,0.94
Force Divine,Divine Impetu,1,17,0.06,6%,15.0,0.88,15,0,Gratuit,Gratuit,15.0,0.88
Elan de Fureur,Rampage Momentum,1,17,0.06,6%,15.0,0.88,15,2,7.5,0.44,5.0,0.29
Couronne du Roi Nain,Crown of the Dwarf King,1,17,0.06,6%,13.0,0.76,13,0,Gratuit,Gratuit,13.0,0.76
Griffes Sauvages,Wild Claw,7,17,0.41,41%,1.57,0.65,11,3,0.52,0.22,0.39,0.16
Masse Colossale,Colossal Mace,1,17,0.06,6%,11.0,0.65,11,0,Gratuit,Gratuit,11.0,0.65
Épé Sainte,Holy Sword,1,17,0.06,6%,10.0,0.59,10,0,Gratuit,Gratuit,10.0,0.59
