,Nom Anglais,nb games valide,total games,ratio,%,pts moy,pts moy total,total point,cout,pts par cout moy,pts par cout total,pts par cout moy+1,pts par cout total+1
Totem Équivalent,Equivalent Totem,8,8,1.0,100%,17.25,17.25,138,2,8.62,8.62,5.75,5.75
Faux,Scythe,8,8,1.0,100%,15.38,15.38,123,3,5.13,5.13,3.85,3.85
Armure d'Obsidienne,Obsidian Battle Plate,5,8,0.62,62%,20.0,12.5,100,2,10.0,6.25,6.67,4.17
Ascension Divine,Divine Ascent,4,8,0.5,50%,25.0,12.5,100,3,8.33,4.17,6.25,3.12
Faux Assoiffées,Thirsty Scythes,3,8,0.38,38%,25.0,9.38,75,3,8.33,3.13,6.25,2.35
Économe Sagesse du Trésorier,Treasurer's Wisdom,4,8,0.5,50%,17.0,8.5,68,2,8.5,4.25,5.67,2.83
Aveuglement,Incapacitor,8,8,1.0,100%,7.5,7.5,60,3,2.5,2.5,1.88,1.88
Esprit de l'Écuyer,Spirit of the Squire,7,8,0.88,88%,6.86,6.0,48,3,2.29,2.0,1.72,1.5
Faux Parfaite,Perfect Scythe,3,8,0.38,38%,15.0,5.62,45,0,Gratuit,Gratuit,15.0,5.62
Lame Affutée,Sharp Blade,4,8,0.5,50%,10.5,5.25,42,3,3.5,1.75,2.62,1.31
Totem du Gardien,Guardian Totem,8,8,1.0,100%,5.12,5.12,41,3,1.71,1.71,1.28,1.28
Explosion Arcanique,Arcane Explosive,3,8,0.38,38%,12.0,4.5,36,1,12.0,4.5,6.0,2.25
Épée Obscure,Swords of Darkness,2,8,0.25,25%,17.0,4.25,34,1,17.0,4.25,8.5,2.12
Sabre Versatile,Versatil Saber,3,8,0.38,38%,11.0,4.12,33,1,11.0,4.12,5.5,2.06
Gantelet Impérieux,Imperious Gauntlet,1,8,0.12,12%,30.0,3.75,30,1,30.0,3.75,15.0,1.88
Armure d'Immortel,Immortal Breastplate,2,8,0.25,25%,14.0,3.5,28,1,14.0,3.5,7.0,1.75
Bâton de Conquête,Conquering Staff,1,8,0.12,12%,24.0,3.0,24,2,12.0,1.5,8.0,1.0
Marteau Collecteur,Collecting Hammer,3,8,0.38,38%,8.0,3.0,24,2,4.0,1.5,2.67,1.0
Force Divine,Divine Impetu,2,8,0.25,25%,11.0,2.75,22,0,Gratuit,Gratuit,11.0,2.75
Le Marionnettiste,The Puppeteer,1,8,0.12,12%,20.0,2.5,20,2,10.0,1.25,6.67,0.83
Tombeau Rocheux,Rock Tomb,2,8,0.25,25%,10.0,2.5,20,1,10.0,2.5,5.0,1.25
Enchaînement Éclair,Unstoppable Lightning,1,8,0.12,12%,18.0,2.25,18,1,18.0,2.25,9.0,1.12
Parchemin Secret,Secret Scroll,1,8,0.12,12%,18.0,2.25,18,2,9.0,1.12,6.0,0.75
Marteleur précis,Precise Hammer,1,8,0.12,12%,18.0,2.25,18,1,18.0,2.25,9.0,1.12
Œil de Lynx,Hawk's Eye,2,8,0.25,25%,8.0,2.0,16,0,Gratuit,Gratuit,8.0,2.0
Danse Macabre,Dance of Death,2,8,0.25,25%,8.0,2.0,16,1,8.0,2.0,4.0,1.0
Elan de Fureur,Rampage Momentum,1,8,0.12,12%,15.0,1.88,15,2,7.5,0.94,5.0,0.63
Chasseur d'Âmes,Soul Hunter,1,8,0.12,12%,15.0,1.88,15,1,15.0,1.88,7.5,0.94
Soif de Sang,Thirsty Dagger,1,8,0.12,12%,15.0,1.88,15,0,Gratuit,Gratuit,15.0,1.88
Désintégrateur Magnétique,Magnetic Disintegrator,1,8,0.12,12%,11.0,1.38,11,0,Gratuit,Gratuit,11.0,1.38
Masse Colossale,Colossal Mace,1,8,0.12,12%,11.0,1.38,11,0,Gratuit,Gratuit,11.0,1.38
Amulette Omnisciente,Omnipresent Amulet,1,8,0.12,12%,11.0,1.38,11,0,Gratuit,Gratuit,11.0,1.38
Épé Sainte,Holy Sword,1,8,0.12,12%,10.0,1.25,10,0,Gratuit,Gratuit,10.0,1.25
Coup de Mort,Death Helper,1,8,0.12,12%,10.0,1.25,10,1,10.0,1.25,5.0,0.62
Griffes Sauvages,Wild Claw,3,8,0.38,38%,1.67,0.62,5,3,0.56,0.21,0.42,0.15
