,Nom Anglais,nb games valide,total games,ratio,%,pts moy,pts moy total,total point,cout,pts par cout moy,pts par cout total,pts par cout moy+1,pts par cout total+1
Totem Équivalent,Equivalent Totem,7,7,1.0,100%,17.29,17.29,121,2,8.64,8.64,5.76,5.76
Faux,Scythe,7,7,1.0,100%,15.43,15.43,108,3,5.14,5.14,3.86,3.86
Armure d'Obsidienne,Obsidian Battle Plate,5,7,0.71,71%,20.0,14.29,100,2,10.0,7.14,6.67,4.76
Ascension Divine,Divine Ascent,4,7,0.57,57%,25.0,14.29,100,3,8.33,4.76,6.25,3.57
Faux Assoiffées,Thirsty Scythes,3,7,0.43,43%,25.0,10.71,75,3,8.33,3.57,6.25,2.68
Économe Sagesse du Trésorier,Treasurer's Wisdom,4,7,0.57,57%,17.0,9.71,68,2,8.5,4.86,5.67,3.24
Aveuglement,Incapacitor,7,7,1.0,100%,7.71,7.71,54,3,2.57,2.57,1.93,1.93
Faux Parfaite,Perfect Scythe,3,7,0.43,43%,15.0,6.43,45,0,Gratuit,Gratuit,15.0,6.43
Lame Affutée,Sharp Blade,4,7,0.57,57%,10.5,6.0,42,3,3.5,2.0,2.62,1.5
Esprit de l'Écuyer,Spirit of the Squire,6,7,0.86,86%,7.0,6.0,42,3,2.33,2.0,1.75,1.5
Totem du Gardien,Guardian Totem,7,7,1.0,100%,5.29,5.29,37,3,1.76,1.76,1.32,1.32
Explosion Arcanique,Arcane Explosive,3,7,0.43,43%,12.0,5.14,36,1,12.0,5.14,6.0,2.57
Épée Obscure,Swords of Darkness,2,7,0.29,29%,17.0,4.86,34,1,17.0,4.86,8.5,2.43
Sabre Versatile,Versatil Saber,3,7,0.43,43%,11.0,4.71,33,1,11.0,4.71,5.5,2.35
Gantelet Impérieux,Imperious Gauntlet,1,7,0.14,14%,30.0,4.29,30,1,30.0,4.29,15.0,2.15
Armure d'Immortel,Immortal Breastplate,2,7,0.29,29%,14.0,4.0,28,1,14.0,4.0,7.0,2.0
Bâton de Conquête,Conquering Staff,1,7,0.14,14%,24.0,3.43,24,2,12.0,1.72,8.0,1.14
Marteau Collecteur,Collecting Hammer,3,7,0.43,43%,8.0,3.43,24,2,4.0,1.72,2.67,1.14
Force Divine,Divine Impetu,2,7,0.29,29%,11.0,3.14,22,0,Gratuit,Gratuit,11.0,3.14
Le Marionnettiste,The Puppeteer,1,7,0.14,14%,20.0,2.86,20,2,10.0,1.43,6.67,0.95
Tombeau Rocheux,Rock Tomb,2,7,0.29,29%,10.0,2.86,20,1,10.0,2.86,5.0,1.43
Enchaînement Éclair,Unstoppable Lightning,1,7,0.14,14%,18.0,2.57,18,1,18.0,2.57,9.0,1.28
Parchemin Secret,Secret Scroll,1,7,0.14,14%,18.0,2.57,18,2,9.0,1.28,6.0,0.86
Marteleur précis,Precise Hammer,1,7,0.14,14%,18.0,2.57,18,1,18.0,2.57,9.0,1.28
Œil de Lynx,Hawk's Eye,2,7,0.29,29%,8.0,2.29,16,0,Gratuit,Gratuit,8.0,2.29
Danse Macabre,Dance of Death,2,7,0.29,29%,8.0,2.29,16,1,8.0,2.29,4.0,1.15
Elan de Fureur,Rampage Momentum,1,7,0.14,14%,15.0,2.14,15,2,7.5,1.07,5.0,0.71
Chasseur d'Âmes,Soul Hunter,1,7,0.14,14%,15.0,2.14,15,1,15.0,2.14,7.5,1.07
Soif de Sang,Thirsty Dagger,1,7,0.14,14%,15.0,2.14,15,0,Gratuit,Gratuit,15.0,2.14
Désintégrateur Magnétique,Magnetic Disintegrator,1,7,0.14,14%,11.0,1.57,11,0,Gratuit,Gratuit,11.0,1.57
Masse Colossale,Colossal Mace,1,7,0.14,14%,11.0,1.57,11,0,Gratuit,Gratuit,11.0,1.57
Amulette Omnisciente,Omnipresent Amulet,1,7,0.14,14%,11.0,1.57,11,0,Gratuit,Gratuit,11.0,1.57
Épé Sainte,Holy Sword,1,7,0.14,14%,10.0,1.43,10,0,Gratuit,Gratuit,10.0,1.43
Coup de Mort,Death Helper,1,7,0.14,14%,10.0,1.43,10,1,10.0,1.43,5.0,0.71
Griffes Sauvages,Wild Claw,3,7,0.43,43%,1.67,0.71,5,3,0.56,0.24,0.42,0.18
