,Nom Anglais,nb games valide,total games,ratio,%,pts moy,pts moy total,total point,cout,pts par cout moy,pts par cout total
Ascension Divine,Divine Ascent,1,1,1.0,100%,25.0,25.0,25,3,8.33,8.33
Armure d'Obsidienne,Obsidian Battle Plate,1,1,1.0,100%,20.0,20.0,20,2,10.0,10.0
Totem Équivalent,Equivalent Totem,1,1,1.0,100%,18.0,18.0,18,1,18.0,18.0
Économe Sagesse du Trésorier,Treasurer's Wisdom,1,1,1.0,100%,17.0,17.0,17,2,8.5,8.5
Faux,Scythe,1,1,1.0,100%,16.0,16.0,16,3,5.33,5.33
Faux Parfaite,Perfect Scythe,1,1,1.0,100%,15.0,15.0,15,0,Gratuit,Gratuit
Désintégrateur Magnétique,Magnetic Disintegrator,1,1,1.0,100%,11.0,11.0,11,0,Gratuit,Gratuit
Esprit de l'Écuyer,Spirit of the Squire,1,1,1.0,100%,6.0,6.0,6,3,2.0,2.0
Aveuglement,Incapacitor,1,1,1.0,100%,6.0,6.0,6,3,2.0,2.0
Totem du Gardien,Guardian Totem,1,1,1.0,100%,5.0,5.0,5,3,1.67,1.67
Lame Affutée,Sharp Blade,1,1,1.0,100%,3.0,3.0,3,3,1.0,1.0
Griffes Sauvages,Wild Claw,1,1,1.0,100%,1.0,1.0,1,3,0.33,0.33
