,Nom Anglais,nb games valide,total games,ratio,%,pts moy,pts moy total,total point,cout,pts par cout moy,pts par cout total,pts par cout moy+1,pts par cout total+1
Totem Équivalent,Equivalent Totem,17,17,1.0,100%,17.12,17.12,291,2,8.56,8.56,5.71,5.71
Faux,Scythe,17,17,1.0,100%,15.24,15.24,259,3,5.08,5.08,3.81,3.81
Armure d'Obsidienne,Obsidian Battle Plate,12,17,0.71,71%,20.0,14.12,240,2,10.0,7.06,6.67,4.71
Ascension Divine,Divine Ascent,9,17,0.53,53%,25.0,13.24,225,3,8.33,4.41,6.25,3.31
Économe Sagesse du Trésorier,Treasurer's Wisdom,10,17,0.59,59%,17.0,10.0,170,2,8.5,5.0,5.67,3.33
Faux Parfaite,Perfect Scythe,9,17,0.53,53%,15.0,7.94,135,0,Gratuit,Gratuit,15.0,7.94
Lame Affutée,Sharp Blade,12,17,0.71,71%,10.75,7.59,129,3,3.58,2.53,2.69,1.9
Faux Assoiffées,Thirsty Scythes,5,17,0.29,29%,25.0,7.35,125,3,8.33,2.45,6.25,1.84
Armure d'Immortel,Immortal Breastplate,8,17,0.47,47%,15.5,7.29,124,1,15.5,7.29,7.75,3.65
Esprit de l'Écuyer,Spirit of the Squire,15,17,0.88,88%,8.0,7.06,120,3,2.67,2.35,2.0,1.76
Épée Obscure,Swords of Darkness,6,17,0.35,35%,17.0,6.0,102,1,17.0,6.0,8.5,3.0
Assistance Divine,Sacred Help,5,17,0.29,29%,20.0,5.88,100,2,10.0,2.94,6.67,1.96
Explosion Arcanique,Arcane Explosive,8,17,0.47,47%,12.0,5.65,96,1,12.0,5.65,6.0,2.83
Sabre Versatile,Versatil Saber,8,17,0.47,47%,11.0,5.18,88,1,11.0,5.18,5.5,2.59
Aveuglement,Incapacitor,14,17,0.82,82%,6.21,5.12,87,3,2.07,1.71,1.55,1.28
Marteau Collecteur,Collecting Hammer,8,17,0.47,47%,10.0,4.71,80,2,5.0,2.35,3.33,1.57
Totem du Gardien,Guardian Totem,12,17,0.71,71%,5.33,3.76,64,3,1.78,1.25,1.33,0.94
Gantelet Impérieux,Imperious Gauntlet,2,17,0.12,12%,30.0,3.53,60,1,30.0,3.53,15.0,1.76
Elan de Fureur,Rampage Momentum,4,17,0.24,24%,15.0,3.53,60,2,7.5,1.76,5.0,1.18
Chasseur d'Âmes,Soul Hunter,3,17,0.18,18%,18.33,3.24,55,1,18.33,3.24,9.16,1.62
Enchaînement Éclair,Unstoppable Lightning,3,17,0.18,18%,18.0,3.18,54,1,18.0,3.18,9.0,1.59
Force Divine,Divine Impetu,4,17,0.24,24%,13.0,3.06,52,0,Gratuit,Gratuit,13.0,3.06
Lame Insatiable,Fast Furious Blade,3,17,0.18,18%,16.0,2.82,48,2,8.0,1.41,5.33,0.94
Hache Frénétique,Berseker Ax,3,17,0.18,18%,14.0,2.47,42,2,7.0,1.24,4.67,0.82
Le Marionnettiste,The Puppeteer,2,17,0.12,12%,20.0,2.35,40,2,10.0,1.18,6.67,0.78
Danse Macabre,Dance of Death,5,17,0.29,29%,8.0,2.35,40,1,8.0,2.35,4.0,1.18
Marteleur précis,Precise Hammer,2,17,0.12,12%,18.0,2.12,36,1,18.0,2.12,9.0,1.06
Coup de Mort,Death Helper,3,17,0.18,18%,12.0,2.12,36,1,12.0,2.12,6.0,1.06
Parchemin Secret,Secret Scroll,2,17,0.12,12%,18.0,2.12,36,2,9.0,1.06,6.0,0.71
Désintégrateur Magnétique,Magnetic Disintegrator,3,17,0.18,18%,11.0,1.94,33,0,Gratuit,Gratuit,11.0,1.94
Tombeau Rocheux,Rock Tomb,3,17,0.18,18%,10.0,1.76,30,1,10.0,1.76,5.0,0.88
Œil de Lynx,Hawk's Eye,3,17,0.18,18%,8.67,1.53,26,0,Gratuit,Gratuit,8.67,1.53
Bâton de Conquête,Conquering Staff,1,17,0.06,6%,24.0,1.41,24,2,12.0,0.7,8.0,0.47
Épé Sainte,Holy Sword,2,17,0.12,12%,10.0,1.18,20,0,Gratuit,Gratuit,10.0,1.18
Esprit omniprésent,Omnipresent Spirit,1,17,0.06,6%,18.0,1.06,18,2,9.0,0.53,6.0,0.35
Soif de Sang,Thirsty Dagger,1,17,0.06,6%,15.0,0.88,15,0,Gratuit,Gratuit,15.0,0.88
Masse Colossale,Colossal Mace,1,17,0.06,6%,11.0,0.65,11,0,Gratuit,Gratuit,11.0,0.65
Amulette Omnisciente,Omnipresent Amulet,1,17,0.06,6%,11.0,0.65,11,0,Gratuit,Gratuit,11.0,0.65
Griffes Sauvages,Wild Claw,6,17,0.35,35%,1.5,0.53,9,3,0.5,0.18,0.38,0.13
