,Nom Anglais,nb games valide,total games,ratio,%,pts moy,pts moy total,total point,cout,pts par cout moy,pts par cout total
Aveuglement,Incapacitor,67,68,0.99,99%,16.7,16.46,1119,3,5.57,5.49
Faux,Scythe,68,68,1.0,100%,14.1,14.1,959,3,4.7,4.7
Armure d'Obsidienne,Obsidian Battle Plate,39,68,0.57,57%,20.0,11.47,780,2,10.0,5.74
Lame Affutée,Sharp Blade,58,68,0.85,85%,12.05,10.28,699,3,4.02,3.43
Hache Frénétique,Berseker Ax,43,68,0.63,63%,14.0,8.85,602,2,7.0,4.42
Économe Sagesse du Trésorier,Treasurer's Wisdom,35,68,0.51,51%,17.0,8.75,595,2,8.5,4.38
Lame Insatiable,Fast Furious Blade,31,68,0.46,46%,16.0,7.29,496,2,8.0,3.65
Esprit de l'Écuyer,Spirit of the Squire,55,68,0.81,81%,8.02,6.49,441,3,2.67,2.16
Esprit Guerrier,Spirit of the Warrior,26,68,0.38,38%,16.0,6.12,416,1,16.0,6.12
Parchemin Secret,Secret Scroll,23,68,0.34,34%,18.0,6.09,414,2,9.0,3.04
Épée Obscure,Swords of Darkness,25,68,0.37,37%,15.0,5.51,375,1,15.0,5.51
Explosion Arcanique,Arcane Explosive,30,68,0.44,44%,12.0,5.29,360,1,12.0,5.29
Bâton de Conquête,Conquering Staff,15,68,0.22,22%,24.0,5.29,360,2,12.0,2.65
Marteleur précis,Precise Hammer,20,68,0.29,29%,18.0,5.29,360,1,18.0,5.29
Épées Jumelles,Twin Swords,25,68,0.37,37%,14.0,5.15,350,1,14.0,5.15
Faux Assoiffées,Thirsty Scythes,14,68,0.21,21%,25.0,5.15,350,3,8.33,1.72
Totem du Gardien,Guardian Totem,68,68,1.0,100%,5.1,5.1,347,3,1.7,1.7
Chasseresse d'Âmes,Huntress of Souls,17,68,0.25,25%,19.0,4.75,323,1,19.0,4.75
Tombeau Rocheux,Rock Tomb,29,68,0.43,43%,10.0,4.26,290,1,10.0,4.26
Griffes Démoniaques,Demon Claws,17,68,0.25,25%,17.0,4.25,289,1,17.0,4.25
Frappe Chirurgicale,Accurate Sword,18,68,0.26,26%,16.0,4.24,288,1,16.0,4.24
Elan de Fureur,Rampage Momentum,19,68,0.28,28%,15.0,4.19,285,2,7.5,2.1
Armure d'Immortel,Immortal Breastplate,20,68,0.29,29%,14.0,4.12,280,1,14.0,4.12
Sabre Versatile,Versatil Saber,25,68,0.37,37%,11.0,4.04,275,1,11.0,4.04
Enchaînement Éclair,Unstoppable Lightning,15,68,0.22,22%,18.0,3.97,270,1,18.0,3.97
Danse Macabre,Dance of Death,29,68,0.43,43%,8.0,3.41,232,1,8.0,3.41
Esquive Salvatrice,Evasive Protection,14,68,0.21,21%,15.0,3.09,210,0,Gratuit,Gratuit
Aura Légendaire,Legend Aura,5,68,0.07,7%,40.0,2.94,200,3,13.33,0.98
Glaive Vindicatif,Large Sword of Hate,10,68,0.15,15%,20.0,2.94,200,1,20.0,2.94
Le Croque-mort,The Undertaker,14,68,0.21,21%,14.0,2.88,196,1,14.0,2.88
Couronne du Roi Nain,Crown of the Dwarf King,15,68,0.22,22%,13.0,2.87,195,0,Gratuit,Gratuit
Désintégrateur Magnétique,Magnetic Disintegrator,17,68,0.25,25%,11.0,2.75,187,0,Gratuit,Gratuit
Griffes Sauvages,Wild Claw,57,68,0.84,84%,3.21,2.69,183,3,1.07,0.9
Assistance Divine,Sacred Help,9,68,0.13,13%,20.0,2.65,180,2,10.0,1.32
Masse Colossale,Colossal Mace,16,68,0.24,24%,11.0,2.59,176,0,Gratuit,Gratuit
Lance Doublée,Dual Spear,21,68,0.31,31%,8.0,2.47,168,0,Gratuit,Gratuit
Destruction Royale,Royal Destroyer,15,68,0.22,22%,11.0,2.43,165,0,Gratuit,Gratuit
Épé Sainte,Holy Sword,16,68,0.24,24%,10.0,2.35,160,0,Gratuit,Gratuit
Triple Météore,Trimeteor,5,68,0.07,7%,30.0,2.21,150,0,Gratuit,Gratuit
Esprit omniprésent,Omnipresent Spirit,8,68,0.12,12%,18.0,2.12,144,2,9.0,1.06
Le Traqueur,The Stalker,7,68,0.1,10%,18.0,1.85,126,3,6.0,0.62
Ascension Divine,Divine Ascent,5,68,0.07,7%,25.0,1.84,125,3,8.33,0.61
Coup de Mort,Death Helper,12,68,0.18,18%,10.0,1.76,120,1,10.0,1.76
Bâton Élémentaire,Earthly Staff,8,68,0.12,12%,15.0,1.76,120,0,Gratuit,Gratuit
Force Divine,Divine Impetu,10,68,0.15,15%,11.0,1.62,110,0,Gratuit,Gratuit
Décharge Élémentaire,Elemental Discharge,6,68,0.09,9%,18.0,1.59,108,1,18.0,1.59
Soif de Sang,Thirsty Dagger,7,68,0.1,10%,15.0,1.54,105,0,Gratuit,Gratuit
Œil de Lynx,Hawk's Eye,13,68,0.19,19%,8.0,1.53,104,0,Gratuit,Gratuit
Lance Triplée,Triple Spear,5,68,0.07,7%,20.0,1.47,100,0,Gratuit,Gratuit
Pillard Féroce,Savage Looter,5,68,0.07,7%,20.0,1.47,100,1,20.0,1.47
Instinct Sanguinaire,Bloody Instinct,6,68,0.09,9%,15.0,1.32,90,2,7.5,0.66
Chasseur d'Âmes,Soul Hunter,6,68,0.09,9%,15.0,1.32,90,1,15.0,1.32
Bâton du Conquérant,Staff of Conquered Worlds,8,68,0.12,12%,11.0,1.29,88,0,Gratuit,Gratuit
Masse de Siège,Siege Mace,5,68,0.07,7%,16.0,1.18,80,0,Gratuit,Gratuit
Vision Céleste,Heavenly Vision,2,68,0.03,3%,22.0,0.65,44,2,11.0,0.33
Le Marionnettiste,The Puppeteer,2,68,0.03,3%,20.0,0.59,40,2,10.0,0.29
Être de Lumière,Being of Light,2,68,0.03,3%,18.0,0.53,36,1,18.0,0.53
Amulette Omnisciente,Omnipresent Amulet,3,68,0.04,4%,11.0,0.49,33,0,Gratuit,Gratuit
Adrénaline Arcanique,Arcane Adrenaline,2,68,0.03,3%,16.0,0.47,32,1,16.0,0.47
Mental d'Acier,Steel Aura,1,68,0.01,1%,18.0,0.26,18,2,9.0,0.13
