,Nom Anglais,nb games valide,total games,ratio,%,pts moy,pts moy total,total point,cout,pts par cout moy,pts par cout total
Faux,Scythe,10,10,1.0,100%,17.0,17.0,170,3,5.67,5.67
Totem Équivalent,Equivalent Totem,10,10,1.0,100%,15.9,15.9,159,1,15.9,15.9
Faux Assoiffées,Thirsty Scythes,5,10,0.5,50%,25.0,12.5,125,3,8.33,4.17
Armure d'Obsidienne,Obsidian Battle Plate,6,10,0.6,60%,20.0,12.0,120,2,10.0,6.0
Économe Sagesse du Trésorier,Treasurer's Wisdom,7,10,0.7,70%,17.0,11.9,119,2,8.5,5.95
Lame Insatiable,Fast Furious Blade,7,10,0.7,70%,16.0,11.2,112,2,8.0,5.6
Faux Parfaite,Perfect Scythe,7,10,0.7,70%,15.0,10.5,105,0,Gratuit,Gratuit
Marteau Collecteur,Collecting Hammer,8,10,0.8,80%,12.75,10.2,102,2,6.38,5.1
Hache Frénétique,Berseker Ax,7,10,0.7,70%,14.0,9.8,98,2,7.0,4.9
Lame Affutée,Sharp Blade,10,10,1.0,100%,9.6,9.6,96,3,3.2,3.2
Aveuglement,Incapacitor,10,10,1.0,100%,9.3,9.3,93,3,3.1,3.1
Chasseresse d'Âmes,Huntress of Souls,4,10,0.4,40%,19.0,7.6,76,1,19.0,7.6
Esprit de l'Écuyer,Spirit of the Squire,9,10,0.9,90%,8.33,7.5,75,3,2.78,2.5
Explosion Arcanique,Arcane Explosive,6,10,0.6,60%,12.0,7.2,72,1,12.0,7.2
Parchemin Secret,Secret Scroll,4,10,0.4,40%,18.0,7.2,72,2,9.0,3.6
Armure d'Immortel,Immortal Breastplate,5,10,0.5,50%,14.0,7.0,70,1,14.0,7.0
Griffes Démoniaques,Demon Claws,4,10,0.4,40%,17.0,6.8,68,1,17.0,6.8
Épée Obscure,Swords of Darkness,4,10,0.4,40%,17.0,6.8,68,1,17.0,6.8
Gantelet Impérieux,Imperious Gauntlet,2,10,0.2,20%,30.0,6.0,60,1,30.0,6.0
Sabre Versatile,Versatil Saber,5,10,0.5,50%,11.0,5.5,55,1,11.0,5.5
Tombeau Rocheux,Rock Tomb,5,10,0.5,50%,10.0,5.0,50,1,10.0,5.0
Ascension Divine,Divine Ascent,2,10,0.2,20%,25.0,5.0,50,3,8.33,1.67
Esprit Guerrier,Spirit of the Warrior,3,10,0.3,30%,16.0,4.8,48,1,16.0,4.8
Elan de Fureur,Rampage Momentum,3,10,0.3,30%,15.0,4.5,45,2,7.5,2.25
Masse Colossale,Colossal Mace,4,10,0.4,40%,11.0,4.4,44,0,Gratuit,Gratuit
Totem du Gardien,Guardian Totem,10,10,1.0,100%,4.0,4.0,40,3,1.33,1.33
Marteleur précis,Precise Hammer,2,10,0.2,20%,18.0,3.6,36,1,18.0,3.6
Esprit omniprésent,Omnipresent Spirit,2,10,0.2,20%,18.0,3.6,36,2,9.0,1.8
Force Divine,Divine Impetu,3,10,0.3,30%,11.0,3.3,33,0,Gratuit,Gratuit
Coup de Mort,Death Helper,3,10,0.3,30%,10.0,3.0,30,1,10.0,3.0
Couronne du Roi Nain,Crown of the Dwarf King,2,10,0.2,20%,13.0,2.6,26,0,Gratuit,Gratuit
Bâton de Conquête,Conquering Staff,1,10,0.1,10%,24.0,2.4,24,2,12.0,1.2
Danse Macabre,Dance of Death,3,10,0.3,30%,8.0,2.4,24,1,8.0,2.4
Assistance Divine,Sacred Help,1,10,0.1,10%,20.0,2.0,20,2,10.0,1.0
Le Marionnettiste,The Puppeteer,1,10,0.1,10%,20.0,2.0,20,2,10.0,1.0
Pillard Féroce,Savage Looter,1,10,0.1,10%,20.0,2.0,20,1,20.0,2.0
Enchaînement Éclair,Unstoppable Lightning,1,10,0.1,10%,18.0,1.8,18,1,18.0,1.8
Décharge Élémentaire,Elemental Discharge,1,10,0.1,10%,18.0,1.8,18,1,18.0,1.8
Griffes Sauvages,Wild Claw,6,10,0.6,60%,2.83,1.7,17,3,0.94,0.57
Œil de Lynx,Hawk's Eye,2,10,0.2,20%,8.0,1.6,16,0,Gratuit,Gratuit
Masse de Siège,Siege Mace,1,10,0.1,10%,16.0,1.6,16,0,Gratuit,Gratuit
Désintégrateur Magnétique,Magnetic Disintegrator,1,10,0.1,10%,11.0,1.1,11,0,Gratuit,Gratuit
Amulette Omnisciente,Omnipresent Amulet,1,10,0.1,10%,11.0,1.1,11,0,Gratuit,Gratuit
