,Nom Anglais,nb games valide,total games,ratio,%,pts moy,pts moy total,total point,cout,pts par cout moy,pts par cout total
Faux,Scythe,178,178,1.0,100%,16.13,16.13,2871,3,5.38,5.38
Aveuglement,Incapacitor,177,178,0.99,99%,15.63,15.54,2766,3,5.21,5.18
Armure d'Obsidienne,Obsidian Battle Plate,108,178,0.61,61%,20.0,12.13,2160,2,10.0,6.07
Lame Affutée,Sharp Blade,158,178,0.89,89%,12.84,11.39,2028,3,4.28,3.8
Économe Sagesse du Trésorier,Treasurer's Wisdom,115,178,0.65,65%,17.0,10.98,1955,2,8.5,5.49
Lame Insatiable,Fast Furious Blade,109,178,0.61,61%,16.0,9.8,1744,2,8.0,4.9
Hache Frénétique,Berseker Ax,122,178,0.69,69%,14.0,9.6,1708,2,7.0,4.8
Faux Assoiffées,Thirsty Scythes,67,178,0.38,38%,25.0,9.41,1675,3,8.33,3.14
Parchemin Secret,Secret Scroll,73,178,0.41,41%,18.0,7.38,1314,2,9.0,3.69
Esprit de l'Écuyer,Spirit of the Squire,146,178,0.82,82%,8.28,6.79,1209,3,2.76,2.26
Esprit Guerrier,Spirit of the Warrior,72,178,0.4,40%,16.0,6.47,1152,1,16.0,6.47
Chasseresse d'Âmes,Huntress of Souls,56,178,0.31,31%,19.0,5.98,1064,1,19.0,5.98
Explosion Arcanique,Arcane Explosive,87,178,0.49,49%,12.0,5.87,1044,1,12.0,5.87
Épée Obscure,Swords of Darkness,69,178,0.39,39%,15.0,5.81,1035,1,15.0,5.81
Épées Jumelles,Twin Swords,69,178,0.39,39%,14.93,5.79,1030,1,14.93,5.79
Frappe Chirurgicale,Accurate Sword,64,178,0.36,36%,16.0,5.75,1024,1,16.0,5.75
Tombeau Rocheux,Rock Tomb,97,178,0.54,54%,10.0,5.45,970,1,10.0,5.45
Griffes Démoniaques,Demon Claws,57,178,0.32,32%,17.0,5.44,969,1,17.0,5.44
Marteleur précis,Precise Hammer,51,178,0.29,29%,18.0,5.16,918,1,18.0,5.16
Bâton de Conquête,Conquering Staff,38,178,0.21,21%,24.0,5.12,912,2,12.0,2.56
Elan de Fureur,Rampage Momentum,58,178,0.33,33%,15.0,4.89,870,2,7.5,2.44
Totem du Gardien,Guardian Totem,178,178,1.0,100%,4.69,4.69,834,3,1.56,1.56
Sabre Versatile,Versatil Saber,75,178,0.42,42%,11.0,4.63,825,1,11.0,4.63
Glaive Vindicatif,Large Sword of Hate,39,178,0.22,22%,20.0,4.38,780,1,20.0,4.38
Enchaînement Éclair,Unstoppable Lightning,43,178,0.24,24%,18.0,4.35,774,1,18.0,4.35
Aura Légendaire,Legend Aura,19,178,0.11,11%,40.0,4.27,760,3,13.33,1.42
Armure d'Immortel,Immortal Breastplate,51,178,0.29,29%,14.0,4.01,714,1,14.0,4.01
Ascension Divine,Divine Ascent,27,178,0.15,15%,25.0,3.79,675,3,8.33,1.26
Le Croque-mort,The Undertaker,47,178,0.26,26%,14.0,3.7,658,1,14.0,3.7
Danse Macabre,Dance of Death,81,178,0.46,46%,8.0,3.64,648,1,8.0,3.64
Couronne du Roi Nain,Crown of the Dwarf King,49,178,0.28,28%,13.0,3.58,637,0,Gratuit,Gratuit
Triple Météore,Trimeteor,20,178,0.11,11%,30.0,3.37,600,0,Gratuit,Gratuit
Griffes Sauvages,Wild Claw,163,178,0.92,92%,3.53,3.24,576,3,1.18,1.08
Désintégrateur Magnétique,Magnetic Disintegrator,49,178,0.28,28%,11.0,3.03,539,0,Gratuit,Gratuit
Esquive Salvatrice,Evasive Protection,34,178,0.19,19%,15.0,2.87,510,0,Gratuit,Gratuit
Destruction Royale,Royal Destroyer,45,178,0.25,25%,11.0,2.78,495,0,Gratuit,Gratuit
Épé Sainte,Holy Sword,47,178,0.26,26%,10.0,2.64,470,0,Gratuit,Gratuit
Masse Colossale,Colossal Mace,42,178,0.24,24%,11.0,2.6,462,0,Gratuit,Gratuit
Décharge Élémentaire,Elemental Discharge,25,178,0.14,14%,18.0,2.53,450,1,18.0,2.53
Lance Doublée,Dual Spear,55,178,0.31,31%,8.0,2.47,440,0,Gratuit,Gratuit
Lance Triplée,Triple Spear,20,178,0.11,11%,21.0,2.36,420,0,Gratuit,Gratuit
Esprit omniprésent,Omnipresent Spirit,23,178,0.13,13%,18.0,2.33,414,2,9.0,1.17
Coup de Mort,Death Helper,36,178,0.2,20%,10.0,2.02,360,1,10.0,2.02
Œil de Lynx,Hawk's Eye,40,178,0.22,22%,8.0,1.8,320,0,Gratuit,Gratuit
Force Divine,Divine Impetu,27,178,0.15,15%,11.0,1.67,297,0,Gratuit,Gratuit
Bâton Élémentaire,Earthly Staff,19,178,0.11,11%,15.0,1.6,285,0,Gratuit,Gratuit
Assistance Divine,Sacred Help,14,178,0.08,8%,20.0,1.57,280,2,10.0,0.79
Masse de Siège,Siege Mace,17,178,0.1,10%,16.0,1.53,272,0,Gratuit,Gratuit
Soif de Sang,Thirsty Dagger,16,178,0.09,9%,15.0,1.35,240,0,Gratuit,Gratuit
Instinct Sanguinaire,Bloody Instinct,15,178,0.08,8%,15.0,1.26,225,2,7.5,0.63
Pillard Féroce,Savage Looter,9,178,0.05,5%,20.0,1.01,180,1,20.0,1.01
Bâton du Conquérant,Staff of Conquered Worlds,16,178,0.09,9%,11.0,0.99,176,0,Gratuit,Gratuit
Chasseur d'Âmes,Soul Hunter,11,178,0.06,6%,15.0,0.93,165,1,15.0,0.93
Le Traqueur,The Stalker,9,178,0.05,5%,18.0,0.91,162,3,6.0,0.3
Astéroïde Fatal,Final Asteroid,1,178,0.01,1%,100.0,0.56,100,0,Gratuit,Gratuit
Le Marionnettiste,The Puppeteer,4,178,0.02,2%,20.0,0.45,80,2,10.0,0.23
Pluie de Météorites,Meteorites,1,178,0.01,1%,70.0,0.39,70,0,Gratuit,Gratuit
Vision Céleste,Heavenly Vision,3,178,0.02,2%,22.0,0.37,66,2,11.0,0.18
Adrénaline Arcanique,Arcane Adrenaline,3,178,0.02,2%,16.0,0.27,48,1,16.0,0.27
Amulette Omnisciente,Omnipresent Amulet,4,178,0.02,2%,11.0,0.25,44,0,Gratuit,Gratuit
Être de Lumière,Being of Light,2,178,0.01,1%,18.0,0.2,36,1,18.0,0.2
Mental d'Acier,Steel Aura,1,178,0.01,1%,18.0,0.1,18,2,9.0,0.05
