,Nom Anglais,nb games valide,total games,ratio,%,pts moy,pts moy total,total point,cout,pts par cout moy,pts par cout total
Aveuglement,Incapacitor,10,10,1.0,100%,12.9,12.9,129,3,4.3,4.3
Faux,Scythe,10,10,1.0,100%,12.7,12.7,127,3,4.23,4.23
Hache Frénétique,Berseker Ax,9,10,0.9,90%,14.0,12.6,126,2,7.0,6.3
Esprit Guerrier,Spirit of the Warrior,6,10,0.6,60%,16.0,9.6,96,1,16.0,9.6
Lame Insatiable,Fast Furious Blade,5,10,0.5,50%,16.0,8.0,80,2,8.0,4.0
Économe Sagesse du Trésorier,Treasurer's Wisdom,4,10,0.4,40%,17.0,6.8,68,2,8.5,3.4
Totem du Gardien,Guardian Totem,10,10,1.0,100%,6.6,6.6,66,3,2.2,2.2
Lame Affutée,Sharp Blade,9,10,0.9,90%,7.0,6.3,63,3,2.33,2.1
Glaive Vindicatif,Large Sword of Hate,3,10,0.3,30%,20.0,6.0,60,1,20.0,6.0
Armure d'Obsidienne,Obsidian Battle Plate,3,10,0.3,30%,20.0,6.0,60,2,10.0,3.0
Chasseresse d'Âmes,Huntress of Souls,3,10,0.3,30%,19.0,5.7,57,1,19.0,5.7
Esprit de l'Écuyer,Spirit of the Squire,8,10,0.8,80%,6.75,5.4,54,3,2.25,1.8
Griffes Démoniaques,Demon Claws,3,10,0.3,30%,17.0,5.1,51,1,17.0,5.1
Tombeau Rocheux,Rock Tomb,5,10,0.5,50%,10.0,5.0,50,1,10.0,5.0
Frappe Chirurgicale,Accurate Sword,3,10,0.3,30%,16.0,4.8,48,1,16.0,4.8
Explosion Arcanique,Arcane Explosive,4,10,0.4,40%,12.0,4.8,48,1,12.0,4.8
Désintégrateur Magnétique,Magnetic Disintegrator,4,10,0.4,40%,11.0,4.4,44,0,Gratuit,Gratuit
Destruction Royale,Royal Destroyer,4,10,0.4,40%,11.0,4.4,44,0,Gratuit,Gratuit
Assistance Divine,Sacred Help,2,10,0.2,20%,20.0,4.0,40,2,10.0,2.0
Le Traqueur,The Stalker,2,10,0.2,20%,18.0,3.6,36,3,6.0,1.2
Marteleur précis,Precise Hammer,2,10,0.2,20%,18.0,3.6,36,1,18.0,3.6
Soif de Sang,Thirsty Dagger,2,10,0.2,20%,15.0,3.0,30,0,Gratuit,Gratuit
Couronne du Roi Nain,Crown of the Dwarf King,2,10,0.2,20%,13.0,2.6,26,0,Gratuit,Gratuit
Faux Assoiffées,Thirsty Scythes,1,10,0.1,10%,25.0,2.5,25,3,8.33,0.83
Œil de Lynx,Hawk's Eye,3,10,0.3,30%,8.0,2.4,24,0,Gratuit,Gratuit
Sabre Versatile,Versatil Saber,2,10,0.2,20%,11.0,2.2,22,1,11.0,2.2
Griffes Sauvages,Wild Claw,8,10,0.8,80%,2.62,2.1,21,3,0.87,0.7
Pillard Féroce,Savage Looter,1,10,0.1,10%,20.0,2.0,20,1,20.0,2.0
Parchemin Secret,Secret Scroll,1,10,0.1,10%,18.0,1.8,18,2,9.0,0.9
Esprit omniprésent,Omnipresent Spirit,1,10,0.1,10%,18.0,1.8,18,2,9.0,0.9
Épée Obscure,Swords of Darkness,1,10,0.1,10%,15.0,1.5,15,1,15.0,1.5
Armure d'Immortel,Immortal Breastplate,1,10,0.1,10%,14.0,1.4,14,1,14.0,1.4
Force Divine,Divine Impetu,1,10,0.1,10%,11.0,1.1,11,0,Gratuit,Gratuit
Masse Colossale,Colossal Mace,1,10,0.1,10%,11.0,1.1,11,0,Gratuit,Gratuit
Épées Jumelles,Twin Swords,1,10,0.1,10%,10.0,1.0,10,1,10.0,1.0
Coup de Mort,Death Helper,1,10,0.1,10%,10.0,1.0,10,1,10.0,1.0
Lance Doublée,Dual Spear,1,10,0.1,10%,8.0,0.8,8,0,Gratuit,Gratuit
Danse Macabre,Dance of Death,1,10,0.1,10%,8.0,0.8,8,1,8.0,0.8
