,Nom Anglais,nb games valide,total games,ratio,%,pts moy,pts moy total,total point,cout,pts par cout moy,pts par cout total,pts par cout moy+1,pts par cout total+1
Totem Équivalent,Equivalent Totem,9,9,1.0,100%,14.56,14.56,131,2,7.28,7.28,4.85,4.85
Faux,Scythe,9,9,1.0,100%,14.33,14.33,129,3,4.78,4.78,3.58,3.58
Armure d'Obsidienne,Obsidian Battle Plate,6,9,0.67,67%,20.0,13.33,120,2,10.0,6.67,6.67,4.44
Hache Frénétique,Berseker Ax,8,9,0.89,89%,14.0,12.44,112,2,7.0,6.22,4.67,4.15
Lame Insatiable,Fast Furious Blade,6,9,0.67,67%,16.0,10.67,96,2,8.0,5.33,5.33,3.56
Esprit Guerrier,Spirit of the Warrior,6,9,0.67,67%,16.0,10.67,96,1,16.0,10.67,8.0,5.33
Marteau Collecteur,Collecting Hammer,6,9,0.67,67%,14.0,9.33,84,2,7.0,4.67,4.67,3.11
Lame Affutée,Sharp Blade,7,9,0.78,78%,11.57,9.0,81,3,3.86,3.0,2.89,2.25
Économe Sagesse du Trésorier,Treasurer's Wisdom,4,9,0.44,44%,17.0,7.56,68,2,8.5,3.78,5.67,2.52
Esprit de l'Écuyer,Spirit of the Squire,9,9,1.0,100%,7.33,7.33,66,3,2.44,2.44,1.83,1.83
Tombeau Rocheux,Rock Tomb,6,9,0.67,67%,10.0,6.67,60,1,10.0,6.67,5.0,3.33
Chasseresse d'Âmes,Huntress of Souls,3,9,0.33,33%,19.0,6.33,57,1,19.0,6.33,9.5,3.17
Armure d'Immortel,Immortal Breastplate,4,9,0.44,44%,14.0,6.22,56,1,14.0,6.22,7.0,3.11
Épée Obscure,Swords of Darkness,3,9,0.33,33%,17.0,5.67,51,1,17.0,5.67,8.5,2.83
Griffes Démoniaques,Demon Claws,3,9,0.33,33%,17.0,5.67,51,1,17.0,5.67,8.5,2.83
Aveuglement,Incapacitor,9,9,1.0,100%,5.67,5.67,51,3,1.89,1.89,1.42,1.42
Explosion Arcanique,Arcane Explosive,4,9,0.44,44%,12.0,5.33,48,1,12.0,5.33,6.0,2.67
Faux Parfaite,Perfect Scythe,3,9,0.33,33%,15.0,5.0,45,0,Gratuit,Gratuit,15.0,5.0
Sabre Versatile,Versatil Saber,4,9,0.44,44%,11.0,4.89,44,1,11.0,4.89,5.5,2.44
Marteleur précis,Precise Hammer,2,9,0.22,22%,18.0,4.0,36,1,18.0,4.0,9.0,2.0
Totem du Gardien,Guardian Totem,9,9,1.0,100%,3.67,3.67,33,3,1.22,1.22,0.92,0.92
Elan de Fureur,Rampage Momentum,2,9,0.22,22%,15.0,3.33,30,2,7.5,1.67,5.0,1.11
Gantelet Impérieux,Imperious Gauntlet,1,9,0.11,11%,30.0,3.33,30,1,30.0,3.33,15.0,1.67
Couronne du Roi Nain,Crown of the Dwarf King,2,9,0.22,22%,13.0,2.89,26,0,Gratuit,Gratuit,13.0,2.89
Faux Assoiffées,Thirsty Scythes,1,9,0.11,11%,25.0,2.78,25,3,8.33,0.93,6.25,0.69
Danse Macabre,Dance of Death,3,9,0.33,33%,8.0,2.67,24,1,8.0,2.67,4.0,1.33
Désintégrateur Magnétique,Magnetic Disintegrator,2,9,0.22,22%,11.0,2.44,22,0,Gratuit,Gratuit,11.0,2.44
Coup de Mort,Death Helper,2,9,0.22,22%,10.0,2.22,20,1,10.0,2.22,5.0,1.11
Décharge Élémentaire,Elemental Discharge,1,9,0.11,11%,18.0,2.0,18,1,18.0,2.0,9.0,1.0
Enchaînement Éclair,Unstoppable Lightning,1,9,0.11,11%,18.0,2.0,18,1,18.0,2.0,9.0,1.0
Masse de Siège,Siege Mace,1,9,0.11,11%,16.0,1.78,16,0,Gratuit,Gratuit,16.0,1.78
Griffes Sauvages,Wild Claw,6,9,0.67,67%,2.0,1.33,12,3,0.67,0.44,0.5,0.33
Bâton du Conquérant,Staff of Conquered Worlds,1,9,0.11,11%,11.0,1.22,11,0,Gratuit,Gratuit,11.0,1.22
Masse Colossale,Colossal Mace,1,9,0.11,11%,11.0,1.22,11,0,Gratuit,Gratuit,11.0,1.22
Force Divine,Divine Impetu,1,9,0.11,11%,11.0,1.22,11,0,Gratuit,Gratuit,11.0,1.22
Épé Sainte,Holy Sword,1,9,0.11,11%,10.0,1.11,10,0,Gratuit,Gratuit,10.0,1.11
