,Nom Anglais,nb games valide,total games,ratio,%,pts moy,pts moy total,total point,cout,pts par cout moy,pts par cout total
Armure d'Obsidienne,Obsidian Battle Plate,2,2,1.0,100%,20.0,20.0,40,2,10.0,10.0
Totem Équivalent,Equivalent Totem,2,2,1.0,100%,14.5,14.5,29,1,14.5,14.5
Hache Frénétique,Berseker Ax,2,2,1.0,100%,14.0,14.0,28,2,7.0,7.0
Armure d'Immortel,Immortal Breastplate,2,2,1.0,100%,14.0,14.0,28,1,14.0,14.0
Faux,Scythe,2,2,1.0,100%,13.5,13.5,27,3,4.5,4.5
Lame Affutée,Sharp Blade,2,2,1.0,100%,12.0,12.0,24,3,4.0,4.0
Esprit de l'Écuyer,Spirit of the Squire,2,2,1.0,100%,10.5,10.5,21,3,3.5,3.5
Chasseresse d'Âmes,Huntress of Souls,1,2,0.5,50%,19.0,9.5,19,1,19.0,9.5
Enchaînement Éclair,Unstoppable Lightning,1,2,0.5,50%,18.0,9.0,18,1,18.0,9.0
Griffes Démoniaques,Demon Claws,1,2,0.5,50%,17.0,8.5,17,1,17.0,8.5
Épée Obscure,Swords of Darkness,1,2,0.5,50%,17.0,8.5,17,1,17.0,8.5
Lame Insatiable,Fast Furious Blade,1,2,0.5,50%,16.0,8.0,16,2,8.0,4.0
Esprit Guerrier,Spirit of the Warrior,1,2,0.5,50%,16.0,8.0,16,1,16.0,8.0
Faux Parfaite,Perfect Scythe,1,2,0.5,50%,15.0,7.5,15,0,Gratuit,Gratuit
Elan de Fureur,Rampage Momentum,1,2,0.5,50%,15.0,7.5,15,2,7.5,3.75
Explosion Arcanique,Arcane Explosive,1,2,0.5,50%,12.0,6.0,12,1,12.0,6.0
Sabre Versatile,Versatil Saber,1,2,0.5,50%,11.0,5.5,11,1,11.0,5.5
Totem du Gardien,Guardian Totem,2,2,1.0,100%,5.0,5.0,10,3,1.67,1.67
Tombeau Rocheux,Rock Tomb,1,2,0.5,50%,10.0,5.0,10,1,10.0,5.0
Coup de Mort,Death Helper,1,2,0.5,50%,10.0,5.0,10,1,10.0,5.0
Danse Macabre,Dance of Death,1,2,0.5,50%,8.0,4.0,8,1,8.0,4.0
Aveuglement,Incapacitor,2,2,1.0,100%,3.0,3.0,6,3,1.0,1.0
Marteau Collecteur,Collecting Hammer,1,2,0.5,50%,6.0,3.0,6,2,3.0,1.5
Griffes Sauvages,Wild Claw,2,2,1.0,100%,1.5,1.5,3,3,0.5,0.5
