,Nom Anglais,nb games valide,total games,ratio,%,pts moy,pts moy total,total point,cout,pts par cout moy,pts par cout total
Aveuglement,Incapacitor,17,17,1.0,100%,17.47,17.47,297,3,5.82,5.82
Faux,Scythe,17,17,1.0,100%,13.41,13.41,228,3,4.47,4.47
Hache Frénétique,Berseker Ax,15,17,0.88,88%,14.0,12.35,210,2,7.0,6.17
Lame Affutée,Sharp Blade,16,17,0.94,94%,10.12,9.53,162,3,3.37,3.18
Armure d'Obsidienne,Obsidian Battle Plate,8,17,0.47,47%,20.0,9.41,160,2,10.0,4.71
Économe Sagesse du Trésorier,Treasurer's Wisdom,9,17,0.53,53%,17.0,9.0,153,2,8.5,4.5
Esprit Guerrier,Spirit of the Warrior,9,17,0.53,53%,16.0,8.47,144,1,16.0,8.47
Lame Insatiable,Fast Furious Blade,9,17,0.53,53%,16.0,8.47,144,2,8.0,4.24
Esprit de l'Écuyer,Spirit of the Squire,15,17,0.88,88%,9.0,7.94,135,3,3.0,2.65
Tombeau Rocheux,Rock Tomb,12,17,0.71,71%,10.0,7.06,120,1,10.0,7.06
Totem du Gardien,Guardian Totem,17,17,1.0,100%,6.94,6.94,118,3,2.31,2.31
Chasseresse d'Âmes,Huntress of Souls,6,17,0.35,35%,19.0,6.71,114,1,19.0,6.71
Explosion Arcanique,Arcane Explosive,9,17,0.53,53%,12.0,6.35,108,1,12.0,6.35
Griffes Démoniaques,Demon Claws,6,17,0.35,35%,17.0,6.0,102,1,17.0,6.0
Faux Assoiffées,Thirsty Scythes,4,17,0.24,24%,25.0,5.88,100,3,8.33,1.96
Glaive Vindicatif,Large Sword of Hate,5,17,0.29,29%,20.0,5.88,100,1,20.0,5.88
Bâton de Conquête,Conquering Staff,4,17,0.24,24%,24.0,5.65,96,2,12.0,2.83
Parchemin Secret,Secret Scroll,5,17,0.29,29%,18.0,5.29,90,2,9.0,2.65
Aura Légendaire,Legend Aura,2,17,0.12,12%,40.0,4.71,80,3,13.33,1.57
Frappe Chirurgicale,Accurate Sword,5,17,0.29,29%,16.0,4.71,80,1,16.0,4.71
Assistance Divine,Sacred Help,4,17,0.24,24%,20.0,4.71,80,2,10.0,2.35
Sabre Versatile,Versatil Saber,7,17,0.41,41%,11.0,4.53,77,1,11.0,4.53
Marteleur précis,Precise Hammer,4,17,0.24,24%,18.0,4.24,72,1,18.0,4.24
Le Traqueur,The Stalker,4,17,0.24,24%,18.0,4.24,72,3,6.0,1.41
Désintégrateur Magnétique,Magnetic Disintegrator,6,17,0.35,35%,11.0,3.88,66,0,Gratuit,Gratuit
Destruction Royale,Royal Destroyer,6,17,0.35,35%,11.0,3.88,66,0,Gratuit,Gratuit
Œil de Lynx,Hawk's Eye,8,17,0.47,47%,8.0,3.76,64,0,Gratuit,Gratuit
Épée Obscure,Swords of Darkness,4,17,0.24,24%,15.0,3.53,60,1,15.0,3.53
Armure d'Immortel,Immortal Breastplate,4,17,0.24,24%,14.0,3.29,56,1,14.0,3.29
Enchaînement Éclair,Unstoppable Lightning,3,17,0.18,18%,18.0,3.18,54,1,18.0,3.18
Couronne du Roi Nain,Crown of the Dwarf King,4,17,0.24,24%,13.0,3.06,52,0,Gratuit,Gratuit
Coup de Mort,Death Helper,5,17,0.29,29%,10.0,2.94,50,1,10.0,2.94
Ascension Divine,Divine Ascent,2,17,0.12,12%,25.0,2.94,50,3,8.33,0.98
Épées Jumelles,Twin Swords,4,17,0.24,24%,12.5,2.94,50,1,12.5,2.94
Esquive Salvatrice,Evasive Protection,3,17,0.18,18%,15.0,2.65,45,0,Gratuit,Gratuit
Elan de Fureur,Rampage Momentum,3,17,0.18,18%,15.0,2.65,45,2,7.5,1.32
Griffes Sauvages,Wild Claw,15,17,0.88,88%,3.0,2.65,45,3,1.0,0.88
Le Croque-mort,The Undertaker,3,17,0.18,18%,14.0,2.47,42,1,14.0,2.47
Danse Macabre,Dance of Death,5,17,0.29,29%,8.0,2.35,40,1,8.0,2.35
Masse Colossale,Colossal Mace,3,17,0.18,18%,11.0,1.94,33,0,Gratuit,Gratuit
Masse de Siège,Siege Mace,2,17,0.12,12%,16.0,1.88,32,0,Gratuit,Gratuit
Épé Sainte,Holy Sword,3,17,0.18,18%,10.0,1.76,30,0,Gratuit,Gratuit
Soif de Sang,Thirsty Dagger,2,17,0.12,12%,15.0,1.76,30,0,Gratuit,Gratuit
Triple Météore,Trimeteor,1,17,0.06,6%,30.0,1.76,30,0,Gratuit,Gratuit
Lance Doublée,Dual Spear,3,17,0.18,18%,8.0,1.41,24,0,Gratuit,Gratuit
Bâton du Conquérant,Staff of Conquered Worlds,2,17,0.12,12%,11.0,1.29,22,0,Gratuit,Gratuit
Vision Céleste,Heavenly Vision,1,17,0.06,6%,22.0,1.29,22,2,11.0,0.65
Pillard Féroce,Savage Looter,1,17,0.06,6%,20.0,1.18,20,1,20.0,1.18
Le Marionnettiste,The Puppeteer,1,17,0.06,6%,20.0,1.18,20,2,10.0,0.59
Lance Triplée,Triple Spear,1,17,0.06,6%,20.0,1.18,20,0,Gratuit,Gratuit
Esprit omniprésent,Omnipresent Spirit,1,17,0.06,6%,18.0,1.06,18,2,9.0,0.53
Chasseur d'Âmes,Soul Hunter,1,17,0.06,6%,15.0,0.88,15,1,15.0,0.88
Bâton Élémentaire,Earthly Staff,1,17,0.06,6%,15.0,0.88,15,0,Gratuit,Gratuit
Force Divine,Divine Impetu,1,17,0.06,6%,11.0,0.65,11,0,Gratuit,Gratuit
