,Nom Anglais,nb games valide,total games,ratio,%,pts moy,pts moy total,total point,cout,pts par cout moy,pts par cout total,pts par cout moy+1,pts par cout total+1
Faux,Scythe,8,8,1.0,100%,18.88,18.88,151,3,6.29,6.29,4.72,4.72
Totem Équivalent,Equivalent Totem,8,8,1.0,100%,16.0,16.0,128,2,8.0,8.0,5.33,5.33
Faux Assoiffées,Thirsty Scythes,5,8,0.62,62%,25.0,15.62,125,3,8.33,5.21,6.25,3.9
Armure d'Obsidienne,Obsidian Battle Plate,5,8,0.62,62%,20.0,12.5,100,2,10.0,6.25,6.67,4.17
Lame Insatiable,Fast Furious Blade,6,8,0.75,75%,16.0,12.0,96,2,8.0,6.0,5.33,4.0
Aveuglement,Incapacitor,8,8,1.0,100%,10.88,10.88,87,3,3.63,3.63,2.72,2.72
Économe Sagesse du Trésorier,Treasurer's Wisdom,5,8,0.62,62%,17.0,10.62,85,2,8.5,5.31,5.67,3.54
Marteau Collecteur,Collecting Hammer,5,8,0.62,62%,16.8,10.5,84,2,8.4,5.25,5.6,3.5
Chasseresse d'Âmes,Huntress of Souls,4,8,0.5,50%,19.0,9.5,76,1,19.0,9.5,9.5,4.75
Ascension Divine,Divine Ascent,3,8,0.38,38%,25.0,9.38,75,3,8.33,3.13,6.25,2.35
Hache Frénétique,Berseker Ax,5,8,0.62,62%,14.0,8.75,70,2,7.0,4.38,4.67,2.92
Griffes Démoniaques,Demon Claws,4,8,0.5,50%,17.0,8.5,68,1,17.0,8.5,8.5,4.25
Faux Parfaite,Perfect Scythe,4,8,0.5,50%,15.0,7.5,60,0,Gratuit,Gratuit,15.0,7.5
Épée Obscure,Swords of Darkness,3,8,0.38,38%,17.0,6.38,51,1,17.0,6.38,8.5,3.19
Lame Affutée,Sharp Blade,5,8,0.62,62%,9.6,6.0,48,3,3.2,2.0,2.4,1.5
Esprit Guerrier,Spirit of the Warrior,3,8,0.38,38%,16.0,6.0,48,1,16.0,6.0,8.0,3.0
Bâton de Conquête,Conquering Staff,2,8,0.25,25%,24.0,6.0,48,2,12.0,3.0,8.0,2.0
Armure d'Immortel,Immortal Breastplate,3,8,0.38,38%,14.0,5.25,42,1,14.0,5.25,7.0,2.62
Esprit de l'Écuyer,Spirit of the Squire,5,8,0.62,62%,7.8,4.88,39,3,2.6,1.63,1.95,1.22
Totem du Gardien,Guardian Totem,8,8,1.0,100%,4.62,4.62,37,3,1.54,1.54,1.16,1.16
Explosion Arcanique,Arcane Explosive,3,8,0.38,38%,12.0,4.5,36,1,12.0,4.5,6.0,2.25
Marteleur précis,Precise Hammer,2,8,0.25,25%,18.0,4.5,36,1,18.0,4.5,9.0,2.25
Parchemin Secret,Secret Scroll,2,8,0.25,25%,18.0,4.5,36,2,9.0,2.25,6.0,1.5
Tombeau Rocheux,Rock Tomb,3,8,0.38,38%,10.0,3.75,30,1,10.0,3.75,5.0,1.88
Gantelet Impérieux,Imperious Gauntlet,1,8,0.12,12%,30.0,3.75,30,1,30.0,3.75,15.0,1.88
Couronne du Roi Nain,Crown of the Dwarf King,2,8,0.25,25%,13.0,3.25,26,0,Gratuit,Gratuit,13.0,3.25
Masse Colossale,Colossal Mace,2,8,0.25,25%,11.0,2.75,22,0,Gratuit,Gratuit,11.0,2.75
Sabre Versatile,Versatil Saber,2,8,0.25,25%,11.0,2.75,22,1,11.0,2.75,5.5,1.38
Coup de Mort,Death Helper,2,8,0.25,25%,10.0,2.5,20,1,10.0,2.5,5.0,1.25
Pillard Féroce,Savage Looter,1,8,0.12,12%,20.0,2.5,20,1,20.0,2.5,10.0,1.25
Décharge Élémentaire,Elemental Discharge,1,8,0.12,12%,18.0,2.25,18,1,18.0,2.25,9.0,1.12
Griffes Sauvages,Wild Claw,5,8,0.62,62%,3.4,2.12,17,3,1.13,0.71,0.85,0.53
Œil de Lynx,Hawk's Eye,2,8,0.25,25%,8.0,2.0,16,0,Gratuit,Gratuit,8.0,2.0
Elan de Fureur,Rampage Momentum,1,8,0.12,12%,15.0,1.88,15,2,7.5,0.94,5.0,0.63
Force Divine,Divine Impetu,1,8,0.12,12%,11.0,1.38,11,0,Gratuit,Gratuit,11.0,1.38
Bâton du Conquérant,Staff of Conquered Worlds,1,8,0.12,12%,11.0,1.38,11,0,Gratuit,Gratuit,11.0,1.38
Danse Macabre,Dance of Death,1,8,0.12,12%,8.0,1.0,8,1,8.0,1.0,4.0,0.5
