,Nom Anglais,nb games valide,total games,ratio,%,pts moy,pts moy total,total point,cout,pts par cout moy,pts par cout total,pts par cout moy+1,pts par cout total+1
Faux,Scythe,7,7,1.0,100%,20.0,20.0,140,3,6.67,6.67,5.0,5.0
Faux Assoiffées,Thirsty Scythes,5,7,0.71,71%,25.0,17.86,125,3,8.33,5.95,6.25,4.46
Totem Équivalent,Equivalent Totem,7,7,1.0,100%,16.43,16.43,115,2,8.21,8.21,5.48,5.48
Armure d'Obsidienne,Obsidian Battle Plate,5,7,0.71,71%,20.0,14.29,100,2,10.0,7.14,6.67,4.76
Lame Insatiable,Fast Furious Blade,6,7,0.86,86%,16.0,13.71,96,2,8.0,6.86,5.33,4.57
Économe Sagesse du Trésorier,Treasurer's Wisdom,5,7,0.71,71%,17.0,12.14,85,2,8.5,6.07,5.67,4.05
Marteau Collecteur,Collecting Hammer,5,7,0.71,71%,16.8,12.0,84,2,8.4,6.0,5.6,4.0
Aveuglement,Incapacitor,7,7,1.0,100%,11.57,11.57,81,3,3.86,3.86,2.89,2.89
Chasseresse d'Âmes,Huntress of Souls,4,7,0.57,57%,19.0,10.86,76,1,19.0,10.86,9.5,5.43
Ascension Divine,Divine Ascent,3,7,0.43,43%,25.0,10.71,75,3,8.33,3.57,6.25,2.68
Hache Frénétique,Berseker Ax,5,7,0.71,71%,14.0,10.0,70,2,7.0,5.0,4.67,3.33
Griffes Démoniaques,Demon Claws,4,7,0.57,57%,17.0,9.71,68,1,17.0,9.71,8.5,4.86
Faux Parfaite,Perfect Scythe,4,7,0.57,57%,15.0,8.57,60,0,Gratuit,Gratuit,15.0,8.57
Épée Obscure,Swords of Darkness,3,7,0.43,43%,17.0,7.29,51,1,17.0,7.29,8.5,3.65
Bâton de Conquête,Conquering Staff,2,7,0.29,29%,24.0,6.86,48,2,12.0,3.43,8.0,2.29
Lame Affutée,Sharp Blade,5,7,0.71,71%,9.6,6.86,48,3,3.2,2.29,2.4,1.72
Esprit Guerrier,Spirit of the Warrior,3,7,0.43,43%,16.0,6.86,48,1,16.0,6.86,8.0,3.43
Armure d'Immortel,Immortal Breastplate,3,7,0.43,43%,14.0,6.0,42,1,14.0,6.0,7.0,3.0
Esprit de l'Écuyer,Spirit of the Squire,5,7,0.71,71%,7.8,5.57,39,3,2.6,1.86,1.95,1.39
Parchemin Secret,Secret Scroll,2,7,0.29,29%,18.0,5.14,36,2,9.0,2.57,6.0,1.71
Explosion Arcanique,Arcane Explosive,3,7,0.43,43%,12.0,5.14,36,1,12.0,5.14,6.0,2.57
Marteleur précis,Precise Hammer,2,7,0.29,29%,18.0,5.14,36,1,18.0,5.14,9.0,2.57
Totem du Gardien,Guardian Totem,7,7,1.0,100%,5.0,5.0,35,3,1.67,1.67,1.25,1.25
Tombeau Rocheux,Rock Tomb,3,7,0.43,43%,10.0,4.29,30,1,10.0,4.29,5.0,2.15
Gantelet Impérieux,Imperious Gauntlet,1,7,0.14,14%,30.0,4.29,30,1,30.0,4.29,15.0,2.15
Couronne du Roi Nain,Crown of the Dwarf King,2,7,0.29,29%,13.0,3.71,26,0,Gratuit,Gratuit,13.0,3.71
Sabre Versatile,Versatil Saber,2,7,0.29,29%,11.0,3.14,22,1,11.0,3.14,5.5,1.57
Masse Colossale,Colossal Mace,2,7,0.29,29%,11.0,3.14,22,0,Gratuit,Gratuit,11.0,3.14
Pillard Féroce,Savage Looter,1,7,0.14,14%,20.0,2.86,20,1,20.0,2.86,10.0,1.43
Coup de Mort,Death Helper,2,7,0.29,29%,10.0,2.86,20,1,10.0,2.86,5.0,1.43
Décharge Élémentaire,Elemental Discharge,1,7,0.14,14%,18.0,2.57,18,1,18.0,2.57,9.0,1.28
Griffes Sauvages,Wild Claw,5,7,0.71,71%,3.4,2.43,17,3,1.13,0.81,0.85,0.61
Œil de Lynx,Hawk's Eye,2,7,0.29,29%,8.0,2.29,16,0,Gratuit,Gratuit,8.0,2.29
Elan de Fureur,Rampage Momentum,1,7,0.14,14%,15.0,2.14,15,2,7.5,1.07,5.0,0.71
Force Divine,Divine Impetu,1,7,0.14,14%,11.0,1.57,11,0,Gratuit,Gratuit,11.0,1.57
Bâton du Conquérant,Staff of Conquered Worlds,1,7,0.14,14%,11.0,1.57,11,0,Gratuit,Gratuit,11.0,1.57
Danse Macabre,Dance of Death,1,7,0.14,14%,8.0,1.14,8,1,8.0,1.14,4.0,0.57
