,Nom Anglais,nb games valide,total games,ratio,%,pts moy,pts moy total,total point,cout,pts par cout moy,pts par cout total,pts par cout moy+1,pts par cout total+1
Faux,Scythe,17,17,1.0,100%,17.65,17.65,300,3,5.88,5.88,4.41,4.41
Totem Équivalent,Equivalent Totem,17,17,1.0,100%,15.65,15.65,266,2,7.83,7.83,5.22,5.22
Marteau Collecteur,Collecting Hammer,11,17,0.65,65%,21.55,13.94,237,2,10.78,6.97,7.18,4.65
Faux Assoiffées,Thirsty Scythes,9,17,0.53,53%,25.0,13.24,225,3,8.33,4.41,6.25,3.31
Armure d'Obsidienne,Obsidian Battle Plate,11,17,0.65,65%,20.0,12.94,220,2,10.0,6.47,6.67,4.31
Lame Insatiable,Fast Furious Blade,12,17,0.71,71%,16.0,11.29,192,2,8.0,5.64,5.33,3.76
Lame Affutée,Sharp Blade,14,17,0.82,82%,13.5,11.12,189,3,4.5,3.71,3.38,2.78
Économe Sagesse du Trésorier,Treasurer's Wisdom,11,17,0.65,65%,17.0,11.0,187,2,8.5,5.5,5.67,3.67
Chasseresse d'Âmes,Huntress of Souls,9,17,0.53,53%,19.0,10.06,171,1,19.0,10.06,9.5,5.03
Hache Frénétique,Berseker Ax,12,17,0.71,71%,14.0,9.88,168,2,7.0,4.94,4.67,3.29
Aveuglement,Incapacitor,17,17,1.0,100%,9.0,9.0,153,3,3.0,3.0,2.25,2.25
Épée Obscure,Swords of Darkness,9,17,0.53,53%,17.0,9.0,153,1,17.0,9.0,8.5,4.5
Griffes Démoniaques,Demon Claws,9,17,0.53,53%,17.0,9.0,153,1,17.0,9.0,8.5,4.5
Parchemin Secret,Secret Scroll,8,17,0.47,47%,18.0,8.47,144,2,9.0,4.24,6.0,2.82
Esprit Guerrier,Spirit of the Warrior,8,17,0.47,47%,16.0,7.53,128,1,16.0,7.53,8.0,3.77
Marteleur précis,Precise Hammer,7,17,0.41,41%,18.0,7.41,126,1,18.0,7.41,9.0,3.71
Aura Légendaire,Legend Aura,3,17,0.18,18%,40.0,7.06,120,3,13.33,2.35,10.0,1.76
Armure d'Immortel,Immortal Breastplate,8,17,0.47,47%,15.0,7.06,120,1,15.0,7.06,7.5,3.53
Esprit de l'Écuyer,Spirit of the Squire,13,17,0.76,76%,8.77,6.71,114,3,2.92,2.24,2.19,1.68
Explosion Arcanique,Arcane Explosive,9,17,0.53,53%,12.0,6.35,108,1,12.0,6.35,6.0,3.17
Faux Parfaite,Perfect Scythe,7,17,0.41,41%,15.0,6.18,105,0,Gratuit,Gratuit,15.0,6.18
Astéroïde Fatal,Final Asteroid,1,17,0.06,6%,100.0,5.88,100,0,Gratuit,Gratuit,100.0,5.88
Couronne du Roi Nain,Crown of the Dwarf King,7,17,0.41,41%,13.0,5.35,91,0,Gratuit,Gratuit,13.0,5.35
Gantelet Impérieux,Imperious Gauntlet,3,17,0.18,18%,30.0,5.29,90,1,30.0,5.29,15.0,2.65
Triple Météore,Trimeteor,3,17,0.18,18%,30.0,5.29,90,0,Gratuit,Gratuit,30.0,5.29
Sabre Versatile,Versatil Saber,7,17,0.41,41%,11.0,4.53,77,1,11.0,4.53,5.5,2.27
Elan de Fureur,Rampage Momentum,5,17,0.29,29%,15.0,4.41,75,2,7.5,2.21,5.0,1.47
Ascension Divine,Divine Ascent,3,17,0.18,18%,25.0,4.41,75,3,8.33,1.47,6.25,1.1
Totem du Gardien,Guardian Totem,17,17,1.0,100%,4.41,4.41,75,3,1.47,1.47,1.1,1.1
Bâton de Conquête,Conquering Staff,3,17,0.18,18%,24.0,4.24,72,2,12.0,2.12,8.0,1.41
Enchaînement Éclair,Unstoppable Lightning,4,17,0.24,24%,18.0,4.24,72,1,18.0,4.24,9.0,2.12
Pluie de Météorites,Meteorites,1,17,0.06,6%,70.0,4.12,70,0,Gratuit,Gratuit,70.0,4.12
Tombeau Rocheux,Rock Tomb,7,17,0.41,41%,10.0,4.12,70,1,10.0,4.12,5.0,2.06
Masse Colossale,Colossal Mace,5,17,0.29,29%,13.4,3.94,67,0,Gratuit,Gratuit,13.4,3.94
Coup de Mort,Death Helper,5,17,0.29,29%,11.2,3.29,56,1,11.2,3.29,5.6,1.65
Désintégrateur Magnétique,Magnetic Disintegrator,5,17,0.29,29%,11.0,3.24,55,0,Gratuit,Gratuit,11.0,3.24
Danse Macabre,Dance of Death,6,17,0.35,35%,8.0,2.82,48,1,8.0,2.82,4.0,1.41
Œil de Lynx,Hawk's Eye,5,17,0.29,29%,9.2,2.71,46,0,Gratuit,Gratuit,9.2,2.71
Épé Sainte,Holy Sword,4,17,0.24,24%,10.0,2.35,40,0,Gratuit,Gratuit,10.0,2.35
Griffes Sauvages,Wild Claw,12,17,0.71,71%,2.75,1.94,33,3,0.92,0.65,0.69,0.48
Soif de Sang,Thirsty Dagger,2,17,0.12,12%,15.0,1.76,30,0,Gratuit,Gratuit,15.0,1.76
Force Divine,Divine Impetu,2,17,0.12,12%,13.0,1.53,26,0,Gratuit,Gratuit,13.0,1.53
Bâton du Conquérant,Staff of Conquered Worlds,2,17,0.12,12%,11.0,1.29,22,0,Gratuit,Gratuit,11.0,1.29
Chasseur d'Âmes,Soul Hunter,1,17,0.06,6%,20.0,1.18,20,1,20.0,1.18,10.0,0.59
Pillard Féroce,Savage Looter,1,17,0.06,6%,20.0,1.18,20,1,20.0,1.18,10.0,0.59
Décharge Élémentaire,Elemental Discharge,1,17,0.06,6%,18.0,1.06,18,1,18.0,1.06,9.0,0.53
Esprit omniprésent,Omnipresent Spirit,1,17,0.06,6%,18.0,1.06,18,2,9.0,0.53,6.0,0.35
Masse de Siège,Siege Mace,1,17,0.06,6%,16.0,0.94,16,0,Gratuit,Gratuit,16.0,0.94
Amulette Omnisciente,Omnipresent Amulet,1,17,0.06,6%,15.0,0.88,15,0,Gratuit,Gratuit,15.0,0.88
