,Nom Anglais,nb games valide,total games,ratio,%,pts moy,pts moy total,total point,cout,pts par cout moy,pts par cout total
Aveuglement,Incapacitor,7,7,1.0,100%,24.86,24.86,174,3,8.29,8.29
Faux,Scythe,7,7,1.0,100%,12.86,12.86,90,3,4.29,4.29
Hache Frénétique,Berseker Ax,6,7,0.86,86%,14.0,12.0,84,2,7.0,6.0
Lame Affutée,Sharp Blade,7,7,1.0,100%,11.57,11.57,81,3,3.86,3.86
Lame Insatiable,Fast Furious Blade,5,7,0.71,71%,16.0,11.43,80,2,8.0,5.71
Armure d'Obsidienne,Obsidian Battle Plate,4,7,0.57,57%,20.0,11.43,80,2,10.0,5.71
Chasseresse d'Âmes,Huntress of Souls,4,7,0.57,57%,19.0,10.86,76,1,19.0,10.86
Bâton de Conquête,Conquering Staff,3,7,0.43,43%,24.0,10.29,72,2,12.0,5.14
Griffes Démoniaques,Demon Claws,4,7,0.57,57%,17.0,9.71,68,1,17.0,9.71
Économe Sagesse du Trésorier,Treasurer's Wisdom,4,7,0.57,57%,17.0,9.71,68,2,8.5,4.86
Esprit de l'Écuyer,Spirit of the Squire,6,7,0.86,86%,10.0,8.57,60,3,3.33,2.86
Faux Assoiffées,Thirsty Scythes,2,7,0.29,29%,25.0,7.14,50,3,8.33,2.38
Totem du Gardien,Guardian Totem,7,7,1.0,100%,7.0,7.0,49,3,2.33,2.33
Explosion Arcanique,Arcane Explosive,4,7,0.57,57%,12.0,6.86,48,1,12.0,6.86
Esprit Guerrier,Spirit of the Warrior,3,7,0.43,43%,16.0,6.86,48,1,16.0,6.86
Armure d'Immortel,Immortal Breastplate,3,7,0.43,43%,14.0,6.0,42,1,14.0,6.0
Assistance Divine,Sacred Help,2,7,0.29,29%,20.0,5.71,40,2,10.0,2.85
Parchemin Secret,Secret Scroll,2,7,0.29,29%,18.0,5.14,36,2,9.0,2.57
Esprit omniprésent,Omnipresent Spirit,2,7,0.29,29%,18.0,5.14,36,2,9.0,2.57
Marteleur précis,Precise Hammer,2,7,0.29,29%,18.0,5.14,36,1,18.0,5.14
Enchaînement Éclair,Unstoppable Lightning,2,7,0.29,29%,18.0,5.14,36,1,18.0,5.14
Le Traqueur,The Stalker,2,7,0.29,29%,18.0,5.14,36,3,6.0,1.71
Sabre Versatile,Versatil Saber,3,7,0.43,43%,11.0,4.71,33,1,11.0,4.71
Épée Obscure,Swords of Darkness,2,7,0.29,29%,15.0,4.29,30,1,15.0,4.29
Épées Jumelles,Twin Swords,2,7,0.29,29%,15.0,4.29,30,1,15.0,4.29
Esquive Salvatrice,Evasive Protection,2,7,0.29,29%,15.0,4.29,30,0,Gratuit,Gratuit
Elan de Fureur,Rampage Momentum,2,7,0.29,29%,15.0,4.29,30,2,7.5,2.15
Coup de Mort,Death Helper,3,7,0.43,43%,10.0,4.29,30,1,10.0,4.29
Le Croque-mort,The Undertaker,2,7,0.29,29%,14.0,4.0,28,1,14.0,4.0
Couronne du Roi Nain,Crown of the Dwarf King,2,7,0.29,29%,13.0,3.71,26,0,Gratuit,Gratuit
Danse Macabre,Dance of Death,3,7,0.43,43%,8.0,3.43,24,1,8.0,3.43
Bâton du Conquérant,Staff of Conquered Worlds,2,7,0.29,29%,11.0,3.14,22,0,Gratuit,Gratuit
Vision Céleste,Heavenly Vision,1,7,0.14,14%,22.0,3.14,22,2,11.0,1.57
Amulette Omnisciente,Omnipresent Amulet,2,7,0.29,29%,11.0,3.14,22,0,Gratuit,Gratuit
Force Divine,Divine Impetu,2,7,0.29,29%,11.0,3.14,22,0,Gratuit,Gratuit
Pillard Féroce,Savage Looter,1,7,0.14,14%,20.0,2.86,20,1,20.0,2.86
Le Marionnettiste,The Puppeteer,1,7,0.14,14%,20.0,2.86,20,2,10.0,1.43
Épé Sainte,Holy Sword,2,7,0.29,29%,10.0,2.86,20,0,Gratuit,Gratuit
Être de Lumière,Being of Light,1,7,0.14,14%,18.0,2.57,18,1,18.0,2.57
Griffes Sauvages,Wild Claw,6,7,0.86,86%,2.83,2.43,17,3,0.94,0.81
Œil de Lynx,Hawk's Eye,2,7,0.29,29%,8.0,2.29,16,0,Gratuit,Gratuit
Lance Doublée,Dual Spear,2,7,0.29,29%,8.0,2.29,16,0,Gratuit,Gratuit
Chasseur d'Âmes,Soul Hunter,1,7,0.14,14%,15.0,2.14,15,1,15.0,2.14
Bâton Élémentaire,Earthly Staff,1,7,0.14,14%,15.0,2.14,15,0,Gratuit,Gratuit
Instinct Sanguinaire,Bloody Instinct,1,7,0.14,14%,15.0,2.14,15,2,7.5,1.07
Masse Colossale,Colossal Mace,1,7,0.14,14%,11.0,1.57,11,0,Gratuit,Gratuit
