,Nom Anglais,nb games valide,total games,ratio,%,pts moy,pts moy total,total point,cout,pts par cout moy,pts par cout total
Aveuglement,Incapacitor,9,9,1.0,100%,22.0,22.0,198,3,7.33,7.33
Lame Affutée,Sharp Blade,9,9,1.0,100%,15.0,15.0,135,3,5.0,5.0
Faux,Scythe,9,9,1.0,100%,13.67,13.67,123,3,4.56,4.56
Armure d'Obsidienne,Obsidian Battle Plate,6,9,0.67,67%,20.0,13.33,120,2,10.0,6.67
Hache Frénétique,Berseker Ax,8,9,0.89,89%,14.0,12.44,112,2,7.0,6.22
Lame Insatiable,Fast Furious Blade,7,9,0.78,78%,16.0,12.44,112,2,8.0,6.22
Économe Sagesse du Trésorier,Treasurer's Wisdom,6,9,0.67,67%,17.0,11.33,102,2,8.5,5.67
Chasseresse d'Âmes,Huntress of Souls,5,9,0.56,56%,19.0,10.56,95,1,19.0,10.56
Griffes Démoniaques,Demon Claws,5,9,0.56,56%,17.0,9.44,85,1,17.0,9.44
Aura Légendaire,Legend Aura,2,9,0.22,22%,40.0,8.89,80,3,13.33,2.96
Épées Jumelles,Twin Swords,4,9,0.44,44%,20.0,8.89,80,1,20.0,8.89
Esprit Guerrier,Spirit of the Warrior,5,9,0.56,56%,16.0,8.89,80,1,16.0,8.89
Faux Assoiffées,Thirsty Scythes,3,9,0.33,33%,25.0,8.33,75,3,8.33,2.78
Bâton de Conquête,Conquering Staff,3,9,0.33,33%,24.0,8.0,72,2,12.0,4.0
Enchaînement Éclair,Unstoppable Lightning,4,9,0.44,44%,18.0,8.0,72,1,18.0,8.0
Esprit de l'Écuyer,Spirit of the Squire,8,9,0.89,89%,9.0,8.0,72,3,3.0,2.67
Parchemin Secret,Secret Scroll,4,9,0.44,44%,18.0,8.0,72,2,9.0,4.0
Explosion Arcanique,Arcane Explosive,6,9,0.67,67%,12.0,8.0,72,1,12.0,8.0
Elan de Fureur,Rampage Momentum,4,9,0.44,44%,15.0,6.67,60,2,7.5,3.33
Épée Obscure,Swords of Darkness,4,9,0.44,44%,15.0,6.67,60,1,15.0,6.67
Totem du Gardien,Guardian Totem,9,9,1.0,100%,6.33,6.33,57,3,2.11,2.11
Le Croque-mort,The Undertaker,4,9,0.44,44%,14.0,6.22,56,1,14.0,6.22
Sabre Versatile,Versatil Saber,5,9,0.56,56%,11.0,6.11,55,1,11.0,6.11
Marteleur précis,Precise Hammer,3,9,0.33,33%,18.0,6.0,54,1,18.0,6.0
Couronne du Roi Nain,Crown of the Dwarf King,4,9,0.44,44%,13.0,5.78,52,0,Gratuit,Gratuit
Armure d'Immortel,Immortal Breastplate,3,9,0.33,33%,14.0,4.67,42,1,14.0,4.67
Assistance Divine,Sacred Help,2,9,0.22,22%,20.0,4.44,40,2,10.0,2.22
Épé Sainte,Holy Sword,4,9,0.44,44%,10.0,4.44,40,0,Gratuit,Gratuit
Danse Macabre,Dance of Death,5,9,0.56,56%,8.0,4.44,40,1,8.0,4.44
Esprit omniprésent,Omnipresent Spirit,2,9,0.22,22%,18.0,4.0,36,2,9.0,2.0
Le Traqueur,The Stalker,2,9,0.22,22%,18.0,4.0,36,3,6.0,1.33
Lance Doublée,Dual Spear,4,9,0.44,44%,8.0,3.56,32,0,Gratuit,Gratuit
Esquive Salvatrice,Evasive Protection,2,9,0.22,22%,15.0,3.33,30,0,Gratuit,Gratuit
Triple Météore,Trimeteor,1,9,0.11,11%,30.0,3.33,30,0,Gratuit,Gratuit
Coup de Mort,Death Helper,3,9,0.33,33%,10.0,3.33,30,1,10.0,3.33
Griffes Sauvages,Wild Claw,8,9,0.89,89%,3.0,2.67,24,3,1.0,0.89
Désintégrateur Magnétique,Magnetic Disintegrator,2,9,0.22,22%,11.0,2.44,22,0,Gratuit,Gratuit
Destruction Royale,Royal Destroyer,2,9,0.22,22%,11.0,2.44,22,0,Gratuit,Gratuit
Masse Colossale,Colossal Mace,2,9,0.22,22%,11.0,2.44,22,0,Gratuit,Gratuit
Force Divine,Divine Impetu,2,9,0.22,22%,11.0,2.44,22,0,Gratuit,Gratuit
Amulette Omnisciente,Omnipresent Amulet,2,9,0.22,22%,11.0,2.44,22,0,Gratuit,Gratuit
Bâton du Conquérant,Staff of Conquered Worlds,2,9,0.22,22%,11.0,2.44,22,0,Gratuit,Gratuit
Vision Céleste,Heavenly Vision,1,9,0.11,11%,22.0,2.44,22,2,11.0,1.22
Lance Triplée,Triple Spear,1,9,0.11,11%,20.0,2.22,20,0,Gratuit,Gratuit
Pillard Féroce,Savage Looter,1,9,0.11,11%,20.0,2.22,20,1,20.0,2.22
Le Marionnettiste,The Puppeteer,1,9,0.11,11%,20.0,2.22,20,2,10.0,1.11
Tombeau Rocheux,Rock Tomb,2,9,0.22,22%,10.0,2.22,20,1,10.0,2.22
Décharge Élémentaire,Elemental Discharge,1,9,0.11,11%,18.0,2.0,18,1,18.0,2.0
Être de Lumière,Being of Light,1,9,0.11,11%,18.0,2.0,18,1,18.0,2.0
Frappe Chirurgicale,Accurate Sword,1,9,0.11,11%,16.0,1.78,16,1,16.0,1.78
Œil de Lynx,Hawk's Eye,2,9,0.22,22%,8.0,1.78,16,0,Gratuit,Gratuit
Instinct Sanguinaire,Bloody Instinct,1,9,0.11,11%,15.0,1.67,15,2,7.5,0.83
Soif de Sang,Thirsty Dagger,1,9,0.11,11%,15.0,1.67,15,0,Gratuit,Gratuit
Chasseur d'Âmes,Soul Hunter,1,9,0.11,11%,15.0,1.67,15,1,15.0,1.67
Bâton Élémentaire,Earthly Staff,1,9,0.11,11%,15.0,1.67,15,0,Gratuit,Gratuit
