,Nom Anglais,nb games valide,total games,ratio,%,pts moy,pts moy total,total point,cout,pts par cout moy,pts par cout total,pts par cout moy+1,pts par cout total+1
Faux Assoiffées,Thirsty Scythes,4,4,1.0,100%,25.0,25.0,100,3,8.33,8.33,6.25,6.25
Faux,Scythe,4,4,1.0,100%,23.0,23.0,92,3,7.67,7.67,5.75,5.75
Ascension Divine,Divine Ascent,3,4,0.75,75%,25.0,18.75,75,3,8.33,6.25,6.25,4.69
Totem Équivalent,Equivalent Totem,4,4,1.0,100%,17.5,17.5,70,2,8.75,8.75,5.83,5.83
Économe Sagesse du Trésorier,Treasurer's Wisdom,4,4,1.0,100%,17.0,17.0,68,2,8.5,8.5,5.67,5.67
Lame Insatiable,Fast Furious Blade,4,4,1.0,100%,16.0,16.0,64,2,8.0,8.0,5.33,5.33
Aveuglement,Incapacitor,4,4,1.0,100%,15.75,15.75,63,3,5.25,5.25,3.94,3.94
Armure d'Obsidienne,Obsidian Battle Plate,3,4,0.75,75%,20.0,15.0,60,2,10.0,7.5,6.67,5.0
Chasseresse d'Âmes,Huntress of Souls,3,4,0.75,75%,19.0,14.25,57,1,19.0,14.25,9.5,7.12
Marteau Collecteur,Collecting Hammer,3,4,0.75,75%,18.0,13.5,54,2,9.0,6.75,6.0,4.5
Griffes Démoniaques,Demon Claws,3,4,0.75,75%,17.0,12.75,51,1,17.0,12.75,8.5,6.38
Bâton de Conquête,Conquering Staff,2,4,0.5,50%,24.0,12.0,48,2,12.0,6.0,8.0,4.0
Faux Parfaite,Perfect Scythe,3,4,0.75,75%,15.0,11.25,45,0,Gratuit,Gratuit,15.0,11.25
Armure d'Immortel,Immortal Breastplate,3,4,0.75,75%,14.0,10.5,42,1,14.0,10.5,7.0,5.25
Hache Frénétique,Berseker Ax,3,4,0.75,75%,14.0,10.5,42,2,7.0,5.25,4.67,3.5
Lame Affutée,Sharp Blade,4,4,1.0,100%,9.75,9.75,39,3,3.25,3.25,2.44,2.44
Parchemin Secret,Secret Scroll,2,4,0.5,50%,18.0,9.0,36,2,9.0,4.5,6.0,3.0
Marteleur précis,Precise Hammer,2,4,0.5,50%,18.0,9.0,36,1,18.0,9.0,9.0,4.5
Épée Obscure,Swords of Darkness,2,4,0.5,50%,17.0,8.5,34,1,17.0,8.5,8.5,4.25
Esprit de l'Écuyer,Spirit of the Squire,4,4,1.0,100%,8.25,8.25,33,3,2.75,2.75,2.06,2.06
Esprit Guerrier,Spirit of the Warrior,2,4,0.5,50%,16.0,8.0,32,1,16.0,8.0,8.0,4.0
Gantelet Impérieux,Imperious Gauntlet,1,4,0.25,25%,30.0,7.5,30,1,30.0,7.5,15.0,3.75
Tombeau Rocheux,Rock Tomb,3,4,0.75,75%,10.0,7.5,30,1,10.0,7.5,5.0,3.75
Couronne du Roi Nain,Crown of the Dwarf King,2,4,0.5,50%,13.0,6.5,26,0,Gratuit,Gratuit,13.0,6.5
Explosion Arcanique,Arcane Explosive,2,4,0.5,50%,12.0,6.0,24,1,12.0,6.0,6.0,3.0
Masse Colossale,Colossal Mace,2,4,0.5,50%,11.0,5.5,22,0,Gratuit,Gratuit,11.0,5.5
Sabre Versatile,Versatil Saber,2,4,0.5,50%,11.0,5.5,22,1,11.0,5.5,5.5,2.75
Totem du Gardien,Guardian Totem,4,4,1.0,100%,5.0,5.0,20,3,1.67,1.67,1.25,1.25
Pillard Féroce,Savage Looter,1,4,0.25,25%,20.0,5.0,20,1,20.0,5.0,10.0,2.5
Coup de Mort,Death Helper,2,4,0.5,50%,10.0,5.0,20,1,10.0,5.0,5.0,2.5
Décharge Élémentaire,Elemental Discharge,1,4,0.25,25%,18.0,4.5,18,1,18.0,4.5,9.0,2.25
Œil de Lynx,Hawk's Eye,2,4,0.5,50%,8.0,4.0,16,0,Gratuit,Gratuit,8.0,4.0
Griffes Sauvages,Wild Claw,4,4,1.0,100%,4.0,4.0,16,3,1.33,1.33,1.0,1.0
Elan de Fureur,Rampage Momentum,1,4,0.25,25%,15.0,3.75,15,2,7.5,1.88,5.0,1.25
Force Divine,Divine Impetu,1,4,0.25,25%,11.0,2.75,11,0,Gratuit,Gratuit,11.0,2.75
Bâton du Conquérant,Staff of Conquered Worlds,1,4,0.25,25%,11.0,2.75,11,0,Gratuit,Gratuit,11.0,2.75
Danse Macabre,Dance of Death,1,4,0.25,25%,8.0,2.0,8,1,8.0,2.0,4.0,1.0
