,Nom Anglais,nb games valide,total games,ratio,%,pts moy,pts moy total,total point,cout,pts par cout moy,pts par cout total
Faux Assoiffées,Thirsty Scythes,3,3,1.0,100%,25.0,25.0,75,3,8.33,8.33
Faux,Scythe,3,3,1.0,100%,21.67,21.67,65,3,7.22,7.22
Armure d'Obsidienne,Obsidian Battle Plate,3,3,1.0,100%,20.0,20.0,60,2,10.0,10.0
Totem Équivalent,Equivalent Totem,3,3,1.0,100%,17.33,17.33,52,2,8.66,8.66
Économe Sagesse du Trésorier,Treasurer's Wisdom,3,3,1.0,100%,17.0,17.0,51,2,8.5,8.5
Ascension Divine,Divine Ascent,2,3,0.67,67%,25.0,16.67,50,3,8.33,5.56
Lame Insatiable,Fast Furious Blade,3,3,1.0,100%,16.0,16.0,48,2,8.0,8.0
Armure d'Immortel,Immortal Breastplate,3,3,1.0,100%,14.0,14.0,42,1,14.0,14.0
Aveuglement,Incapacitor,3,3,1.0,100%,13.0,13.0,39,3,4.33,4.33
Chasseresse d'Âmes,Huntress of Souls,2,3,0.67,67%,19.0,12.67,38,1,19.0,12.67
Parchemin Secret,Secret Scroll,2,3,0.67,67%,18.0,12.0,36,2,9.0,6.0
Lame Affutée,Sharp Blade,3,3,1.0,100%,12.0,12.0,36,3,4.0,4.0
Épée Obscure,Swords of Darkness,2,3,0.67,67%,17.0,11.33,34,1,17.0,11.33
Griffes Démoniaques,Demon Claws,2,3,0.67,67%,17.0,11.33,34,1,17.0,11.33
Faux Parfaite,Perfect Scythe,2,3,0.67,67%,15.0,10.0,30,0,Gratuit,Gratuit
Marteau Collecteur,Collecting Hammer,2,3,0.67,67%,15.0,10.0,30,2,7.5,5.0
Gantelet Impérieux,Imperious Gauntlet,1,3,0.33,33%,30.0,10.0,30,1,30.0,10.0
Hache Frénétique,Berseker Ax,2,3,0.67,67%,14.0,9.33,28,2,7.0,4.67
Couronne du Roi Nain,Crown of the Dwarf King,2,3,0.67,67%,13.0,8.67,26,0,Gratuit,Gratuit
Bâton de Conquête,Conquering Staff,1,3,0.33,33%,24.0,8.0,24,2,12.0,4.0
Explosion Arcanique,Arcane Explosive,2,3,0.67,67%,12.0,8.0,24,1,12.0,8.0
Masse Colossale,Colossal Mace,2,3,0.67,67%,11.0,7.33,22,0,Gratuit,Gratuit
Sabre Versatile,Versatil Saber,2,3,0.67,67%,11.0,7.33,22,1,11.0,7.33
Esprit de l'Écuyer,Spirit of the Squire,3,3,1.0,100%,7.0,7.0,21,3,2.33,2.33
Pillard Féroce,Savage Looter,1,3,0.33,33%,20.0,6.67,20,1,20.0,6.67
Tombeau Rocheux,Rock Tomb,2,3,0.67,67%,10.0,6.67,20,1,10.0,6.67
Décharge Élémentaire,Elemental Discharge,1,3,0.33,33%,18.0,6.0,18,1,18.0,6.0
Marteleur précis,Precise Hammer,1,3,0.33,33%,18.0,6.0,18,1,18.0,6.0
Esprit Guerrier,Spirit of the Warrior,1,3,0.33,33%,16.0,5.33,16,1,16.0,5.33
Elan de Fureur,Rampage Momentum,1,3,0.33,33%,15.0,5.0,15,2,7.5,2.5
Totem du Gardien,Guardian Totem,3,3,1.0,100%,4.67,4.67,14,3,1.56,1.56
Force Divine,Divine Impetu,1,3,0.33,33%,11.0,3.67,11,0,Gratuit,Gratuit
Bâton du Conquérant,Staff of Conquered Worlds,1,3,0.33,33%,11.0,3.67,11,0,Gratuit,Gratuit
Coup de Mort,Death Helper,1,3,0.33,33%,10.0,3.33,10,1,10.0,3.33
Griffes Sauvages,Wild Claw,3,3,1.0,100%,3.33,3.33,10,3,1.11,1.11
Œil de Lynx,Hawk's Eye,1,3,0.33,33%,8.0,2.67,8,0,Gratuit,Gratuit
Danse Macabre,Dance of Death,1,3,0.33,33%,8.0,2.67,8,1,8.0,2.67
