,Nom Anglais,nb games valide,total games,ratio,%,pts moy,pts moy total,total point,cout,pts par cout moy,pts par cout total,pts par cout moy+1,pts par cout total+1
Faux Assoiffées,Thirsty Scythes,2,2,1.0,100%,25.0,25.0,50,3,8.33,8.33,6.25,6.25
Bâton de Conquête,Conquering Staff,2,2,1.0,100%,24.0,24.0,48,2,12.0,12.0,8.0,8.0
Aveuglement,Incapacitor,2,2,1.0,100%,22.5,22.5,45,3,7.5,7.5,5.62,5.62
Lame Affutée,Sharp Blade,2,2,1.0,100%,21.0,21.0,42,3,7.0,7.0,5.25,5.25
Aura Légendaire,Legend Aura,1,2,0.5,50%,40.0,20.0,40,3,13.33,6.67,10.0,5.0
Faux,Scythe,2,2,1.0,100%,18.0,18.0,36,3,6.0,6.0,4.5,4.5
Économe Sagesse du Trésorier,Treasurer's Wisdom,2,2,1.0,100%,17.0,17.0,34,2,8.5,8.5,5.67,5.67
Lame Insatiable,Fast Furious Blade,2,2,1.0,100%,16.0,16.0,32,2,8.0,8.0,5.33,5.33
Totem Équivalent,Equivalent Totem,2,2,1.0,100%,15.5,15.5,31,2,7.75,7.75,5.17,5.17
Bâton du Conquérant,Staff of Conquered Worlds,2,2,1.0,100%,11.0,11.0,22,0,Gratuit,Gratuit,11.0,11.0
Marteau Collecteur,Collecting Hammer,1,2,0.5,50%,21.0,10.5,21,2,10.5,5.25,7.0,3.5
Armure d'Obsidienne,Obsidian Battle Plate,1,2,0.5,50%,20.0,10.0,20,2,10.0,5.0,6.67,3.33
Œil de Lynx,Hawk's Eye,2,2,1.0,100%,10.0,10.0,20,0,Gratuit,Gratuit,10.0,10.0
Tombeau Rocheux,Rock Tomb,2,2,1.0,100%,10.0,10.0,20,1,10.0,10.0,5.0,5.0
Pillard Féroce,Savage Looter,1,2,0.5,50%,20.0,10.0,20,1,20.0,10.0,10.0,5.0
Parchemin Secret,Secret Scroll,1,2,0.5,50%,18.0,9.0,18,2,9.0,4.5,6.0,3.0
Marteleur précis,Precise Hammer,1,2,0.5,50%,18.0,9.0,18,1,18.0,9.0,9.0,4.5
Esprit omniprésent,Omnipresent Spirit,1,2,0.5,50%,18.0,9.0,18,2,9.0,4.5,6.0,3.0
Enchaînement Éclair,Unstoppable Lightning,1,2,0.5,50%,18.0,9.0,18,1,18.0,9.0,9.0,4.5
Épée Obscure,Swords of Darkness,1,2,0.5,50%,17.0,8.5,17,1,17.0,8.5,8.5,4.25
Armure d'Immortel,Immortal Breastplate,1,2,0.5,50%,16.0,8.0,16,1,16.0,8.0,8.0,4.0
Masse de Siège,Siege Mace,1,2,0.5,50%,16.0,8.0,16,0,Gratuit,Gratuit,16.0,8.0
Masse Colossale,Colossal Mace,1,2,0.5,50%,15.0,7.5,15,0,Gratuit,Gratuit,15.0,7.5
Elan de Fureur,Rampage Momentum,1,2,0.5,50%,15.0,7.5,15,2,7.5,3.75,5.0,2.5
Faux Parfaite,Perfect Scythe,1,2,0.5,50%,15.0,7.5,15,0,Gratuit,Gratuit,15.0,7.5
Griffes Sauvages,Wild Claw,2,2,1.0,100%,7.0,7.0,14,3,2.33,2.33,1.75,1.75
Hache Frénétique,Berseker Ax,1,2,0.5,50%,14.0,7.0,14,2,7.0,3.5,4.67,2.33
Couronne du Roi Nain,Crown of the Dwarf King,1,2,0.5,50%,13.0,6.5,13,0,Gratuit,Gratuit,13.0,6.5
Explosion Arcanique,Arcane Explosive,1,2,0.5,50%,12.0,6.0,12,1,12.0,6.0,6.0,3.0
Esprit de l'Écuyer,Spirit of the Squire,2,2,1.0,100%,6.0,6.0,12,3,2.0,2.0,1.5,1.5
Désintégrateur Magnétique,Magnetic Disintegrator,1,2,0.5,50%,11.0,5.5,11,0,Gratuit,Gratuit,11.0,5.5
Sabre Versatile,Versatil Saber,1,2,0.5,50%,11.0,5.5,11,1,11.0,5.5,5.5,2.75
Épé Sainte,Holy Sword,1,2,0.5,50%,10.0,5.0,10,0,Gratuit,Gratuit,10.0,5.0
Totem du Gardien,Guardian Totem,2,2,1.0,100%,4.0,4.0,8,3,1.33,1.33,1.0,1.0
Danse Macabre,Dance of Death,1,2,0.5,50%,8.0,4.0,8,1,8.0,4.0,4.0,2.0
