,Nom Anglais,nb games valide,total games,ratio,%,pts moy,pts moy total,total point,cout,pts par cout moy,pts par cout total,pts par cout moy+1,pts par cout total+1
Faux Assoiffées,Thirsty Scythes,4,4,1.0,100%,25.0,25.0,100,3,8.33,8.33,6.25,6.25
Faux,Scythe,4,4,1.0,100%,21.5,21.5,86,3,7.17,7.17,5.38,5.38
Armure d'Obsidienne,Obsidian Battle Plate,4,4,1.0,100%,20.0,20.0,80,2,10.0,10.0,6.67,6.67
Ascension Divine,Divine Ascent,3,4,0.75,75%,25.0,18.75,75,3,8.33,6.25,6.25,4.69
Bâton de Conquête,Conquering Staff,3,4,0.75,75%,24.0,18.0,72,2,12.0,9.0,8.0,6.0
Totem Équivalent,Equivalent Totem,4,4,1.0,100%,17.75,17.75,71,2,8.88,8.88,5.92,5.92
Aveuglement,Incapacitor,4,4,1.0,100%,17.25,17.25,69,3,5.75,5.75,4.31,4.31
Économe Sagesse du Trésorier,Treasurer's Wisdom,4,4,1.0,100%,17.0,17.0,68,2,8.5,8.5,5.67,5.67
Lame Insatiable,Fast Furious Blade,4,4,1.0,100%,16.0,16.0,64,2,8.0,8.0,5.33,5.33
Hache Frénétique,Berseker Ax,4,4,1.0,100%,14.0,14.0,56,2,7.0,7.0,4.67,4.67
Parchemin Secret,Secret Scroll,3,4,0.75,75%,18.0,13.5,54,2,9.0,6.75,6.0,4.5
Lame Affutée,Sharp Blade,4,4,1.0,100%,13.5,13.5,54,3,4.5,4.5,3.38,3.38
Marteau Collecteur,Collecting Hammer,3,4,0.75,75%,16.0,12.0,48,2,8.0,6.0,5.33,4.0
Sabre Versatile,Versatil Saber,4,4,1.0,100%,11.0,11.0,44,1,11.0,11.0,5.5,5.5
Armure d'Immortel,Immortal Breastplate,3,4,0.75,75%,14.0,10.5,42,1,14.0,10.5,7.0,5.25
Assistance Divine,Sacred Help,2,4,0.5,50%,20.0,10.0,40,2,10.0,5.0,6.67,3.33
Esprit de l'Écuyer,Spirit of the Squire,4,4,1.0,100%,9.75,9.75,39,3,3.25,3.25,2.44,2.44
Explosion Arcanique,Arcane Explosive,3,4,0.75,75%,12.0,9.0,36,1,12.0,9.0,6.0,4.5
Épée Obscure,Swords of Darkness,2,4,0.5,50%,17.0,8.5,34,1,17.0,8.5,8.5,4.25
Désintégrateur Magnétique,Magnetic Disintegrator,3,4,0.75,75%,11.0,8.25,33,0,Gratuit,Gratuit,11.0,8.25
Faux Parfaite,Perfect Scythe,2,4,0.5,50%,15.0,7.5,30,0,Gratuit,Gratuit,15.0,7.5
Soif de Sang,Thirsty Dagger,2,4,0.5,50%,15.0,7.5,30,0,Gratuit,Gratuit,15.0,7.5
Tombeau Rocheux,Rock Tomb,3,4,0.75,75%,10.0,7.5,30,1,10.0,7.5,5.0,3.75
Gantelet Impérieux,Imperious Gauntlet,1,4,0.25,25%,30.0,7.5,30,1,30.0,7.5,15.0,3.75
Œil de Lynx,Hawk's Eye,3,4,0.75,75%,8.0,6.0,24,0,Gratuit,Gratuit,8.0,6.0
Masse Colossale,Colossal Mace,2,4,0.5,50%,11.0,5.5,22,0,Gratuit,Gratuit,11.0,5.5
Totem du Gardien,Guardian Totem,4,4,1.0,100%,5.25,5.25,21,3,1.75,1.75,1.31,1.31
Pillard Féroce,Savage Looter,1,4,0.25,25%,20.0,5.0,20,1,20.0,5.0,10.0,2.5
Griffes Sauvages,Wild Claw,4,4,1.0,100%,4.75,4.75,19,3,1.58,1.58,1.19,1.19
Chasseresse d'Âmes,Huntress of Souls,1,4,0.25,25%,19.0,4.75,19,1,19.0,4.75,9.5,2.38
Esprit omniprésent,Omnipresent Spirit,1,4,0.25,25%,18.0,4.5,18,2,9.0,2.25,6.0,1.5
Marteleur précis,Precise Hammer,1,4,0.25,25%,18.0,4.5,18,1,18.0,4.5,9.0,2.25
Enchaînement Éclair,Unstoppable Lightning,1,4,0.25,25%,18.0,4.5,18,1,18.0,4.5,9.0,2.25
Griffes Démoniaques,Demon Claws,1,4,0.25,25%,17.0,4.25,17,1,17.0,4.25,8.5,2.12
Esprit Guerrier,Spirit of the Warrior,1,4,0.25,25%,16.0,4.0,16,1,16.0,4.0,8.0,2.0
Danse Macabre,Dance of Death,2,4,0.5,50%,8.0,4.0,16,1,8.0,4.0,4.0,2.0
Elan de Fureur,Rampage Momentum,1,4,0.25,25%,15.0,3.75,15,2,7.5,1.88,5.0,1.25
Couronne du Roi Nain,Crown of the Dwarf King,1,4,0.25,25%,13.0,3.25,13,0,Gratuit,Gratuit,13.0,3.25
Amulette Omnisciente,Omnipresent Amulet,1,4,0.25,25%,11.0,2.75,11,0,Gratuit,Gratuit,11.0,2.75
Force Divine,Divine Impetu,1,4,0.25,25%,11.0,2.75,11,0,Gratuit,Gratuit,11.0,2.75
Bâton du Conquérant,Staff of Conquered Worlds,1,4,0.25,25%,11.0,2.75,11,0,Gratuit,Gratuit,11.0,2.75
Coup de Mort,Death Helper,1,4,0.25,25%,10.0,2.5,10,1,10.0,2.5,5.0,1.25
Épé Sainte,Holy Sword,1,4,0.25,25%,10.0,2.5,10,0,Gratuit,Gratuit,10.0,2.5
