,Nom Anglais,nb games valide,total games,ratio,%,pts moy,pts moy total,total point,cout,pts par cout moy,pts par cout total,pts par cout moy+1,pts par cout total+1
Faux,Scythe,6,6,1.0,100%,18.33,18.33,110,3,6.11,6.11,4.58,4.58
Armure d'Obsidienne,Obsidian Battle Plate,5,6,0.83,83%,20.0,16.67,100,2,10.0,8.34,6.67,5.56
Faux Assoiffées,Thirsty Scythes,4,6,0.67,67%,25.0,16.67,100,3,8.33,5.56,6.25,4.17
Lame Insatiable,Fast Furious Blade,6,6,1.0,100%,16.0,16.0,96,2,8.0,8.0,5.33,5.33
Totem Équivalent,Equivalent Totem,6,6,1.0,100%,15.83,15.83,95,2,7.92,7.92,5.28,5.28
Chasseresse d'Âmes,Huntress of Souls,5,6,0.83,83%,19.0,15.83,95,1,19.0,15.83,9.5,7.92
Marteau Collecteur,Collecting Hammer,3,6,0.5,50%,30.33,15.17,91,2,15.16,7.58,10.11,5.06
Parchemin Secret,Secret Scroll,5,6,0.83,83%,18.0,15.0,90,2,9.0,7.5,6.0,5.0
Griffes Démoniaques,Demon Claws,5,6,0.83,83%,17.0,14.17,85,1,17.0,14.17,8.5,7.08
Économe Sagesse du Trésorier,Treasurer's Wisdom,4,6,0.67,67%,17.0,11.33,68,2,8.5,5.67,5.67,3.78
Explosion Arcanique,Arcane Explosive,5,6,0.83,83%,12.0,10.0,60,1,12.0,10.0,6.0,5.0
Aveuglement,Incapacitor,6,6,1.0,100%,9.5,9.5,57,3,3.17,3.17,2.38,2.38
Tombeau Rocheux,Rock Tomb,5,6,0.83,83%,10.0,8.33,50,1,10.0,8.33,5.0,4.17
Bâton de Conquête,Conquering Staff,2,6,0.33,33%,24.0,8.0,48,2,12.0,4.0,8.0,2.67
Lame Affutée,Sharp Blade,6,6,1.0,100%,8.0,8.0,48,3,2.67,2.67,2.0,2.0
Masse Colossale,Colossal Mace,3,6,0.5,50%,15.0,7.5,45,0,Gratuit,Gratuit,15.0,7.5
Chasseur d'Âmes,Soul Hunter,2,6,0.33,33%,20.0,6.67,40,1,20.0,6.67,10.0,3.33
Marteleur précis,Precise Hammer,2,6,0.33,33%,18.0,6.0,36,1,18.0,6.0,9.0,3.0
Épée Obscure,Swords of Darkness,2,6,0.33,33%,17.0,5.67,34,1,17.0,5.67,8.5,2.83
Totem du Gardien,Guardian Totem,6,6,1.0,100%,5.17,5.17,31,3,1.72,1.72,1.29,1.29
Faux Parfaite,Perfect Scythe,2,6,0.33,33%,15.0,5.0,30,0,Gratuit,Gratuit,15.0,5.0
Soif de Sang,Thirsty Dagger,2,6,0.33,33%,15.0,5.0,30,0,Gratuit,Gratuit,15.0,5.0
Gantelet Impérieux,Imperious Gauntlet,1,6,0.17,17%,30.0,5.0,30,1,30.0,5.0,15.0,2.5
Hache Frénétique,Berseker Ax,2,6,0.33,33%,14.0,4.67,28,2,7.0,2.33,4.67,1.56
Ascension Divine,Divine Ascent,1,6,0.17,17%,25.0,4.17,25,3,8.33,1.39,6.25,1.04
Esprit de l'Écuyer,Spirit of the Squire,4,6,0.67,67%,6.0,4.0,24,3,2.0,1.33,1.5,1.0
Décharge Élémentaire,Elemental Discharge,1,6,0.17,17%,18.0,3.0,18,1,18.0,3.0,9.0,1.5
Griffes Sauvages,Wild Claw,5,6,0.83,83%,3.4,2.83,17,3,1.13,0.94,0.85,0.71
Danse Macabre,Dance of Death,2,6,0.33,33%,8.0,2.67,16,1,8.0,2.67,4.0,1.33
Armure d'Immortel,Immortal Breastplate,1,6,0.17,17%,16.0,2.67,16,1,16.0,2.67,8.0,1.33
Esprit Guerrier,Spirit of the Warrior,1,6,0.17,17%,16.0,2.67,16,1,16.0,2.67,8.0,1.33
Elan de Fureur,Rampage Momentum,1,6,0.17,17%,15.0,2.5,15,2,7.5,1.25,5.0,0.83
Couronne du Roi Nain,Crown of the Dwarf King,1,6,0.17,17%,13.0,2.17,13,0,Gratuit,Gratuit,13.0,2.17
Coup de Mort,Death Helper,1,6,0.17,17%,13.0,2.17,13,1,13.0,2.17,6.5,1.08
Désintégrateur Magnétique,Magnetic Disintegrator,1,6,0.17,17%,11.0,1.83,11,0,Gratuit,Gratuit,11.0,1.83
Bâton du Conquérant,Staff of Conquered Worlds,1,6,0.17,17%,11.0,1.83,11,0,Gratuit,Gratuit,11.0,1.83
Sabre Versatile,Versatil Saber,1,6,0.17,17%,11.0,1.83,11,1,11.0,1.83,5.5,0.92
Œil de Lynx,Hawk's Eye,1,6,0.17,17%,10.0,1.67,10,0,Gratuit,Gratuit,10.0,1.67
