,Nom Anglais,nb games valide,total games,ratio,%,pts moy,pts moy total,total point,cout,pts par cout moy,pts par cout total,pts par cout moy+1,pts par cout total+1
Faux,Scythe,11,11,1.0,100%,17.27,17.27,190,3,5.76,5.76,4.32,4.32
Totem Équivalent,Equivalent Totem,11,11,1.0,100%,15.27,15.27,168,2,7.63,7.63,5.09,5.09
Lame Insatiable,Fast Furious Blade,10,11,0.91,91%,16.0,14.55,160,2,8.0,7.28,5.33,4.85
Armure d'Obsidienne,Obsidian Battle Plate,8,11,0.73,73%,20.0,14.55,160,2,10.0,7.28,6.67,4.85
Aveuglement,Incapacitor,11,11,1.0,100%,12.55,12.55,138,3,4.18,4.18,3.14,3.14
Chasseresse d'Âmes,Huntress of Souls,7,11,0.64,64%,19.0,12.09,133,1,19.0,12.09,9.5,6.04
Faux Assoiffées,Thirsty Scythes,5,11,0.45,45%,25.0,11.36,125,3,8.33,3.79,6.25,2.84
Griffes Démoniaques,Demon Claws,7,11,0.64,64%,17.0,10.82,119,1,17.0,10.82,8.5,5.41
Parchemin Secret,Secret Scroll,6,11,0.55,55%,18.0,9.82,108,2,9.0,4.91,6.0,3.27
Marteau Collecteur,Collecting Hammer,3,11,0.27,27%,30.33,8.27,91,2,15.16,4.13,10.11,2.76
Économe Sagesse du Trésorier,Treasurer's Wisdom,5,11,0.45,45%,17.0,7.73,85,2,8.5,3.87,5.67,2.58
Lame Affutée,Sharp Blade,10,11,0.91,91%,8.1,7.36,81,3,2.7,2.45,2.02,1.84
Bâton de Conquête,Conquering Staff,3,11,0.27,27%,24.0,6.55,72,2,12.0,3.27,8.0,2.18
Explosion Arcanique,Arcane Explosive,6,11,0.55,55%,12.0,6.55,72,1,12.0,6.55,6.0,3.27
Hache Frénétique,Berseker Ax,5,11,0.45,45%,14.0,6.36,70,2,7.0,3.18,4.67,2.12
Totem du Gardien,Guardian Totem,11,11,1.0,100%,5.18,5.18,57,3,1.73,1.73,1.29,1.29
Tombeau Rocheux,Rock Tomb,5,11,0.45,45%,10.0,4.55,50,1,10.0,4.55,5.0,2.27
Masse Colossale,Colossal Mace,3,11,0.27,27%,15.0,4.09,45,0,Gratuit,Gratuit,15.0,4.09
Esprit de l'Écuyer,Spirit of the Squire,8,11,0.73,73%,5.62,4.09,45,3,1.87,1.36,1.41,1.02
Faux Parfaite,Perfect Scythe,3,11,0.27,27%,15.0,4.09,45,0,Gratuit,Gratuit,15.0,4.09
Chasseur d'Âmes,Soul Hunter,2,11,0.18,18%,20.0,3.64,40,1,20.0,3.64,10.0,1.82
Marteleur précis,Precise Hammer,2,11,0.18,18%,18.0,3.27,36,1,18.0,3.27,9.0,1.64
Épée Obscure,Swords of Darkness,2,11,0.18,18%,17.0,3.09,34,1,17.0,3.09,8.5,1.54
Bâton du Conquérant,Staff of Conquered Worlds,3,11,0.27,27%,11.0,3.0,33,0,Gratuit,Gratuit,11.0,3.0
Gantelet Impérieux,Imperious Gauntlet,1,11,0.09,9%,30.0,2.73,30,1,30.0,2.73,15.0,1.36
Œil de Lynx,Hawk's Eye,3,11,0.27,27%,10.0,2.73,30,0,Gratuit,Gratuit,10.0,2.73
Soif de Sang,Thirsty Dagger,2,11,0.18,18%,15.0,2.73,30,0,Gratuit,Gratuit,15.0,2.73
Ascension Divine,Divine Ascent,1,11,0.09,9%,25.0,2.27,25,3,8.33,0.76,6.25,0.57
Danse Macabre,Dance of Death,3,11,0.27,27%,8.0,2.18,24,1,8.0,2.18,4.0,1.09
Griffes Sauvages,Wild Claw,8,11,0.73,73%,2.75,2.0,22,3,0.92,0.67,0.69,0.5
Sabre Versatile,Versatil Saber,2,11,0.18,18%,11.0,2.0,22,1,11.0,2.0,5.5,1.0
Esprit omniprésent,Omnipresent Spirit,1,11,0.09,9%,18.0,1.64,18,2,9.0,0.82,6.0,0.55
Décharge Élémentaire,Elemental Discharge,1,11,0.09,9%,18.0,1.64,18,1,18.0,1.64,9.0,0.82
Esprit Guerrier,Spirit of the Warrior,1,11,0.09,9%,16.0,1.45,16,1,16.0,1.45,8.0,0.72
Armure d'Immortel,Immortal Breastplate,1,11,0.09,9%,16.0,1.45,16,1,16.0,1.45,8.0,0.72
Elan de Fureur,Rampage Momentum,1,11,0.09,9%,15.0,1.36,15,2,7.5,0.68,5.0,0.45
Coup de Mort,Death Helper,1,11,0.09,9%,13.0,1.18,13,1,13.0,1.18,6.5,0.59
Couronne du Roi Nain,Crown of the Dwarf King,1,11,0.09,9%,13.0,1.18,13,0,Gratuit,Gratuit,13.0,1.18
Désintégrateur Magnétique,Magnetic Disintegrator,1,11,0.09,9%,11.0,1.0,11,0,Gratuit,Gratuit,11.0,1.0
