,Nom Anglais,nb games valide,total games,ratio,%,pts moy,pts moy total,total point,cout,pts par cout moy,pts par cout total,pts par cout moy+1,pts par cout total+1
Faux Assoiffées,Thirsty Scythes,5,6,0.83,83%,25.0,20.83,125,3,8.33,6.94,6.25,5.21
Gantelet Impérieux,Imperious Gauntlet,4,6,0.67,67%,30.0,20.0,120,1,30.0,20.0,15.0,10.0
Faux,Scythe,6,6,1.0,100%,18.33,18.33,110,3,6.11,6.11,4.58,4.58
Lame Insatiable,Fast Furious Blade,6,6,1.0,100%,16.0,16.0,96,2,8.0,8.0,5.33,5.33
Chasseresse d'Âmes,Huntress of Souls,5,6,0.83,83%,19.0,15.83,95,1,19.0,15.83,9.5,7.92
Totem Équivalent,Equivalent Totem,6,6,1.0,100%,15.5,15.5,93,2,7.75,7.75,5.17,5.17
Marteau Collecteur,Collecting Hammer,5,6,0.83,83%,18.0,15.0,90,2,9.0,7.5,6.0,5.0
Faux Parfaite,Perfect Scythe,6,6,1.0,100%,15.0,15.0,90,0,Gratuit,Gratuit,15.0,15.0
Économe Sagesse du Trésorier,Treasurer's Wisdom,5,6,0.83,83%,17.0,14.17,85,2,8.5,7.08,5.67,4.72
Griffes Démoniaques,Demon Claws,5,6,0.83,83%,17.0,14.17,85,1,17.0,14.17,8.5,7.08
Lame Affutée,Sharp Blade,5,6,0.83,83%,14.4,12.0,72,3,4.8,4.0,3.6,3.0
Parchemin Secret,Secret Scroll,4,6,0.67,67%,18.0,12.0,72,2,9.0,6.0,6.0,4.0
Hache Frénétique,Berseker Ax,5,6,0.83,83%,14.0,11.67,70,2,7.0,5.83,4.67,3.89
Aveuglement,Incapacitor,6,6,1.0,100%,11.0,11.0,66,3,3.67,3.67,2.75,2.75
Armure d'Obsidienne,Obsidian Battle Plate,3,6,0.5,50%,20.0,10.0,60,2,10.0,5.0,6.67,3.33
Couronne du Roi Nain,Crown of the Dwarf King,4,6,0.67,67%,13.0,8.67,52,0,Gratuit,Gratuit,13.0,8.67
Épée Obscure,Swords of Darkness,3,6,0.5,50%,17.0,8.5,51,1,17.0,8.5,8.5,4.25
Esprit Guerrier,Spirit of the Warrior,3,6,0.5,50%,16.0,8.0,48,1,16.0,8.0,8.0,4.0
Explosion Arcanique,Arcane Explosive,4,6,0.67,67%,12.0,8.0,48,1,12.0,8.0,6.0,4.0
Elan de Fureur,Rampage Momentum,3,6,0.5,50%,15.0,7.5,45,2,7.5,3.75,5.0,2.5
Armure d'Immortel,Immortal Breastplate,3,6,0.5,50%,14.0,7.0,42,1,14.0,7.0,7.0,3.5
Tombeau Rocheux,Rock Tomb,4,6,0.67,67%,10.0,6.67,40,1,10.0,6.67,5.0,3.33
Aura Légendaire,Legend Aura,1,6,0.17,17%,40.0,6.67,40,3,13.33,2.22,10.0,1.67
Esprit de l'Écuyer,Spirit of the Squire,5,6,0.83,83%,7.8,6.5,39,3,2.6,2.17,1.95,1.62
Enchaînement Éclair,Unstoppable Lightning,2,6,0.33,33%,18.0,6.0,36,1,18.0,6.0,9.0,3.0
Marteleur précis,Precise Hammer,2,6,0.33,33%,18.0,6.0,36,1,18.0,6.0,9.0,3.0
Masse Colossale,Colossal Mace,3,6,0.5,50%,11.0,5.5,33,0,Gratuit,Gratuit,11.0,5.5
Désintégrateur Magnétique,Magnetic Disintegrator,3,6,0.5,50%,11.0,5.5,33,0,Gratuit,Gratuit,11.0,5.5
Totem du Gardien,Guardian Totem,6,6,1.0,100%,5.33,5.33,32,3,1.78,1.78,1.33,1.33
Triple Météore,Trimeteor,1,6,0.17,17%,30.0,5.0,30,0,Gratuit,Gratuit,30.0,5.0
Bâton de Conquête,Conquering Staff,1,6,0.17,17%,24.0,4.0,24,2,12.0,2.0,8.0,1.33
Danse Macabre,Dance of Death,3,6,0.5,50%,8.0,4.0,24,1,8.0,4.0,4.0,2.0
Sabre Versatile,Versatil Saber,2,6,0.33,33%,11.0,3.67,22,1,11.0,3.67,5.5,1.83
Force Divine,Divine Impetu,2,6,0.33,33%,11.0,3.67,22,0,Gratuit,Gratuit,11.0,3.67
Coup de Mort,Death Helper,2,6,0.33,33%,10.0,3.33,20,1,10.0,3.33,5.0,1.67
Le Marionnettiste,The Puppeteer,1,6,0.17,17%,20.0,3.33,20,2,10.0,1.67,6.67,1.11
Épé Sainte,Holy Sword,2,6,0.33,33%,10.0,3.33,20,0,Gratuit,Gratuit,10.0,3.33
Pillard Féroce,Savage Looter,1,6,0.17,17%,20.0,3.33,20,1,20.0,3.33,10.0,1.67
Œil de Lynx,Hawk's Eye,2,6,0.33,33%,8.0,2.67,16,0,Gratuit,Gratuit,8.0,2.67
Griffes Sauvages,Wild Claw,4,6,0.67,67%,3.25,2.17,13,3,1.08,0.72,0.81,0.54
Bâton du Conquérant,Staff of Conquered Worlds,1,6,0.17,17%,11.0,1.83,11,0,Gratuit,Gratuit,11.0,1.83
