,Nom Anglais,nb games valide,total games,ratio,%,pts moy,pts moy total,total point,cout,pts par cout moy,pts par cout total,pts par cout moy+1,pts par cout total+1
Faux Assoiffées,Thirsty Scythes,9,11,0.82,82%,25.0,20.45,225,3,8.33,6.82,6.25,5.11
Faux,Scythe,11,11,1.0,100%,18.64,18.64,205,3,6.21,6.21,4.66,4.66
Gantelet Impérieux,Imperious Gauntlet,6,11,0.55,55%,30.0,16.36,180,1,30.0,16.36,15.0,8.18
Lame Insatiable,Fast Furious Blade,11,11,1.0,100%,16.0,16.0,176,2,8.0,8.0,5.33,5.33
Totem Équivalent,Equivalent Totem,11,11,1.0,100%,15.64,15.64,172,2,7.82,7.82,5.21,5.21
Marteau Collecteur,Collecting Hammer,9,11,0.82,82%,17.0,13.91,153,2,8.5,6.96,5.67,4.64
Économe Sagesse du Trésorier,Treasurer's Wisdom,9,11,0.82,82%,17.0,13.91,153,2,8.5,6.96,5.67,4.64
Lame Affutée,Sharp Blade,10,11,0.91,91%,15.3,13.91,153,3,5.1,4.64,3.83,3.48
Aveuglement,Incapacitor,11,11,1.0,100%,13.09,13.09,144,3,4.36,4.36,3.27,3.27
Hache Frénétique,Berseker Ax,10,11,0.91,91%,14.0,12.73,140,2,7.0,6.37,4.67,4.24
Faux Parfaite,Perfect Scythe,9,11,0.82,82%,15.0,12.27,135,0,Gratuit,Gratuit,15.0,12.27
Chasseresse d'Âmes,Huntress of Souls,7,11,0.64,64%,19.0,12.09,133,1,19.0,12.09,9.5,6.04
Parchemin Secret,Secret Scroll,7,11,0.64,64%,18.0,11.45,126,2,9.0,5.72,6.0,3.82
Bâton de Conquête,Conquering Staff,5,11,0.45,45%,24.0,10.91,120,2,12.0,5.46,8.0,3.64
Armure d'Obsidienne,Obsidian Battle Plate,6,11,0.55,55%,20.0,10.91,120,2,10.0,5.46,6.67,3.64
Griffes Démoniaques,Demon Claws,7,11,0.64,64%,17.0,10.82,119,1,17.0,10.82,8.5,5.41
Explosion Arcanique,Arcane Explosive,8,11,0.73,73%,12.0,8.73,96,1,12.0,8.73,6.0,4.37
Esprit Guerrier,Spirit of the Warrior,6,11,0.55,55%,16.0,8.73,96,1,16.0,8.73,8.0,4.37
Épée Obscure,Swords of Darkness,5,11,0.45,45%,17.0,7.73,85,1,17.0,7.73,8.5,3.87
Couronne du Roi Nain,Crown of the Dwarf King,6,11,0.55,55%,13.0,7.09,78,0,Gratuit,Gratuit,13.0,7.09
Elan de Fureur,Rampage Momentum,5,11,0.45,45%,15.0,6.82,75,2,7.5,3.41,5.0,2.27
Enchaînement Éclair,Unstoppable Lightning,4,11,0.36,36%,18.0,6.55,72,1,18.0,6.55,9.0,3.27
Armure d'Immortel,Immortal Breastplate,5,11,0.45,45%,14.0,6.36,70,1,14.0,6.36,7.0,3.18
Tombeau Rocheux,Rock Tomb,7,11,0.64,64%,10.0,6.36,70,1,10.0,6.36,5.0,3.18
Esprit de l'Écuyer,Spirit of the Squire,9,11,0.82,82%,7.67,6.27,69,3,2.56,2.09,1.92,1.57
Totem du Gardien,Guardian Totem,11,11,1.0,100%,5.09,5.09,56,3,1.7,1.7,1.27,1.27
Masse Colossale,Colossal Mace,5,11,0.45,45%,11.0,5.0,55,0,Gratuit,Gratuit,11.0,5.0
Marteleur précis,Precise Hammer,3,11,0.27,27%,18.0,4.91,54,1,18.0,4.91,9.0,2.46
Œil de Lynx,Hawk's Eye,6,11,0.55,55%,8.33,4.55,50,0,Gratuit,Gratuit,8.33,4.55
Épé Sainte,Holy Sword,5,11,0.45,45%,10.0,4.55,50,0,Gratuit,Gratuit,10.0,4.55
Danse Macabre,Dance of Death,6,11,0.55,55%,8.0,4.36,48,1,8.0,4.36,4.0,2.18
Sabre Versatile,Versatil Saber,4,11,0.36,36%,11.0,4.0,44,1,11.0,4.0,5.5,2.0
Désintégrateur Magnétique,Magnetic Disintegrator,4,11,0.36,36%,11.0,4.0,44,0,Gratuit,Gratuit,11.0,4.0
Aura Légendaire,Legend Aura,1,11,0.09,9%,40.0,3.64,40,3,13.33,1.21,10.0,0.91
Pillard Féroce,Savage Looter,2,11,0.18,18%,20.0,3.64,40,1,20.0,3.64,10.0,1.82
Bâton du Conquérant,Staff of Conquered Worlds,3,11,0.27,27%,11.0,3.0,33,0,Gratuit,Gratuit,11.0,3.0
Force Divine,Divine Impetu,3,11,0.27,27%,11.0,3.0,33,0,Gratuit,Gratuit,11.0,3.0
Triple Météore,Trimeteor,1,11,0.09,9%,30.0,2.73,30,0,Gratuit,Gratuit,30.0,2.73
Griffes Sauvages,Wild Claw,8,11,0.73,73%,2.88,2.09,23,3,0.96,0.7,0.72,0.52
Coup de Mort,Death Helper,2,11,0.18,18%,10.0,1.82,20,1,10.0,1.82,5.0,0.91
Le Marionnettiste,The Puppeteer,1,11,0.09,9%,20.0,1.82,20,2,10.0,0.91,6.67,0.61
Décharge Élémentaire,Elemental Discharge,1,11,0.09,9%,18.0,1.64,18,1,18.0,1.64,9.0,0.82
Esprit omniprésent,Omnipresent Spirit,1,11,0.09,9%,18.0,1.64,18,2,9.0,0.82,6.0,0.55
Soif de Sang,Thirsty Dagger,1,11,0.09,9%,15.0,1.36,15,0,Gratuit,Gratuit,15.0,1.36
Chasseur d'Âmes,Soul Hunter,1,11,0.09,9%,15.0,1.36,15,1,15.0,1.36,7.5,0.68
