,Nom Anglais,nb games valide,total games,ratio,%,pts moy,pts moy total,total point,cout,pts par cout moy,pts par cout total
Aveuglement,Incapacitor,7,7,1.0,100%,25.71,25.71,180,3,8.57,8.57
Faux,Scythe,7,7,1.0,100%,16.14,16.14,113,3,5.38,5.38
Armure d'Obsidienne,Obsidian Battle Plate,4,7,0.57,57%,20.0,11.43,80,2,10.0,5.71
Faux Assoiffées,Thirsty Scythes,3,7,0.43,43%,25.0,10.71,75,3,8.33,3.57
Esprit de l'Écuyer,Spirit of the Squire,6,7,0.86,86%,12.0,10.29,72,3,4.0,3.43
Bâton de Conquête,Conquering Staff,3,7,0.43,43%,24.0,10.29,72,2,12.0,5.14
Économe Sagesse du Trésorier,Treasurer's Wisdom,4,7,0.57,57%,17.0,9.71,68,2,8.5,4.86
Lame Affutée,Sharp Blade,5,7,0.71,71%,13.2,9.43,66,3,4.4,3.14
Chasseresse d'Âmes,Huntress of Souls,3,7,0.43,43%,19.0,8.14,57,1,19.0,8.14
Parchemin Secret,Secret Scroll,3,7,0.43,43%,18.0,7.71,54,2,9.0,3.85
Griffes Démoniaques,Demon Claws,3,7,0.43,43%,17.0,7.29,51,1,17.0,7.29
Ascension Divine,Divine Ascent,2,7,0.29,29%,25.0,7.14,50,3,8.33,2.38
Épées Jumelles,Twin Swords,3,7,0.43,43%,16.67,7.14,50,1,16.67,7.14
Lame Insatiable,Fast Furious Blade,3,7,0.43,43%,16.0,6.86,48,2,8.0,3.43
Épée Obscure,Swords of Darkness,3,7,0.43,43%,15.0,6.43,45,1,15.0,6.43
Sabre Versatile,Versatil Saber,4,7,0.57,57%,11.0,6.29,44,1,11.0,6.29
Hache Frénétique,Berseker Ax,3,7,0.43,43%,14.0,6.0,42,2,7.0,3.0
Armure d'Immortel,Immortal Breastplate,3,7,0.43,43%,14.0,6.0,42,1,14.0,6.0
Totem du Gardien,Guardian Totem,7,7,1.0,100%,5.57,5.57,39,3,1.86,1.86
Désintégrateur Magnétique,Magnetic Disintegrator,3,7,0.43,43%,11.0,4.71,33,0,Gratuit,Gratuit
Destruction Royale,Royal Destroyer,3,7,0.43,43%,11.0,4.71,33,0,Gratuit,Gratuit
Danse Macabre,Dance of Death,4,7,0.57,57%,8.0,4.57,32,1,8.0,4.57
Frappe Chirurgicale,Accurate Sword,2,7,0.29,29%,16.0,4.57,32,1,16.0,4.57
Coup de Mort,Death Helper,3,7,0.43,43%,10.0,4.29,30,1,10.0,4.29
Esquive Salvatrice,Evasive Protection,2,7,0.29,29%,15.0,4.29,30,0,Gratuit,Gratuit
Elan de Fureur,Rampage Momentum,2,7,0.29,29%,15.0,4.29,30,2,7.5,2.15
Tombeau Rocheux,Rock Tomb,3,7,0.43,43%,10.0,4.29,30,1,10.0,4.29
Griffes Sauvages,Wild Claw,6,7,0.86,86%,4.17,3.57,25,3,1.39,1.19
Œil de Lynx,Hawk's Eye,3,7,0.43,43%,8.0,3.43,24,0,Gratuit,Gratuit
Explosion Arcanique,Arcane Explosive,2,7,0.29,29%,12.0,3.43,24,1,12.0,3.43
Assistance Divine,Sacred Help,1,7,0.14,14%,20.0,2.86,20,2,10.0,1.43
Être de Lumière,Being of Light,1,7,0.14,14%,18.0,2.57,18,1,18.0,2.57
Enchaînement Éclair,Unstoppable Lightning,1,7,0.14,14%,18.0,2.57,18,1,18.0,2.57
Décharge Élémentaire,Elemental Discharge,1,7,0.14,14%,18.0,2.57,18,1,18.0,2.57
Esprit Guerrier,Spirit of the Warrior,1,7,0.14,14%,16.0,2.29,16,1,16.0,2.29
Lance Doublée,Dual Spear,2,7,0.29,29%,8.0,2.29,16,0,Gratuit,Gratuit
Bâton du Conquérant,Staff of Conquered Worlds,1,7,0.14,14%,11.0,1.57,11,0,Gratuit,Gratuit
Amulette Omnisciente,Omnipresent Amulet,1,7,0.14,14%,11.0,1.57,11,0,Gratuit,Gratuit
Force Divine,Divine Impetu,1,7,0.14,14%,11.0,1.57,11,0,Gratuit,Gratuit
Masse Colossale,Colossal Mace,1,7,0.14,14%,11.0,1.57,11,0,Gratuit,Gratuit
Épé Sainte,Holy Sword,1,7,0.14,14%,10.0,1.43,10,0,Gratuit,Gratuit
