,Nom Anglais,nb games valide,total games,ratio,%,pts moy,pts moy total,total point,cout,pts par cout moy,pts par cout total
Marteau Collecteur,Collecting Hammer,2,2,1.0,100%,30.0,30.0,60,2,15.0,15.0
Armure d'Obsidienne,Obsidian Battle Plate,2,2,1.0,100%,20.0,20.0,40,2,10.0,10.0
Esprit omniprésent,Omnipresent Spirit,2,2,1.0,100%,18.0,18.0,36,2,9.0,9.0
Économe Sagesse du Trésorier,Treasurer's Wisdom,2,2,1.0,100%,17.0,17.0,34,2,8.5,8.5
Gantelet Impérieux,Imperious Gauntlet,1,2,0.5,50%,30.0,15.0,30,1,30.0,15.0
Totem Équivalent,Equivalent Totem,2,2,1.0,100%,14.5,14.5,29,1,14.5,14.5
Esprit de l'Écuyer,Spirit of the Squire,2,2,1.0,100%,13.5,13.5,27,3,4.5,4.5
Lame Affutée,Sharp Blade,2,2,1.0,100%,13.5,13.5,27,3,4.5,4.5
Faux,Scythe,2,2,1.0,100%,12.5,12.5,25,3,4.17,4.17
Explosion Arcanique,Arcane Explosive,2,2,1.0,100%,12.0,12.0,24,1,12.0,12.0
Bâton de Conquête,Conquering Staff,1,2,0.5,50%,24.0,12.0,24,2,12.0,6.0
Masse Colossale,Colossal Mace,2,2,1.0,100%,11.0,11.0,22,0,Gratuit,Gratuit
Sabre Versatile,Versatil Saber,2,2,1.0,100%,11.0,11.0,22,1,11.0,11.0
Force Divine,Divine Impetu,2,2,1.0,100%,11.0,11.0,22,0,Gratuit,Gratuit
Coup de Mort,Death Helper,2,2,1.0,100%,10.0,10.0,20,1,10.0,10.0
Le Marionnettiste,The Puppeteer,1,2,0.5,50%,20.0,10.0,20,2,10.0,5.0
Tombeau Rocheux,Rock Tomb,2,2,1.0,100%,10.0,10.0,20,1,10.0,10.0
Chasseresse d'Âmes,Huntress of Souls,1,2,0.5,50%,19.0,9.5,19,1,19.0,9.5
Marteleur précis,Precise Hammer,1,2,0.5,50%,18.0,9.0,18,1,18.0,9.0
Parchemin Secret,Secret Scroll,1,2,0.5,50%,18.0,9.0,18,2,9.0,4.5
Aveuglement,Incapacitor,2,2,1.0,100%,9.0,9.0,18,3,3.0,3.0
Épée Obscure,Swords of Darkness,1,2,0.5,50%,17.0,8.5,17,1,17.0,8.5
Griffes Démoniaques,Demon Claws,1,2,0.5,50%,17.0,8.5,17,1,17.0,8.5
Esprit Guerrier,Spirit of the Warrior,1,2,0.5,50%,16.0,8.0,16,1,16.0,8.0
Elan de Fureur,Rampage Momentum,1,2,0.5,50%,15.0,7.5,15,2,7.5,3.75
Soif de Sang,Thirsty Dagger,1,2,0.5,50%,15.0,7.5,15,0,Gratuit,Gratuit
Faux Parfaite,Perfect Scythe,1,2,0.5,50%,15.0,7.5,15,0,Gratuit,Gratuit
Armure d'Immortel,Immortal Breastplate,1,2,0.5,50%,14.0,7.0,14,1,14.0,7.0
Hache Frénétique,Berseker Ax,1,2,0.5,50%,14.0,7.0,14,2,7.0,3.5
Couronne du Roi Nain,Crown of the Dwarf King,1,2,0.5,50%,13.0,6.5,13,0,Gratuit,Gratuit
Désintégrateur Magnétique,Magnetic Disintegrator,1,2,0.5,50%,11.0,5.5,11,0,Gratuit,Gratuit
Amulette Omnisciente,Omnipresent Amulet,1,2,0.5,50%,11.0,5.5,11,0,Gratuit,Gratuit
Danse Macabre,Dance of Death,1,2,0.5,50%,8.0,4.0,8,1,8.0,4.0
Totem du Gardien,Guardian Totem,2,2,1.0,100%,3.0,3.0,6,3,1.0,1.0
Griffes Sauvages,Wild Claw,1,2,0.5,50%,2.0,1.0,2,3,0.67,0.33
