,Nom Anglais,nb games valide,total games,ratio,%,pts moy,pts moy total,total point,cout,pts par cout moy,pts par cout total,pts par cout moy+1,pts par cout total+1
Armure d'Obsidienne,Obsidian Battle Plate,7,9,0.78,78%,20.0,15.56,140,2,10.0,7.78,6.67,5.19
Totem Équivalent,Equivalent Totem,9,9,1.0,100%,14.11,14.11,127,2,7.05,7.05,4.7,4.7
Marteau Collecteur,Collecting Hammer,6,9,0.67,67%,21.0,14.0,126,2,10.5,7.0,7.0,4.67
Faux,Scythe,9,9,1.0,100%,13.11,13.11,118,3,4.37,4.37,3.28,3.28
Parchemin Secret,Secret Scroll,5,9,0.56,56%,18.0,10.0,90,2,9.0,5.0,6.0,3.33
Aveuglement,Incapacitor,9,9,1.0,100%,9.67,9.67,87,3,3.22,3.22,2.42,2.42
Économe Sagesse du Trésorier,Treasurer's Wisdom,5,9,0.56,56%,17.0,9.44,85,2,8.5,4.72,5.67,3.15
Esprit de l'Écuyer,Spirit of the Squire,8,9,0.89,89%,10.5,9.33,84,3,3.5,3.11,2.62,2.33
Lame Affutée,Sharp Blade,6,9,0.67,67%,13.5,9.0,81,3,4.5,3.0,3.38,2.25
Hache Frénétique,Berseker Ax,5,9,0.56,56%,14.0,7.78,70,2,7.0,3.89,4.67,2.59
Sabre Versatile,Versatil Saber,6,9,0.67,67%,11.0,7.33,66,1,11.0,7.33,5.5,3.67
Lame Insatiable,Fast Furious Blade,4,9,0.44,44%,16.0,7.11,64,2,8.0,3.56,5.33,2.37
Explosion Arcanique,Arcane Explosive,5,9,0.56,56%,12.0,6.67,60,1,12.0,6.67,6.0,3.33
Elan de Fureur,Rampage Momentum,4,9,0.44,44%,15.0,6.67,60,2,7.5,3.33,5.0,2.22
Chasseresse d'Âmes,Huntress of Souls,3,9,0.33,33%,19.0,6.33,57,1,19.0,6.33,9.5,3.17
Esprit omniprésent,Omnipresent Spirit,3,9,0.33,33%,18.0,6.0,54,2,9.0,3.0,6.0,2.0
Griffes Démoniaques,Demon Claws,3,9,0.33,33%,17.0,5.67,51,1,17.0,5.67,8.5,2.83
Coup de Mort,Death Helper,5,9,0.56,56%,10.0,5.56,50,1,10.0,5.56,5.0,2.78
Bâton de Conquête,Conquering Staff,2,9,0.22,22%,24.0,5.33,48,2,12.0,2.67,8.0,1.78
Esprit Guerrier,Spirit of the Warrior,3,9,0.33,33%,16.0,5.33,48,1,16.0,5.33,8.0,2.67
Masse Colossale,Colossal Mace,4,9,0.44,44%,11.0,4.89,44,0,Gratuit,Gratuit,11.0,4.89
Armure d'Immortel,Immortal Breastplate,3,9,0.33,33%,14.0,4.67,42,1,14.0,4.67,7.0,2.33
Tombeau Rocheux,Rock Tomb,4,9,0.44,44%,10.0,4.44,40,1,10.0,4.44,5.0,2.22
Couronne du Roi Nain,Crown of the Dwarf King,3,9,0.33,33%,13.0,4.33,39,0,Gratuit,Gratuit,13.0,4.33
Marteleur précis,Precise Hammer,2,9,0.22,22%,18.0,4.0,36,1,18.0,4.0,9.0,2.0
Désintégrateur Magnétique,Magnetic Disintegrator,3,9,0.33,33%,11.0,3.67,33,0,Gratuit,Gratuit,11.0,3.67
Danse Macabre,Dance of Death,4,9,0.44,44%,8.0,3.56,32,1,8.0,3.56,4.0,1.78
Totem du Gardien,Guardian Totem,9,9,1.0,100%,3.44,3.44,31,3,1.15,1.15,0.86,0.86
Soif de Sang,Thirsty Dagger,2,9,0.22,22%,15.0,3.33,30,0,Gratuit,Gratuit,15.0,3.33
Gantelet Impérieux,Imperious Gauntlet,1,9,0.11,11%,30.0,3.33,30,1,30.0,3.33,15.0,1.67
Faux Assoiffées,Thirsty Scythes,1,9,0.11,11%,25.0,2.78,25,3,8.33,0.93,6.25,0.69
Force Divine,Divine Impetu,2,9,0.22,22%,11.0,2.44,22,0,Gratuit,Gratuit,11.0,2.44
Le Marionnettiste,The Puppeteer,1,9,0.11,11%,20.0,2.22,20,2,10.0,1.11,6.67,0.74
Enchaînement Éclair,Unstoppable Lightning,1,9,0.11,11%,18.0,2.0,18,1,18.0,2.0,9.0,1.0
Épée Obscure,Swords of Darkness,1,9,0.11,11%,17.0,1.89,17,1,17.0,1.89,8.5,0.94
Faux Parfaite,Perfect Scythe,1,9,0.11,11%,15.0,1.67,15,0,Gratuit,Gratuit,15.0,1.67
Amulette Omnisciente,Omnipresent Amulet,1,9,0.11,11%,11.0,1.22,11,0,Gratuit,Gratuit,11.0,1.22
Griffes Sauvages,Wild Claw,5,9,0.56,56%,2.0,1.11,10,3,0.67,0.37,0.5,0.28
