,Nom Anglais,nb games valide,total games,ratio,%,pts moy,pts moy total,total point,cout,pts par cout moy,pts par cout total,pts par cout moy+1,pts par cout total+1
Marteau Collecteur,Collecting Hammer,6,8,0.75,75%,21.0,15.75,126,2,10.5,7.88,7.0,5.25
Armure d'Obsidienne,Obsidian Battle Plate,6,8,0.75,75%,20.0,15.0,120,2,10.0,7.5,6.67,5.0
Totem Équivalent,Equivalent Totem,8,8,1.0,100%,14.5,14.5,116,2,7.25,7.25,4.83,4.83
Faux,Scythe,8,8,1.0,100%,13.5,13.5,108,3,4.5,4.5,3.38,3.38
Parchemin Secret,Secret Scroll,5,8,0.62,62%,18.0,11.25,90,2,9.0,5.62,6.0,3.75
Économe Sagesse du Trésorier,Treasurer's Wisdom,5,8,0.62,62%,17.0,10.62,85,2,8.5,5.31,5.67,3.54
Esprit de l'Écuyer,Spirit of the Squire,8,8,1.0,100%,10.5,10.5,84,3,3.5,3.5,2.62,2.62
Lame Affutée,Sharp Blade,6,8,0.75,75%,13.5,10.12,81,3,4.5,3.37,3.38,2.53
Aveuglement,Incapacitor,8,8,1.0,100%,9.38,9.38,75,3,3.13,3.13,2.35,2.35
Hache Frénétique,Berseker Ax,5,8,0.62,62%,14.0,8.75,70,2,7.0,4.38,4.67,2.92
Sabre Versatile,Versatil Saber,6,8,0.75,75%,11.0,8.25,66,1,11.0,8.25,5.5,4.12
Lame Insatiable,Fast Furious Blade,4,8,0.5,50%,16.0,8.0,64,2,8.0,4.0,5.33,2.67
Explosion Arcanique,Arcane Explosive,5,8,0.62,62%,12.0,7.5,60,1,12.0,7.5,6.0,3.75
Elan de Fureur,Rampage Momentum,4,8,0.5,50%,15.0,7.5,60,2,7.5,3.75,5.0,2.5
Chasseresse d'Âmes,Huntress of Souls,3,8,0.38,38%,19.0,7.12,57,1,19.0,7.12,9.5,3.56
Esprit omniprésent,Omnipresent Spirit,3,8,0.38,38%,18.0,6.75,54,2,9.0,3.38,6.0,2.25
Griffes Démoniaques,Demon Claws,3,8,0.38,38%,17.0,6.38,51,1,17.0,6.38,8.5,3.19
Coup de Mort,Death Helper,5,8,0.62,62%,10.0,6.25,50,1,10.0,6.25,5.0,3.12
Bâton de Conquête,Conquering Staff,2,8,0.25,25%,24.0,6.0,48,2,12.0,3.0,8.0,2.0
Esprit Guerrier,Spirit of the Warrior,3,8,0.38,38%,16.0,6.0,48,1,16.0,6.0,8.0,3.0
Masse Colossale,Colossal Mace,4,8,0.5,50%,11.0,5.5,44,0,Gratuit,Gratuit,11.0,5.5
Armure d'Immortel,Immortal Breastplate,3,8,0.38,38%,14.0,5.25,42,1,14.0,5.25,7.0,2.62
Tombeau Rocheux,Rock Tomb,4,8,0.5,50%,10.0,5.0,40,1,10.0,5.0,5.0,2.5
Couronne du Roi Nain,Crown of the Dwarf King,3,8,0.38,38%,13.0,4.88,39,0,Gratuit,Gratuit,13.0,4.88
Marteleur précis,Precise Hammer,2,8,0.25,25%,18.0,4.5,36,1,18.0,4.5,9.0,2.25
Désintégrateur Magnétique,Magnetic Disintegrator,3,8,0.38,38%,11.0,4.12,33,0,Gratuit,Gratuit,11.0,4.12
Danse Macabre,Dance of Death,4,8,0.5,50%,8.0,4.0,32,1,8.0,4.0,4.0,2.0
Soif de Sang,Thirsty Dagger,2,8,0.25,25%,15.0,3.75,30,0,Gratuit,Gratuit,15.0,3.75
Gantelet Impérieux,Imperious Gauntlet,1,8,0.12,12%,30.0,3.75,30,1,30.0,3.75,15.0,1.88
Totem du Gardien,Guardian Totem,8,8,1.0,100%,3.62,3.62,29,3,1.21,1.21,0.91,0.91
Faux Assoiffées,Thirsty Scythes,1,8,0.12,12%,25.0,3.12,25,3,8.33,1.04,6.25,0.78
Force Divine,Divine Impetu,2,8,0.25,25%,11.0,2.75,22,0,Gratuit,Gratuit,11.0,2.75
Le Marionnettiste,The Puppeteer,1,8,0.12,12%,20.0,2.5,20,2,10.0,1.25,6.67,0.83
Enchaînement Éclair,Unstoppable Lightning,1,8,0.12,12%,18.0,2.25,18,1,18.0,2.25,9.0,1.12
Épée Obscure,Swords of Darkness,1,8,0.12,12%,17.0,2.12,17,1,17.0,2.12,8.5,1.06
Faux Parfaite,Perfect Scythe,1,8,0.12,12%,15.0,1.88,15,0,Gratuit,Gratuit,15.0,1.88
Amulette Omnisciente,Omnipresent Amulet,1,8,0.12,12%,11.0,1.38,11,0,Gratuit,Gratuit,11.0,1.38
Griffes Sauvages,Wild Claw,5,8,0.62,62%,2.0,1.25,10,3,0.67,0.42,0.5,0.31
