,Nom Anglais,nb games valide,total games,ratio,%,pts moy,pts moy total,total point,cout,pts par cout moy,pts par cout total,pts par cout moy+1,pts par cout total+1
Marteau Collecteur,Collecting Hammer,4,5,0.8,80%,27.0,21.6,108,2,13.5,10.8,9.0,7.2
Armure d'Obsidienne,Obsidian Battle Plate,4,5,0.8,80%,20.0,16.0,80,2,10.0,8.0,6.67,5.33
Totem Équivalent,Equivalent Totem,5,5,1.0,100%,13.8,13.8,69,2,6.9,6.9,4.6,4.6
Faux,Scythe,5,5,1.0,100%,12.2,12.2,61,3,4.07,4.07,3.05,3.05
Lame Affutée,Sharp Blade,4,5,0.8,80%,14.25,11.4,57,3,4.75,3.8,3.56,2.85
Parchemin Secret,Secret Scroll,3,5,0.6,60%,18.0,10.8,54,2,9.0,5.4,6.0,3.6
Esprit de l'Écuyer,Spirit of the Squire,5,5,1.0,100%,10.8,10.8,54,3,3.6,3.6,2.7,2.7
Explosion Arcanique,Arcane Explosive,4,5,0.8,80%,12.0,9.6,48,1,12.0,9.6,6.0,4.8
Elan de Fureur,Rampage Momentum,3,5,0.6,60%,15.0,9.0,45,2,7.5,4.5,5.0,3.0
Masse Colossale,Colossal Mace,4,5,0.8,80%,11.0,8.8,44,0,Gratuit,Gratuit,11.0,8.8
Sabre Versatile,Versatil Saber,4,5,0.8,80%,11.0,8.8,44,1,11.0,8.8,5.5,4.4
Hache Frénétique,Berseker Ax,3,5,0.6,60%,14.0,8.4,42,2,7.0,4.2,4.67,2.8
Armure d'Immortel,Immortal Breastplate,3,5,0.6,60%,14.0,8.4,42,1,14.0,8.4,7.0,4.2
Aveuglement,Incapacitor,5,5,1.0,100%,7.8,7.8,39,3,2.6,2.6,1.95,1.95
Chasseresse d'Âmes,Huntress of Souls,2,5,0.4,40%,19.0,7.6,38,1,19.0,7.6,9.5,3.8
Marteleur précis,Precise Hammer,2,5,0.4,40%,18.0,7.2,36,1,18.0,7.2,9.0,3.6
Esprit omniprésent,Omnipresent Spirit,2,5,0.4,40%,18.0,7.2,36,2,9.0,3.6,6.0,2.4
Griffes Démoniaques,Demon Claws,2,5,0.4,40%,17.0,6.8,34,1,17.0,6.8,8.5,3.4
Économe Sagesse du Trésorier,Treasurer's Wisdom,2,5,0.4,40%,17.0,6.8,34,2,8.5,3.4,5.67,2.27
Esprit Guerrier,Spirit of the Warrior,2,5,0.4,40%,16.0,6.4,32,1,16.0,6.4,8.0,3.2
Coup de Mort,Death Helper,3,5,0.6,60%,10.0,6.0,30,1,10.0,6.0,5.0,3.0
Soif de Sang,Thirsty Dagger,2,5,0.4,40%,15.0,6.0,30,0,Gratuit,Gratuit,15.0,6.0
Gantelet Impérieux,Imperious Gauntlet,1,5,0.2,20%,30.0,6.0,30,1,30.0,6.0,15.0,3.0
Couronne du Roi Nain,Crown of the Dwarf King,2,5,0.4,40%,13.0,5.2,26,0,Gratuit,Gratuit,13.0,5.2
Danse Macabre,Dance of Death,3,5,0.6,60%,8.0,4.8,24,1,8.0,4.8,4.0,2.4
Bâton de Conquête,Conquering Staff,1,5,0.2,20%,24.0,4.8,24,2,12.0,2.4,8.0,1.6
Force Divine,Divine Impetu,2,5,0.4,40%,11.0,4.4,22,0,Gratuit,Gratuit,11.0,4.4
Tombeau Rocheux,Rock Tomb,2,5,0.4,40%,10.0,4.0,20,1,10.0,4.0,5.0,2.0
Le Marionnettiste,The Puppeteer,1,5,0.2,20%,20.0,4.0,20,2,10.0,2.0,6.67,1.33
Enchaînement Éclair,Unstoppable Lightning,1,5,0.2,20%,18.0,3.6,18,1,18.0,3.6,9.0,1.8
Épée Obscure,Swords of Darkness,1,5,0.2,20%,17.0,3.4,17,1,17.0,3.4,8.5,1.7
Totem du Gardien,Guardian Totem,5,5,1.0,100%,3.4,3.4,17,3,1.13,1.13,0.85,0.85
Lame Insatiable,Fast Furious Blade,1,5,0.2,20%,16.0,3.2,16,2,8.0,1.6,5.33,1.07
Faux Parfaite,Perfect Scythe,1,5,0.2,20%,15.0,3.0,15,0,Gratuit,Gratuit,15.0,3.0
Amulette Omnisciente,Omnipresent Amulet,1,5,0.2,20%,11.0,2.2,11,0,Gratuit,Gratuit,11.0,2.2
Désintégrateur Magnétique,Magnetic Disintegrator,1,5,0.2,20%,11.0,2.2,11,0,Gratuit,Gratuit,11.0,2.2
Griffes Sauvages,Wild Claw,3,5,0.6,60%,1.33,0.8,4,3,0.44,0.27,0.33,0.2
