,Nom Anglais,nb games valide,total games,ratio,%,pts moy,pts moy total,total point,cout,pts par cout moy,pts par cout total
Marteau Collecteur,Collecting Hammer,3,3,1.0,100%,26.0,26.0,78,2,13.0,13.0
Armure d'Obsidienne,Obsidian Battle Plate,3,3,1.0,100%,20.0,20.0,60,2,10.0,10.0
Totem Équivalent,Equivalent Totem,3,3,1.0,100%,14.33,14.33,43,1,14.33,14.33
Lame Affutée,Sharp Blade,3,3,1.0,100%,13.0,13.0,39,3,4.33,4.33
Esprit de l'Écuyer,Spirit of the Squire,3,3,1.0,100%,13.0,13.0,39,3,4.33,4.33
Faux,Scythe,3,3,1.0,100%,12.67,12.67,38,3,4.22,4.22
Chasseresse d'Âmes,Huntress of Souls,2,3,0.67,67%,19.0,12.67,38,1,19.0,12.67
Esprit omniprésent,Omnipresent Spirit,2,3,0.67,67%,18.0,12.0,36,2,9.0,6.0
Explosion Arcanique,Arcane Explosive,3,3,1.0,100%,12.0,12.0,36,1,12.0,12.0
Parchemin Secret,Secret Scroll,2,3,0.67,67%,18.0,12.0,36,2,9.0,6.0
Économe Sagesse du Trésorier,Treasurer's Wisdom,2,3,0.67,67%,17.0,11.33,34,2,8.5,5.67
Griffes Démoniaques,Demon Claws,2,3,0.67,67%,17.0,11.33,34,1,17.0,11.33
Masse Colossale,Colossal Mace,3,3,1.0,100%,11.0,11.0,33,0,Gratuit,Gratuit
Sabre Versatile,Versatil Saber,3,3,1.0,100%,11.0,11.0,33,1,11.0,11.0
Gantelet Impérieux,Imperious Gauntlet,1,3,0.33,33%,30.0,10.0,30,1,30.0,10.0
Elan de Fureur,Rampage Momentum,2,3,0.67,67%,15.0,10.0,30,2,7.5,5.0
Coup de Mort,Death Helper,3,3,1.0,100%,10.0,10.0,30,1,10.0,10.0
Hache Frénétique,Berseker Ax,2,3,0.67,67%,14.0,9.33,28,2,7.0,4.67
Armure d'Immortel,Immortal Breastplate,2,3,0.67,67%,14.0,9.33,28,1,14.0,9.33
Bâton de Conquête,Conquering Staff,1,3,0.33,33%,24.0,8.0,24,2,12.0,4.0
Aveuglement,Incapacitor,3,3,1.0,100%,8.0,8.0,24,3,2.67,2.67
Force Divine,Divine Impetu,2,3,0.67,67%,11.0,7.33,22,0,Gratuit,Gratuit
Tombeau Rocheux,Rock Tomb,2,3,0.67,67%,10.0,6.67,20,1,10.0,6.67
Le Marionnettiste,The Puppeteer,1,3,0.33,33%,20.0,6.67,20,2,10.0,3.33
Marteleur précis,Precise Hammer,1,3,0.33,33%,18.0,6.0,18,1,18.0,6.0
Épée Obscure,Swords of Darkness,1,3,0.33,33%,17.0,5.67,17,1,17.0,5.67
Esprit Guerrier,Spirit of the Warrior,1,3,0.33,33%,16.0,5.33,16,1,16.0,5.33
Lame Insatiable,Fast Furious Blade,1,3,0.33,33%,16.0,5.33,16,2,8.0,2.67
Danse Macabre,Dance of Death,2,3,0.67,67%,8.0,5.33,16,1,8.0,5.33
Soif de Sang,Thirsty Dagger,1,3,0.33,33%,15.0,5.0,15,0,Gratuit,Gratuit
Faux Parfaite,Perfect Scythe,1,3,0.33,33%,15.0,5.0,15,0,Gratuit,Gratuit
Couronne du Roi Nain,Crown of the Dwarf King,1,3,0.33,33%,13.0,4.33,13,0,Gratuit,Gratuit
Désintégrateur Magnétique,Magnetic Disintegrator,1,3,0.33,33%,11.0,3.67,11,0,Gratuit,Gratuit
Amulette Omnisciente,Omnipresent Amulet,1,3,0.33,33%,11.0,3.67,11,0,Gratuit,Gratuit
Totem du Gardien,Guardian Totem,3,3,1.0,100%,3.67,3.67,11,3,1.22,1.22
Griffes Sauvages,Wild Claw,2,3,0.67,67%,1.5,1.0,3,3,0.5,0.33
