,Nom Anglais,nb games valide,total games,ratio,%,pts moy,pts moy total,total point,cout,pts par cout moy,pts par cout total,pts par cout moy+1,pts par cout total+1
Faux,Scythe,9,9,1.0,100%,18.89,18.89,170,3,6.3,6.3,4.72,4.72
Faux Assoiffées,Thirsty Scythes,6,9,0.67,67%,25.0,16.67,150,3,8.33,5.56,6.25,4.17
Lame Affutée,Sharp Blade,9,9,1.0,100%,16.67,16.67,150,3,5.56,5.56,4.17,4.17
Totem Équivalent,Equivalent Totem,9,9,1.0,100%,16.33,16.33,147,2,8.16,8.16,5.44,5.44
Lame Insatiable,Fast Furious Blade,8,9,0.89,89%,16.0,14.22,128,2,8.0,7.11,5.33,4.74
Bâton de Conquête,Conquering Staff,5,9,0.56,56%,24.0,13.33,120,2,12.0,6.67,8.0,4.44
Aveuglement,Incapacitor,9,9,1.0,100%,13.33,13.33,120,3,4.44,4.44,3.33,3.33
Économe Sagesse du Trésorier,Treasurer's Wisdom,7,9,0.78,78%,17.0,13.22,119,2,8.5,6.61,5.67,4.41
Marteau Collecteur,Collecting Hammer,6,9,0.67,67%,17.5,11.67,105,2,8.75,5.83,5.83,3.89
Hache Frénétique,Berseker Ax,6,9,0.67,67%,14.0,9.33,84,2,7.0,4.67,4.67,3.11
Armure d'Obsidienne,Obsidian Battle Plate,4,9,0.44,44%,20.0,8.89,80,2,10.0,4.45,6.67,2.96
Chasseresse d'Âmes,Huntress of Souls,4,9,0.44,44%,19.0,8.44,76,1,19.0,8.44,9.5,4.22
Ascension Divine,Divine Ascent,3,9,0.33,33%,25.0,8.33,75,3,8.33,2.78,6.25,2.08
Elan de Fureur,Rampage Momentum,5,9,0.56,56%,15.0,8.33,75,2,7.5,4.17,5.0,2.78
Esprit de l'Écuyer,Spirit of the Squire,8,9,0.89,89%,9.0,8.0,72,3,3.0,2.67,2.25,2.0
Parchemin Secret,Secret Scroll,4,9,0.44,44%,18.0,8.0,72,2,9.0,4.0,6.0,2.67
Tombeau Rocheux,Rock Tomb,7,9,0.78,78%,10.0,7.78,70,1,10.0,7.78,5.0,3.89
Épée Obscure,Swords of Darkness,4,9,0.44,44%,17.0,7.56,68,1,17.0,7.56,8.5,3.78
Griffes Démoniaques,Demon Claws,4,9,0.44,44%,17.0,7.56,68,1,17.0,7.56,8.5,3.78
Œil de Lynx,Hawk's Eye,5,9,0.56,56%,10.0,5.56,50,0,Gratuit,Gratuit,10.0,5.56
Danse Macabre,Dance of Death,6,9,0.67,67%,8.0,5.33,48,1,8.0,5.33,4.0,2.67
Assistance Divine,Sacred Help,2,9,0.22,22%,20.0,4.44,40,2,10.0,2.22,6.67,1.48
Aura Légendaire,Legend Aura,1,9,0.11,11%,40.0,4.44,40,3,13.33,1.48,10.0,1.11
Coup de Mort,Death Helper,3,9,0.33,33%,13.0,4.33,39,1,13.0,4.33,6.5,2.17
Couronne du Roi Nain,Crown of the Dwarf King,3,9,0.33,33%,13.0,4.33,39,0,Gratuit,Gratuit,13.0,4.33
Enchaînement Éclair,Unstoppable Lightning,2,9,0.22,22%,18.0,4.0,36,1,18.0,4.0,9.0,2.0
Marteleur précis,Precise Hammer,2,9,0.22,22%,18.0,4.0,36,1,18.0,4.0,9.0,2.0
Armure d'Immortel,Immortal Breastplate,2,9,0.22,22%,16.0,3.56,32,1,16.0,3.56,8.0,1.78
Totem du Gardien,Guardian Totem,9,9,1.0,100%,3.44,3.44,31,3,1.15,1.15,0.86,0.86
Gantelet Impérieux,Imperious Gauntlet,1,9,0.11,11%,30.0,3.33,30,1,30.0,3.33,15.0,1.67
Soif de Sang,Thirsty Dagger,2,9,0.22,22%,15.0,3.33,30,0,Gratuit,Gratuit,15.0,3.33
Faux Parfaite,Perfect Scythe,2,9,0.22,22%,15.0,3.33,30,0,Gratuit,Gratuit,15.0,3.33
Triple Météore,Trimeteor,1,9,0.11,11%,30.0,3.33,30,0,Gratuit,Gratuit,30.0,3.33
Griffes Sauvages,Wild Claw,8,9,0.89,89%,3.75,3.33,30,3,1.25,1.11,0.94,0.83
Explosion Arcanique,Arcane Explosive,2,9,0.22,22%,12.0,2.67,24,1,12.0,2.67,6.0,1.33
Sabre Versatile,Versatil Saber,2,9,0.22,22%,11.0,2.44,22,1,11.0,2.44,5.5,1.22
Désintégrateur Magnétique,Magnetic Disintegrator,2,9,0.22,22%,11.0,2.44,22,0,Gratuit,Gratuit,11.0,2.44
Bâton du Conquérant,Staff of Conquered Worlds,2,9,0.22,22%,11.0,2.44,22,0,Gratuit,Gratuit,11.0,2.44
Chasseur d'Âmes,Soul Hunter,1,9,0.11,11%,20.0,2.22,20,1,20.0,2.22,10.0,1.11
Pillard Féroce,Savage Looter,1,9,0.11,11%,20.0,2.22,20,1,20.0,2.22,10.0,1.11
Épé Sainte,Holy Sword,2,9,0.22,22%,10.0,2.22,20,0,Gratuit,Gratuit,10.0,2.22
Esprit Guerrier,Spirit of the Warrior,1,9,0.11,11%,16.0,1.78,16,1,16.0,1.78,8.0,0.89
Force Divine,Divine Impetu,1,9,0.11,11%,15.0,1.67,15,0,Gratuit,Gratuit,15.0,1.67
