,Nom Anglais,nb games valide,total games,ratio,%,pts moy,pts moy total,total point,cout,pts par cout moy,pts par cout total,pts par cout moy+1,pts par cout total+1
Marteau Collecteur,Collecting Hammer,1,1,1.0,100%,21.0,21.0,21,2,10.5,10.5,7.0,7.0
Armure d'Obsidienne,Obsidian Battle Plate,1,1,1.0,100%,20.0,20.0,20,2,10.0,10.0,6.67,6.67
Totem Équivalent,Equivalent Totem,1,1,1.0,100%,13.0,13.0,13,2,6.5,6.5,4.33,4.33
Faux,Scythe,1,1,1.0,100%,11.0,11.0,11,3,3.67,3.67,2.75,2.75
Lame Affutée,Sharp Blade,1,1,1.0,100%,6.0,6.0,6,3,2.0,2.0,1.5,1.5
Aveuglement,Incapacitor,1,1,1.0,100%,3.0,3.0,3,3,1.0,1.0,0.75,0.75
Totem du Gardien,Guardian Totem,1,1,1.0,100%,2.0,2.0,2,3,0.67,0.67,0.5,0.5
