,Nom Anglais,nb games valide,total games,ratio,%,pts moy,pts moy total,total point,cout,pts par cout moy,pts par cout total
Faux,Scythe,4,4,1.0,100%,13.25,13.25,53,3,4.42,4.42
Aveuglement,Incapacitor,4,4,1.0,100%,7.5,7.5,30,3,2.5,2.5
Armure d'Obsidienne,Obsidian Battle Plate,1,4,0.25,25%,20.0,5.0,20,2,10.0,2.5
Esprit omniprésent,Omnipresent Spirit,1,4,0.25,25%,18.0,4.5,18,2,9.0,2.25
Esprit Guerrier,Spirit of the Warrior,1,4,0.25,25%,16.0,4.0,16,1,16.0,4.0
Lame Insatiable,Fast Furious Blade,1,4,0.25,25%,16.0,4.0,16,2,8.0,2.0
Chasseur d'Âmes,Soul Hunter,1,4,0.25,25%,15.0,3.75,15,1,15.0,3.75
Totem du Gardien,Guardian Totem,4,4,1.0,100%,2.75,2.75,11,3,0.92,0.92
Lame Affutée,Sharp Blade,2,4,0.5,50%,4.5,2.25,9,3,1.5,0.75
Esprit de l'Écuyer,Spirit of the Squire,3,4,0.75,75%,3.0,2.25,9,3,1.0,0.75
Griffes Sauvages,Wild Claw,4,4,1.0,100%,1.25,1.25,5,3,0.42,0.42
