,Nom Anglais,nb games valide,total games,ratio,%,pts moy,pts moy total,total point,cout,pts par cout moy,pts par cout total
Faux,Scythe,14,14,1.0,100%,15.93,15.93,223,3,5.31,5.31
Armure d'Obsidienne,Obsidian Battle Plate,11,14,0.79,79%,20.0,15.71,220,2,10.0,7.86
Aveuglement,Incapacitor,14,14,1.0,100%,10.5,10.5,147,3,3.5,3.5
Lame Affutée,Sharp Blade,10,14,0.71,71%,13.2,9.43,132,3,4.4,3.14
Lame Insatiable,Fast Furious Blade,8,14,0.57,57%,16.0,9.14,128,2,8.0,4.57
Économe Sagesse du Trésorier,Treasurer's Wisdom,6,14,0.43,43%,17.0,7.29,102,2,8.5,3.65
Faux Assoiffées,Thirsty Scythes,4,14,0.29,29%,25.0,7.14,100,3,8.33,2.38
Armure d'Immortel,Immortal Breastplate,7,14,0.5,50%,14.0,7.0,98,1,14.0,7.0
Épée Obscure,Swords of Darkness,6,14,0.43,43%,15.0,6.43,90,1,15.0,6.43
Le Croque-mort,The Undertaker,6,14,0.43,43%,14.0,6.0,84,1,14.0,6.0
Épées Jumelles,Twin Swords,6,14,0.43,43%,13.33,5.71,80,1,13.33,5.71
Aura Légendaire,Legend Aura,2,14,0.14,14%,40.0,5.71,80,3,13.33,1.9
Esquive Salvatrice,Evasive Protection,5,14,0.36,36%,15.0,5.36,75,0,Gratuit,Gratuit
Elan de Fureur,Rampage Momentum,5,14,0.36,36%,15.0,5.36,75,2,7.5,2.68
Parchemin Secret,Secret Scroll,4,14,0.29,29%,18.0,5.14,72,2,9.0,2.57
Enchaînement Éclair,Unstoppable Lightning,4,14,0.29,29%,18.0,5.14,72,1,18.0,5.14
Hache Frénétique,Berseker Ax,5,14,0.36,36%,14.0,5.0,70,2,7.0,2.5
Sabre Versatile,Versatil Saber,6,14,0.43,43%,11.0,4.71,66,1,11.0,4.71
Frappe Chirurgicale,Accurate Sword,4,14,0.29,29%,16.0,4.57,64,1,16.0,4.57
Triple Météore,Trimeteor,2,14,0.14,14%,30.0,4.29,60,0,Gratuit,Gratuit
Tombeau Rocheux,Rock Tomb,6,14,0.43,43%,10.0,4.29,60,1,10.0,4.29
Lance Triplée,Triple Spear,2,14,0.14,14%,30.0,4.29,60,0,Gratuit,Gratuit
Esprit de l'Écuyer,Spirit of the Squire,11,14,0.79,79%,5.45,4.29,60,3,1.82,1.43
Chasseresse d'Âmes,Huntress of Souls,3,14,0.21,21%,19.0,4.07,57,1,19.0,4.07
Marteleur précis,Precise Hammer,3,14,0.21,21%,18.0,3.86,54,1,18.0,3.86
Esprit omniprésent,Omnipresent Spirit,3,14,0.21,21%,18.0,3.86,54,2,9.0,1.93
Griffes Démoniaques,Demon Claws,3,14,0.21,21%,17.0,3.64,51,1,17.0,3.64
Épé Sainte,Holy Sword,5,14,0.36,36%,10.0,3.57,50,0,Gratuit,Gratuit
Ascension Divine,Divine Ascent,2,14,0.14,14%,25.0,3.57,50,3,8.33,1.19
Esprit Guerrier,Spirit of the Warrior,3,14,0.21,21%,16.0,3.43,48,1,16.0,3.43
Bâton de Conquête,Conquering Staff,2,14,0.14,14%,24.0,3.43,48,2,12.0,1.72
Totem du Gardien,Guardian Totem,14,14,1.0,100%,3.36,3.36,47,3,1.12,1.12
Griffes Sauvages,Wild Claw,14,14,1.0,100%,3.0,3.0,42,3,1.0,1.0
Lance Doublée,Dual Spear,5,14,0.36,36%,8.0,2.86,40,0,Gratuit,Gratuit
Danse Macabre,Dance of Death,5,14,0.36,36%,8.0,2.86,40,1,8.0,2.86
Couronne du Roi Nain,Crown of the Dwarf King,3,14,0.21,21%,13.0,2.79,39,0,Gratuit,Gratuit
Décharge Élémentaire,Elemental Discharge,2,14,0.14,14%,18.0,2.57,36,1,18.0,2.57
Explosion Arcanique,Arcane Explosive,3,14,0.21,21%,12.0,2.57,36,1,12.0,2.57
Instinct Sanguinaire,Bloody Instinct,2,14,0.14,14%,15.0,2.14,30,2,7.5,1.07
Soif de Sang,Thirsty Dagger,2,14,0.14,14%,15.0,2.14,30,0,Gratuit,Gratuit
Désintégrateur Magnétique,Magnetic Disintegrator,2,14,0.14,14%,11.0,1.57,22,0,Gratuit,Gratuit
Destruction Royale,Royal Destroyer,2,14,0.14,14%,11.0,1.57,22,0,Gratuit,Gratuit
Pillard Féroce,Savage Looter,1,14,0.07,7%,20.0,1.43,20,1,20.0,1.43
Glaive Vindicatif,Large Sword of Hate,1,14,0.07,7%,20.0,1.43,20,1,20.0,1.43
Œil de Lynx,Hawk's Eye,2,14,0.14,14%,8.0,1.14,16,0,Gratuit,Gratuit
Chasseur d'Âmes,Soul Hunter,1,14,0.07,7%,15.0,1.07,15,1,15.0,1.07
Bâton Élémentaire,Earthly Staff,1,14,0.07,7%,15.0,1.07,15,0,Gratuit,Gratuit
Force Divine,Divine Impetu,1,14,0.07,7%,11.0,0.79,11,0,Gratuit,Gratuit
Masse Colossale,Colossal Mace,1,14,0.07,7%,11.0,0.79,11,0,Gratuit,Gratuit
Coup de Mort,Death Helper,1,14,0.07,7%,10.0,0.71,10,1,10.0,0.71
