,Nom Anglais,nb games valide,total games,ratio,%,pts moy,pts moy total,total point,cout,pts par cout moy,pts par cout total
Faux,Scythe,6,6,1.0,100%,14.67,14.67,88,3,4.89,4.89
Aveuglement,Incapacitor,6,6,1.0,100%,11.5,11.5,69,3,3.83,3.83
Armure d'Obsidienne,Obsidian Battle Plate,3,6,0.5,50%,20.0,10.0,60,2,10.0,5.0
Lame Affutée,Sharp Blade,4,6,0.67,67%,10.5,7.0,42,3,3.5,2.33
Lance Triplée,Triple Spear,1,6,0.17,17%,40.0,6.67,40,0,Gratuit,Gratuit
Aura Légendaire,Legend Aura,1,6,0.17,17%,40.0,6.67,40,3,13.33,2.22
Économe Sagesse du Trésorier,Treasurer's Wisdom,2,6,0.33,33%,17.0,5.67,34,2,8.5,2.83
Lame Insatiable,Fast Furious Blade,2,6,0.33,33%,16.0,5.33,32,2,8.0,2.67
Esprit Guerrier,Spirit of the Warrior,2,6,0.33,33%,16.0,5.33,32,1,16.0,5.33
Triple Météore,Trimeteor,1,6,0.17,17%,30.0,5.0,30,0,Gratuit,Gratuit
Hache Frénétique,Berseker Ax,2,6,0.33,33%,14.0,4.67,28,2,7.0,2.33
Faux Assoiffées,Thirsty Scythes,1,6,0.17,17%,25.0,4.17,25,3,8.33,1.39
Bâton de Conquête,Conquering Staff,1,6,0.17,17%,24.0,4.0,24,2,12.0,2.0
Sabre Versatile,Versatil Saber,2,6,0.33,33%,11.0,3.67,22,1,11.0,3.67
Esprit de l'Écuyer,Spirit of the Squire,5,6,0.83,83%,4.2,3.5,21,3,1.4,1.17
Glaive Vindicatif,Large Sword of Hate,1,6,0.17,17%,20.0,3.33,20,1,20.0,3.33
Tombeau Rocheux,Rock Tomb,2,6,0.33,33%,10.0,3.33,20,1,10.0,3.33
Épées Jumelles,Twin Swords,1,6,0.17,17%,20.0,3.33,20,1,20.0,3.33
Chasseresse d'Âmes,Huntress of Souls,1,6,0.17,17%,19.0,3.17,19,1,19.0,3.17
Totem du Gardien,Guardian Totem,6,6,1.0,100%,3.17,3.17,19,3,1.06,1.06
Esprit omniprésent,Omnipresent Spirit,1,6,0.17,17%,18.0,3.0,18,2,9.0,1.5
Parchemin Secret,Secret Scroll,1,6,0.17,17%,18.0,3.0,18,2,9.0,1.5
Enchaînement Éclair,Unstoppable Lightning,1,6,0.17,17%,18.0,3.0,18,1,18.0,3.0
Décharge Élémentaire,Elemental Discharge,1,6,0.17,17%,18.0,3.0,18,1,18.0,3.0
Griffes Démoniaques,Demon Claws,1,6,0.17,17%,17.0,2.83,17,1,17.0,2.83
Frappe Chirurgicale,Accurate Sword,1,6,0.17,17%,16.0,2.67,16,1,16.0,2.67
Chasseur d'Âmes,Soul Hunter,1,6,0.17,17%,15.0,2.5,15,1,15.0,2.5
Elan de Fureur,Rampage Momentum,1,6,0.17,17%,15.0,2.5,15,2,7.5,1.25
Esquive Salvatrice,Evasive Protection,1,6,0.17,17%,15.0,2.5,15,0,Gratuit,Gratuit
Épée Obscure,Swords of Darkness,1,6,0.17,17%,15.0,2.5,15,1,15.0,2.5
Armure d'Immortel,Immortal Breastplate,1,6,0.17,17%,14.0,2.33,14,1,14.0,2.33
Le Croque-mort,The Undertaker,1,6,0.17,17%,14.0,2.33,14,1,14.0,2.33
Couronne du Roi Nain,Crown of the Dwarf King,1,6,0.17,17%,13.0,2.17,13,0,Gratuit,Gratuit
Griffes Sauvages,Wild Claw,6,6,1.0,100%,2.17,2.17,13,3,0.72,0.72
Explosion Arcanique,Arcane Explosive,1,6,0.17,17%,12.0,2.0,12,1,12.0,2.0
Épé Sainte,Holy Sword,1,6,0.17,17%,10.0,1.67,10,0,Gratuit,Gratuit
Œil de Lynx,Hawk's Eye,1,6,0.17,17%,8.0,1.33,8,0,Gratuit,Gratuit
Lance Doublée,Dual Spear,1,6,0.17,17%,8.0,1.33,8,0,Gratuit,Gratuit
Danse Macabre,Dance of Death,1,6,0.17,17%,8.0,1.33,8,1,8.0,1.33
