,Nom Anglais,nb games valide,total games,ratio,%,pts moy,pts moy total,total point,cout,pts par cout moy,pts par cout total,pts par cout moy+1,pts par cout total+1
Marteau Collecteur,Collecting Hammer,13,16,0.81,81%,21.54,17.5,280,2,10.77,8.75,7.18,5.83
Faux,Scythe,16,16,1.0,100%,15.19,15.19,243,3,5.06,5.06,3.8,3.8
Totem Équivalent,Equivalent Totem,16,16,1.0,100%,14.69,14.69,235,2,7.34,7.34,4.9,4.9
Lame Affutée,Sharp Blade,14,16,0.88,88%,15.43,13.5,216,3,5.14,4.5,3.86,3.38
Économe Sagesse du Trésorier,Treasurer's Wisdom,11,16,0.69,69%,17.0,11.69,187,2,8.5,5.84,5.67,3.9
Lame Insatiable,Fast Furious Blade,11,16,0.69,69%,16.0,11.0,176,2,8.0,5.5,5.33,3.67
Parchemin Secret,Secret Scroll,9,16,0.56,56%,18.0,10.12,162,2,9.0,5.06,6.0,3.37
Armure d'Obsidienne,Obsidian Battle Plate,8,16,0.5,50%,20.0,10.0,160,2,10.0,5.0,6.67,3.33
Hache Frénétique,Berseker Ax,11,16,0.69,69%,14.0,9.62,154,2,7.0,4.81,4.67,3.21
Aveuglement,Incapacitor,16,16,1.0,100%,9.56,9.56,153,3,3.19,3.19,2.39,2.39
Épée Obscure,Swords of Darkness,8,16,0.5,50%,17.0,8.5,136,1,17.0,8.5,8.5,4.25
Elan de Fureur,Rampage Momentum,9,16,0.56,56%,15.0,8.44,135,2,7.5,4.22,5.0,2.81
Armure d'Immortel,Immortal Breastplate,8,16,0.5,50%,16.0,8.0,128,1,16.0,8.0,8.0,4.0
Faux Assoiffées,Thirsty Scythes,5,16,0.31,31%,25.0,7.81,125,3,8.33,2.6,6.25,1.95
Enchaînement Éclair,Unstoppable Lightning,6,16,0.38,38%,18.0,6.75,108,1,18.0,6.75,9.0,3.38
Esprit de l'Écuyer,Spirit of the Squire,14,16,0.88,88%,7.71,6.75,108,3,2.57,2.25,1.93,1.69
Explosion Arcanique,Arcane Explosive,9,16,0.56,56%,12.0,6.75,108,1,12.0,6.75,6.0,3.38
Astéroïde Fatal,Final Asteroid,1,16,0.06,6%,100.0,6.25,100,0,Gratuit,Gratuit,100.0,6.25
Bâton de Conquête,Conquering Staff,4,16,0.25,25%,24.0,6.0,96,2,12.0,3.0,8.0,2.0
Esprit Guerrier,Spirit of the Warrior,6,16,0.38,38%,16.0,6.0,96,1,16.0,6.0,8.0,3.0
Chasseresse d'Âmes,Huntress of Souls,5,16,0.31,31%,19.0,5.94,95,1,19.0,5.94,9.5,2.97
Tombeau Rocheux,Rock Tomb,9,16,0.56,56%,10.0,5.62,90,1,10.0,5.62,5.0,2.81
Masse Colossale,Colossal Mace,6,16,0.38,38%,15.0,5.62,90,0,Gratuit,Gratuit,15.0,5.62
Décharge Élémentaire,Elemental Discharge,5,16,0.31,31%,18.0,5.62,90,1,18.0,5.62,9.0,2.81
Marteleur précis,Precise Hammer,5,16,0.31,31%,18.0,5.62,90,1,18.0,5.62,9.0,2.81
Force Divine,Divine Impetu,6,16,0.38,38%,15.0,5.62,90,0,Gratuit,Gratuit,15.0,5.62
Danse Macabre,Dance of Death,11,16,0.69,69%,8.0,5.5,88,1,8.0,5.5,4.0,2.75
Griffes Démoniaques,Demon Claws,5,16,0.31,31%,17.0,5.31,85,1,17.0,5.31,8.5,2.65
Masse de Siège,Siege Mace,5,16,0.31,31%,16.0,5.0,80,0,Gratuit,Gratuit,16.0,5.0
Pluie de Météorites,Meteorites,1,16,0.06,6%,70.0,4.38,70,0,Gratuit,Gratuit,70.0,4.38
Sabre Versatile,Versatil Saber,6,16,0.38,38%,11.0,4.12,66,1,11.0,4.12,5.5,2.06
Couronne du Roi Nain,Crown of the Dwarf King,5,16,0.31,31%,13.0,4.06,65,0,Gratuit,Gratuit,13.0,4.06
Soif de Sang,Thirsty Dagger,4,16,0.25,25%,15.0,3.75,60,0,Gratuit,Gratuit,15.0,3.75
Épé Sainte,Holy Sword,6,16,0.38,38%,10.0,3.75,60,0,Gratuit,Gratuit,10.0,3.75
Désintégrateur Magnétique,Magnetic Disintegrator,5,16,0.31,31%,11.0,3.44,55,0,Gratuit,Gratuit,11.0,3.44
Totem du Gardien,Guardian Totem,16,16,1.0,100%,3.38,3.38,54,3,1.13,1.13,0.84,0.84
Esprit omniprésent,Omnipresent Spirit,3,16,0.19,19%,18.0,3.38,54,2,9.0,1.69,6.0,1.13
Faux Parfaite,Perfect Scythe,3,16,0.19,19%,15.0,2.81,45,0,Gratuit,Gratuit,15.0,2.81
Bâton du Conquérant,Staff of Conquered Worlds,4,16,0.25,25%,11.0,2.75,44,0,Gratuit,Gratuit,11.0,2.75
Aura Légendaire,Legend Aura,1,16,0.06,6%,40.0,2.5,40,3,13.33,0.83,10.0,0.62
Chasseur d'Âmes,Soul Hunter,2,16,0.12,12%,20.0,2.5,40,1,20.0,2.5,10.0,1.25
Coup de Mort,Death Helper,3,16,0.19,19%,13.0,2.44,39,1,13.0,2.44,6.5,1.22
Griffes Sauvages,Wild Claw,15,16,0.94,94%,2.13,2.0,32,3,0.71,0.67,0.53,0.5
Œil de Lynx,Hawk's Eye,3,16,0.19,19%,10.0,1.88,30,0,Gratuit,Gratuit,10.0,1.88
Gantelet Impérieux,Imperious Gauntlet,1,16,0.06,6%,30.0,1.88,30,1,30.0,1.88,15.0,0.94
Triple Météore,Trimeteor,1,16,0.06,6%,30.0,1.88,30,0,Gratuit,Gratuit,30.0,1.88
Ascension Divine,Divine Ascent,1,16,0.06,6%,25.0,1.56,25,3,8.33,0.52,6.25,0.39
Pillard Féroce,Savage Looter,1,16,0.06,6%,20.0,1.25,20,1,20.0,1.25,10.0,0.62
Le Marionnettiste,The Puppeteer,1,16,0.06,6%,20.0,1.25,20,2,10.0,0.62,6.67,0.42
