,Nom Anglais,nb games valide,total games,ratio,%,pts moy,pts moy total,total point,cout,pts par cout moy,pts par cout total,pts par cout moy+1,pts par cout total+1
Totem Équivalent,Equivalent Totem,1,1,1.0,100%,13.0,13.0,13,3,4.33,4.33,3.25,3.25
Faux,Scythe,1,1,1.0,100%,12.0,12.0,12,3,4.0,4.0,3.0,3.0
Esprit de l'Écuyer,Spirit of the Squire,1,1,1.0,100%,9.0,9.0,9,3,3.0,3.0,2.25,2.25
Aveuglement,Incapacitor,1,1,1.0,100%,9.0,9.0,9,3,3.0,3.0,2.25,2.25
Totem du Gardien,Guardian Totem,1,1,1.0,100%,2.0,2.0,2,3,0.67,0.67,0.5,0.5
