,Nom Anglais,nb games valide,total games,ratio,%,pts moy,pts moy total,total point,cout,pts par cout moy,pts par cout total
Armure d'Obsidienne,Obsidian Battle Plate,10,11,0.91,91%,20.0,18.18,200,2,10.0,9.09
Faux,Scythe,11,11,1.0,100%,17.18,17.18,189,3,5.73,5.73
Aveuglement,Incapacitor,11,11,1.0,100%,14.45,14.45,159,3,4.82,4.82
Économe Sagesse du Trésorier,Treasurer's Wisdom,9,11,0.82,82%,17.0,13.91,153,2,8.5,6.96
Hache Frénétique,Berseker Ax,9,11,0.82,82%,14.0,11.45,126,2,7.0,5.72
Lame Affutée,Sharp Blade,10,11,0.91,91%,12.0,10.91,120,3,4.0,3.64
Lame Insatiable,Fast Furious Blade,7,11,0.64,64%,16.0,10.18,112,2,8.0,5.09
Faux Assoiffées,Thirsty Scythes,4,11,0.36,36%,25.0,9.09,100,3,8.33,3.03
Esprit de l'Écuyer,Spirit of the Squire,11,11,1.0,100%,7.36,7.36,81,3,2.45,2.45
Bâton de Conquête,Conquering Staff,3,11,0.27,27%,24.0,6.55,72,2,12.0,3.27
Parchemin Secret,Secret Scroll,4,11,0.36,36%,18.0,6.55,72,2,9.0,3.27
Explosion Arcanique,Arcane Explosive,6,11,0.55,55%,12.0,6.55,72,1,12.0,6.55
Esprit Guerrier,Spirit of the Warrior,4,11,0.36,36%,16.0,5.82,64,1,16.0,5.82
Tombeau Rocheux,Rock Tomb,6,11,0.55,55%,10.0,5.45,60,1,10.0,5.45
Épée Obscure,Swords of Darkness,4,11,0.36,36%,15.0,5.45,60,1,15.0,5.45
Chasseresse d'Âmes,Huntress of Souls,3,11,0.27,27%,19.0,5.18,57,1,19.0,5.18
Le Croque-mort,The Undertaker,4,11,0.36,36%,14.0,5.09,56,1,14.0,5.09
Sabre Versatile,Versatil Saber,5,11,0.45,45%,11.0,5.0,55,1,11.0,5.0
Esprit omniprésent,Omnipresent Spirit,3,11,0.27,27%,18.0,4.91,54,2,9.0,2.46
Enchaînement Éclair,Unstoppable Lightning,3,11,0.27,27%,18.0,4.91,54,1,18.0,4.91
Griffes Démoniaques,Demon Claws,3,11,0.27,27%,17.0,4.64,51,1,17.0,4.64
Frappe Chirurgicale,Accurate Sword,3,11,0.27,27%,16.0,4.36,48,1,16.0,4.36
Elan de Fureur,Rampage Momentum,3,11,0.27,27%,15.0,4.09,45,2,7.5,2.04
Masse Colossale,Colossal Mace,4,11,0.36,36%,11.0,4.0,44,0,Gratuit,Gratuit
Destruction Royale,Royal Destroyer,4,11,0.36,36%,11.0,4.0,44,0,Gratuit,Gratuit
Désintégrateur Magnétique,Magnetic Disintegrator,4,11,0.36,36%,11.0,4.0,44,0,Gratuit,Gratuit
Armure d'Immortel,Immortal Breastplate,3,11,0.27,27%,14.0,3.82,42,1,14.0,3.82
Glaive Vindicatif,Large Sword of Hate,2,11,0.18,18%,20.0,3.64,40,1,20.0,3.64
Épées Jumelles,Twin Swords,4,11,0.36,36%,10.0,3.64,40,1,10.0,3.64
Aura Légendaire,Legend Aura,1,11,0.09,9%,40.0,3.64,40,3,13.33,1.21
Totem du Gardien,Guardian Totem,11,11,1.0,100%,3.45,3.45,38,3,1.15,1.15
Marteleur précis,Precise Hammer,2,11,0.18,18%,18.0,3.27,36,1,18.0,3.27
Force Divine,Divine Impetu,3,11,0.27,27%,11.0,3.0,33,0,Gratuit,Gratuit
Danse Macabre,Dance of Death,4,11,0.36,36%,8.0,2.91,32,1,8.0,2.91
Lance Doublée,Dual Spear,4,11,0.36,36%,8.0,2.91,32,0,Gratuit,Gratuit
Épé Sainte,Holy Sword,3,11,0.27,27%,10.0,2.73,30,0,Gratuit,Gratuit
Triple Météore,Trimeteor,1,11,0.09,9%,30.0,2.73,30,0,Gratuit,Gratuit
Couronne du Roi Nain,Crown of the Dwarf King,2,11,0.18,18%,13.0,2.36,26,0,Gratuit,Gratuit
Ascension Divine,Divine Ascent,1,11,0.09,9%,25.0,2.27,25,3,8.33,0.76
Griffes Sauvages,Wild Claw,10,11,0.91,91%,2.4,2.18,24,3,0.8,0.73
Assistance Divine,Sacred Help,1,11,0.09,9%,20.0,1.82,20,2,10.0,0.91
Lance Triplée,Triple Spear,1,11,0.09,9%,20.0,1.82,20,0,Gratuit,Gratuit
Le Marionnettiste,The Puppeteer,1,11,0.09,9%,20.0,1.82,20,2,10.0,0.91
Adrénaline Arcanique,Arcane Adrenaline,1,11,0.09,9%,16.0,1.45,16,1,16.0,1.45
Masse de Siège,Siege Mace,1,11,0.09,9%,16.0,1.45,16,0,Gratuit,Gratuit
Esquive Salvatrice,Evasive Protection,1,11,0.09,9%,15.0,1.36,15,0,Gratuit,Gratuit
Soif de Sang,Thirsty Dagger,1,11,0.09,9%,15.0,1.36,15,0,Gratuit,Gratuit
Instinct Sanguinaire,Bloody Instinct,1,11,0.09,9%,15.0,1.36,15,2,7.5,0.68
Bâton Élémentaire,Earthly Staff,1,11,0.09,9%,15.0,1.36,15,0,Gratuit,Gratuit
Bâton du Conquérant,Staff of Conquered Worlds,1,11,0.09,9%,11.0,1.0,11,0,Gratuit,Gratuit
Coup de Mort,Death Helper,1,11,0.09,9%,10.0,0.91,10,1,10.0,0.91
