,Nom Anglais,nb games valide,total games,ratio,%,pts moy,pts moy total,total point,cout,pts par cout moy,pts par cout total
Faux,Scythe,2,2,1.0,100%,17.0,17.0,34,3,5.67,5.67
Lame Insatiable,Fast Furious Blade,2,2,1.0,100%,16.0,16.0,32,2,8.0,8.0
Totem Équivalent,Equivalent Totem,2,2,1.0,100%,15.5,15.5,31,1,15.5,15.5
Marteau Collecteur,Collecting Hammer,1,2,0.5,50%,30.0,15.0,30,2,15.0,7.5
Gantelet Impérieux,Imperious Gauntlet,1,2,0.5,50%,30.0,15.0,30,1,30.0,15.0
Faux Assoiffées,Thirsty Scythes,1,2,0.5,50%,25.0,12.5,25,3,8.33,4.17
Lame Affutée,Sharp Blade,2,2,1.0,100%,12.0,12.0,24,3,4.0,4.0
Armure d'Obsidienne,Obsidian Battle Plate,1,2,0.5,50%,20.0,10.0,20,2,10.0,5.0
Marteleur précis,Precise Hammer,1,2,0.5,50%,18.0,9.0,18,1,18.0,9.0
Parchemin Secret,Secret Scroll,1,2,0.5,50%,18.0,9.0,18,2,9.0,4.5
Économe Sagesse du Trésorier,Treasurer's Wisdom,1,2,0.5,50%,17.0,8.5,17,2,8.5,4.25
Esprit Guerrier,Spirit of the Warrior,1,2,0.5,50%,16.0,8.0,16,1,16.0,8.0
Aveuglement,Incapacitor,2,2,1.0,100%,7.5,7.5,15,3,2.5,2.5
Chasseur d'Âmes,Soul Hunter,1,2,0.5,50%,15.0,7.5,15,1,15.0,7.5
Elan de Fureur,Rampage Momentum,1,2,0.5,50%,15.0,7.5,15,2,7.5,3.75
Faux Parfaite,Perfect Scythe,1,2,0.5,50%,15.0,7.5,15,0,Gratuit,Gratuit
Hache Frénétique,Berseker Ax,1,2,0.5,50%,14.0,7.0,14,2,7.0,3.5
Couronne du Roi Nain,Crown of the Dwarf King,1,2,0.5,50%,13.0,6.5,13,0,Gratuit,Gratuit
Explosion Arcanique,Arcane Explosive,1,2,0.5,50%,12.0,6.0,12,1,12.0,6.0
Tombeau Rocheux,Rock Tomb,1,2,0.5,50%,10.0,5.0,10,1,10.0,5.0
Œil de Lynx,Hawk's Eye,1,2,0.5,50%,8.0,4.0,8,0,Gratuit,Gratuit
Danse Macabre,Dance of Death,1,2,0.5,50%,8.0,4.0,8,1,8.0,4.0
Totem du Gardien,Guardian Totem,2,2,1.0,100%,3.0,3.0,6,3,1.0,1.0
Griffes Sauvages,Wild Claw,1,2,0.5,50%,4.0,2.0,4,3,1.33,0.67
Esprit de l'Écuyer,Spirit of the Squire,1,2,0.5,50%,3.0,1.5,3,3,1.0,0.5
