,Nom Anglais,nb games valide,total games,ratio,%,pts moy,pts moy total,total point,cout,pts par cout moy,pts par cout total
Faux,Scythe,12,12,1.0,100%,17.42,17.42,209,3,5.81,5.81
Armure d'Obsidienne,Obsidian Battle Plate,10,12,0.83,83%,20.0,16.67,200,2,10.0,8.34
Aveuglement,Incapacitor,12,12,1.0,100%,15.5,15.5,186,3,5.17,5.17
Économe Sagesse du Trésorier,Treasurer's Wisdom,10,12,0.83,83%,17.0,14.17,170,2,8.5,7.08
Hache Frénétique,Berseker Ax,10,12,0.83,83%,14.0,11.67,140,2,7.0,5.83
Lame Affutée,Sharp Blade,11,12,0.92,92%,11.73,10.75,129,3,3.91,3.58
Lame Insatiable,Fast Furious Blade,8,12,0.67,67%,16.0,10.67,128,2,8.0,5.33
Faux Assoiffées,Thirsty Scythes,5,12,0.42,42%,25.0,10.42,125,3,8.33,3.47
Bâton de Conquête,Conquering Staff,4,12,0.33,33%,24.0,8.0,96,2,12.0,4.0
Parchemin Secret,Secret Scroll,5,12,0.42,42%,18.0,7.5,90,2,9.0,3.75
Esprit de l'Écuyer,Spirit of the Squire,12,12,1.0,100%,7.0,7.0,84,3,2.33,2.33
Esprit Guerrier,Spirit of the Warrior,5,12,0.42,42%,16.0,6.67,80,1,16.0,6.67
Chasseresse d'Âmes,Huntress of Souls,4,12,0.33,33%,19.0,6.33,76,1,19.0,6.33
Épée Obscure,Swords of Darkness,5,12,0.42,42%,15.0,6.25,75,1,15.0,6.25
Explosion Arcanique,Arcane Explosive,6,12,0.5,50%,12.0,6.0,72,1,12.0,6.0
Griffes Démoniaques,Demon Claws,4,12,0.33,33%,17.0,5.67,68,1,17.0,5.67
Tombeau Rocheux,Rock Tomb,6,12,0.5,50%,10.0,5.0,60,1,10.0,5.0
Le Croque-mort,The Undertaker,4,12,0.33,33%,14.0,4.67,56,1,14.0,4.67
Sabre Versatile,Versatil Saber,5,12,0.42,42%,11.0,4.58,55,1,11.0,4.58
Marteleur précis,Precise Hammer,3,12,0.25,25%,18.0,4.5,54,1,18.0,4.5
Esprit omniprésent,Omnipresent Spirit,3,12,0.25,25%,18.0,4.5,54,2,9.0,2.25
Enchaînement Éclair,Unstoppable Lightning,3,12,0.25,25%,18.0,4.5,54,1,18.0,4.5
Épées Jumelles,Twin Swords,5,12,0.42,42%,10.0,4.17,50,1,10.0,4.17
Frappe Chirurgicale,Accurate Sword,3,12,0.25,25%,16.0,4.0,48,1,16.0,4.0
Elan de Fureur,Rampage Momentum,3,12,0.25,25%,15.0,3.75,45,2,7.5,1.88
Masse Colossale,Colossal Mace,4,12,0.33,33%,11.0,3.67,44,0,Gratuit,Gratuit
Désintégrateur Magnétique,Magnetic Disintegrator,4,12,0.33,33%,11.0,3.67,44,0,Gratuit,Gratuit
Destruction Royale,Royal Destroyer,4,12,0.33,33%,11.0,3.67,44,0,Gratuit,Gratuit
Totem du Gardien,Guardian Totem,12,12,1.0,100%,3.5,3.5,42,3,1.17,1.17
Armure d'Immortel,Immortal Breastplate,3,12,0.25,25%,14.0,3.5,42,1,14.0,3.5
Glaive Vindicatif,Large Sword of Hate,2,12,0.17,17%,20.0,3.33,40,1,20.0,3.33
Aura Légendaire,Legend Aura,1,12,0.08,8%,40.0,3.33,40,3,13.33,1.11
Couronne du Roi Nain,Crown of the Dwarf King,3,12,0.25,25%,13.0,3.25,39,0,Gratuit,Gratuit
Force Divine,Divine Impetu,3,12,0.25,25%,11.0,2.75,33,0,Gratuit,Gratuit
Lance Doublée,Dual Spear,4,12,0.33,33%,8.0,2.67,32,0,Gratuit,Gratuit
Danse Macabre,Dance of Death,4,12,0.33,33%,8.0,2.67,32,1,8.0,2.67
Épé Sainte,Holy Sword,3,12,0.25,25%,10.0,2.5,30,0,Gratuit,Gratuit
Bâton Élémentaire,Earthly Staff,2,12,0.17,17%,15.0,2.5,30,0,Gratuit,Gratuit
Triple Météore,Trimeteor,1,12,0.08,8%,30.0,2.5,30,0,Gratuit,Gratuit
Griffes Sauvages,Wild Claw,11,12,0.92,92%,2.45,2.25,27,3,0.82,0.75
Ascension Divine,Divine Ascent,1,12,0.08,8%,25.0,2.08,25,3,8.33,0.69
Le Marionnettiste,The Puppeteer,1,12,0.08,8%,20.0,1.67,20,2,10.0,0.83
Lance Triplée,Triple Spear,1,12,0.08,8%,20.0,1.67,20,0,Gratuit,Gratuit
Assistance Divine,Sacred Help,1,12,0.08,8%,20.0,1.67,20,2,10.0,0.83
Adrénaline Arcanique,Arcane Adrenaline,1,12,0.08,8%,16.0,1.33,16,1,16.0,1.33
Masse de Siège,Siege Mace,1,12,0.08,8%,16.0,1.33,16,0,Gratuit,Gratuit
Esquive Salvatrice,Evasive Protection,1,12,0.08,8%,15.0,1.25,15,0,Gratuit,Gratuit
Instinct Sanguinaire,Bloody Instinct,1,12,0.08,8%,15.0,1.25,15,2,7.5,0.62
Chasseur d'Âmes,Soul Hunter,1,12,0.08,8%,15.0,1.25,15,1,15.0,1.25
Soif de Sang,Thirsty Dagger,1,12,0.08,8%,15.0,1.25,15,0,Gratuit,Gratuit
Bâton du Conquérant,Staff of Conquered Worlds,1,12,0.08,8%,11.0,0.92,11,0,Gratuit,Gratuit
Coup de Mort,Death Helper,1,12,0.08,8%,10.0,0.83,10,1,10.0,0.83
Œil de Lynx,Hawk's Eye,1,12,0.08,8%,8.0,0.67,8,0,Gratuit,Gratuit
