,Nom Anglais,nb games valide,total games,ratio,%,pts moy,pts moy total,total point,cout,pts par cout moy,pts par cout total,pts par cout moy+1,pts par cout total+1
Faux,Scythe,16,16,1.0,100%,16.25,16.25,260,3,5.42,5.42,4.06,4.06
Marteau Collecteur,Collecting Hammer,14,16,0.88,88%,18.14,15.88,254,2,9.07,7.94,6.05,5.29
Totem Équivalent,Equivalent Totem,16,16,1.0,100%,15.56,15.56,249,2,7.78,7.78,5.19,5.19
Économe Sagesse du Trésorier,Treasurer's Wisdom,12,16,0.75,75%,17.0,12.75,204,2,8.5,6.38,5.67,4.25
Armure d'Obsidienne,Obsidian Battle Plate,9,16,0.56,56%,20.0,11.25,180,2,10.0,5.62,6.67,3.75
Aveuglement,Incapacitor,16,16,1.0,100%,10.5,10.5,168,3,3.5,3.5,2.62,2.62
Hache Frénétique,Berseker Ax,11,16,0.69,69%,14.0,9.62,154,2,7.0,4.81,4.67,3.21
Lame Affutée,Sharp Blade,14,16,0.88,88%,10.93,9.56,153,3,3.64,3.19,2.73,2.39
Faux Assoiffées,Thirsty Scythes,6,16,0.38,38%,25.0,9.38,150,3,8.33,3.13,6.25,2.35
Marteleur précis,Precise Hammer,8,16,0.5,50%,18.0,9.0,144,1,18.0,9.0,9.0,4.5
Lame Insatiable,Fast Furious Blade,9,16,0.56,56%,16.0,9.0,144,2,8.0,4.5,5.33,3.0
Esprit Guerrier,Spirit of the Warrior,8,16,0.5,50%,16.0,8.0,128,1,16.0,8.0,8.0,4.0
Ascension Divine,Divine Ascent,5,16,0.31,31%,25.0,7.81,125,3,8.33,2.6,6.25,1.95
Esprit de l'Écuyer,Spirit of the Squire,14,16,0.88,88%,8.36,7.31,117,3,2.79,2.44,2.09,1.83
Bâton de Conquête,Conquering Staff,4,16,0.25,25%,24.0,6.0,96,2,12.0,3.0,8.0,2.0
Explosion Arcanique,Arcane Explosive,8,16,0.5,50%,12.0,6.0,96,1,12.0,6.0,6.0,3.0
Tombeau Rocheux,Rock Tomb,9,16,0.56,56%,10.0,5.62,90,1,10.0,5.62,5.0,2.81
Parchemin Secret,Secret Scroll,5,16,0.31,31%,18.0,5.62,90,2,9.0,2.81,6.0,1.87
Chasseresse d'Âmes,Huntress of Souls,4,16,0.25,25%,19.0,4.75,76,1,19.0,4.75,9.5,2.38
Elan de Fureur,Rampage Momentum,5,16,0.31,31%,15.0,4.69,75,2,7.5,2.35,5.0,1.56
Armure d'Immortel,Immortal Breastplate,5,16,0.31,31%,14.8,4.62,74,1,14.8,4.62,7.4,2.31
Épée Obscure,Swords of Darkness,4,16,0.25,25%,17.0,4.25,68,1,17.0,4.25,8.5,2.12
Griffes Démoniaques,Demon Claws,4,16,0.25,25%,17.0,4.25,68,1,17.0,4.25,8.5,2.12
Masse Colossale,Colossal Mace,5,16,0.31,31%,12.6,3.94,63,0,Gratuit,Gratuit,12.6,3.94
Totem du Gardien,Guardian Totem,16,16,1.0,100%,3.69,3.69,59,3,1.23,1.23,0.92,0.92
Désintégrateur Magnétique,Magnetic Disintegrator,5,16,0.31,31%,11.0,3.44,55,0,Gratuit,Gratuit,11.0,3.44
Sabre Versatile,Versatil Saber,5,16,0.31,31%,11.0,3.44,55,1,11.0,3.44,5.5,1.72
Couronne du Roi Nain,Crown of the Dwarf King,4,16,0.25,25%,13.0,3.25,52,0,Gratuit,Gratuit,13.0,3.25
Danse Macabre,Dance of Death,6,16,0.38,38%,8.0,3.0,48,1,8.0,3.0,4.0,1.5
Coup de Mort,Death Helper,4,16,0.25,25%,10.0,2.5,40,1,10.0,2.5,5.0,1.25
Force Divine,Divine Impetu,3,16,0.19,19%,12.33,2.31,37,0,Gratuit,Gratuit,12.33,2.31
Enchaînement Éclair,Unstoppable Lightning,2,16,0.12,12%,18.0,2.25,36,1,18.0,2.25,9.0,1.12
Bâton du Conquérant,Staff of Conquered Worlds,3,16,0.19,19%,11.0,2.06,33,0,Gratuit,Gratuit,11.0,2.06
Masse de Siège,Siege Mace,2,16,0.12,12%,16.0,2.0,32,0,Gratuit,Gratuit,16.0,2.0
Gantelet Impérieux,Imperious Gauntlet,1,16,0.06,6%,30.0,1.88,30,1,30.0,1.88,15.0,0.94
Œil de Lynx,Hawk's Eye,3,16,0.19,19%,8.0,1.5,24,0,Gratuit,Gratuit,8.0,1.5
Épé Sainte,Holy Sword,2,16,0.12,12%,10.0,1.25,20,0,Gratuit,Gratuit,10.0,1.25
Griffes Sauvages,Wild Claw,9,16,0.56,56%,2.0,1.12,18,3,0.67,0.37,0.5,0.28
Soif de Sang,Thirsty Dagger,1,16,0.06,6%,15.0,0.94,15,0,Gratuit,Gratuit,15.0,0.94
Faux Parfaite,Perfect Scythe,1,16,0.06,6%,15.0,0.94,15,0,Gratuit,Gratuit,15.0,0.94
