,Nom Anglais,nb games valide,total games,ratio,%,pts moy,pts moy total,total point,cout,pts par cout moy,pts par cout total,pts par cout moy+1,pts par cout total+1
Faux,Scythe,9,9,1.0,100%,17.44,17.44,157,3,5.81,5.81,4.36,4.36
Totem Équivalent,Equivalent Totem,9,9,1.0,100%,16.0,16.0,144,2,8.0,8.0,5.33,5.33
Économe Sagesse du Trésorier,Treasurer's Wisdom,8,9,0.89,89%,17.0,15.11,136,2,8.5,7.55,5.67,5.04
Aveuglement,Incapacitor,9,9,1.0,100%,15.0,15.0,135,3,5.0,5.0,3.75,3.75
Armure d'Obsidienne,Obsidian Battle Plate,6,9,0.67,67%,20.0,13.33,120,2,10.0,6.67,6.67,4.44
Marteau Collecteur,Collecting Hammer,7,9,0.78,78%,16.29,12.67,114,2,8.14,6.33,5.43,4.22
Hache Frénétique,Berseker Ax,8,9,0.89,89%,14.0,12.44,112,2,7.0,6.22,4.67,4.15
Lame Affutée,Sharp Blade,9,9,1.0,100%,11.33,11.33,102,3,3.78,3.78,2.83,2.83
Faux Assoiffées,Thirsty Scythes,4,9,0.44,44%,25.0,11.11,100,3,8.33,3.7,6.25,2.78
Bâton de Conquête,Conquering Staff,4,9,0.44,44%,24.0,10.67,96,2,12.0,5.33,8.0,3.56
Esprit de l'Écuyer,Spirit of the Squire,9,9,1.0,100%,9.33,9.33,84,3,3.11,3.11,2.33,2.33
Esprit Guerrier,Spirit of the Warrior,5,9,0.56,56%,16.0,8.89,80,1,16.0,8.89,8.0,4.45
Lame Insatiable,Fast Furious Blade,5,9,0.56,56%,16.0,8.89,80,2,8.0,4.45,5.33,2.96
Ascension Divine,Divine Ascent,3,9,0.33,33%,25.0,8.33,75,3,8.33,2.78,6.25,2.08
Explosion Arcanique,Arcane Explosive,6,9,0.67,67%,12.0,8.0,72,1,12.0,8.0,6.0,4.0
Marteleur précis,Precise Hammer,4,9,0.44,44%,18.0,8.0,72,1,18.0,8.0,9.0,4.0
Tombeau Rocheux,Rock Tomb,6,9,0.67,67%,10.0,6.67,60,1,10.0,6.67,5.0,3.33
Chasseresse d'Âmes,Huntress of Souls,3,9,0.33,33%,19.0,6.33,57,1,19.0,6.33,9.5,3.17
Parchemin Secret,Secret Scroll,3,9,0.33,33%,18.0,6.0,54,2,9.0,3.0,6.0,2.0
Épée Obscure,Swords of Darkness,3,9,0.33,33%,17.0,5.67,51,1,17.0,5.67,8.5,2.83
Griffes Démoniaques,Demon Claws,3,9,0.33,33%,17.0,5.67,51,1,17.0,5.67,8.5,2.83
Elan de Fureur,Rampage Momentum,3,9,0.33,33%,15.0,5.0,45,2,7.5,2.5,5.0,1.67
Désintégrateur Magnétique,Magnetic Disintegrator,4,9,0.44,44%,11.0,4.89,44,0,Gratuit,Gratuit,11.0,4.89
Armure d'Immortel,Immortal Breastplate,3,9,0.33,33%,14.0,4.67,42,1,14.0,4.67,7.0,2.33
Coup de Mort,Death Helper,4,9,0.44,44%,10.0,4.44,40,1,10.0,4.44,5.0,2.22
Totem du Gardien,Guardian Totem,9,9,1.0,100%,4.0,4.0,36,3,1.33,1.33,1.0,1.0
Sabre Versatile,Versatil Saber,3,9,0.33,33%,11.0,3.67,33,1,11.0,3.67,5.5,1.83
Masse Colossale,Colossal Mace,3,9,0.33,33%,11.0,3.67,33,0,Gratuit,Gratuit,11.0,3.67
Bâton du Conquérant,Staff of Conquered Worlds,3,9,0.33,33%,11.0,3.67,33,0,Gratuit,Gratuit,11.0,3.67
Danse Macabre,Dance of Death,4,9,0.44,44%,8.0,3.56,32,1,8.0,3.56,4.0,1.78
Couronne du Roi Nain,Crown of the Dwarf King,2,9,0.22,22%,13.0,2.89,26,0,Gratuit,Gratuit,13.0,2.89
Œil de Lynx,Hawk's Eye,3,9,0.33,33%,8.0,2.67,24,0,Gratuit,Gratuit,8.0,2.67
Force Divine,Divine Impetu,2,9,0.22,22%,11.0,2.44,22,0,Gratuit,Gratuit,11.0,2.44
Enchaînement Éclair,Unstoppable Lightning,1,9,0.11,11%,18.0,2.0,18,1,18.0,2.0,9.0,1.0
Faux Parfaite,Perfect Scythe,1,9,0.11,11%,15.0,1.67,15,0,Gratuit,Gratuit,15.0,1.67
Griffes Sauvages,Wild Claw,5,9,0.56,56%,2.0,1.11,10,3,0.67,0.37,0.5,0.28
Épé Sainte,Holy Sword,1,9,0.11,11%,10.0,1.11,10,0,Gratuit,Gratuit,10.0,1.11
