,Nom Anglais,nb games valide,total games,ratio,%,pts moy,pts moy total,total point,cout,pts par cout moy,pts par cout total,pts par cout moy+1,pts par cout total+1
Marteau Collecteur,Collecting Hammer,4,4,1.0,100%,18.0,18.0,72,2,9.0,9.0,6.0,6.0
Totem Équivalent,Equivalent Totem,4,4,1.0,100%,15.25,15.25,61,2,7.62,7.62,5.08,5.08
Armure d'Obsidienne,Obsidian Battle Plate,3,4,0.75,75%,20.0,15.0,60,2,10.0,7.5,6.67,5.0
Faux,Scythe,4,4,1.0,100%,14.75,14.75,59,3,4.92,4.92,3.69,3.69
Hache Frénétique,Berseker Ax,4,4,1.0,100%,14.0,14.0,56,2,7.0,7.0,4.67,4.67
Économe Sagesse du Trésorier,Treasurer's Wisdom,3,4,0.75,75%,17.0,12.75,51,2,8.5,6.38,5.67,4.25
Explosion Arcanique,Arcane Explosive,4,4,1.0,100%,12.0,12.0,48,1,12.0,12.0,6.0,6.0
Lame Affutée,Sharp Blade,4,4,1.0,100%,10.5,10.5,42,3,3.5,3.5,2.62,2.62
Aveuglement,Incapacitor,4,4,1.0,100%,9.75,9.75,39,3,3.25,3.25,2.44,2.44
Esprit de l'Écuyer,Spirit of the Squire,4,4,1.0,100%,9.75,9.75,39,3,3.25,3.25,2.44,2.44
Chasseresse d'Âmes,Huntress of Souls,2,4,0.5,50%,19.0,9.5,38,1,19.0,9.5,9.5,4.75
Marteleur précis,Precise Hammer,2,4,0.5,50%,18.0,9.0,36,1,18.0,9.0,9.0,4.5
Parchemin Secret,Secret Scroll,2,4,0.5,50%,18.0,9.0,36,2,9.0,4.5,6.0,3.0
Griffes Démoniaques,Demon Claws,2,4,0.5,50%,17.0,8.5,34,1,17.0,8.5,8.5,4.25
Épée Obscure,Swords of Darkness,2,4,0.5,50%,17.0,8.5,34,1,17.0,8.5,8.5,4.25
Esprit Guerrier,Spirit of the Warrior,2,4,0.5,50%,16.0,8.0,32,1,16.0,8.0,8.0,4.0
Lame Insatiable,Fast Furious Blade,2,4,0.5,50%,16.0,8.0,32,2,8.0,4.0,5.33,2.67
Tombeau Rocheux,Rock Tomb,3,4,0.75,75%,10.0,7.5,30,1,10.0,7.5,5.0,3.75
Armure d'Immortel,Immortal Breastplate,2,4,0.5,50%,14.0,7.0,28,1,14.0,7.0,7.0,3.5
Faux Assoiffées,Thirsty Scythes,1,4,0.25,25%,25.0,6.25,25,3,8.33,2.08,6.25,1.56
Bâton de Conquête,Conquering Staff,1,4,0.25,25%,24.0,6.0,24,2,12.0,3.0,8.0,2.0
Désintégrateur Magnétique,Magnetic Disintegrator,2,4,0.5,50%,11.0,5.5,22,0,Gratuit,Gratuit,11.0,5.5
Sabre Versatile,Versatil Saber,2,4,0.5,50%,11.0,5.5,22,1,11.0,5.5,5.5,2.75
Masse Colossale,Colossal Mace,2,4,0.5,50%,11.0,5.5,22,0,Gratuit,Gratuit,11.0,5.5
Coup de Mort,Death Helper,2,4,0.5,50%,10.0,5.0,20,1,10.0,5.0,5.0,2.5
Danse Macabre,Dance of Death,2,4,0.5,50%,8.0,4.0,16,1,8.0,4.0,4.0,2.0
Elan de Fureur,Rampage Momentum,1,4,0.25,25%,15.0,3.75,15,2,7.5,1.88,5.0,1.25
Totem du Gardien,Guardian Totem,4,4,1.0,100%,3.5,3.5,14,3,1.17,1.17,0.88,0.88
Couronne du Roi Nain,Crown of the Dwarf King,1,4,0.25,25%,13.0,3.25,13,0,Gratuit,Gratuit,13.0,3.25
Bâton du Conquérant,Staff of Conquered Worlds,1,4,0.25,25%,11.0,2.75,11,0,Gratuit,Gratuit,11.0,2.75
Force Divine,Divine Impetu,1,4,0.25,25%,11.0,2.75,11,0,Gratuit,Gratuit,11.0,2.75
Œil de Lynx,Hawk's Eye,1,4,0.25,25%,8.0,2.0,8,0,Gratuit,Gratuit,8.0,2.0
Griffes Sauvages,Wild Claw,2,4,0.5,50%,1.5,0.75,3,3,0.5,0.25,0.38,0.19
