,Nom Anglais,nb games valide,total games,ratio,%,pts moy,pts moy total,total point,cout,pts par cout moy,pts par cout total
Aveuglement,Incapacitor,8,8,1.0,100%,18.75,18.75,150,3,6.25,6.25
Faux,Scythe,8,8,1.0,100%,12.88,12.88,103,3,4.29,4.29
Armure d'Obsidienne,Obsidian Battle Plate,5,8,0.62,62%,20.0,12.5,100,2,10.0,6.25
Lame Affutée,Sharp Blade,6,8,0.75,75%,14.5,10.88,87,3,4.83,3.63
Hache Frénétique,Berseker Ax,6,8,0.75,75%,14.0,10.5,84,2,7.0,5.25
Épées Jumelles,Twin Swords,4,8,0.5,50%,17.5,8.75,70,1,17.5,8.75
Économe Sagesse du Trésorier,Treasurer's Wisdom,4,8,0.5,50%,17.0,8.5,68,2,8.5,4.25
Épée Obscure,Swords of Darkness,4,8,0.5,50%,15.0,7.5,60,1,15.0,7.5
Elan de Fureur,Rampage Momentum,4,8,0.5,50%,15.0,7.5,60,2,7.5,3.75
Esprit de l'Écuyer,Spirit of the Squire,6,8,0.75,75%,9.5,7.12,57,3,3.17,2.37
Armure d'Immortel,Immortal Breastplate,4,8,0.5,50%,14.0,7.0,56,1,14.0,7.0
Marteleur précis,Precise Hammer,3,8,0.38,38%,18.0,6.75,54,1,18.0,6.75
Enchaînement Éclair,Unstoppable Lightning,3,8,0.38,38%,18.0,6.75,54,1,18.0,6.75
Parchemin Secret,Secret Scroll,3,8,0.38,38%,18.0,6.75,54,2,9.0,3.38
Faux Assoiffées,Thirsty Scythes,2,8,0.25,25%,25.0,6.25,50,3,8.33,2.08
Frappe Chirurgicale,Accurate Sword,3,8,0.38,38%,16.0,6.0,48,1,16.0,6.0
Esprit Guerrier,Spirit of the Warrior,3,8,0.38,38%,16.0,6.0,48,1,16.0,6.0
Lame Insatiable,Fast Furious Blade,3,8,0.38,38%,16.0,6.0,48,2,8.0,3.0
Bâton de Conquête,Conquering Staff,2,8,0.25,25%,24.0,6.0,48,2,12.0,3.0
Explosion Arcanique,Arcane Explosive,4,8,0.5,50%,12.0,6.0,48,1,12.0,6.0
Totem du Gardien,Guardian Totem,8,8,1.0,100%,5.88,5.88,47,3,1.96,1.96
Esquive Salvatrice,Evasive Protection,3,8,0.38,38%,15.0,5.62,45,0,Gratuit,Gratuit
Masse Colossale,Colossal Mace,4,8,0.5,50%,11.0,5.5,44,0,Gratuit,Gratuit
Sabre Versatile,Versatil Saber,4,8,0.5,50%,11.0,5.5,44,1,11.0,5.5
Le Croque-mort,The Undertaker,3,8,0.38,38%,14.0,5.25,42,1,14.0,5.25
Assistance Divine,Sacred Help,2,8,0.25,25%,20.0,5.0,40,2,10.0,2.5
Glaive Vindicatif,Large Sword of Hate,2,8,0.25,25%,20.0,5.0,40,1,20.0,5.0
Aura Légendaire,Legend Aura,1,8,0.12,12%,40.0,5.0,40,3,13.33,1.67
Tombeau Rocheux,Rock Tomb,4,8,0.5,50%,10.0,5.0,40,1,10.0,5.0
Chasseresse d'Âmes,Huntress of Souls,2,8,0.25,25%,19.0,4.75,38,1,19.0,4.75
Le Traqueur,The Stalker,2,8,0.25,25%,18.0,4.5,36,3,6.0,1.5
Décharge Élémentaire,Elemental Discharge,2,8,0.25,25%,18.0,4.5,36,1,18.0,4.5
Griffes Démoniaques,Demon Claws,2,8,0.25,25%,17.0,4.25,34,1,17.0,4.25
Danse Macabre,Dance of Death,4,8,0.5,50%,8.0,4.0,32,1,8.0,4.0
Triple Météore,Trimeteor,1,8,0.12,12%,30.0,3.75,30,0,Gratuit,Gratuit
Couronne du Roi Nain,Crown of the Dwarf King,2,8,0.25,25%,13.0,3.25,26,0,Gratuit,Gratuit
Ascension Divine,Divine Ascent,1,8,0.12,12%,25.0,3.12,25,3,8.33,1.04
Lance Doublée,Dual Spear,3,8,0.38,38%,8.0,3.0,24,0,Gratuit,Gratuit
Désintégrateur Magnétique,Magnetic Disintegrator,2,8,0.25,25%,11.0,2.75,22,0,Gratuit,Gratuit
Griffes Sauvages,Wild Claw,5,8,0.62,62%,4.4,2.75,22,3,1.47,0.92
Force Divine,Divine Impetu,2,8,0.25,25%,11.0,2.75,22,0,Gratuit,Gratuit
Destruction Royale,Royal Destroyer,2,8,0.25,25%,11.0,2.75,22,0,Gratuit,Gratuit
Lance Triplée,Triple Spear,1,8,0.12,12%,20.0,2.5,20,0,Gratuit,Gratuit
Coup de Mort,Death Helper,2,8,0.25,25%,10.0,2.5,20,1,10.0,2.5
Le Marionnettiste,The Puppeteer,1,8,0.12,12%,20.0,2.5,20,2,10.0,1.25
Pillard Féroce,Savage Looter,1,8,0.12,12%,20.0,2.5,20,1,20.0,2.5
Esprit omniprésent,Omnipresent Spirit,1,8,0.12,12%,18.0,2.25,18,2,9.0,1.12
Œil de Lynx,Hawk's Eye,2,8,0.25,25%,8.0,2.0,16,0,Gratuit,Gratuit
Masse de Siège,Siege Mace,1,8,0.12,12%,16.0,2.0,16,0,Gratuit,Gratuit
Soif de Sang,Thirsty Dagger,1,8,0.12,12%,15.0,1.88,15,0,Gratuit,Gratuit
Instinct Sanguinaire,Bloody Instinct,1,8,0.12,12%,15.0,1.88,15,2,7.5,0.94
Épé Sainte,Holy Sword,1,8,0.12,12%,10.0,1.25,10,0,Gratuit,Gratuit
