,Nom Anglais,nb games valide,total games,ratio,%,pts moy,pts moy total,total point,cout,pts par cout moy,pts par cout total
Aveuglement,Incapacitor,10,10,1.0,100%,18.3,18.3,183,3,6.1,6.1
Faux,Scythe,10,10,1.0,100%,13.8,13.8,138,3,4.6,4.6
Hache Frénétique,Berseker Ax,8,10,0.8,80%,14.0,11.2,112,2,7.0,5.6
Lame Affutée,Sharp Blade,8,10,0.8,80%,12.75,10.2,102,3,4.25,3.4
Économe Sagesse du Trésorier,Treasurer's Wisdom,6,10,0.6,60%,17.0,10.2,102,2,8.5,5.1
Armure d'Obsidienne,Obsidian Battle Plate,5,10,0.5,50%,20.0,10.0,100,2,10.0,5.0
Faux Assoiffées,Thirsty Scythes,3,10,0.3,30%,25.0,7.5,75,3,8.33,2.5
Épées Jumelles,Twin Swords,4,10,0.4,40%,17.5,7.0,70,1,17.5,7.0
Esprit de l'Écuyer,Spirit of the Squire,8,10,0.8,80%,8.25,6.6,66,3,2.75,2.2
Lame Insatiable,Fast Furious Blade,4,10,0.4,40%,16.0,6.4,64,2,8.0,3.2
Épée Obscure,Swords of Darkness,4,10,0.4,40%,15.0,6.0,60,1,15.0,6.0
Explosion Arcanique,Arcane Explosive,5,10,0.5,50%,12.0,6.0,60,1,12.0,6.0
Elan de Fureur,Rampage Momentum,4,10,0.4,40%,15.0,6.0,60,2,7.5,3.0
Chasseresse d'Âmes,Huntress of Souls,3,10,0.3,30%,19.0,5.7,57,1,19.0,5.7
Armure d'Immortel,Immortal Breastplate,4,10,0.4,40%,14.0,5.6,56,1,14.0,5.6
Totem du Gardien,Guardian Totem,10,10,1.0,100%,5.6,5.6,56,3,1.87,1.87
Marteleur précis,Precise Hammer,3,10,0.3,30%,18.0,5.4,54,1,18.0,5.4
Enchaînement Éclair,Unstoppable Lightning,3,10,0.3,30%,18.0,5.4,54,1,18.0,5.4
Parchemin Secret,Secret Scroll,3,10,0.3,30%,18.0,5.4,54,2,9.0,2.7
Griffes Démoniaques,Demon Claws,3,10,0.3,30%,17.0,5.1,51,1,17.0,5.1
Ascension Divine,Divine Ascent,2,10,0.2,20%,25.0,5.0,50,3,8.33,1.67
Tombeau Rocheux,Rock Tomb,5,10,0.5,50%,10.0,5.0,50,1,10.0,5.0
Bâton de Conquête,Conquering Staff,2,10,0.2,20%,24.0,4.8,48,2,12.0,2.4
Frappe Chirurgicale,Accurate Sword,3,10,0.3,30%,16.0,4.8,48,1,16.0,4.8
Esprit Guerrier,Spirit of the Warrior,3,10,0.3,30%,16.0,4.8,48,1,16.0,4.8
Esquive Salvatrice,Evasive Protection,3,10,0.3,30%,15.0,4.5,45,0,Gratuit,Gratuit
Sabre Versatile,Versatil Saber,4,10,0.4,40%,11.0,4.4,44,1,11.0,4.4
Masse Colossale,Colossal Mace,4,10,0.4,40%,11.0,4.4,44,0,Gratuit,Gratuit
Le Croque-mort,The Undertaker,3,10,0.3,30%,14.0,4.2,42,1,14.0,4.2
Glaive Vindicatif,Large Sword of Hate,2,10,0.2,20%,20.0,4.0,40,1,20.0,4.0
Aura Légendaire,Legend Aura,1,10,0.1,10%,40.0,4.0,40,3,13.33,1.33
Assistance Divine,Sacred Help,2,10,0.2,20%,20.0,4.0,40,2,10.0,2.0
Le Traqueur,The Stalker,2,10,0.2,20%,18.0,3.6,36,3,6.0,1.2
Décharge Élémentaire,Elemental Discharge,2,10,0.2,20%,18.0,3.6,36,1,18.0,3.6
Destruction Royale,Royal Destroyer,3,10,0.3,30%,11.0,3.3,33,0,Gratuit,Gratuit
Désintégrateur Magnétique,Magnetic Disintegrator,3,10,0.3,30%,11.0,3.3,33,0,Gratuit,Gratuit
Danse Macabre,Dance of Death,4,10,0.4,40%,8.0,3.2,32,1,8.0,3.2
Triple Météore,Trimeteor,1,10,0.1,10%,30.0,3.0,30,0,Gratuit,Gratuit
Griffes Sauvages,Wild Claw,7,10,0.7,70%,4.29,3.0,30,3,1.43,1.0
Couronne du Roi Nain,Crown of the Dwarf King,2,10,0.2,20%,13.0,2.6,26,0,Gratuit,Gratuit
Lance Doublée,Dual Spear,3,10,0.3,30%,8.0,2.4,24,0,Gratuit,Gratuit
Force Divine,Divine Impetu,2,10,0.2,20%,11.0,2.2,22,0,Gratuit,Gratuit
Lance Triplée,Triple Spear,1,10,0.1,10%,20.0,2.0,20,0,Gratuit,Gratuit
Coup de Mort,Death Helper,2,10,0.2,20%,10.0,2.0,20,1,10.0,2.0
Le Marionnettiste,The Puppeteer,1,10,0.1,10%,20.0,2.0,20,2,10.0,1.0
Pillard Féroce,Savage Looter,1,10,0.1,10%,20.0,2.0,20,1,20.0,2.0
Esprit omniprésent,Omnipresent Spirit,1,10,0.1,10%,18.0,1.8,18,2,9.0,0.9
Œil de Lynx,Hawk's Eye,2,10,0.2,20%,8.0,1.6,16,0,Gratuit,Gratuit
Masse de Siège,Siege Mace,1,10,0.1,10%,16.0,1.6,16,0,Gratuit,Gratuit
Soif de Sang,Thirsty Dagger,1,10,0.1,10%,15.0,1.5,15,0,Gratuit,Gratuit
Instinct Sanguinaire,Bloody Instinct,1,10,0.1,10%,15.0,1.5,15,2,7.5,0.75
Épé Sainte,Holy Sword,1,10,0.1,10%,10.0,1.0,10,0,Gratuit,Gratuit
