,Nom Anglais,nb games valide,total games,ratio,%,pts moy,pts moy total,total point,cout,pts par cout moy,pts par cout total
Chasseresse d'Âmes,Huntress of Souls,2,2,1.0,100%,19.0,19.0,38,1,19.0,19.0
Parchemin Secret,Secret Scroll,2,2,1.0,100%,18.0,18.0,36,2,9.0,9.0
Marteleur précis,Precise Hammer,2,2,1.0,100%,18.0,18.0,36,1,18.0,18.0
Épée Obscure,Swords of Darkness,2,2,1.0,100%,17.0,17.0,34,1,17.0,17.0
Économe Sagesse du Trésorier,Treasurer's Wisdom,2,2,1.0,100%,17.0,17.0,34,2,8.5,8.5
Griffes Démoniaques,Demon Claws,2,2,1.0,100%,17.0,17.0,34,1,17.0,17.0
Lame Affutée,Sharp Blade,2,2,1.0,100%,16.5,16.5,33,3,5.5,5.5
Faux,Scythe,2,2,1.0,100%,16.5,16.5,33,3,5.5,5.5
Totem Équivalent,Equivalent Totem,2,2,1.0,100%,16.0,16.0,32,1,16.0,16.0
Lame Insatiable,Fast Furious Blade,2,2,1.0,100%,16.0,16.0,32,2,8.0,8.0
Marteau Collecteur,Collecting Hammer,2,2,1.0,100%,15.0,15.0,30,2,7.5,7.5
Hache Frénétique,Berseker Ax,2,2,1.0,100%,14.0,14.0,28,2,7.0,7.0
Faux Assoiffées,Thirsty Scythes,1,2,0.5,50%,25.0,12.5,25,3,8.33,4.17
Explosion Arcanique,Arcane Explosive,2,2,1.0,100%,12.0,12.0,24,1,12.0,12.0
Bâton de Conquête,Conquering Staff,1,2,0.5,50%,24.0,12.0,24,2,12.0,6.0
Aveuglement,Incapacitor,2,2,1.0,100%,12.0,12.0,24,3,4.0,4.0
Masse Colossale,Colossal Mace,2,2,1.0,100%,11.0,11.0,22,0,Gratuit,Gratuit
Esprit de l'Écuyer,Spirit of the Squire,2,2,1.0,100%,10.5,10.5,21,3,3.5,3.5
Armure d'Obsidienne,Obsidian Battle Plate,1,2,0.5,50%,20.0,10.0,20,2,10.0,5.0
Danse Macabre,Dance of Death,2,2,1.0,100%,8.0,8.0,16,1,8.0,8.0
Esprit Guerrier,Spirit of the Warrior,1,2,0.5,50%,16.0,8.0,16,1,16.0,8.0
Elan de Fureur,Rampage Momentum,1,2,0.5,50%,15.0,7.5,15,2,7.5,3.75
Armure d'Immortel,Immortal Breastplate,1,2,0.5,50%,14.0,7.0,14,1,14.0,7.0
Couronne du Roi Nain,Crown of the Dwarf King,1,2,0.5,50%,13.0,6.5,13,0,Gratuit,Gratuit
Sabre Versatile,Versatil Saber,1,2,0.5,50%,11.0,5.5,11,1,11.0,5.5
Force Divine,Divine Impetu,1,2,0.5,50%,11.0,5.5,11,0,Gratuit,Gratuit
Désintégrateur Magnétique,Magnetic Disintegrator,1,2,0.5,50%,11.0,5.5,11,0,Gratuit,Gratuit
Bâton du Conquérant,Staff of Conquered Worlds,1,2,0.5,50%,11.0,5.5,11,0,Gratuit,Gratuit
Coup de Mort,Death Helper,1,2,0.5,50%,10.0,5.0,10,1,10.0,5.0
Tombeau Rocheux,Rock Tomb,1,2,0.5,50%,10.0,5.0,10,1,10.0,5.0
Œil de Lynx,Hawk's Eye,1,2,0.5,50%,8.0,4.0,8,0,Gratuit,Gratuit
Totem du Gardien,Guardian Totem,2,2,1.0,100%,3.0,3.0,6,3,1.0,1.0
Griffes Sauvages,Wild Claw,1,2,0.5,50%,2.0,1.0,2,3,0.67,0.33
