,Nom Anglais,nb games valide,total games,ratio,%,pts moy,pts moy total,total point,cout,pts par cout moy,pts par cout total
Totem Équivalent,Equivalent Totem,3,3,1.0,100%,15.67,15.67,47,1,15.67,15.67
Faux,Scythe,3,3,1.0,100%,15.67,15.67,47,3,5.22,5.22
Hache Frénétique,Berseker Ax,3,3,1.0,100%,14.0,14.0,42,2,7.0,7.0
Marteau Collecteur,Collecting Hammer,3,3,1.0,100%,14.0,14.0,42,2,7.0,7.0
Armure d'Obsidienne,Obsidian Battle Plate,2,3,0.67,67%,20.0,13.33,40,2,10.0,6.67
Chasseresse d'Âmes,Huntress of Souls,2,3,0.67,67%,19.0,12.67,38,1,19.0,12.67
Marteleur précis,Precise Hammer,2,3,0.67,67%,18.0,12.0,36,1,18.0,12.0
Explosion Arcanique,Arcane Explosive,3,3,1.0,100%,12.0,12.0,36,1,12.0,12.0
Lame Affutée,Sharp Blade,3,3,1.0,100%,12.0,12.0,36,3,4.0,4.0
Parchemin Secret,Secret Scroll,2,3,0.67,67%,18.0,12.0,36,2,9.0,6.0
Épée Obscure,Swords of Darkness,2,3,0.67,67%,17.0,11.33,34,1,17.0,11.33
Griffes Démoniaques,Demon Claws,2,3,0.67,67%,17.0,11.33,34,1,17.0,11.33
Économe Sagesse du Trésorier,Treasurer's Wisdom,2,3,0.67,67%,17.0,11.33,34,2,8.5,5.67
Esprit de l'Écuyer,Spirit of the Squire,3,3,1.0,100%,11.0,11.0,33,3,3.67,3.67
Lame Insatiable,Fast Furious Blade,2,3,0.67,67%,16.0,10.67,32,2,8.0,5.33
Aveuglement,Incapacitor,3,3,1.0,100%,10.0,10.0,30,3,3.33,3.33
Armure d'Immortel,Immortal Breastplate,2,3,0.67,67%,14.0,9.33,28,1,14.0,9.33
Faux Assoiffées,Thirsty Scythes,1,3,0.33,33%,25.0,8.33,25,3,8.33,2.78
Bâton de Conquête,Conquering Staff,1,3,0.33,33%,24.0,8.0,24,2,12.0,4.0
Sabre Versatile,Versatil Saber,2,3,0.67,67%,11.0,7.33,22,1,11.0,7.33
Masse Colossale,Colossal Mace,2,3,0.67,67%,11.0,7.33,22,0,Gratuit,Gratuit
Tombeau Rocheux,Rock Tomb,2,3,0.67,67%,10.0,6.67,20,1,10.0,6.67
Coup de Mort,Death Helper,2,3,0.67,67%,10.0,6.67,20,1,10.0,6.67
Esprit Guerrier,Spirit of the Warrior,1,3,0.33,33%,16.0,5.33,16,1,16.0,5.33
Danse Macabre,Dance of Death,2,3,0.67,67%,8.0,5.33,16,1,8.0,5.33
Elan de Fureur,Rampage Momentum,1,3,0.33,33%,15.0,5.0,15,2,7.5,2.5
Couronne du Roi Nain,Crown of the Dwarf King,1,3,0.33,33%,13.0,4.33,13,0,Gratuit,Gratuit
Force Divine,Divine Impetu,1,3,0.33,33%,11.0,3.67,11,0,Gratuit,Gratuit
Désintégrateur Magnétique,Magnetic Disintegrator,1,3,0.33,33%,11.0,3.67,11,0,Gratuit,Gratuit
Bâton du Conquérant,Staff of Conquered Worlds,1,3,0.33,33%,11.0,3.67,11,0,Gratuit,Gratuit
Totem du Gardien,Guardian Totem,3,3,1.0,100%,3.33,3.33,10,3,1.11,1.11
Œil de Lynx,Hawk's Eye,1,3,0.33,33%,8.0,2.67,8,0,Gratuit,Gratuit
Griffes Sauvages,Wild Claw,1,3,0.33,33%,2.0,0.67,2,3,0.67,0.22
