,Nom Anglais,nb games valide,total games,ratio,%,pts moy,pts moy total,total point,cout,pts par cout moy,pts par cout total
Aveuglement,Incapacitor,11,11,1.0,100%,17.18,17.18,189,3,5.73,5.73
Faux,Scythe,11,11,1.0,100%,13.73,13.73,151,3,4.58,4.58
Hache Frénétique,Berseker Ax,9,11,0.82,82%,14.0,11.45,126,2,7.0,5.72
Lame Affutée,Sharp Blade,9,11,0.82,82%,11.67,9.55,105,3,3.89,3.18
Économe Sagesse du Trésorier,Treasurer's Wisdom,6,11,0.55,55%,17.0,9.27,102,2,8.5,4.63
Armure d'Obsidienne,Obsidian Battle Plate,5,11,0.45,45%,20.0,9.09,100,2,10.0,4.54
Faux Assoiffées,Thirsty Scythes,3,11,0.27,27%,25.0,6.82,75,3,8.33,2.27
Épées Jumelles,Twin Swords,4,11,0.36,36%,17.5,6.36,70,1,17.5,6.36
Esprit de l'Écuyer,Spirit of the Squire,8,11,0.73,73%,8.25,6.0,66,3,2.75,2.0
Lame Insatiable,Fast Furious Blade,4,11,0.36,36%,16.0,5.82,64,2,8.0,2.91
Esprit Guerrier,Spirit of the Warrior,4,11,0.36,36%,16.0,5.82,64,1,16.0,5.82
Frappe Chirurgicale,Accurate Sword,4,11,0.36,36%,16.0,5.82,64,1,16.0,5.82
Épée Obscure,Swords of Darkness,4,11,0.36,36%,15.0,5.45,60,1,15.0,5.45
Elan de Fureur,Rampage Momentum,4,11,0.36,36%,15.0,5.45,60,2,7.5,2.73
Explosion Arcanique,Arcane Explosive,5,11,0.45,45%,12.0,5.45,60,1,12.0,5.45
Totem du Gardien,Guardian Totem,11,11,1.0,100%,5.36,5.36,59,3,1.79,1.79
Chasseresse d'Âmes,Huntress of Souls,3,11,0.27,27%,19.0,5.18,57,1,19.0,5.18
Armure d'Immortel,Immortal Breastplate,4,11,0.36,36%,14.0,5.09,56,1,14.0,5.09
Enchaînement Éclair,Unstoppable Lightning,3,11,0.27,27%,18.0,4.91,54,1,18.0,4.91
Parchemin Secret,Secret Scroll,3,11,0.27,27%,18.0,4.91,54,2,9.0,2.46
Marteleur précis,Precise Hammer,3,11,0.27,27%,18.0,4.91,54,1,18.0,4.91
Griffes Démoniaques,Demon Claws,3,11,0.27,27%,17.0,4.64,51,1,17.0,4.64
Tombeau Rocheux,Rock Tomb,5,11,0.45,45%,10.0,4.55,50,1,10.0,4.55
Ascension Divine,Divine Ascent,2,11,0.18,18%,25.0,4.55,50,3,8.33,1.52
Bâton de Conquête,Conquering Staff,2,11,0.18,18%,24.0,4.36,48,2,12.0,2.18
Esquive Salvatrice,Evasive Protection,3,11,0.27,27%,15.0,4.09,45,0,Gratuit,Gratuit
Sabre Versatile,Versatil Saber,4,11,0.36,36%,11.0,4.0,44,1,11.0,4.0
Masse Colossale,Colossal Mace,4,11,0.36,36%,11.0,4.0,44,0,Gratuit,Gratuit
Le Croque-mort,The Undertaker,3,11,0.27,27%,14.0,3.82,42,1,14.0,3.82
Assistance Divine,Sacred Help,2,11,0.18,18%,20.0,3.64,40,2,10.0,1.82
Aura Légendaire,Legend Aura,1,11,0.09,9%,40.0,3.64,40,3,13.33,1.21
Glaive Vindicatif,Large Sword of Hate,2,11,0.18,18%,20.0,3.64,40,1,20.0,3.64
Le Traqueur,The Stalker,2,11,0.18,18%,18.0,3.27,36,3,6.0,1.09
Décharge Élémentaire,Elemental Discharge,2,11,0.18,18%,18.0,3.27,36,1,18.0,3.27
Destruction Royale,Royal Destroyer,3,11,0.27,27%,11.0,3.0,33,0,Gratuit,Gratuit
Désintégrateur Magnétique,Magnetic Disintegrator,3,11,0.27,27%,11.0,3.0,33,0,Gratuit,Gratuit
Danse Macabre,Dance of Death,4,11,0.36,36%,8.0,2.91,32,1,8.0,2.91
Griffes Sauvages,Wild Claw,8,11,0.73,73%,3.88,2.82,31,3,1.29,0.94
Instinct Sanguinaire,Bloody Instinct,2,11,0.18,18%,15.0,2.73,30,2,7.5,1.36
Triple Météore,Trimeteor,1,11,0.09,9%,30.0,2.73,30,0,Gratuit,Gratuit
Couronne du Roi Nain,Crown of the Dwarf King,2,11,0.18,18%,13.0,2.36,26,0,Gratuit,Gratuit
Lance Doublée,Dual Spear,3,11,0.27,27%,8.0,2.18,24,0,Gratuit,Gratuit
Force Divine,Divine Impetu,2,11,0.18,18%,11.0,2.0,22,0,Gratuit,Gratuit
Lance Triplée,Triple Spear,1,11,0.09,9%,20.0,1.82,20,0,Gratuit,Gratuit
Coup de Mort,Death Helper,2,11,0.18,18%,10.0,1.82,20,1,10.0,1.82
Le Marionnettiste,The Puppeteer,1,11,0.09,9%,20.0,1.82,20,2,10.0,0.91
Pillard Féroce,Savage Looter,1,11,0.09,9%,20.0,1.82,20,1,20.0,1.82
Esprit omniprésent,Omnipresent Spirit,1,11,0.09,9%,18.0,1.64,18,2,9.0,0.82
Œil de Lynx,Hawk's Eye,2,11,0.18,18%,8.0,1.45,16,0,Gratuit,Gratuit
Masse de Siège,Siege Mace,1,11,0.09,9%,16.0,1.45,16,0,Gratuit,Gratuit
Soif de Sang,Thirsty Dagger,1,11,0.09,9%,15.0,1.36,15,0,Gratuit,Gratuit
Épé Sainte,Holy Sword,1,11,0.09,9%,10.0,0.91,10,0,Gratuit,Gratuit
