,Nom Anglais,nb games valide,total games,ratio,%,pts moy,pts moy total,total point,cout,pts par cout moy,pts par cout total,pts par cout moy+1,pts par cout total+1
Faux,Scythe,8,8,1.0,100%,16.25,16.25,130,3,5.42,5.42,4.06,4.06
Totem Équivalent,Equivalent Totem,8,8,1.0,100%,15.75,15.75,126,2,7.88,7.88,5.25,5.25
Armure d'Obsidienne,Obsidian Battle Plate,6,8,0.75,75%,20.0,15.0,120,2,10.0,7.5,6.67,5.0
Économe Sagesse du Trésorier,Treasurer's Wisdom,7,8,0.88,88%,17.0,14.88,119,2,8.5,7.44,5.67,4.96
Hache Frénétique,Berseker Ax,7,8,0.88,88%,14.0,12.25,98,2,7.0,6.12,4.67,4.08
Marteau Collecteur,Collecting Hammer,6,8,0.75,75%,16.0,12.0,96,2,8.0,6.0,5.33,4.0
Aveuglement,Incapacitor,8,8,1.0,100%,10.5,10.5,84,3,3.5,3.5,2.62,2.62
Faux Assoiffées,Thirsty Scythes,3,8,0.38,38%,25.0,9.38,75,3,8.33,3.13,6.25,2.35
Bâton de Conquête,Conquering Staff,3,8,0.38,38%,24.0,9.0,72,2,12.0,4.5,8.0,3.0
Lame Affutée,Sharp Blade,8,8,1.0,100%,9.0,9.0,72,3,3.0,3.0,2.25,2.25
Esprit de l'Écuyer,Spirit of the Squire,8,8,1.0,100%,8.62,8.62,69,3,2.87,2.87,2.15,2.15
Lame Insatiable,Fast Furious Blade,4,8,0.5,50%,16.0,8.0,64,2,8.0,4.0,5.33,2.67
Esprit Guerrier,Spirit of the Warrior,4,8,0.5,50%,16.0,8.0,64,1,16.0,8.0,8.0,4.0
Explosion Arcanique,Arcane Explosive,5,8,0.62,62%,12.0,7.5,60,1,12.0,7.5,6.0,3.75
Chasseresse d'Âmes,Huntress of Souls,3,8,0.38,38%,19.0,7.12,57,1,19.0,7.12,9.5,3.56
Marteleur précis,Precise Hammer,3,8,0.38,38%,18.0,6.75,54,1,18.0,6.75,9.0,3.38
Griffes Démoniaques,Demon Claws,3,8,0.38,38%,17.0,6.38,51,1,17.0,6.38,8.5,3.19
Épée Obscure,Swords of Darkness,3,8,0.38,38%,17.0,6.38,51,1,17.0,6.38,8.5,3.19
Tombeau Rocheux,Rock Tomb,5,8,0.62,62%,10.0,6.25,50,1,10.0,6.25,5.0,3.12
Ascension Divine,Divine Ascent,2,8,0.25,25%,25.0,6.25,50,3,8.33,2.08,6.25,1.56
Armure d'Immortel,Immortal Breastplate,3,8,0.38,38%,14.0,5.25,42,1,14.0,5.25,7.0,2.62
Parchemin Secret,Secret Scroll,2,8,0.25,25%,18.0,4.5,36,2,9.0,2.25,6.0,1.5
Désintégrateur Magnétique,Magnetic Disintegrator,3,8,0.38,38%,11.0,4.12,33,0,Gratuit,Gratuit,11.0,4.12
Sabre Versatile,Versatil Saber,3,8,0.38,38%,11.0,4.12,33,1,11.0,4.12,5.5,2.06
Totem du Gardien,Guardian Totem,8,8,1.0,100%,4.0,4.0,32,3,1.33,1.33,1.0,1.0
Elan de Fureur,Rampage Momentum,2,8,0.25,25%,15.0,3.75,30,2,7.5,1.88,5.0,1.25
Coup de Mort,Death Helper,3,8,0.38,38%,10.0,3.75,30,1,10.0,3.75,5.0,1.88
Danse Macabre,Dance of Death,3,8,0.38,38%,8.0,3.0,24,1,8.0,3.0,4.0,1.5
Bâton du Conquérant,Staff of Conquered Worlds,2,8,0.25,25%,11.0,2.75,22,0,Gratuit,Gratuit,11.0,2.75
Masse Colossale,Colossal Mace,2,8,0.25,25%,11.0,2.75,22,0,Gratuit,Gratuit,11.0,2.75
Force Divine,Divine Impetu,2,8,0.25,25%,11.0,2.75,22,0,Gratuit,Gratuit,11.0,2.75
Enchaînement Éclair,Unstoppable Lightning,1,8,0.12,12%,18.0,2.25,18,1,18.0,2.25,9.0,1.12
Œil de Lynx,Hawk's Eye,2,8,0.25,25%,8.0,2.0,16,0,Gratuit,Gratuit,8.0,2.0
Faux Parfaite,Perfect Scythe,1,8,0.12,12%,15.0,1.88,15,0,Gratuit,Gratuit,15.0,1.88
Couronne du Roi Nain,Crown of the Dwarf King,1,8,0.12,12%,13.0,1.62,13,0,Gratuit,Gratuit,13.0,1.62
Griffes Sauvages,Wild Claw,4,8,0.5,50%,1.75,0.88,7,3,0.58,0.29,0.44,0.22
