,Nom Anglais,nb games valide,total games,ratio,%,pts moy,pts moy total,total point,cout,pts par cout moy,pts par cout total,pts par cout moy+1,pts par cout total+1
Armure d'Obsidienne,Obsidian Battle Plate,5,6,0.83,83%,20.0,16.67,100,2,10.0,8.34,6.67,5.56
Faux,Scythe,6,6,1.0,100%,15.67,15.67,94,3,5.22,5.22,3.92,3.92
Totem Équivalent,Equivalent Totem,6,6,1.0,100%,15.5,15.5,93,2,7.75,7.75,5.17,5.17
Économe Sagesse du Trésorier,Treasurer's Wisdom,5,6,0.83,83%,17.0,14.17,85,2,8.5,7.08,5.67,4.72
Hache Frénétique,Berseker Ax,6,6,1.0,100%,14.0,14.0,84,2,7.0,7.0,4.67,4.67
Marteau Collecteur,Collecting Hammer,5,6,0.83,83%,15.6,13.0,78,2,7.8,6.5,5.2,4.33
Lame Affutée,Sharp Blade,6,6,1.0,100%,11.0,11.0,66,3,3.67,3.67,2.75,2.75
Esprit Guerrier,Spirit of the Warrior,4,6,0.67,67%,16.0,10.67,64,1,16.0,10.67,8.0,5.33
Aveuglement,Incapacitor,6,6,1.0,100%,10.5,10.5,63,3,3.5,3.5,2.62,2.62
Marteleur précis,Precise Hammer,3,6,0.5,50%,18.0,9.0,54,1,18.0,9.0,9.0,4.5
Épée Obscure,Swords of Darkness,3,6,0.5,50%,17.0,8.5,51,1,17.0,8.5,8.5,4.25
Esprit de l'Écuyer,Spirit of the Squire,6,6,1.0,100%,8.5,8.5,51,3,2.83,2.83,2.12,2.12
Faux Assoiffées,Thirsty Scythes,2,6,0.33,33%,25.0,8.33,50,3,8.33,2.78,6.25,2.08
Tombeau Rocheux,Rock Tomb,5,6,0.83,83%,10.0,8.33,50,1,10.0,8.33,5.0,4.17
Explosion Arcanique,Arcane Explosive,4,6,0.67,67%,12.0,8.0,48,1,12.0,8.0,6.0,4.0
Bâton de Conquête,Conquering Staff,2,6,0.33,33%,24.0,8.0,48,2,12.0,4.0,8.0,2.67
Lame Insatiable,Fast Furious Blade,3,6,0.5,50%,16.0,8.0,48,2,8.0,4.0,5.33,2.67
Armure d'Immortel,Immortal Breastplate,3,6,0.5,50%,14.0,7.0,42,1,14.0,7.0,7.0,3.5
Chasseresse d'Âmes,Huntress of Souls,2,6,0.33,33%,19.0,6.33,38,1,19.0,6.33,9.5,3.17
Parchemin Secret,Secret Scroll,2,6,0.33,33%,18.0,6.0,36,2,9.0,3.0,6.0,2.0
Griffes Démoniaques,Demon Claws,2,6,0.33,33%,17.0,5.67,34,1,17.0,5.67,8.5,2.83
Sabre Versatile,Versatil Saber,3,6,0.5,50%,11.0,5.5,33,1,11.0,5.5,5.5,2.75
Elan de Fureur,Rampage Momentum,2,6,0.33,33%,15.0,5.0,30,2,7.5,2.5,5.0,1.67
Ascension Divine,Divine Ascent,1,6,0.17,17%,25.0,4.17,25,3,8.33,1.39,6.25,1.04
Danse Macabre,Dance of Death,3,6,0.5,50%,8.0,4.0,24,1,8.0,4.0,4.0,2.0
Masse Colossale,Colossal Mace,2,6,0.33,33%,11.0,3.67,22,0,Gratuit,Gratuit,11.0,3.67
Force Divine,Divine Impetu,2,6,0.33,33%,11.0,3.67,22,0,Gratuit,Gratuit,11.0,3.67
Totem du Gardien,Guardian Totem,6,6,1.0,100%,3.67,3.67,22,3,1.22,1.22,0.92,0.92
Bâton du Conquérant,Staff of Conquered Worlds,2,6,0.33,33%,11.0,3.67,22,0,Gratuit,Gratuit,11.0,3.67
Désintégrateur Magnétique,Magnetic Disintegrator,2,6,0.33,33%,11.0,3.67,22,0,Gratuit,Gratuit,11.0,3.67
Coup de Mort,Death Helper,2,6,0.33,33%,10.0,3.33,20,1,10.0,3.33,5.0,1.67
Enchaînement Éclair,Unstoppable Lightning,1,6,0.17,17%,18.0,3.0,18,1,18.0,3.0,9.0,1.5
Œil de Lynx,Hawk's Eye,2,6,0.33,33%,8.0,2.67,16,0,Gratuit,Gratuit,8.0,2.67
Couronne du Roi Nain,Crown of the Dwarf King,1,6,0.17,17%,13.0,2.17,13,0,Gratuit,Gratuit,13.0,2.17
Griffes Sauvages,Wild Claw,3,6,0.5,50%,2.0,1.0,6,3,0.67,0.33,0.5,0.25
