,Nom Anglais,nb games valide,total games,ratio,%,pts moy,pts moy total,total point,cout,pts par cout moy,pts par cout total,pts par cout moy+1,pts par cout total+1
Armure d'Obsidienne,Obsidian Battle Plate,4,5,0.8,80%,20.0,16.0,80,2,10.0,8.0,6.67,5.33
Faux,Scythe,5,5,1.0,100%,15.8,15.8,79,3,5.27,5.27,3.95,3.95
Totem Équivalent,Equivalent Totem,5,5,1.0,100%,15.0,15.0,75,2,7.5,7.5,5.0,5.0
Marteau Collecteur,Collecting Hammer,4,5,0.8,80%,18.0,14.4,72,2,9.0,7.2,6.0,4.8
Hache Frénétique,Berseker Ax,5,5,1.0,100%,14.0,14.0,70,2,7.0,7.0,4.67,4.67
Économe Sagesse du Trésorier,Treasurer's Wisdom,4,5,0.8,80%,17.0,13.6,68,2,8.5,6.8,5.67,4.53
Aveuglement,Incapacitor,5,5,1.0,100%,12.0,12.0,60,3,4.0,4.0,3.0,3.0
Faux Assoiffées,Thirsty Scythes,2,5,0.4,40%,25.0,10.0,50,3,8.33,3.33,6.25,2.5
Lame Insatiable,Fast Furious Blade,3,5,0.6,60%,16.0,9.6,48,2,8.0,4.8,5.33,3.2
Explosion Arcanique,Arcane Explosive,4,5,0.8,80%,12.0,9.6,48,1,12.0,9.6,6.0,4.8
Bâton de Conquête,Conquering Staff,2,5,0.4,40%,24.0,9.6,48,2,12.0,4.8,8.0,3.2
Esprit Guerrier,Spirit of the Warrior,3,5,0.6,60%,16.0,9.6,48,1,16.0,9.6,8.0,4.8
Lame Affutée,Sharp Blade,5,5,1.0,100%,9.0,9.0,45,3,3.0,3.0,2.25,2.25
Esprit de l'Écuyer,Spirit of the Squire,5,5,1.0,100%,8.4,8.4,42,3,2.8,2.8,2.1,2.1
Tombeau Rocheux,Rock Tomb,4,5,0.8,80%,10.0,8.0,40,1,10.0,8.0,5.0,4.0
Chasseresse d'Âmes,Huntress of Souls,2,5,0.4,40%,19.0,7.6,38,1,19.0,7.6,9.5,3.8
Parchemin Secret,Secret Scroll,2,5,0.4,40%,18.0,7.2,36,2,9.0,3.6,6.0,2.4
Marteleur précis,Precise Hammer,2,5,0.4,40%,18.0,7.2,36,1,18.0,7.2,9.0,3.6
Épée Obscure,Swords of Darkness,2,5,0.4,40%,17.0,6.8,34,1,17.0,6.8,8.5,3.4
Griffes Démoniaques,Demon Claws,2,5,0.4,40%,17.0,6.8,34,1,17.0,6.8,8.5,3.4
Armure d'Immortel,Immortal Breastplate,2,5,0.4,40%,14.0,5.6,28,1,14.0,5.6,7.0,2.8
Sabre Versatile,Versatil Saber,2,5,0.4,40%,11.0,4.4,22,1,11.0,4.4,5.5,2.2
Masse Colossale,Colossal Mace,2,5,0.4,40%,11.0,4.4,22,0,Gratuit,Gratuit,11.0,4.4
Désintégrateur Magnétique,Magnetic Disintegrator,2,5,0.4,40%,11.0,4.4,22,0,Gratuit,Gratuit,11.0,4.4
Bâton du Conquérant,Staff of Conquered Worlds,2,5,0.4,40%,11.0,4.4,22,0,Gratuit,Gratuit,11.0,4.4
Coup de Mort,Death Helper,2,5,0.4,40%,10.0,4.0,20,1,10.0,4.0,5.0,2.0
Totem du Gardien,Guardian Totem,5,5,1.0,100%,3.6,3.6,18,3,1.2,1.2,0.9,0.9
Danse Macabre,Dance of Death,2,5,0.4,40%,8.0,3.2,16,1,8.0,3.2,4.0,1.6
Œil de Lynx,Hawk's Eye,2,5,0.4,40%,8.0,3.2,16,0,Gratuit,Gratuit,8.0,3.2
Elan de Fureur,Rampage Momentum,1,5,0.2,20%,15.0,3.0,15,2,7.5,1.5,5.0,1.0
Couronne du Roi Nain,Crown of the Dwarf King,1,5,0.2,20%,13.0,2.6,13,0,Gratuit,Gratuit,13.0,2.6
Force Divine,Divine Impetu,1,5,0.2,20%,11.0,2.2,11,0,Gratuit,Gratuit,11.0,2.2
Griffes Sauvages,Wild Claw,3,5,0.6,60%,2.0,1.2,6,3,0.67,0.4,0.5,0.3
