,Nom Anglais,nb games valide,total games,ratio,%,pts moy,pts moy total,total point,cout,pts par cout moy,pts par cout total,pts par cout moy+1,pts par cout total+1
Faux,Scythe,9,9,1.0,100%,15.89,15.89,143,3,5.3,5.3,3.97,3.97
Totem Équivalent,Equivalent Totem,9,9,1.0,100%,15.0,15.0,135,2,7.5,7.5,5.0,5.0
Économe Sagesse du Trésorier,Treasurer's Wisdom,6,9,0.67,67%,17.0,11.33,102,2,8.5,5.67,5.67,3.78
Faux Assoiffées,Thirsty Scythes,4,9,0.44,44%,25.0,11.11,100,3,8.33,3.7,6.25,2.78
Marteau Collecteur,Collecting Hammer,6,9,0.67,67%,16.33,10.89,98,2,8.16,5.45,5.44,3.63
Lame Affutée,Sharp Blade,8,9,0.89,89%,12.0,10.67,96,3,4.0,3.56,3.0,2.67
Lame Insatiable,Fast Furious Blade,5,9,0.56,56%,16.0,8.89,80,2,8.0,4.45,5.33,2.96
Aveuglement,Incapacitor,8,9,0.89,89%,9.75,8.67,78,3,3.25,2.89,2.44,2.17
Hache Frénétique,Berseker Ax,5,9,0.56,56%,14.0,7.78,70,2,7.0,3.89,4.67,2.59
Armure d'Obsidienne,Obsidian Battle Plate,3,9,0.33,33%,20.0,6.67,60,2,10.0,3.33,6.67,2.22
Esprit omniprésent,Omnipresent Spirit,3,9,0.33,33%,18.0,6.0,54,2,9.0,3.0,6.0,2.0
Tombeau Rocheux,Rock Tomb,5,9,0.56,56%,10.0,5.56,50,1,10.0,5.56,5.0,2.78
Bâton de Conquête,Conquering Staff,2,9,0.22,22%,24.0,5.33,48,2,12.0,2.67,8.0,1.78
Aura Légendaire,Legend Aura,1,9,0.11,11%,40.0,4.44,40,3,13.33,1.48,10.0,1.11
Esprit de l'Écuyer,Spirit of the Squire,7,9,0.78,78%,5.57,4.33,39,3,1.86,1.44,1.39,1.08
Explosion Arcanique,Arcane Explosive,3,9,0.33,33%,12.0,4.0,36,1,12.0,4.0,6.0,2.0
Enchaînement Éclair,Unstoppable Lightning,2,9,0.22,22%,18.0,4.0,36,1,18.0,4.0,9.0,2.0
Totem du Gardien,Guardian Totem,9,9,1.0,100%,3.78,3.78,34,3,1.26,1.26,0.94,0.94
Armure d'Immortel,Immortal Breastplate,2,9,0.22,22%,16.0,3.56,32,1,16.0,3.56,8.0,1.78
Danse Macabre,Dance of Death,4,9,0.44,44%,8.0,3.56,32,1,8.0,3.56,4.0,1.78
Esprit Guerrier,Spirit of the Warrior,2,9,0.22,22%,16.0,3.56,32,1,16.0,3.56,8.0,1.78
Elan de Fureur,Rampage Momentum,2,9,0.22,22%,15.0,3.33,30,2,7.5,1.67,5.0,1.11
Couronne du Roi Nain,Crown of the Dwarf King,2,9,0.22,22%,13.0,2.89,26,0,Gratuit,Gratuit,13.0,2.89
Ascension Divine,Divine Ascent,1,9,0.11,11%,25.0,2.78,25,3,8.33,0.93,6.25,0.69
Chasseur d'Âmes,Soul Hunter,1,9,0.11,11%,20.0,2.22,20,1,20.0,2.22,10.0,1.11
Chasseresse d'Âmes,Huntress of Souls,1,9,0.11,11%,19.0,2.11,19,1,19.0,2.11,9.5,1.05
Griffes Sauvages,Wild Claw,8,9,0.89,89%,2.25,2.0,18,3,0.75,0.67,0.56,0.5
Parchemin Secret,Secret Scroll,1,9,0.11,11%,18.0,2.0,18,2,9.0,1.0,6.0,0.67
Griffes Démoniaques,Demon Claws,1,9,0.11,11%,17.0,1.89,17,1,17.0,1.89,8.5,0.94
Épée Obscure,Swords of Darkness,1,9,0.11,11%,17.0,1.89,17,1,17.0,1.89,8.5,0.94
Coup de Mort,Death Helper,1,9,0.11,11%,13.0,1.44,13,1,13.0,1.44,6.5,0.72
Désintégrateur Magnétique,Magnetic Disintegrator,1,9,0.11,11%,11.0,1.22,11,0,Gratuit,Gratuit,11.0,1.22
Sabre Versatile,Versatil Saber,1,9,0.11,11%,11.0,1.22,11,1,11.0,1.22,5.5,0.61
Bâton du Conquérant,Staff of Conquered Worlds,1,9,0.11,11%,11.0,1.22,11,0,Gratuit,Gratuit,11.0,1.22
Œil de Lynx,Hawk's Eye,1,9,0.11,11%,10.0,1.11,10,0,Gratuit,Gratuit,10.0,1.11
Épé Sainte,Holy Sword,1,9,0.11,11%,10.0,1.11,10,0,Gratuit,Gratuit,10.0,1.11
