,Nom Anglais,nb games valide,total games,ratio,%,pts moy,pts moy total,total point,cout,pts par cout moy,pts par cout total,pts par cout moy+1,pts par cout total+1
Faux,Scythe,9,9,1.0,100%,15.56,15.56,140,3,5.19,5.19,3.89,3.89
Totem Équivalent,Equivalent Totem,9,9,1.0,100%,14.89,14.89,134,2,7.45,7.45,4.96,4.96
Hache Frénétique,Berseker Ax,7,9,0.78,78%,14.0,10.89,98,2,7.0,5.45,4.67,3.63
Lame Affutée,Sharp Blade,8,9,0.89,89%,11.25,10.0,90,3,3.75,3.33,2.81,2.5
Faux Assoiffées,Thirsty Scythes,3,9,0.33,33%,25.0,8.33,75,3,8.33,2.78,6.25,2.08
Économe Sagesse du Trésorier,Treasurer's Wisdom,4,9,0.44,44%,17.0,7.56,68,2,8.5,3.78,5.67,2.52
Esprit Guerrier,Spirit of the Warrior,4,9,0.44,44%,16.0,7.11,64,1,16.0,7.11,8.0,3.56
Esprit de l'Écuyer,Spirit of the Squire,8,9,0.89,89%,7.88,7.0,63,3,2.63,2.33,1.97,1.75
Parchemin Secret,Secret Scroll,3,9,0.33,33%,18.0,6.0,54,2,9.0,3.0,6.0,2.0
Épée Obscure,Swords of Darkness,3,9,0.33,33%,17.0,5.67,51,1,17.0,5.67,8.5,2.83
Ascension Divine,Divine Ascent,2,9,0.22,22%,25.0,5.56,50,3,8.33,1.85,6.25,1.39
Marteau Collecteur,Collecting Hammer,6,9,0.67,67%,8.0,5.33,48,2,4.0,2.67,2.67,1.78
Aveuglement,Incapacitor,8,9,0.89,89%,6.0,5.33,48,3,2.0,1.78,1.5,1.33
Lame Insatiable,Fast Furious Blade,3,9,0.33,33%,16.0,5.33,48,2,8.0,2.67,5.33,1.78
Tombeau Rocheux,Rock Tomb,4,9,0.44,44%,10.0,4.44,40,1,10.0,4.44,5.0,2.22
Totem du Gardien,Guardian Totem,9,9,1.0,100%,4.33,4.33,39,3,1.44,1.44,1.08,1.08
Esprit omniprésent,Omnipresent Spirit,2,9,0.22,22%,18.0,4.0,36,2,9.0,2.0,6.0,1.33
Faux Parfaite,Perfect Scythe,2,9,0.22,22%,15.0,3.33,30,0,Gratuit,Gratuit,15.0,3.33
Bâton de Conquête,Conquering Staff,1,9,0.11,11%,24.0,2.67,24,2,12.0,1.33,8.0,0.89
Explosion Arcanique,Arcane Explosive,2,9,0.22,22%,12.0,2.67,24,1,12.0,2.67,6.0,1.33
Danse Macabre,Dance of Death,3,9,0.33,33%,8.0,2.67,24,1,8.0,2.67,4.0,1.33
Désintégrateur Magnétique,Magnetic Disintegrator,2,9,0.22,22%,11.0,2.44,22,0,Gratuit,Gratuit,11.0,2.44
Assistance Divine,Sacred Help,1,9,0.11,11%,20.0,2.22,20,2,10.0,1.11,6.67,0.74
Armure d'Obsidienne,Obsidian Battle Plate,1,9,0.11,11%,20.0,2.22,20,2,10.0,1.11,6.67,0.74
Le Marionnettiste,The Puppeteer,1,9,0.11,11%,20.0,2.22,20,2,10.0,1.11,6.67,0.74
Marteleur précis,Precise Hammer,1,9,0.11,11%,18.0,2.0,18,1,18.0,2.0,9.0,1.0
Décharge Élémentaire,Elemental Discharge,1,9,0.11,11%,18.0,2.0,18,1,18.0,2.0,9.0,1.0
Œil de Lynx,Hawk's Eye,2,9,0.22,22%,8.0,1.78,16,0,Gratuit,Gratuit,8.0,1.78
Griffes Sauvages,Wild Claw,6,9,0.67,67%,2.33,1.56,14,3,0.78,0.52,0.58,0.39
Couronne du Roi Nain,Crown of the Dwarf King,1,9,0.11,11%,13.0,1.44,13,0,Gratuit,Gratuit,13.0,1.44
Coup de Mort,Death Helper,1,9,0.11,11%,10.0,1.11,10,1,10.0,1.11,5.0,0.56
Épé Sainte,Holy Sword,1,9,0.11,11%,10.0,1.11,10,0,Gratuit,Gratuit,10.0,1.11
