,Nom Anglais,nb games valide,total games,ratio,%,pts moy,pts moy total,total point,cout,pts par cout moy,pts par cout total,pts par cout moy+1,pts par cout total+1
Faux,Scythe,4,4,1.0,100%,15.75,15.75,63,3,5.25,5.25,3.94,3.94
Totem Équivalent,Equivalent Totem,4,4,1.0,100%,15.25,15.25,61,2,7.62,7.62,5.08,5.08
Faux Assoiffées,Thirsty Scythes,2,4,0.5,50%,25.0,12.5,50,3,8.33,4.17,6.25,3.12
Esprit Guerrier,Spirit of the Warrior,3,4,0.75,75%,16.0,12.0,48,1,16.0,12.0,8.0,6.0
Hache Frénétique,Berseker Ax,3,4,0.75,75%,14.0,10.5,42,2,7.0,5.25,4.67,3.5
Esprit omniprésent,Omnipresent Spirit,2,4,0.5,50%,18.0,9.0,36,2,9.0,4.5,6.0,3.0
Lame Affutée,Sharp Blade,4,4,1.0,100%,9.0,9.0,36,3,3.0,3.0,2.25,2.25
Épée Obscure,Swords of Darkness,2,4,0.5,50%,17.0,8.5,34,1,17.0,8.5,8.5,4.25
Économe Sagesse du Trésorier,Treasurer's Wisdom,2,4,0.5,50%,17.0,8.5,34,2,8.5,4.25,5.67,2.83
Lame Insatiable,Fast Furious Blade,2,4,0.5,50%,16.0,8.0,32,2,8.0,4.0,5.33,2.67
Marteau Collecteur,Collecting Hammer,4,4,1.0,100%,7.5,7.5,30,2,3.75,3.75,2.5,2.5
Aveuglement,Incapacitor,4,4,1.0,100%,6.75,6.75,27,3,2.25,2.25,1.69,1.69
Ascension Divine,Divine Ascent,1,4,0.25,25%,25.0,6.25,25,3,8.33,2.08,6.25,1.56
Esprit de l'Écuyer,Spirit of the Squire,4,4,1.0,100%,6.0,6.0,24,3,2.0,2.0,1.5,1.5
Bâton de Conquête,Conquering Staff,1,4,0.25,25%,24.0,6.0,24,2,12.0,3.0,8.0,2.0
Tombeau Rocheux,Rock Tomb,2,4,0.5,50%,10.0,5.0,20,1,10.0,5.0,5.0,2.5
Armure d'Obsidienne,Obsidian Battle Plate,1,4,0.25,25%,20.0,5.0,20,2,10.0,2.5,6.67,1.67
Totem du Gardien,Guardian Totem,4,4,1.0,100%,5.0,5.0,20,3,1.67,1.67,1.25,1.25
Parchemin Secret,Secret Scroll,1,4,0.25,25%,18.0,4.5,18,2,9.0,2.25,6.0,1.5
Faux Parfaite,Perfect Scythe,1,4,0.25,25%,15.0,3.75,15,0,Gratuit,Gratuit,15.0,3.75
Explosion Arcanique,Arcane Explosive,1,4,0.25,25%,12.0,3.0,12,1,12.0,3.0,6.0,1.5
Désintégrateur Magnétique,Magnetic Disintegrator,1,4,0.25,25%,11.0,2.75,11,0,Gratuit,Gratuit,11.0,2.75
Danse Macabre,Dance of Death,1,4,0.25,25%,8.0,2.0,8,1,8.0,2.0,4.0,1.0
Œil de Lynx,Hawk's Eye,1,4,0.25,25%,8.0,2.0,8,0,Gratuit,Gratuit,8.0,2.0
Griffes Sauvages,Wild Claw,3,4,0.75,75%,2.0,1.5,6,3,0.67,0.5,0.5,0.38
