,Nom Anglais,nb games valide,total games,ratio,%,pts moy,pts moy total,total point,cout,pts par cout moy,pts par cout total
Faux,Scythe,7,7,1.0,100%,14.71,14.71,103,3,4.9,4.9
Lame Affutée,Sharp Blade,7,7,1.0,100%,14.57,14.57,102,3,4.86,4.86
Épées Jumelles,Twin Swords,4,7,0.57,57%,22.5,12.86,90,1,22.5,12.86
Aura Légendaire,Legend Aura,2,7,0.29,29%,40.0,11.43,80,3,13.33,3.81
Armure d'Obsidienne,Obsidian Battle Plate,4,7,0.57,57%,20.0,11.43,80,2,10.0,5.71
Glaive Vindicatif,Large Sword of Hate,4,7,0.57,57%,20.0,11.43,80,1,20.0,11.43
Hache Frénétique,Berseker Ax,5,7,0.71,71%,14.0,10.0,70,2,7.0,5.0
Économe Sagesse du Trésorier,Treasurer's Wisdom,4,7,0.57,57%,17.0,9.71,68,2,8.5,4.86
Aveuglement,Incapacitor,6,7,0.86,86%,11.0,9.43,66,3,3.67,3.14
Esquive Salvatrice,Evasive Protection,4,7,0.57,57%,15.0,8.57,60,0,Gratuit,Gratuit
Épée Obscure,Swords of Darkness,4,7,0.57,57%,15.0,8.57,60,1,15.0,8.57
Armure d'Immortel,Immortal Breastplate,4,7,0.57,57%,14.0,8.0,56,1,14.0,8.0
Enchaînement Éclair,Unstoppable Lightning,3,7,0.43,43%,18.0,7.71,54,1,18.0,7.71
Parchemin Secret,Secret Scroll,3,7,0.43,43%,18.0,7.71,54,2,9.0,3.85
Faux Assoiffées,Thirsty Scythes,2,7,0.29,29%,25.0,7.14,50,3,8.33,2.38
Tombeau Rocheux,Rock Tomb,5,7,0.71,71%,10.0,7.14,50,1,10.0,7.14
Lame Insatiable,Fast Furious Blade,3,7,0.43,43%,16.0,6.86,48,2,8.0,3.43
Esprit de l'Écuyer,Spirit of the Squire,7,7,1.0,100%,6.86,6.86,48,3,2.29,2.29
Frappe Chirurgicale,Accurate Sword,3,7,0.43,43%,16.0,6.86,48,1,16.0,6.86
Esprit Guerrier,Spirit of the Warrior,3,7,0.43,43%,16.0,6.86,48,1,16.0,6.86
Bâton Élémentaire,Earthly Staff,3,7,0.43,43%,15.0,6.43,45,0,Gratuit,Gratuit
Elan de Fureur,Rampage Momentum,3,7,0.43,43%,15.0,6.43,45,2,7.5,3.21
Sabre Versatile,Versatil Saber,4,7,0.57,57%,11.0,6.29,44,1,11.0,6.29
Le Croque-mort,The Undertaker,3,7,0.43,43%,14.0,6.0,42,1,14.0,6.0
Explosion Arcanique,Arcane Explosive,3,7,0.43,43%,12.0,5.14,36,1,12.0,5.14
Marteleur précis,Precise Hammer,2,7,0.29,29%,18.0,5.14,36,1,18.0,5.14
Danse Macabre,Dance of Death,4,7,0.57,57%,8.0,4.57,32,1,8.0,4.57
Lance Doublée,Dual Spear,4,7,0.57,57%,8.0,4.57,32,0,Gratuit,Gratuit
Épé Sainte,Holy Sword,3,7,0.43,43%,10.0,4.29,30,0,Gratuit,Gratuit
Triple Météore,Trimeteor,1,7,0.14,14%,30.0,4.29,30,0,Gratuit,Gratuit
Totem du Gardien,Guardian Totem,7,7,1.0,100%,4.0,4.0,28,3,1.33,1.33
Couronne du Roi Nain,Crown of the Dwarf King,2,7,0.29,29%,13.0,3.71,26,0,Gratuit,Gratuit
Bâton de Conquête,Conquering Staff,1,7,0.14,14%,24.0,3.43,24,2,12.0,1.72
Masse Colossale,Colossal Mace,2,7,0.29,29%,11.0,3.14,22,0,Gratuit,Gratuit
Lance Triplée,Triple Spear,1,7,0.14,14%,20.0,2.86,20,0,Gratuit,Gratuit
Chasseresse d'Âmes,Huntress of Souls,1,7,0.14,14%,19.0,2.71,19,1,19.0,2.71
Décharge Élémentaire,Elemental Discharge,1,7,0.14,14%,18.0,2.57,18,1,18.0,2.57
Griffes Démoniaques,Demon Claws,1,7,0.14,14%,17.0,2.43,17,1,17.0,2.43
Masse de Siège,Siege Mace,1,7,0.14,14%,16.0,2.29,16,0,Gratuit,Gratuit
Chasseur d'Âmes,Soul Hunter,1,7,0.14,14%,15.0,2.14,15,1,15.0,2.14
Instinct Sanguinaire,Bloody Instinct,1,7,0.14,14%,15.0,2.14,15,2,7.5,1.07
Soif de Sang,Thirsty Dagger,1,7,0.14,14%,15.0,2.14,15,0,Gratuit,Gratuit
Griffes Sauvages,Wild Claw,5,7,0.71,71%,2.8,2.0,14,3,0.93,0.67
Force Divine,Divine Impetu,1,7,0.14,14%,11.0,1.57,11,0,Gratuit,Gratuit
Désintégrateur Magnétique,Magnetic Disintegrator,1,7,0.14,14%,11.0,1.57,11,0,Gratuit,Gratuit
Destruction Royale,Royal Destroyer,1,7,0.14,14%,11.0,1.57,11,0,Gratuit,Gratuit
Bâton du Conquérant,Staff of Conquered Worlds,1,7,0.14,14%,11.0,1.57,11,0,Gratuit,Gratuit
Œil de Lynx,Hawk's Eye,1,7,0.14,14%,8.0,1.14,8,0,Gratuit,Gratuit
