,Nom Anglais,nb games valide,total games,ratio,%,pts moy,pts moy total,total point,cout,pts par cout moy,pts par cout total,pts par cout moy+1,pts par cout total+1
Faux,Scythe,2,2,1.0,100%,16.0,16.0,32,3,5.33,5.33,4.0,4.0
Triple Météore,Trimeteor,1,2,0.5,50%,30.0,15.0,30,0,Gratuit,Gratuit,30.0,15.0
Totem Équivalent,Equivalent Totem,2,2,1.0,100%,15.0,15.0,30,3,5.0,5.0,3.75,3.75
Lame Affutée,Sharp Blade,2,2,1.0,100%,13.5,13.5,27,3,4.5,4.5,3.38,3.38
Enchaînement Éclair,Unstoppable Lightning,1,2,0.5,50%,22.0,11.0,22,2,11.0,5.5,7.33,3.67
Marteau Collecteur,Collecting Hammer,1,2,0.5,50%,21.0,10.5,21,2,10.5,5.25,7.0,3.5
Armure d'Obsidienne,Obsidian Battle Plate,1,2,0.5,50%,20.0,10.0,20,2,10.0,5.0,6.67,3.33
Épée Obscure,Swords of Darkness,1,2,0.5,50%,20.0,10.0,20,1,20.0,10.0,10.0,5.0
Marteleur précis,Precise Hammer,1,2,0.5,50%,18.0,9.0,18,1,18.0,9.0,9.0,4.5
Sabre Versatile,Versatil Saber,1,2,0.5,50%,18.0,9.0,18,1,18.0,9.0,9.0,4.5
Parchemin Secret,Secret Scroll,1,2,0.5,50%,18.0,9.0,18,2,9.0,4.5,6.0,3.0
Hache Frénétique,Berseker Ax,1,2,0.5,50%,16.0,8.0,16,2,8.0,4.0,5.33,2.67
Épé Sainte,Holy Sword,1,2,0.5,50%,15.0,7.5,15,0,Gratuit,Gratuit,15.0,7.5
Elan de Fureur,Rampage Momentum,1,2,0.5,50%,15.0,7.5,15,1,15.0,7.5,7.5,3.75
Explosion Arcanique,Arcane Explosive,1,2,0.5,50%,12.0,6.0,12,1,12.0,6.0,6.0,3.0
Danse Macabre,Dance of Death,1,2,0.5,50%,10.0,5.0,10,1,10.0,5.0,5.0,2.5
Esprit de l'Écuyer,Spirit of the Squire,2,2,1.0,100%,4.5,4.5,9,3,1.5,1.5,1.12,1.12
Aveuglement,Incapacitor,1,2,0.5,50%,9.0,4.5,9,3,3.0,1.5,2.25,1.12
Totem du Gardien,Guardian Totem,2,2,1.0,100%,4.0,4.0,8,3,1.33,1.33,1.0,1.0
Griffes Sauvages,Wild Claw,2,2,1.0,100%,2.5,2.5,5,3,0.83,0.83,0.62,0.62
