,Nom Anglais,nb games valide,total games,ratio,%,pts moy,pts moy total,total point,cout,pts par cout moy,pts par cout total
Faux,Scythe,10,10,1.0,100%,16.2,16.2,162,3,5.4,5.4
Lame Affutée,Sharp Blade,10,10,1.0,100%,12.6,12.6,126,3,4.2,4.2
Armure d'Obsidienne,Obsidian Battle Plate,6,10,0.6,60%,20.0,12.0,120,2,10.0,6.0
Économe Sagesse du Trésorier,Treasurer's Wisdom,7,10,0.7,70%,17.0,11.9,119,2,8.5,5.95
Aveuglement,Incapacitor,9,10,0.9,90%,12.0,10.8,108,3,4.0,3.6
Faux Assoiffées,Thirsty Scythes,4,10,0.4,40%,25.0,10.0,100,3,8.33,3.33
Hache Frénétique,Berseker Ax,7,10,0.7,70%,14.0,9.8,98,2,7.0,4.9
Épées Jumelles,Twin Swords,4,10,0.4,40%,22.5,9.0,90,1,22.5,9.0
Lame Insatiable,Fast Furious Blade,5,10,0.5,50%,16.0,8.0,80,2,8.0,4.0
Glaive Vindicatif,Large Sword of Hate,4,10,0.4,40%,20.0,8.0,80,1,20.0,8.0
Aura Légendaire,Legend Aura,2,10,0.2,20%,40.0,8.0,80,3,13.33,2.67
Armure d'Immortel,Immortal Breastplate,5,10,0.5,50%,14.0,7.0,70,1,14.0,7.0
Tombeau Rocheux,Rock Tomb,7,10,0.7,70%,10.0,7.0,70,1,10.0,7.0
Esprit de l'Écuyer,Spirit of the Squire,9,10,0.9,90%,7.33,6.6,66,3,2.44,2.2
Frappe Chirurgicale,Accurate Sword,4,10,0.4,40%,16.0,6.4,64,1,16.0,6.4
Esprit Guerrier,Spirit of the Warrior,4,10,0.4,40%,16.0,6.4,64,1,16.0,6.4
Explosion Arcanique,Arcane Explosive,5,10,0.5,50%,12.0,6.0,60,1,12.0,6.0
Esquive Salvatrice,Evasive Protection,4,10,0.4,40%,15.0,6.0,60,0,Gratuit,Gratuit
Épée Obscure,Swords of Darkness,4,10,0.4,40%,15.0,6.0,60,1,15.0,6.0
Sabre Versatile,Versatil Saber,5,10,0.5,50%,11.0,5.5,55,1,11.0,5.5
Enchaînement Éclair,Unstoppable Lightning,3,10,0.3,30%,18.0,5.4,54,1,18.0,5.4
Décharge Élémentaire,Elemental Discharge,3,10,0.3,30%,18.0,5.4,54,1,18.0,5.4
Parchemin Secret,Secret Scroll,3,10,0.3,30%,18.0,5.4,54,2,9.0,2.7
Marteleur précis,Precise Hammer,3,10,0.3,30%,18.0,5.4,54,1,18.0,5.4
Bâton de Conquête,Conquering Staff,2,10,0.2,20%,24.0,4.8,48,2,12.0,2.4
Bâton Élémentaire,Earthly Staff,3,10,0.3,30%,15.0,4.5,45,0,Gratuit,Gratuit
Elan de Fureur,Rampage Momentum,3,10,0.3,30%,15.0,4.5,45,2,7.5,2.25
Totem du Gardien,Guardian Totem,10,10,1.0,100%,4.3,4.3,43,3,1.43,1.43
Le Croque-mort,The Undertaker,3,10,0.3,30%,14.0,4.2,42,1,14.0,4.2
Danse Macabre,Dance of Death,5,10,0.5,50%,8.0,4.0,40,1,8.0,4.0
Masse de Siège,Siege Mace,2,10,0.2,20%,16.0,3.2,32,0,Gratuit,Gratuit
Lance Doublée,Dual Spear,4,10,0.4,40%,8.0,3.2,32,0,Gratuit,Gratuit
Soif de Sang,Thirsty Dagger,2,10,0.2,20%,15.0,3.0,30,0,Gratuit,Gratuit
Instinct Sanguinaire,Bloody Instinct,2,10,0.2,20%,15.0,3.0,30,2,7.5,1.5
Triple Météore,Trimeteor,1,10,0.1,10%,30.0,3.0,30,0,Gratuit,Gratuit
Griffes Sauvages,Wild Claw,8,10,0.8,80%,3.75,3.0,30,3,1.25,1.0
Épé Sainte,Holy Sword,3,10,0.3,30%,10.0,3.0,30,0,Gratuit,Gratuit
Couronne du Roi Nain,Crown of the Dwarf King,2,10,0.2,20%,13.0,2.6,26,0,Gratuit,Gratuit
Ascension Divine,Divine Ascent,1,10,0.1,10%,25.0,2.5,25,3,8.33,0.83
Force Divine,Divine Impetu,2,10,0.2,20%,11.0,2.2,22,0,Gratuit,Gratuit
Masse Colossale,Colossal Mace,2,10,0.2,20%,11.0,2.2,22,0,Gratuit,Gratuit
Lance Triplée,Triple Spear,1,10,0.1,10%,20.0,2.0,20,0,Gratuit,Gratuit
Assistance Divine,Sacred Help,1,10,0.1,10%,20.0,2.0,20,2,10.0,1.0
Chasseresse d'Âmes,Huntress of Souls,1,10,0.1,10%,19.0,1.9,19,1,19.0,1.9
Griffes Démoniaques,Demon Claws,1,10,0.1,10%,17.0,1.7,17,1,17.0,1.7
Œil de Lynx,Hawk's Eye,2,10,0.2,20%,8.0,1.6,16,0,Gratuit,Gratuit
Chasseur d'Âmes,Soul Hunter,1,10,0.1,10%,15.0,1.5,15,1,15.0,1.5
Désintégrateur Magnétique,Magnetic Disintegrator,1,10,0.1,10%,11.0,1.1,11,0,Gratuit,Gratuit
Bâton du Conquérant,Staff of Conquered Worlds,1,10,0.1,10%,11.0,1.1,11,0,Gratuit,Gratuit
Destruction Royale,Royal Destroyer,1,10,0.1,10%,11.0,1.1,11,0,Gratuit,Gratuit
Coup de Mort,Death Helper,1,10,0.1,10%,10.0,1.0,10,1,10.0,1.0
