,Nom Anglais,nb games valide,total games,ratio,%,pts moy,pts moy total,total point,cout,pts par cout moy,pts par cout total
Faux,Scythe,18,18,1.0,100%,16.61,16.61,299,3,5.54,5.54
Économe Sagesse du Trésorier,Treasurer's Wisdom,13,18,0.72,72%,17.0,12.28,221,2,8.5,6.14
Lame Affutée,Sharp Blade,18,18,1.0,100%,11.67,11.67,210,3,3.89,3.89
Aveuglement,Incapacitor,17,18,0.94,94%,12.0,11.33,204,3,4.0,3.78
Armure d'Obsidienne,Obsidian Battle Plate,10,18,0.56,56%,20.0,11.11,200,2,10.0,5.55
Hache Frénétique,Berseker Ax,13,18,0.72,72%,14.0,10.11,182,2,7.0,5.05
Faux Assoiffées,Thirsty Scythes,7,18,0.39,39%,25.0,9.72,175,3,8.33,3.24
Glaive Vindicatif,Large Sword of Hate,7,18,0.39,39%,20.0,7.78,140,1,20.0,7.78
Épées Jumelles,Twin Swords,8,18,0.44,44%,16.25,7.22,130,1,16.25,7.22
Lame Insatiable,Fast Furious Blade,8,18,0.44,44%,16.0,7.11,128,2,8.0,3.56
Épée Obscure,Swords of Darkness,8,18,0.44,44%,15.0,6.67,120,1,15.0,6.67
Frappe Chirurgicale,Accurate Sword,7,18,0.39,39%,16.0,6.22,112,1,16.0,6.22
Esprit Guerrier,Spirit of the Warrior,7,18,0.39,39%,16.0,6.22,112,1,16.0,6.22
Tombeau Rocheux,Rock Tomb,11,18,0.61,61%,10.0,6.11,110,1,10.0,6.11
Esprit de l'Écuyer,Spirit of the Squire,14,18,0.78,78%,7.5,5.83,105,3,2.5,1.94
Explosion Arcanique,Arcane Explosive,8,18,0.44,44%,12.0,5.33,96,1,12.0,5.33
Parchemin Secret,Secret Scroll,5,18,0.28,28%,18.0,5.0,90,2,9.0,2.5
Elan de Fureur,Rampage Momentum,6,18,0.33,33%,15.0,5.0,90,2,7.5,2.5
Sabre Versatile,Versatil Saber,8,18,0.44,44%,11.0,4.89,88,1,11.0,4.89
Armure d'Immortel,Immortal Breastplate,6,18,0.33,33%,14.0,4.67,84,1,14.0,4.67
Aura Légendaire,Legend Aura,2,18,0.11,11%,40.0,4.44,80,3,13.33,1.48
Totem du Gardien,Guardian Totem,18,18,1.0,100%,4.44,4.44,80,3,1.48,1.48
Enchaînement Éclair,Unstoppable Lightning,4,18,0.22,22%,18.0,4.0,72,1,18.0,4.0
Décharge Élémentaire,Elemental Discharge,4,18,0.22,22%,18.0,4.0,72,1,18.0,4.0
Danse Macabre,Dance of Death,9,18,0.5,50%,8.0,4.0,72,1,8.0,4.0
Marteleur précis,Precise Hammer,4,18,0.22,22%,18.0,4.0,72,1,18.0,4.0
Masse de Siège,Siege Mace,4,18,0.22,22%,16.0,3.56,64,0,Gratuit,Gratuit
Griffes Sauvages,Wild Claw,15,18,0.83,83%,4.0,3.33,60,3,1.33,1.11
Triple Météore,Trimeteor,2,18,0.11,11%,30.0,3.33,60,0,Gratuit,Gratuit
Esquive Salvatrice,Evasive Protection,4,18,0.22,22%,15.0,3.33,60,0,Gratuit,Gratuit
Lance Doublée,Dual Spear,7,18,0.39,39%,8.0,3.11,56,0,Gratuit,Gratuit
Le Croque-mort,The Undertaker,4,18,0.22,22%,14.0,3.11,56,1,14.0,3.11
Griffes Démoniaques,Demon Claws,3,18,0.17,17%,17.0,2.83,51,1,17.0,2.83
Ascension Divine,Divine Ascent,2,18,0.11,11%,25.0,2.78,50,3,8.33,0.93
Épé Sainte,Holy Sword,5,18,0.28,28%,10.0,2.78,50,0,Gratuit,Gratuit
Bâton de Conquête,Conquering Staff,2,18,0.11,11%,24.0,2.67,48,2,12.0,1.33
Instinct Sanguinaire,Bloody Instinct,3,18,0.17,17%,15.0,2.5,45,2,7.5,1.25
Bâton Élémentaire,Earthly Staff,3,18,0.17,17%,15.0,2.5,45,0,Gratuit,Gratuit
Œil de Lynx,Hawk's Eye,5,18,0.28,28%,8.0,2.22,40,0,Gratuit,Gratuit
Lance Triplée,Triple Spear,2,18,0.11,11%,20.0,2.22,40,0,Gratuit,Gratuit
Chasseresse d'Âmes,Huntress of Souls,2,18,0.11,11%,19.0,2.11,38,1,19.0,2.11
Force Divine,Divine Impetu,3,18,0.17,17%,11.0,1.83,33,0,Gratuit,Gratuit
Masse Colossale,Colossal Mace,3,18,0.17,17%,11.0,1.83,33,0,Gratuit,Gratuit
Soif de Sang,Thirsty Dagger,2,18,0.11,11%,15.0,1.67,30,0,Gratuit,Gratuit
Couronne du Roi Nain,Crown of the Dwarf King,2,18,0.11,11%,13.0,1.44,26,0,Gratuit,Gratuit
Désintégrateur Magnétique,Magnetic Disintegrator,2,18,0.11,11%,11.0,1.22,22,0,Gratuit,Gratuit
Destruction Royale,Royal Destroyer,2,18,0.11,11%,11.0,1.22,22,0,Gratuit,Gratuit
Pillard Féroce,Savage Looter,1,18,0.06,6%,20.0,1.11,20,1,20.0,1.11
Assistance Divine,Sacred Help,1,18,0.06,6%,20.0,1.11,20,2,10.0,0.56
Esprit omniprésent,Omnipresent Spirit,1,18,0.06,6%,18.0,1.0,18,2,9.0,0.5
Chasseur d'Âmes,Soul Hunter,1,18,0.06,6%,15.0,0.83,15,1,15.0,0.83
Bâton du Conquérant,Staff of Conquered Worlds,1,18,0.06,6%,11.0,0.61,11,0,Gratuit,Gratuit
Coup de Mort,Death Helper,1,18,0.06,6%,10.0,0.56,10,1,10.0,0.56
