,Nom Anglais,nb games valide,total games,ratio,%,pts moy,pts moy total,total point,cout,pts par cout moy,pts par cout total
Faux,Scythe,17,17,1.0,100%,16.71,16.71,284,3,5.57,5.57
Économe Sagesse du Trésorier,Treasurer's Wisdom,12,17,0.71,71%,17.0,12.0,204,2,8.5,6.0
Lame Affutée,Sharp Blade,17,17,1.0,100%,11.29,11.29,192,3,3.76,3.76
Aveuglement,Incapacitor,16,17,0.94,94%,11.62,10.94,186,3,3.87,3.65
Armure d'Obsidienne,Obsidian Battle Plate,9,17,0.53,53%,20.0,10.59,180,2,10.0,5.29
Faux Assoiffées,Thirsty Scythes,7,17,0.41,41%,25.0,10.29,175,3,8.33,3.43
Hache Frénétique,Berseker Ax,12,17,0.71,71%,14.0,9.88,168,2,7.0,4.94
Glaive Vindicatif,Large Sword of Hate,7,17,0.41,41%,20.0,8.24,140,1,20.0,8.24
Lame Insatiable,Fast Furious Blade,8,17,0.47,47%,16.0,7.53,128,2,8.0,3.77
Épées Jumelles,Twin Swords,7,17,0.41,41%,17.14,7.06,120,1,17.14,7.06
Esprit Guerrier,Spirit of the Warrior,7,17,0.41,41%,16.0,6.59,112,1,16.0,6.59
Épée Obscure,Swords of Darkness,7,17,0.41,41%,15.0,6.18,105,1,15.0,6.18
Tombeau Rocheux,Rock Tomb,10,17,0.59,59%,10.0,5.88,100,1,10.0,5.88
Frappe Chirurgicale,Accurate Sword,6,17,0.35,35%,16.0,5.65,96,1,16.0,5.65
Esprit de l'Écuyer,Spirit of the Squire,13,17,0.76,76%,7.38,5.65,96,3,2.46,1.88
Parchemin Secret,Secret Scroll,5,17,0.29,29%,18.0,5.29,90,2,9.0,2.65
Armure d'Immortel,Immortal Breastplate,6,17,0.35,35%,14.0,4.94,84,1,14.0,4.94
Explosion Arcanique,Arcane Explosive,7,17,0.41,41%,12.0,4.94,84,1,12.0,4.94
Aura Légendaire,Legend Aura,2,17,0.12,12%,40.0,4.71,80,3,13.33,1.57
Sabre Versatile,Versatil Saber,7,17,0.41,41%,11.0,4.53,77,1,11.0,4.53
Elan de Fureur,Rampage Momentum,5,17,0.29,29%,15.0,4.41,75,2,7.5,2.21
Totem du Gardien,Guardian Totem,17,17,1.0,100%,4.41,4.41,75,3,1.47,1.47
Marteleur précis,Precise Hammer,4,17,0.24,24%,18.0,4.24,72,1,18.0,4.24
Décharge Élémentaire,Elemental Discharge,4,17,0.24,24%,18.0,4.24,72,1,18.0,4.24
Danse Macabre,Dance of Death,8,17,0.47,47%,8.0,3.76,64,1,8.0,3.76
Esquive Salvatrice,Evasive Protection,4,17,0.24,24%,15.0,3.53,60,0,Gratuit,Gratuit
Griffes Sauvages,Wild Claw,14,17,0.82,82%,4.07,3.35,57,3,1.36,1.12
Enchaînement Éclair,Unstoppable Lightning,3,17,0.18,18%,18.0,3.18,54,1,18.0,3.18
Griffes Démoniaques,Demon Claws,3,17,0.18,18%,17.0,3.0,51,1,17.0,3.0
Ascension Divine,Divine Ascent,2,17,0.12,12%,25.0,2.94,50,3,8.33,0.98
Bâton de Conquête,Conquering Staff,2,17,0.12,12%,24.0,2.82,48,2,12.0,1.41
Lance Doublée,Dual Spear,6,17,0.35,35%,8.0,2.82,48,0,Gratuit,Gratuit
Masse de Siège,Siege Mace,3,17,0.18,18%,16.0,2.82,48,0,Gratuit,Gratuit
Bâton Élémentaire,Earthly Staff,3,17,0.18,18%,15.0,2.65,45,0,Gratuit,Gratuit
Le Croque-mort,The Undertaker,3,17,0.18,18%,14.0,2.47,42,1,14.0,2.47
Épé Sainte,Holy Sword,4,17,0.24,24%,10.0,2.35,40,0,Gratuit,Gratuit
Chasseresse d'Âmes,Huntress of Souls,2,17,0.12,12%,19.0,2.24,38,1,19.0,2.24
Masse Colossale,Colossal Mace,3,17,0.18,18%,11.0,1.94,33,0,Gratuit,Gratuit
Force Divine,Divine Impetu,3,17,0.18,18%,11.0,1.94,33,0,Gratuit,Gratuit
Œil de Lynx,Hawk's Eye,4,17,0.24,24%,8.0,1.88,32,0,Gratuit,Gratuit
Triple Météore,Trimeteor,1,17,0.06,6%,30.0,1.76,30,0,Gratuit,Gratuit
Instinct Sanguinaire,Bloody Instinct,2,17,0.12,12%,15.0,1.76,30,2,7.5,0.88
Soif de Sang,Thirsty Dagger,2,17,0.12,12%,15.0,1.76,30,0,Gratuit,Gratuit
Couronne du Roi Nain,Crown of the Dwarf King,2,17,0.12,12%,13.0,1.53,26,0,Gratuit,Gratuit
Destruction Royale,Royal Destroyer,2,17,0.12,12%,11.0,1.29,22,0,Gratuit,Gratuit
Désintégrateur Magnétique,Magnetic Disintegrator,2,17,0.12,12%,11.0,1.29,22,0,Gratuit,Gratuit
Pillard Féroce,Savage Looter,1,17,0.06,6%,20.0,1.18,20,1,20.0,1.18
Lance Triplée,Triple Spear,1,17,0.06,6%,20.0,1.18,20,0,Gratuit,Gratuit
Assistance Divine,Sacred Help,1,17,0.06,6%,20.0,1.18,20,2,10.0,0.59
Esprit omniprésent,Omnipresent Spirit,1,17,0.06,6%,18.0,1.06,18,2,9.0,0.53
Chasseur d'Âmes,Soul Hunter,1,17,0.06,6%,15.0,0.88,15,1,15.0,0.88
Bâton du Conquérant,Staff of Conquered Worlds,1,17,0.06,6%,11.0,0.65,11,0,Gratuit,Gratuit
Coup de Mort,Death Helper,1,17,0.06,6%,10.0,0.59,10,1,10.0,0.59
