,Nom Anglais,nb games valide,total games,ratio,%,pts moy,pts moy total,total point,cout,pts par cout moy,pts par cout total
Aveuglement,Incapacitor,5,5,1.0,100%,18.6,18.6,93,3,6.2,6.2
Armure d'Obsidienne,Obsidian Battle Plate,4,5,0.8,80%,20.0,16.0,80,2,10.0,8.0
Faux,Scythe,5,5,1.0,100%,13.8,13.8,69,3,4.6,4.6
Parchemin Secret,Secret Scroll,3,5,0.6,60%,18.0,10.8,54,2,9.0,5.4
Économe Sagesse du Trésorier,Treasurer's Wisdom,3,5,0.6,60%,17.0,10.2,51,2,8.5,5.1
Lame Insatiable,Fast Furious Blade,3,5,0.6,60%,16.0,9.6,48,2,8.0,4.8
Bâton de Conquête,Conquering Staff,2,5,0.4,40%,24.0,9.6,48,2,12.0,4.8
Frappe Chirurgicale,Accurate Sword,3,5,0.6,60%,16.0,9.6,48,1,16.0,9.6
Lame Affutée,Sharp Blade,4,5,0.8,80%,12.0,9.6,48,3,4.0,3.2
Explosion Arcanique,Arcane Explosive,3,5,0.6,60%,12.0,7.2,36,1,12.0,7.2
Décharge Élémentaire,Elemental Discharge,2,5,0.4,40%,18.0,7.2,36,1,18.0,7.2
Enchaînement Éclair,Unstoppable Lightning,2,5,0.4,40%,18.0,7.2,36,1,18.0,7.2
Sabre Versatile,Versatil Saber,3,5,0.6,60%,11.0,6.6,33,1,11.0,6.6
Esquive Salvatrice,Evasive Protection,2,5,0.4,40%,15.0,6.0,30,0,Gratuit,Gratuit
Tombeau Rocheux,Rock Tomb,3,5,0.6,60%,10.0,6.0,30,1,10.0,6.0
Elan de Fureur,Rampage Momentum,2,5,0.4,40%,15.0,6.0,30,2,7.5,3.0
Triple Météore,Trimeteor,1,5,0.2,20%,30.0,6.0,30,0,Gratuit,Gratuit
Épée Obscure,Swords of Darkness,2,5,0.4,40%,15.0,6.0,30,1,15.0,6.0
Le Croque-mort,The Undertaker,2,5,0.4,40%,14.0,5.6,28,1,14.0,5.6
Armure d'Immortel,Immortal Breastplate,2,5,0.4,40%,14.0,5.6,28,1,14.0,5.6
Couronne du Roi Nain,Crown of the Dwarf King,2,5,0.4,40%,13.0,5.2,26,0,Gratuit,Gratuit
Bâton du Conquérant,Staff of Conquered Worlds,2,5,0.4,40%,11.0,4.4,22,0,Gratuit,Gratuit
Esprit de l'Écuyer,Spirit of the Squire,3,5,0.6,60%,7.0,4.2,21,3,2.33,1.4
Épées Jumelles,Twin Swords,2,5,0.4,40%,10.0,4.0,20,1,10.0,4.0
Épé Sainte,Holy Sword,2,5,0.4,40%,10.0,4.0,20,0,Gratuit,Gratuit
Lance Triplée,Triple Spear,1,5,0.2,20%,20.0,4.0,20,0,Gratuit,Gratuit
Marteleur précis,Precise Hammer,1,5,0.2,20%,18.0,3.6,18,1,18.0,3.6
Totem du Gardien,Guardian Totem,5,5,1.0,100%,3.4,3.4,17,3,1.13,1.13
Danse Macabre,Dance of Death,2,5,0.4,40%,8.0,3.2,16,1,8.0,3.2
Lance Doublée,Dual Spear,2,5,0.4,40%,8.0,3.2,16,0,Gratuit,Gratuit
Masse de Siège,Siege Mace,1,5,0.2,20%,16.0,3.2,16,0,Gratuit,Gratuit
Hache Frénétique,Berseker Ax,1,5,0.2,20%,14.0,2.8,14,2,7.0,1.4
Désintégrateur Magnétique,Magnetic Disintegrator,1,5,0.2,20%,11.0,2.2,11,0,Gratuit,Gratuit
Griffes Sauvages,Wild Claw,5,5,1.0,100%,2.2,2.2,11,3,0.73,0.73
Destruction Royale,Royal Destroyer,1,5,0.2,20%,11.0,2.2,11,0,Gratuit,Gratuit
Œil de Lynx,Hawk's Eye,1,5,0.2,20%,8.0,1.6,8,0,Gratuit,Gratuit
