,Nom Anglais,nb games valide,total games,ratio,%,pts moy,pts moy total,total point,cout,pts par cout moy,pts par cout total,pts par cout moy+1,pts par cout total+1
Armure d'Obsidienne,Obsidian Battle Plate,1,1,1.0,100%,20.0,20.0,20,2,10.0,10.0,6.67,6.67
Lame Insatiable,Fast Furious Blade,1,1,1.0,100%,18.0,18.0,18,2,9.0,9.0,6.0,6.0
Faux,Scythe,1,1,1.0,100%,16.0,16.0,16,3,5.33,5.33,4.0,4.0
Totem Équivalent,Equivalent Totem,1,1,1.0,100%,15.0,15.0,15,3,5.0,5.0,3.75,3.75
Marteau Collecteur,Collecting Hammer,1,1,1.0,100%,14.0,14.0,14,2,7.0,7.0,4.67,4.67
Aveuglement,Incapacitor,1,1,1.0,100%,9.0,9.0,9,3,3.0,3.0,2.25,2.25
Lame Affutée,Sharp Blade,1,1,1.0,100%,6.0,6.0,6,3,2.0,2.0,1.5,1.5
Totem du Gardien,Guardian Totem,1,1,1.0,100%,5.0,5.0,5,3,1.67,1.67,1.25,1.25
Esprit de l'Écuyer,Spirit of the Squire,1,1,1.0,100%,3.0,3.0,3,3,1.0,1.0,0.75,0.75
