,Nom Anglais,nb games valide,total games,ratio,%,pts moy,pts moy total,total point,cout,pts par cout moy,pts par cout total,pts par cout moy+1,pts par cout total+1
Aura Légendaire,Legend Aura,1,1,1.0,100%,40.0,40.0,40,3,13.33,13.33,10.0,10.0
Marteau Collecteur,Collecting Hammer,1,1,1.0,100%,28.0,28.0,28,2,14.0,14.0,9.33,9.33
Lame Affutée,Sharp Blade,1,1,1.0,100%,21.0,21.0,21,3,7.0,7.0,5.25,5.25
Armure d'Obsidienne,Obsidian Battle Plate,1,1,1.0,100%,20.0,20.0,20,2,10.0,10.0,6.67,6.67
Enchaînement Éclair,Unstoppable Lightning,1,1,1.0,100%,18.0,18.0,18,1,18.0,18.0,9.0,9.0
Marteleur précis,Precise Hammer,1,1,1.0,100%,18.0,18.0,18,1,18.0,18.0,9.0,9.0
Épée Obscure,Swords of Darkness,1,1,1.0,100%,17.0,17.0,17,1,17.0,17.0,8.5,8.5
Armure d'Immortel,Immortal Breastplate,1,1,1.0,100%,16.0,16.0,16,1,16.0,16.0,8.0,8.0
Esprit Guerrier,Spirit of the Warrior,1,1,1.0,100%,16.0,16.0,16,1,16.0,16.0,8.0,8.0
Masse Colossale,Colossal Mace,1,1,1.0,100%,15.0,15.0,15,0,Gratuit,Gratuit,15.0,15.0
Elan de Fureur,Rampage Momentum,1,1,1.0,100%,15.0,15.0,15,2,7.5,7.5,5.0,5.0
Hache Frénétique,Berseker Ax,1,1,1.0,100%,14.0,14.0,14,2,7.0,7.0,4.67,4.67
Totem Équivalent,Equivalent Totem,1,1,1.0,100%,14.0,14.0,14,2,7.0,7.0,4.67,4.67
Explosion Arcanique,Arcane Explosive,1,1,1.0,100%,12.0,12.0,12,1,12.0,12.0,6.0,6.0
Sabre Versatile,Versatil Saber,1,1,1.0,100%,11.0,11.0,11,1,11.0,11.0,5.5,5.5
Faux,Scythe,1,1,1.0,100%,11.0,11.0,11,3,3.67,3.67,2.75,2.75
Tombeau Rocheux,Rock Tomb,1,1,1.0,100%,10.0,10.0,10,1,10.0,10.0,5.0,5.0
Épé Sainte,Holy Sword,1,1,1.0,100%,10.0,10.0,10,0,Gratuit,Gratuit,10.0,10.0
Esprit de l'Écuyer,Spirit of the Squire,1,1,1.0,100%,9.0,9.0,9,3,3.0,3.0,2.25,2.25
Danse Macabre,Dance of Death,1,1,1.0,100%,8.0,8.0,8,1,8.0,8.0,4.0,4.0
Aveuglement,Incapacitor,1,1,1.0,100%,6.0,6.0,6,3,2.0,2.0,1.5,1.5
Totem du Gardien,Guardian Totem,1,1,1.0,100%,4.0,4.0,4,3,1.33,1.33,1.0,1.0
Griffes Sauvages,Wild Claw,1,1,1.0,100%,2.0,2.0,2,3,0.67,0.67,0.5,0.5
