,Nom Anglais,nb games valide,total games,ratio,%,pts moy,pts moy total,total point,cout,pts par cout moy,pts par cout total,pts par cout moy+1,pts par cout total+1
Aura Légendaire,Legend Aura,2,2,1.0,100%,40.0,40.0,80,3,13.33,13.33,10.0,10.0
Marteau Collecteur,Collecting Hammer,2,2,1.0,100%,28.0,28.0,56,2,14.0,14.0,9.33,9.33
Lame Affutée,Sharp Blade,2,2,1.0,100%,24.0,24.0,48,3,8.0,8.0,6.0,6.0
Armure d'Obsidienne,Obsidian Battle Plate,2,2,1.0,100%,20.0,20.0,40,2,10.0,10.0,6.67,6.67
Marteleur précis,Precise Hammer,2,2,1.0,100%,18.0,18.0,36,1,18.0,18.0,9.0,9.0
Enchaînement Éclair,Unstoppable Lightning,2,2,1.0,100%,18.0,18.0,36,1,18.0,18.0,9.0,9.0
Épée Obscure,Swords of Darkness,2,2,1.0,100%,17.0,17.0,34,1,17.0,17.0,8.5,8.5
Esprit Guerrier,Spirit of the Warrior,2,2,1.0,100%,16.0,16.0,32,1,16.0,16.0,8.0,8.0
Armure d'Immortel,Immortal Breastplate,2,2,1.0,100%,16.0,16.0,32,1,16.0,16.0,8.0,8.0
Totem Équivalent,Equivalent Totem,2,2,1.0,100%,15.5,15.5,31,2,7.75,7.75,5.17,5.17
Masse Colossale,Colossal Mace,2,2,1.0,100%,15.0,15.0,30,0,Gratuit,Gratuit,15.0,15.0
Elan de Fureur,Rampage Momentum,2,2,1.0,100%,15.0,15.0,30,2,7.5,7.5,5.0,5.0
Faux,Scythe,2,2,1.0,100%,14.5,14.5,29,3,4.83,4.83,3.62,3.62
Hache Frénétique,Berseker Ax,2,2,1.0,100%,14.0,14.0,28,2,7.0,7.0,4.67,4.67
Faux Assoiffées,Thirsty Scythes,1,2,0.5,50%,25.0,12.5,25,3,8.33,4.17,6.25,3.12
Explosion Arcanique,Arcane Explosive,2,2,1.0,100%,12.0,12.0,24,1,12.0,12.0,6.0,6.0
Sabre Versatile,Versatil Saber,2,2,1.0,100%,11.0,11.0,22,1,11.0,11.0,5.5,5.5
Épé Sainte,Holy Sword,2,2,1.0,100%,10.0,10.0,20,0,Gratuit,Gratuit,10.0,10.0
Tombeau Rocheux,Rock Tomb,2,2,1.0,100%,10.0,10.0,20,1,10.0,10.0,5.0,5.0
Pillard Féroce,Savage Looter,1,2,0.5,50%,20.0,10.0,20,1,20.0,10.0,10.0,5.0
Esprit de l'Écuyer,Spirit of the Squire,2,2,1.0,100%,9.0,9.0,18,3,3.0,3.0,2.25,2.25
Décharge Élémentaire,Elemental Discharge,1,2,0.5,50%,18.0,9.0,18,1,18.0,9.0,9.0,4.5
Parchemin Secret,Secret Scroll,1,2,0.5,50%,18.0,9.0,18,2,9.0,4.5,6.0,3.0
Économe Sagesse du Trésorier,Treasurer's Wisdom,1,2,0.5,50%,17.0,8.5,17,2,8.5,4.25,5.67,2.83
Danse Macabre,Dance of Death,2,2,1.0,100%,8.0,8.0,16,1,8.0,8.0,4.0,4.0
Masse de Siège,Siege Mace,1,2,0.5,50%,16.0,8.0,16,0,Gratuit,Gratuit,16.0,8.0
Lame Insatiable,Fast Furious Blade,1,2,0.5,50%,16.0,8.0,16,2,8.0,4.0,5.33,2.67
Force Divine,Divine Impetu,1,2,0.5,50%,15.0,7.5,15,0,Gratuit,Gratuit,15.0,7.5
Couronne du Roi Nain,Crown of the Dwarf King,1,2,0.5,50%,13.0,6.5,13,0,Gratuit,Gratuit,13.0,6.5
Aveuglement,Incapacitor,2,2,1.0,100%,6.0,6.0,12,3,2.0,2.0,1.5,1.5
Griffes Sauvages,Wild Claw,2,2,1.0,100%,5.0,5.0,10,3,1.67,1.67,1.25,1.25
Totem du Gardien,Guardian Totem,2,2,1.0,100%,4.0,4.0,8,3,1.33,1.33,1.0,1.0
