,Nom Anglais,nb games valide,total games,ratio,%,pts moy,pts moy total,total point,cout,pts par cout moy,pts par cout total
Armure d'Obsidienne,Obsidian Battle Plate,7,7,1.0,100%,20.0,20.0,140,2,10.0,10.0
Faux,Scythe,7,7,1.0,100%,17.57,17.57,123,3,5.86,5.86
Lame Affutée,Sharp Blade,7,7,1.0,100%,13.71,13.71,96,3,4.57,4.57
Lame Insatiable,Fast Furious Blade,6,7,0.86,86%,16.0,13.71,96,2,8.0,6.86
Aveuglement,Incapacitor,7,7,1.0,100%,13.71,13.71,96,3,4.57,4.57
Économe Sagesse du Trésorier,Treasurer's Wisdom,5,7,0.71,71%,17.0,12.14,85,2,8.5,6.07
Marteleur précis,Precise Hammer,4,7,0.57,57%,18.0,10.29,72,1,18.0,10.29
Parchemin Secret,Secret Scroll,4,7,0.57,57%,18.0,10.29,72,2,9.0,5.14
Épée Obscure,Swords of Darkness,4,7,0.57,57%,15.0,8.57,60,1,15.0,8.57
Explosion Arcanique,Arcane Explosive,5,7,0.71,71%,12.0,8.57,60,1,12.0,8.57
Triple Météore,Trimeteor,2,7,0.29,29%,30.0,8.57,60,0,Gratuit,Gratuit
Chasseresse d'Âmes,Huntress of Souls,3,7,0.43,43%,19.0,8.14,57,1,19.0,8.14
Hache Frénétique,Berseker Ax,4,7,0.57,57%,14.0,8.0,56,2,7.0,4.0
Griffes Démoniaques,Demon Claws,3,7,0.43,43%,17.0,7.29,51,1,17.0,7.29
Tombeau Rocheux,Rock Tomb,5,7,0.71,71%,10.0,7.14,50,1,10.0,7.14
Faux Assoiffées,Thirsty Scythes,2,7,0.29,29%,25.0,7.14,50,3,8.33,2.38
Esprit Guerrier,Spirit of the Warrior,3,7,0.43,43%,16.0,6.86,48,1,16.0,6.86
Frappe Chirurgicale,Accurate Sword,3,7,0.43,43%,16.0,6.86,48,1,16.0,6.86
Elan de Fureur,Rampage Momentum,3,7,0.43,43%,15.0,6.43,45,2,7.5,3.21
Désintégrateur Magnétique,Magnetic Disintegrator,4,7,0.57,57%,11.0,6.29,44,0,Gratuit,Gratuit
Sabre Versatile,Versatil Saber,4,7,0.57,57%,11.0,6.29,44,1,11.0,6.29
Masse Colossale,Colossal Mace,4,7,0.57,57%,11.0,6.29,44,0,Gratuit,Gratuit
Armure d'Immortel,Immortal Breastplate,3,7,0.43,43%,14.0,6.0,42,1,14.0,6.0
Griffes Sauvages,Wild Claw,7,7,1.0,100%,5.86,5.86,41,3,1.95,1.95
Lance Triplée,Triple Spear,2,7,0.29,29%,20.0,5.71,40,0,Gratuit,Gratuit
Aura Légendaire,Legend Aura,1,7,0.14,14%,40.0,5.71,40,3,13.33,1.9
Danse Macabre,Dance of Death,5,7,0.71,71%,8.0,5.71,40,1,8.0,5.71
Épées Jumelles,Twin Swords,4,7,0.57,57%,10.0,5.71,40,1,10.0,5.71
Esprit de l'Écuyer,Spirit of the Squire,6,7,0.86,86%,6.0,5.14,36,3,2.0,1.71
Enchaînement Éclair,Unstoppable Lightning,2,7,0.29,29%,18.0,5.14,36,1,18.0,5.14
Totem du Gardien,Guardian Totem,7,7,1.0,100%,4.86,4.86,34,3,1.62,1.62
Force Divine,Divine Impetu,3,7,0.43,43%,11.0,4.71,33,0,Gratuit,Gratuit
Destruction Royale,Royal Destroyer,3,7,0.43,43%,11.0,4.71,33,0,Gratuit,Gratuit
Épé Sainte,Holy Sword,3,7,0.43,43%,10.0,4.29,30,0,Gratuit,Gratuit
Esquive Salvatrice,Evasive Protection,2,7,0.29,29%,15.0,4.29,30,0,Gratuit,Gratuit
Chasseur d'Âmes,Soul Hunter,2,7,0.29,29%,15.0,4.29,30,1,15.0,4.29
Couronne du Roi Nain,Crown of the Dwarf King,2,7,0.29,29%,13.0,3.71,26,0,Gratuit,Gratuit
Ascension Divine,Divine Ascent,1,7,0.14,14%,25.0,3.57,25,3,8.33,1.19
Bâton de Conquête,Conquering Staff,1,7,0.14,14%,24.0,3.43,24,2,12.0,1.72
Lance Doublée,Dual Spear,3,7,0.43,43%,8.0,3.43,24,0,Gratuit,Gratuit
Pillard Féroce,Savage Looter,1,7,0.14,14%,20.0,2.86,20,1,20.0,2.86
Masse de Siège,Siege Mace,1,7,0.14,14%,16.0,2.29,16,0,Gratuit,Gratuit
Bâton Élémentaire,Earthly Staff,1,7,0.14,14%,15.0,2.14,15,0,Gratuit,Gratuit
Le Croque-mort,The Undertaker,1,7,0.14,14%,14.0,2.0,14,1,14.0,2.0
Œil de Lynx,Hawk's Eye,1,7,0.14,14%,8.0,1.14,8,0,Gratuit,Gratuit
