,Nom Anglais,nb games valide,total games,ratio,%,pts moy,pts moy total,total point,cout,pts par cout moy,pts par cout total
Aveuglement,Incapacitor,10,10,1.0,100%,15.3,15.3,153,3,5.1,5.1
Faux,Scythe,10,10,1.0,100%,12.4,12.4,124,3,4.13,4.13
Armure d'Obsidienne,Obsidian Battle Plate,3,10,0.3,30%,20.0,6.0,60,2,10.0,3.0
Lame Affutée,Sharp Blade,6,10,0.6,60%,9.5,5.7,57,3,3.17,1.9
Marteleur précis,Precise Hammer,3,10,0.3,30%,18.0,5.4,54,1,18.0,5.4
Totem du Gardien,Guardian Totem,10,10,1.0,100%,5.1,5.1,51,3,1.7,1.7
Esprit Guerrier,Spirit of the Warrior,3,10,0.3,30%,16.0,4.8,48,1,16.0,4.8
Lame Insatiable,Fast Furious Blade,3,10,0.3,30%,16.0,4.8,48,2,8.0,2.4
Hache Frénétique,Berseker Ax,3,10,0.3,30%,14.0,4.2,42,2,7.0,2.1
Aura Légendaire,Legend Aura,1,10,0.1,10%,40.0,4.0,40,3,13.33,1.33
Explosion Arcanique,Arcane Explosive,3,10,0.3,30%,12.0,3.6,36,1,12.0,3.6
Économe Sagesse du Trésorier,Treasurer's Wisdom,2,10,0.2,20%,17.0,3.4,34,2,8.5,1.7
Esprit de l'Écuyer,Spirit of the Squire,3,10,0.3,30%,10.0,3.0,30,3,3.33,1.0
Instinct Sanguinaire,Bloody Instinct,2,10,0.2,20%,15.0,3.0,30,2,7.5,1.5
Triple Météore,Trimeteor,1,10,0.1,10%,30.0,3.0,30,0,Gratuit,Gratuit
Bâton Élémentaire,Earthly Staff,2,10,0.2,20%,15.0,3.0,30,0,Gratuit,Gratuit
Ascension Divine,Divine Ascent,1,10,0.1,10%,25.0,2.5,25,3,8.33,0.83
Faux Assoiffées,Thirsty Scythes,1,10,0.1,10%,25.0,2.5,25,3,8.33,0.83
Bâton de Conquête,Conquering Staff,1,10,0.1,10%,24.0,2.4,24,2,12.0,1.2
Vision Céleste,Heavenly Vision,1,10,0.1,10%,22.0,2.2,22,2,11.0,1.1
Lance Triplée,Triple Spear,1,10,0.1,10%,20.0,2.0,20,0,Gratuit,Gratuit
Tombeau Rocheux,Rock Tomb,2,10,0.2,20%,10.0,2.0,20,1,10.0,2.0
Assistance Divine,Sacred Help,1,10,0.1,10%,20.0,2.0,20,2,10.0,1.0
Chasseresse d'Âmes,Huntress of Souls,1,10,0.1,10%,19.0,1.9,19,1,19.0,1.9
Mental d'Acier,Steel Aura,1,10,0.1,10%,18.0,1.8,18,2,9.0,0.9
Parchemin Secret,Secret Scroll,1,10,0.1,10%,18.0,1.8,18,2,9.0,0.9
Le Traqueur,The Stalker,1,10,0.1,10%,18.0,1.8,18,3,6.0,0.6
Enchaînement Éclair,Unstoppable Lightning,1,10,0.1,10%,18.0,1.8,18,1,18.0,1.8
Esprit omniprésent,Omnipresent Spirit,1,10,0.1,10%,18.0,1.8,18,2,9.0,0.9
Griffes Démoniaques,Demon Claws,1,10,0.1,10%,17.0,1.7,17,1,17.0,1.7
Frappe Chirurgicale,Accurate Sword,1,10,0.1,10%,16.0,1.6,16,1,16.0,1.6
Danse Macabre,Dance of Death,2,10,0.2,20%,8.0,1.6,16,1,8.0,1.6
Masse de Siège,Siege Mace,1,10,0.1,10%,16.0,1.6,16,0,Gratuit,Gratuit
Soif de Sang,Thirsty Dagger,1,10,0.1,10%,15.0,1.5,15,0,Gratuit,Gratuit
Elan de Fureur,Rampage Momentum,1,10,0.1,10%,15.0,1.5,15,2,7.5,0.75
Épée Obscure,Swords of Darkness,1,10,0.1,10%,15.0,1.5,15,1,15.0,1.5
Le Croque-mort,The Undertaker,1,10,0.1,10%,14.0,1.4,14,1,14.0,1.4
Armure d'Immortel,Immortal Breastplate,1,10,0.1,10%,14.0,1.4,14,1,14.0,1.4
Couronne du Roi Nain,Crown of the Dwarf King,1,10,0.1,10%,13.0,1.3,13,0,Gratuit,Gratuit
Bâton du Conquérant,Staff of Conquered Worlds,1,10,0.1,10%,11.0,1.1,11,0,Gratuit,Gratuit
Désintégrateur Magnétique,Magnetic Disintegrator,1,10,0.1,10%,11.0,1.1,11,0,Gratuit,Gratuit
Griffes Sauvages,Wild Claw,7,10,0.7,70%,1.57,1.1,11,3,0.52,0.37
Masse Colossale,Colossal Mace,1,10,0.1,10%,11.0,1.1,11,0,Gratuit,Gratuit
Destruction Royale,Royal Destroyer,1,10,0.1,10%,11.0,1.1,11,0,Gratuit,Gratuit
Épées Jumelles,Twin Swords,1,10,0.1,10%,10.0,1.0,10,1,10.0,1.0
Coup de Mort,Death Helper,1,10,0.1,10%,10.0,1.0,10,1,10.0,1.0
Épé Sainte,Holy Sword,1,10,0.1,10%,10.0,1.0,10,0,Gratuit,Gratuit
Œil de Lynx,Hawk's Eye,1,10,0.1,10%,8.0,0.8,8,0,Gratuit,Gratuit
Lance Doublée,Dual Spear,1,10,0.1,10%,8.0,0.8,8,0,Gratuit,Gratuit
