,Nom Anglais,nb games valide,total games,ratio,%,pts moy,pts moy total,total point,cout,pts par cout moy,pts par cout total
Faux,Scythe,86,86,1.0,100%,14.8,14.8,1273,3,4.93,4.93
Armure d'Obsidienne,Obsidian Battle Plate,45,86,0.52,52%,20.0,10.47,900,2,5.24,10.0
Ascension Divine,Divine Ascent,31,86,0.36,36%,25.0,9.01,775,3,3.0,8.33
Économe Sagesse du Trésorier,Treasurer's Wisdom,42,86,0.49,49%,17.0,8.3,714,2,4.15,8.5
Aveuglement,Incapacitor,80,86,0.93,93%,8.18,7.6,654,3,2.53,2.73
Hache Frénétique,Berseker Ax,42,86,0.49,49%,14.0,6.84,588,2,3.42,7.0
Esprit de l'Écuyer,Spirit of the Squire,64,86,0.74,74%,8.34,6.21,534,3,2.07,2.78
Lame Affutée,Sharp Blade,66,86,0.77,77%,8.09,6.21,534,3,2.07,2.7
Lame Insatiable,Fast Furious Blade,32,86,0.37,37%,16.0,5.95,512,2,2.98,8.0
Faux Assoiffées,Thirsty Scythes,17,86,0.2,20%,25.0,4.94,425,3,1.65,8.33
Explosion Arcanique,Arcane Explosive,35,86,0.41,41%,12.0,4.88,420,1,4.88,12.0
Totem du Gardien,Guardian Totem,86,86,1.0,100%,4.19,4.19,360,3,1.4,1.4
Chasseur d'Âmes,Soul Hunter,21,86,0.24,24%,15.0,3.66,315,1,3.66,15.0
Parchemin Secret,Secret Scroll,15,86,0.17,17%,18.0,3.14,270,2,1.57,9.0
Marteleur précis,Precise Hammer,15,86,0.17,17%,18.0,3.14,270,1,3.14,18.0
Épée Obscure,Swords of Darkness,17,86,0.2,20%,15.0,2.97,255,1,2.97,15.0
Sabre Versatile,Versatil Saber,23,86,0.27,27%,11.0,2.94,253,1,2.94,11.0
Mental d'Acier,Steel Aura,14,86,0.16,16%,18.0,2.93,252,2,1.47,9.0
Assistance Divine,Sacred Help,12,86,0.14,14%,20.0,2.79,240,2,1.4,10.0
Armure d'Immortel,Immortal Breastplate,15,86,0.17,17%,14.0,2.44,210,1,2.44,14.0
Couronne du Roi Nain,Crown of the Dwarf King,15,86,0.17,17%,13.0,2.27,195,0,Gratuit,Gratuit
Chasseresse d'Âmes,Huntress of Souls,10,86,0.12,12%,19.0,2.21,190,1,2.21,19.0
Masse Colossale,Colossal Mace,17,86,0.2,20%,11.0,2.17,187,0,Gratuit,Gratuit
Coup de Mort,Death Helper,18,86,0.21,21%,10.0,2.09,180,1,2.09,10.0
Épées Jumelles,Twin Swords,17,86,0.2,20%,10.59,2.09,180,1,2.09,10.59
Glaive Vindicatif,Large Sword of Hate,9,86,0.1,10%,20.0,2.09,180,1,2.09,20.0
Griffes Démoniaques,Demon Claws,10,86,0.12,12%,17.0,1.98,170,1,1.98,17.0
Désintégrateur Magnétique,Magnetic Disintegrator,15,86,0.17,17%,11.0,1.92,165,0,Gratuit,Gratuit
Tombeau Rocheux,Rock Tomb,16,86,0.19,19%,10.0,1.86,160,1,1.86,10.0
Le Marionnettiste,The Puppeteer,8,86,0.09,9%,20.0,1.86,160,2,0.93,10.0
Frappe Chirurgicale,Accurate Sword,10,86,0.12,12%,16.0,1.86,160,1,1.86,16.0
Danse Macabre,Dance of Death,19,86,0.22,22%,8.0,1.77,152,1,1.77,8.0
Destruction Royale,Royal Destroyer,13,86,0.15,15%,11.0,1.66,143,0,Gratuit,Gratuit
Esquive Salvatrice,Evasive Protection,9,86,0.1,10%,15.0,1.57,135,0,Gratuit,Gratuit
Bâton Élémentaire,Earthly Staff,9,86,0.1,10%,15.0,1.57,135,0,Gratuit,Gratuit
Instinct Sanguinaire,Bloody Instinct,9,86,0.1,10%,15.0,1.57,135,2,0.79,7.5
Esprit Guerrier,Spirit of the Warrior,8,86,0.09,9%,16.0,1.49,128,1,1.49,16.0
Griffes Sauvages,Wild Claw,61,86,0.71,71%,2.07,1.47,126,3,0.49,0.69
Elan de Fureur,Rampage Momentum,7,86,0.08,8%,15.0,1.22,105,2,0.61,7.5
Pillard Féroce,Savage Looter,5,86,0.06,6%,20.0,1.16,100,1,1.16,20.0
Soif de Sang,Thirsty Dagger,6,86,0.07,7%,15.0,1.05,90,0,Gratuit,Gratuit
Épé Sainte,Holy Sword,8,86,0.09,9%,10.0,0.93,80,0,Gratuit,Gratuit
Adrénaline Arcanique,Arcane Adrenaline,5,86,0.06,6%,16.0,0.93,80,1,0.93,16.0
Enchaînement Éclair,Unstoppable Lightning,4,86,0.05,5%,18.0,0.84,72,1,0.84,18.0
Être de Lumière,Being of Light,4,86,0.05,5%,18.0,0.84,72,1,0.84,18.0
Lance Doublée,Dual Spear,9,86,0.1,10%,8.0,0.84,72,0,Gratuit,Gratuit
Esprit omniprésent,Omnipresent Spirit,4,86,0.05,5%,18.0,0.84,72,2,0.42,9.0
Le Croque-mort,The Undertaker,5,86,0.06,6%,14.0,0.81,70,1,0.81,14.0
Œil de Lynx,Hawk's Eye,8,86,0.09,9%,8.0,0.74,64,0,Gratuit,Gratuit
Amulette Omnisciente,Omnipresent Amulet,5,86,0.06,6%,11.0,0.64,55,0,Gratuit,Gratuit
Décharge Élémentaire,Elemental Discharge,3,86,0.03,3%,18.0,0.63,54,1,0.63,18.0
Force Divine,Divine Impetu,4,86,0.05,5%,11.0,0.51,44,0,Gratuit,Gratuit
Aura Légendaire,Legend Aura,1,86,0.01,1%,40.0,0.47,40,3,0.16,13.33
Masse de Siège,Siege Mace,2,86,0.02,2%,16.0,0.37,32,0,Gratuit,Gratuit
Triple Météore,Trimeteor,1,86,0.01,1%,30.0,0.35,30,0,Gratuit,Gratuit
Bâton de Conquête,Conquering Staff,1,86,0.01,1%,24.0,0.28,24,2,0.14,12.0
Lance Triplée,Triple Spear,1,86,0.01,1%,20.0,0.23,20,0,Gratuit,Gratuit
