,Nom Anglais,nb games valide,total games,ratio,%,pts moy,pts moy total,total point,cout,pts par cout moy,pts par cout total,pts par cout moy+1,pts par cout total+1
Armure d'Obsidienne,Obsidian Battle Plate,1,1,1.0,100%,20.0,20.0,20,2,10.0,10.0,6.67,6.67
Le Traqueur,The Stalker,1,1,1.0,100%,20.0,20.0,20,3,6.67,6.67,5.0,5.0
Sabre Versatile,Versatil Saber,1,1,1.0,100%,18.0,18.0,18,1,18.0,18.0,9.0,9.0
Esprit de l'Écuyer,Spirit of the Squire,1,1,1.0,100%,15.0,15.0,15,3,5.0,5.0,3.75,3.75
Totem Équivalent,Equivalent Totem,1,1,1.0,100%,15.0,15.0,15,3,5.0,5.0,3.75,3.75
Totem du Gardien,Guardian Totem,1,1,1.0,100%,15.0,15.0,15,3,5.0,5.0,3.75,3.75
Coup de Mort,Death Helper,1,1,1.0,100%,13.0,13.0,13,1,13.0,13.0,6.5,6.5
Œil de Lynx,Hawk's Eye,1,1,1.0,100%,8.0,8.0,8,0,Gratuit,Gratuit,8.0,8.0
Lame Affutée,Sharp Blade,1,1,1.0,100%,3.0,3.0,3,3,1.0,1.0,0.75,0.75
Aveuglement,Incapacitor,1,1,1.0,100%,3.0,3.0,3,3,1.0,1.0,0.75,0.75
Faux,Scythe,1,1,1.0,100%,1.0,1.0,1,3,0.33,0.33,0.25,0.25
