,Nom Anglais,nb games valide,total games,ratio,%,pts moy,pts moy total,total point,cout,pts par cout moy,pts par cout total,pts par cout moy+1,pts par cout total+1
Le Traqueur,The Stalker,2,2,1.0,100%,20.0,20.0,40,3,6.67,6.67,5.0,5.0
Totem du Gardien,Guardian Totem,2,2,1.0,100%,15.5,15.5,31,3,5.17,5.17,3.88,3.88
Totem Équivalent,Equivalent Totem,2,2,1.0,100%,13.0,13.0,26,3,4.33,4.33,3.25,3.25
Armure d'Obsidienne,Obsidian Battle Plate,1,2,0.5,50%,20.0,10.0,20,2,10.0,5.0,6.67,3.33
Vision Céleste,Heavenly Vision,1,2,0.5,50%,20.0,10.0,20,2,10.0,5.0,6.67,3.33
Le Visionnaire,The Visionary,1,2,0.5,50%,18.0,9.0,18,2,9.0,4.5,6.0,3.0
Esprit de l'Écuyer,Spirit of the Squire,2,2,1.0,100%,9.0,9.0,18,3,3.0,3.0,2.25,2.25
Sabre Versatile,Versatil Saber,1,2,0.5,50%,18.0,9.0,18,1,18.0,9.0,9.0,4.5
Œil de Lynx,Hawk's Eye,2,2,1.0,100%,8.0,8.0,16,0,Gratuit,Gratuit,8.0,8.0
Coup de Mort,Death Helper,1,2,0.5,50%,13.0,6.5,13,1,13.0,6.5,6.5,3.25
Aveuglement,Incapacitor,2,2,1.0,100%,6.0,6.0,12,3,2.0,2.0,1.5,1.5
Lame Affutée,Sharp Blade,1,2,0.5,50%,3.0,1.5,3,3,1.0,0.5,0.75,0.38
Faux,Scythe,2,2,1.0,100%,1.5,1.5,3,3,0.5,0.5,0.38,0.38
