,Nom Anglais,nb games valide,total games,ratio,%,pts moy,pts moy total,total point,cout,pts par cout moy,pts par cout total,pts par cout moy+1,pts par cout total+1
Totem du Gardien,Guardian Totem,8,8,1.0,100%,17.62,17.62,141,3,5.87,5.87,4.41,4.41
Le Traqueur,The Stalker,8,8,1.0,100%,16.0,16.0,128,3,5.33,5.33,4.0,4.0
Armure d'Obsidienne,Obsidian Battle Plate,6,8,0.75,75%,20.0,15.0,120,2,10.0,7.5,6.67,5.0
Esprit de l'Écuyer,Spirit of the Squire,8,8,1.0,100%,15.0,15.0,120,3,5.0,5.0,3.75,3.75
Totem Équivalent,Equivalent Totem,8,8,1.0,100%,12.88,12.88,103,2,6.44,6.44,4.29,4.29
Assistance Divine,Sacred Help,5,8,0.62,62%,20.0,12.5,100,2,10.0,6.25,6.67,4.17
Le Visionnaire,The Visionary,5,8,0.62,62%,18.0,11.25,90,2,9.0,5.62,6.0,3.75
Être de Lumière,Being of Light,4,8,0.5,50%,18.0,9.0,72,1,18.0,9.0,9.0,4.5
Sabre Versatile,Versatil Saber,6,8,0.75,75%,11.0,8.25,66,1,11.0,8.25,5.5,4.12
Œil de Lynx,Hawk's Eye,8,8,1.0,100%,8.0,8.0,64,0,Gratuit,Gratuit,8.0,8.0
Marteau Collecteur,Collecting Hammer,5,8,0.62,62%,12.0,7.5,60,2,6.0,3.75,4.0,2.5
Armure d'Immortel,Immortal Breastplate,4,8,0.5,50%,14.0,7.0,56,1,14.0,7.0,7.0,3.5
Force Divine,Divine Impetu,5,8,0.62,62%,11.0,6.88,55,0,Gratuit,Gratuit,11.0,6.88
Amulette Omnisciente,Omnipresent Amulet,5,8,0.62,62%,11.0,6.88,55,0,Gratuit,Gratuit,11.0,6.88
Coup de Mort,Death Helper,5,8,0.62,62%,10.0,6.25,50,1,10.0,6.25,5.0,3.12
Vision Céleste,Heavenly Vision,2,8,0.25,25%,22.0,5.5,44,2,11.0,2.75,7.33,1.83
Lame Affutée,Sharp Blade,6,8,0.75,75%,4.5,3.38,27,3,1.5,1.13,1.12,0.84
Aveuglement,Incapacitor,5,8,0.62,62%,5.4,3.38,27,3,1.8,1.13,1.35,0.84
Marteleur précis,Precise Hammer,1,8,0.12,12%,18.0,2.25,18,1,18.0,2.25,9.0,1.12
Esprit omniprésent,Omnipresent Spirit,1,8,0.12,12%,18.0,2.25,18,2,9.0,1.12,6.0,0.75
Masse de Siège,Siege Mace,1,8,0.12,12%,16.0,2.0,16,0,Gratuit,Gratuit,16.0,2.0
Soif de Sang,Thirsty Dagger,1,8,0.12,12%,15.0,1.88,15,0,Gratuit,Gratuit,15.0,1.88
Faux,Scythe,1,8,0.12,12%,2.0,0.25,2,3,0.67,0.08,0.5,0.06
