,Nom Anglais,nb games valide,total games,ratio,%,pts moy,pts moy total,total point,cout,pts par cout moy,pts par cout total,pts par cout moy+1,pts par cout total+1
Assistance Divine,Sacred Help,1,1,1.0,100%,20.0,20.0,20,2,10.0,10.0,6.67,6.67
Le Traqueur,The Stalker,1,1,1.0,100%,20.0,20.0,20,3,6.67,6.67,5.0,5.0
Esprit de l'Écuyer,Spirit of the Squire,1,1,1.0,100%,18.0,18.0,18,3,6.0,6.0,4.5,4.5
Totem du Gardien,Guardian Totem,1,1,1.0,100%,18.0,18.0,18,3,6.0,6.0,4.5,4.5
Totem Équivalent,Equivalent Totem,1,1,1.0,100%,14.0,14.0,14,3,4.67,4.67,3.5,3.5
Coup de Mort,Death Helper,1,1,1.0,100%,13.0,13.0,13,1,13.0,13.0,6.5,6.5
Œil de Lynx,Hawk's Eye,1,1,1.0,100%,8.0,8.0,8,0,Gratuit,Gratuit,8.0,8.0
