,Nom Anglais,nb games valide,total games,ratio,%,pts moy,pts moy total,total point,cout,pts par cout moy,pts par cout total
Aveuglement,Incapacitor,9,9,1.0,100%,19.0,19.0,171,3,6.33,6.33
Le Traqueur,The Stalker,8,9,0.89,89%,18.0,16.0,144,3,6.0,5.33
Totem du Gardien,Guardian Totem,9,9,1.0,100%,14.78,14.78,133,3,4.93,4.93
Armure d'Obsidienne,Obsidian Battle Plate,6,9,0.67,67%,20.0,13.33,120,2,10.0,6.67
Vision Céleste,Heavenly Vision,5,9,0.56,56%,22.0,12.22,110,2,11.0,6.11
Bâton de Conquête,Conquering Staff,4,9,0.44,44%,24.0,10.67,96,2,12.0,5.33
Esprit omniprésent,Omnipresent Spirit,5,9,0.56,56%,18.0,10.0,90,2,9.0,5.0
Le Visionnaire,The Visionary,4,9,0.44,44%,18.0,8.0,72,2,9.0,4.0
Esprit de l'Écuyer,Spirit of the Squire,8,9,0.89,89%,8.62,7.67,69,3,2.87,2.56
Œil de Lynx,Hawk's Eye,8,9,0.89,89%,8.0,7.11,64,0,Gratuit,Gratuit
Instinct Sanguinaire,Bloody Instinct,3,9,0.33,33%,15.0,5.0,45,2,7.5,2.5
Bâton du Conquérant,Staff of Conquered Worlds,4,9,0.44,44%,11.0,4.89,44,0,Gratuit,Gratuit
Assistance Divine,Sacred Help,2,9,0.22,22%,20.0,4.44,40,2,10.0,2.22
Marteleur précis,Precise Hammer,2,9,0.22,22%,18.0,4.0,36,1,18.0,4.0
Sabre Versatile,Versatil Saber,3,9,0.33,33%,11.0,3.67,33,1,11.0,3.67
Coup de Mort,Death Helper,3,9,0.33,33%,10.0,3.33,30,1,10.0,3.33
Armure d'Immortel,Immortal Breastplate,2,9,0.22,22%,14.0,3.11,28,1,14.0,3.11
Ascension Divine,Divine Ascent,1,9,0.11,11%,25.0,2.78,25,3,8.33,0.93
Faux,Scythe,7,9,0.78,78%,3.57,2.78,25,3,1.19,0.93
Force Divine,Divine Impetu,2,9,0.22,22%,11.0,2.44,22,0,Gratuit,Gratuit
Amulette Omnisciente,Omnipresent Amulet,2,9,0.22,22%,11.0,2.44,22,0,Gratuit,Gratuit
Le Marionnettiste,The Puppeteer,1,9,0.11,11%,20.0,2.22,20,2,10.0,1.11
Être de Lumière,Being of Light,1,9,0.11,11%,18.0,2.0,18,1,18.0,2.0
Économe Sagesse du Trésorier,Treasurer's Wisdom,1,9,0.11,11%,17.0,1.89,17,2,8.5,0.94
Masse de Siège,Siege Mace,1,9,0.11,11%,16.0,1.78,16,0,Gratuit,Gratuit
Lame Affutée,Sharp Blade,2,9,0.22,22%,7.5,1.67,15,3,2.5,0.56
Hache Frénétique,Berseker Ax,1,9,0.11,11%,14.0,1.56,14,2,7.0,0.78
Griffes Sauvages,Wild Claw,2,9,0.22,22%,1.5,0.33,3,3,0.5,0.11
