,Nom Anglais,nb games valide,total games,ratio,%,pts moy,pts moy total,total point,cout,pts par cout moy,pts par cout total,pts par cout moy+1,pts par cout total+1
Vision Céleste,Heavenly Vision,6,9,0.67,67%,22.0,14.67,132,2,11.0,7.33,7.33,4.89
Totem du Gardien,Guardian Totem,9,9,1.0,100%,12.78,12.78,115,3,4.26,4.26,3.19,3.19
Esprit de l'Écuyer,Spirit of the Squire,9,9,1.0,100%,12.67,12.67,114,3,4.22,4.22,3.17,3.17
Totem Équivalent,Equivalent Totem,9,9,1.0,100%,11.44,11.44,103,2,5.72,5.72,3.81,3.81
Armure d'Obsidienne,Obsidian Battle Plate,5,9,0.56,56%,20.0,11.11,100,2,10.0,5.55,6.67,3.7
Le Traqueur,The Stalker,6,9,0.67,67%,16.0,10.67,96,3,5.33,3.56,4.0,2.67
Le Visionnaire,The Visionary,5,9,0.56,56%,18.0,10.0,90,2,9.0,5.0,6.0,3.33
Marteau Collecteur,Collecting Hammer,6,9,0.67,67%,14.0,9.33,84,2,7.0,4.67,4.67,3.11
Aveuglement,Incapacitor,8,9,0.89,89%,10.12,9.0,81,3,3.37,3.0,2.53,2.25
Œil de Lynx,Hawk's Eye,8,9,0.89,89%,8.0,7.11,64,0,Gratuit,Gratuit,8.0,7.11
Sabre Versatile,Versatil Saber,5,9,0.56,56%,11.0,6.11,55,1,11.0,6.11,5.5,3.06
Esprit omniprésent,Omnipresent Spirit,3,9,0.33,33%,18.0,6.0,54,2,9.0,3.0,6.0,2.0
Bâton de Conquête,Conquering Staff,2,9,0.22,22%,24.0,5.33,48,2,12.0,2.67,8.0,1.78
Masse de Siège,Siege Mace,3,9,0.33,33%,16.0,5.33,48,0,Gratuit,Gratuit,16.0,5.33
Amulette Omnisciente,Omnipresent Amulet,4,9,0.44,44%,11.0,4.89,44,0,Gratuit,Gratuit,11.0,4.89
Coup de Mort,Death Helper,4,9,0.44,44%,10.0,4.44,40,1,10.0,4.44,5.0,2.22
Assistance Divine,Sacred Help,2,9,0.22,22%,20.0,4.44,40,2,10.0,2.22,6.67,1.48
Désintégrateur Magnétique,Magnetic Disintegrator,3,9,0.33,33%,11.0,3.67,33,0,Gratuit,Gratuit,11.0,3.67
Force Divine,Divine Impetu,2,9,0.22,22%,11.0,2.44,22,0,Gratuit,Gratuit,11.0,2.44
Bâton du Conquérant,Staff of Conquered Worlds,2,9,0.22,22%,11.0,2.44,22,0,Gratuit,Gratuit,11.0,2.44
Le Marionnettiste,The Puppeteer,1,9,0.11,11%,20.0,2.22,20,2,10.0,1.11,6.67,0.74
Être de Lumière,Being of Light,1,9,0.11,11%,18.0,2.0,18,1,18.0,2.0,9.0,1.0
Soif de Sang,Thirsty Dagger,1,9,0.11,11%,15.0,1.67,15,0,Gratuit,Gratuit,15.0,1.67
Lame Affutée,Sharp Blade,3,9,0.33,33%,5.0,1.67,15,3,1.67,0.56,1.25,0.42
Armure d'Immortel,Immortal Breastplate,1,9,0.11,11%,14.0,1.56,14,1,14.0,1.56,7.0,0.78
Faux,Scythe,3,9,0.33,33%,1.33,0.44,4,3,0.44,0.15,0.33,0.11
