,Nom Anglais,nb games valide,total games,ratio,%,pts moy,pts moy total,total point,cout,pts par cout moy,pts par cout total
Esprit de l'Écuyer,Spirit of the Squire,1,1,1.0,100%,27.0,27.0,27,3,9.0,9.0
Vision Céleste,Heavenly Vision,1,1,1.0,100%,22.0,22.0,22,2,11.0,11.0
Assistance Divine,Sacred Help,1,1,1.0,100%,20.0,20.0,20,2,10.0,10.0
Armure d'Obsidienne,Obsidian Battle Plate,1,1,1.0,100%,20.0,20.0,20,2,10.0,10.0
Marteau Collecteur,Collecting Hammer,1,1,1.0,100%,18.0,18.0,18,2,9.0,9.0
Le Visionnaire,The Visionary,1,1,1.0,100%,18.0,18.0,18,2,9.0,9.0
Être de Lumière,Being of Light,1,1,1.0,100%,18.0,18.0,18,1,18.0,18.0
Esprit omniprésent,Omnipresent Spirit,1,1,1.0,100%,18.0,18.0,18,2,9.0,9.0
Masse de Siège,Siege Mace,1,1,1.0,100%,16.0,16.0,16,0,Gratuit,Gratuit
Le Traqueur,The Stalker,1,1,1.0,100%,16.0,16.0,16,3,5.33,5.33
Totem du Gardien,Guardian Totem,1,1,1.0,100%,13.0,13.0,13,3,4.33,4.33
Totem Équivalent,Equivalent Totem,1,1,1.0,100%,12.0,12.0,12,1,12.0,12.0
Aveuglement,Incapacitor,1,1,1.0,100%,12.0,12.0,12,3,4.0,4.0
Amulette Omnisciente,Omnipresent Amulet,1,1,1.0,100%,11.0,11.0,11,0,Gratuit,Gratuit
Désintégrateur Magnétique,Magnetic Disintegrator,1,1,1.0,100%,11.0,11.0,11,0,Gratuit,Gratuit
Bâton du Conquérant,Staff of Conquered Worlds,1,1,1.0,100%,11.0,11.0,11,0,Gratuit,Gratuit
Sabre Versatile,Versatil Saber,1,1,1.0,100%,11.0,11.0,11,1,11.0,11.0
Force Divine,Divine Impetu,1,1,1.0,100%,11.0,11.0,11,0,Gratuit,Gratuit
Coup de Mort,Death Helper,1,1,1.0,100%,10.0,10.0,10,1,10.0,10.0
Œil de Lynx,Hawk's Eye,1,1,1.0,100%,8.0,8.0,8,0,Gratuit,Gratuit
