,Nom Anglais,nb games valide,total games,ratio,%,pts moy,pts moy total,total point,cout,pts par cout moy,pts par cout total
Aveuglement,Incapacitor,12,12,1.0,100%,19.75,19.75,237,3,6.58,6.58
Totem du Gardien,Guardian Totem,12,12,1.0,100%,17.25,17.25,207,3,5.75,5.75
Le Traqueur,The Stalker,11,12,0.92,92%,18.0,16.5,198,3,6.0,5.5
Bâton de Conquête,Conquering Staff,7,12,0.58,58%,24.0,14.0,168,2,12.0,7.0
Vision Céleste,Heavenly Vision,6,12,0.5,50%,22.0,11.0,132,2,11.0,5.5
Esprit de l'Écuyer,Spirit of the Squire,12,12,1.0,100%,10.0,10.0,120,3,3.33,3.33
Le Marionnettiste,The Puppeteer,5,12,0.42,42%,20.0,8.33,100,2,10.0,4.17
Le Visionnaire,The Visionary,5,12,0.42,42%,18.0,7.5,90,2,9.0,3.75
Œil de Lynx,Hawk's Eye,11,12,0.92,92%,8.0,7.33,88,0,Gratuit,Gratuit
Armure d'Obsidienne,Obsidian Battle Plate,3,12,0.25,25%,20.0,5.0,60,2,10.0,2.5
Marteleur précis,Precise Hammer,3,12,0.25,25%,18.0,4.5,54,1,18.0,4.5
Bâton du Conquérant,Staff of Conquered Worlds,4,12,0.33,33%,11.0,3.67,44,0,Gratuit,Gratuit
Coup de Mort,Death Helper,4,12,0.33,33%,10.0,3.33,40,1,10.0,3.33
Esprit omniprésent,Omnipresent Spirit,2,12,0.17,17%,18.0,3.0,36,2,9.0,1.5
Amulette Omnisciente,Omnipresent Amulet,3,12,0.25,25%,11.0,2.75,33,0,Gratuit,Gratuit
Soif de Sang,Thirsty Dagger,2,12,0.17,17%,15.0,2.5,30,0,Gratuit,Gratuit
Faux,Scythe,11,12,0.92,92%,1.64,1.5,18,3,0.55,0.5
Lame Affutée,Sharp Blade,5,12,0.42,42%,3.0,1.25,15,3,1.0,0.42
Bâton Élémentaire,Earthly Staff,1,12,0.08,8%,15.0,1.25,15,0,Gratuit,Gratuit
Sabre Versatile,Versatil Saber,1,12,0.08,8%,11.0,0.92,11,1,11.0,0.92
Force Divine,Divine Impetu,1,12,0.08,8%,11.0,0.92,11,0,Gratuit,Gratuit
