,Nom Anglais,nb games valide,total games,ratio,%,pts moy,pts moy total,total point,cout,pts par cout moy,pts par cout total
Aveuglement,Incapacitor,18,18,1.0,100%,18.67,18.67,336,3,6.22,6.22
Totem du Gardien,Guardian Totem,18,18,1.0,100%,17.5,17.5,315,3,5.83,5.83
Le Traqueur,The Stalker,17,18,0.94,94%,18.0,17.0,306,3,6.0,5.67
Vision Céleste,Heavenly Vision,11,18,0.61,61%,22.0,13.44,242,2,11.0,6.72
Bâton de Conquête,Conquering Staff,9,18,0.5,50%,24.0,12.0,216,2,12.0,6.0
Esprit de l'Écuyer,Spirit of the Squire,18,18,1.0,100%,11.17,11.17,201,3,3.72,3.72
Le Visionnaire,The Visionary,9,18,0.5,50%,18.0,9.0,162,2,9.0,4.5
Armure d'Obsidienne,Obsidian Battle Plate,7,18,0.39,39%,20.0,7.78,140,2,10.0,3.89
Œil de Lynx,Hawk's Eye,17,18,0.94,94%,8.0,7.56,136,0,Gratuit,Gratuit
Le Marionnettiste,The Puppeteer,6,18,0.33,33%,20.0,6.67,120,2,10.0,3.33
Coup de Mort,Death Helper,8,18,0.44,44%,10.0,4.44,80,1,10.0,4.44
Amulette Omnisciente,Omnipresent Amulet,6,18,0.33,33%,11.0,3.67,66,0,Gratuit,Gratuit
Marteleur précis,Precise Hammer,3,18,0.17,17%,18.0,3.0,54,1,18.0,3.0
Esprit omniprésent,Omnipresent Spirit,3,18,0.17,17%,18.0,3.0,54,2,9.0,1.5
Soif de Sang,Thirsty Dagger,3,18,0.17,17%,15.0,2.5,45,0,Gratuit,Gratuit
Sabre Versatile,Versatil Saber,4,18,0.22,22%,11.0,2.44,44,1,11.0,2.44
Bâton du Conquérant,Staff of Conquered Worlds,4,18,0.22,22%,11.0,2.44,44,0,Gratuit,Gratuit
Instinct Sanguinaire,Bloody Instinct,2,18,0.11,11%,15.0,1.67,30,2,7.5,0.83
Lame Affutée,Sharp Blade,9,18,0.5,50%,3.33,1.67,30,3,1.11,0.56
Ascension Divine,Divine Ascent,1,18,0.06,6%,25.0,1.39,25,3,8.33,0.46
Faux,Scythe,15,18,0.83,83%,1.6,1.33,24,3,0.53,0.44
Force Divine,Divine Impetu,2,18,0.11,11%,11.0,1.22,22,0,Gratuit,Gratuit
Assistance Divine,Sacred Help,1,18,0.06,6%,20.0,1.11,20,2,10.0,0.56
Esquive Salvatrice,Evasive Protection,1,18,0.06,6%,15.0,0.83,15,0,Gratuit,Gratuit
Bâton Élémentaire,Earthly Staff,1,18,0.06,6%,15.0,0.83,15,0,Gratuit,Gratuit
Armure d'Immortel,Immortal Breastplate,1,18,0.06,6%,14.0,0.78,14,1,14.0,0.78
