,Nom Anglais,nb games valide,total games,ratio,%,pts moy,pts moy total,total point,cout,pts par cout moy,pts par cout total,pts par cout moy+1,pts par cout total+1
Vision Céleste,Heavenly Vision,4,5,0.8,80%,22.0,17.6,88,2,11.0,8.8,7.33,5.87
Armure d'Obsidienne,Obsidian Battle Plate,4,5,0.8,80%,20.0,16.0,80,2,10.0,8.0,6.67,5.33
Le Visionnaire,The Visionary,4,5,0.8,80%,18.0,14.4,72,2,9.0,7.2,6.0,4.8
Esprit de l'Écuyer,Spirit of the Squire,5,5,1.0,100%,13.8,13.8,69,3,4.6,4.6,3.45,3.45
Totem du Gardien,Guardian Totem,5,5,1.0,100%,13.0,13.0,65,3,4.33,4.33,3.25,3.25
Le Traqueur,The Stalker,4,5,0.8,80%,16.0,12.8,64,3,5.33,4.27,4.0,3.2
Aveuglement,Incapacitor,5,5,1.0,100%,11.4,11.4,57,3,3.8,3.8,2.85,2.85
Totem Équivalent,Equivalent Totem,5,5,1.0,100%,11.0,11.0,55,2,5.5,5.5,3.67,3.67
Sabre Versatile,Versatil Saber,4,5,0.8,80%,11.0,8.8,44,1,11.0,8.8,5.5,4.4
Œil de Lynx,Hawk's Eye,5,5,1.0,100%,8.0,8.0,40,0,Gratuit,Gratuit,8.0,8.0
Marteau Collecteur,Collecting Hammer,3,5,0.6,60%,12.0,7.2,36,2,6.0,3.6,4.0,2.4
Esprit omniprésent,Omnipresent Spirit,2,5,0.4,40%,18.0,7.2,36,2,9.0,3.6,6.0,2.4
Masse de Siège,Siege Mace,2,5,0.4,40%,16.0,6.4,32,0,Gratuit,Gratuit,16.0,6.4
Bâton de Conquête,Conquering Staff,1,5,0.2,20%,24.0,4.8,24,2,12.0,2.4,8.0,1.6
Désintégrateur Magnétique,Magnetic Disintegrator,2,5,0.4,40%,11.0,4.4,22,0,Gratuit,Gratuit,11.0,4.4
Bâton du Conquérant,Staff of Conquered Worlds,2,5,0.4,40%,11.0,4.4,22,0,Gratuit,Gratuit,11.0,4.4
Amulette Omnisciente,Omnipresent Amulet,2,5,0.4,40%,11.0,4.4,22,0,Gratuit,Gratuit,11.0,4.4
Coup de Mort,Death Helper,2,5,0.4,40%,10.0,4.0,20,1,10.0,4.0,5.0,2.0
Assistance Divine,Sacred Help,1,5,0.2,20%,20.0,4.0,20,2,10.0,2.0,6.67,1.33
Le Marionnettiste,The Puppeteer,1,5,0.2,20%,20.0,4.0,20,2,10.0,2.0,6.67,1.33
Être de Lumière,Being of Light,1,5,0.2,20%,18.0,3.6,18,1,18.0,3.6,9.0,1.8
Soif de Sang,Thirsty Dagger,1,5,0.2,20%,15.0,3.0,15,0,Gratuit,Gratuit,15.0,3.0
Force Divine,Divine Impetu,1,5,0.2,20%,11.0,2.2,11,0,Gratuit,Gratuit,11.0,2.2
Lame Affutée,Sharp Blade,1,5,0.2,20%,6.0,1.2,6,3,2.0,0.4,1.5,0.3
Faux,Scythe,2,5,0.4,40%,1.0,0.4,2,3,0.33,0.13,0.25,0.1
