,Nom Anglais,nb games valide,total games,ratio,%,pts moy,pts moy total,total point,cout,pts par cout moy,pts par cout total
Le Traqueur,The Stalker,3,3,1.0,100%,16.0,16.0,48,3,5.33,5.33
Esprit de l'Écuyer,Spirit of the Squire,3,3,1.0,100%,15.0,15.0,45,3,5.0,5.0
Vision Céleste,Heavenly Vision,2,3,0.67,67%,22.0,14.67,44,2,11.0,7.33
Armure d'Obsidienne,Obsidian Battle Plate,2,3,0.67,67%,20.0,13.33,40,2,10.0,6.67
Totem du Gardien,Guardian Totem,3,3,1.0,100%,12.67,12.67,38,3,4.22,4.22
Esprit omniprésent,Omnipresent Spirit,2,3,0.67,67%,18.0,12.0,36,2,9.0,6.0
Le Visionnaire,The Visionary,2,3,0.67,67%,18.0,12.0,36,2,9.0,6.0
Totem Équivalent,Equivalent Totem,3,3,1.0,100%,11.0,11.0,33,1,11.0,11.0
Aveuglement,Incapacitor,3,3,1.0,100%,11.0,11.0,33,3,3.67,3.67
Œil de Lynx,Hawk's Eye,3,3,1.0,100%,8.0,8.0,24,0,Gratuit,Gratuit
Sabre Versatile,Versatil Saber,2,3,0.67,67%,11.0,7.33,22,1,11.0,7.33
Assistance Divine,Sacred Help,1,3,0.33,33%,20.0,6.67,20,2,10.0,3.33
Marteau Collecteur,Collecting Hammer,1,3,0.33,33%,18.0,6.0,18,2,9.0,3.0
Être de Lumière,Being of Light,1,3,0.33,33%,18.0,6.0,18,1,18.0,6.0
Masse de Siège,Siege Mace,1,3,0.33,33%,16.0,5.33,16,0,Gratuit,Gratuit
Bâton du Conquérant,Staff of Conquered Worlds,1,3,0.33,33%,11.0,3.67,11,0,Gratuit,Gratuit
Désintégrateur Magnétique,Magnetic Disintegrator,1,3,0.33,33%,11.0,3.67,11,0,Gratuit,Gratuit
Amulette Omnisciente,Omnipresent Amulet,1,3,0.33,33%,11.0,3.67,11,0,Gratuit,Gratuit
Force Divine,Divine Impetu,1,3,0.33,33%,11.0,3.67,11,0,Gratuit,Gratuit
Coup de Mort,Death Helper,1,3,0.33,33%,10.0,3.33,10,1,10.0,3.33
Faux,Scythe,1,3,0.33,33%,1.0,0.33,1,3,0.33,0.11
