,Nom Anglais,nb games valide,total games,ratio,%,pts moy,pts moy total,total point,cout,pts par cout moy,pts par cout total
Aveuglement,Incapacitor,11,11,1.0,100%,19.36,19.36,213,3,6.45,6.45
Totem du Gardien,Guardian Totem,11,11,1.0,100%,17.45,17.45,192,3,5.82,5.82
Le Traqueur,The Stalker,10,11,0.91,91%,18.0,16.36,180,3,6.0,5.45
Bâton de Conquête,Conquering Staff,6,11,0.55,55%,24.0,13.09,144,2,12.0,6.54
Vision Céleste,Heavenly Vision,6,11,0.55,55%,22.0,12.0,132,2,11.0,6.0
Esprit de l'Écuyer,Spirit of the Squire,11,11,1.0,100%,10.36,10.36,114,3,3.45,3.45
Le Marionnettiste,The Puppeteer,5,11,0.45,45%,20.0,9.09,100,2,10.0,4.54
Le Visionnaire,The Visionary,5,11,0.45,45%,18.0,8.18,90,2,9.0,4.09
Œil de Lynx,Hawk's Eye,10,11,0.91,91%,8.0,7.27,80,0,Gratuit,Gratuit
Armure d'Obsidienne,Obsidian Battle Plate,3,11,0.27,27%,20.0,5.45,60,2,10.0,2.73
Marteleur précis,Precise Hammer,3,11,0.27,27%,18.0,4.91,54,1,18.0,4.91
Coup de Mort,Death Helper,4,11,0.36,36%,10.0,3.64,40,1,10.0,3.64
Esprit omniprésent,Omnipresent Spirit,2,11,0.18,18%,18.0,3.27,36,2,9.0,1.64
Bâton du Conquérant,Staff of Conquered Worlds,3,11,0.27,27%,11.0,3.0,33,0,Gratuit,Gratuit
Amulette Omnisciente,Omnipresent Amulet,3,11,0.27,27%,11.0,3.0,33,0,Gratuit,Gratuit
Soif de Sang,Thirsty Dagger,2,11,0.18,18%,15.0,2.73,30,0,Gratuit,Gratuit
Faux,Scythe,10,11,0.91,91%,1.6,1.45,16,3,0.53,0.48
Lame Affutée,Sharp Blade,5,11,0.45,45%,3.0,1.36,15,3,1.0,0.45
Bâton Élémentaire,Earthly Staff,1,11,0.09,9%,15.0,1.36,15,0,Gratuit,Gratuit
Sabre Versatile,Versatil Saber,1,11,0.09,9%,11.0,1.0,11,1,11.0,1.0
Force Divine,Divine Impetu,1,11,0.09,9%,11.0,1.0,11,0,Gratuit,Gratuit
