,Nom Anglais,nb games valide,total games,ratio,%,pts moy,pts moy total,total point,cout,pts par cout moy,pts par cout total,pts par cout moy+1,pts par cout total+1
Vision Céleste,Heavenly Vision,6,7,0.86,86%,22.0,18.86,132,2,11.0,9.43,7.33,6.29
Totem du Gardien,Guardian Totem,7,7,1.0,100%,13.57,13.57,95,3,4.52,4.52,3.39,3.39
Le Visionnaire,The Visionary,5,7,0.71,71%,18.0,12.86,90,2,9.0,6.43,6.0,4.29
Le Traqueur,The Stalker,5,7,0.71,71%,16.0,11.43,80,3,5.33,3.81,4.0,2.86
Armure d'Obsidienne,Obsidian Battle Plate,4,7,0.57,57%,20.0,11.43,80,2,10.0,5.71,6.67,3.81
Totem Équivalent,Equivalent Totem,7,7,1.0,100%,11.14,11.14,78,2,5.57,5.57,3.71,3.71
Aveuglement,Incapacitor,7,7,1.0,100%,11.14,11.14,78,3,3.71,3.71,2.79,2.79
Esprit de l'Écuyer,Spirit of the Squire,7,7,1.0,100%,10.71,10.71,75,3,3.57,3.57,2.68,2.68
Marteau Collecteur,Collecting Hammer,4,7,0.57,57%,18.0,10.29,72,2,9.0,5.14,6.0,3.43
Œil de Lynx,Hawk's Eye,7,7,1.0,100%,8.0,8.0,56,0,Gratuit,Gratuit,8.0,8.0
Bâton de Conquête,Conquering Staff,2,7,0.29,29%,24.0,6.86,48,2,12.0,3.43,8.0,2.29
Sabre Versatile,Versatil Saber,4,7,0.57,57%,11.0,6.29,44,1,11.0,6.29,5.5,3.15
Esprit omniprésent,Omnipresent Spirit,2,7,0.29,29%,18.0,5.14,36,2,9.0,2.57,6.0,1.71
Désintégrateur Magnétique,Magnetic Disintegrator,3,7,0.43,43%,11.0,4.71,33,0,Gratuit,Gratuit,11.0,4.71
Masse de Siège,Siege Mace,2,7,0.29,29%,16.0,4.57,32,0,Gratuit,Gratuit,16.0,4.57
Bâton du Conquérant,Staff of Conquered Worlds,2,7,0.29,29%,11.0,3.14,22,0,Gratuit,Gratuit,11.0,3.14
Amulette Omnisciente,Omnipresent Amulet,2,7,0.29,29%,11.0,3.14,22,0,Gratuit,Gratuit,11.0,3.14
Coup de Mort,Death Helper,2,7,0.29,29%,10.0,2.86,20,1,10.0,2.86,5.0,1.43
Assistance Divine,Sacred Help,1,7,0.14,14%,20.0,2.86,20,2,10.0,1.43,6.67,0.95
Le Marionnettiste,The Puppeteer,1,7,0.14,14%,20.0,2.86,20,2,10.0,1.43,6.67,0.95
Être de Lumière,Being of Light,1,7,0.14,14%,18.0,2.57,18,1,18.0,2.57,9.0,1.28
Soif de Sang,Thirsty Dagger,1,7,0.14,14%,15.0,2.14,15,0,Gratuit,Gratuit,15.0,2.14
Force Divine,Divine Impetu,1,7,0.14,14%,11.0,1.57,11,0,Gratuit,Gratuit,11.0,1.57
Lame Affutée,Sharp Blade,2,7,0.29,29%,4.5,1.29,9,3,1.5,0.43,1.12,0.32
Faux,Scythe,3,7,0.43,43%,1.33,0.57,4,3,0.44,0.19,0.33,0.14
