,Nom Anglais,nb games valide,total games,ratio,%,pts moy,pts moy total,total point,cout,pts par cout moy,pts par cout total,pts par cout moy+1,pts par cout total+1
Armure d'Obsidienne,Obsidian Battle Plate,1,1,1.0,100%,20.0,20.0,20,2,10.0,10.0,6.67,6.67
Assistance Divine,Sacred Help,1,1,1.0,100%,20.0,20.0,20,2,10.0,10.0,6.67,6.67
Le Traqueur,The Stalker,1,1,1.0,100%,20.0,20.0,20,3,6.67,6.67,5.0,5.0
Sabre Versatile,Versatil Saber,1,1,1.0,100%,18.0,18.0,18,1,18.0,18.0,9.0,9.0
Force Divine,Divine Impetu,1,1,1.0,100%,15.0,15.0,15,0,Gratuit,Gratuit,15.0,15.0
Amulette Omnisciente,Omnipresent Amulet,1,1,1.0,100%,15.0,15.0,15,0,Gratuit,Gratuit,15.0,15.0
Esprit de l'Écuyer,Spirit of the Squire,1,1,1.0,100%,15.0,15.0,15,3,5.0,5.0,3.75,3.75
Coup de Mort,Death Helper,1,1,1.0,100%,13.0,13.0,13,1,13.0,13.0,6.5,6.5
Totem Équivalent,Equivalent Totem,1,1,1.0,100%,13.0,13.0,13,3,4.33,4.33,3.25,3.25
Totem du Gardien,Guardian Totem,1,1,1.0,100%,12.0,12.0,12,3,4.0,4.0,3.0,3.0
Œil de Lynx,Hawk's Eye,1,1,1.0,100%,8.0,8.0,8,0,Gratuit,Gratuit,8.0,8.0
Marteau Collecteur,Collecting Hammer,1,1,1.0,100%,7.0,7.0,7,2,3.5,3.5,2.33,2.33
Aveuglement,Incapacitor,1,1,1.0,100%,6.0,6.0,6,3,2.0,2.0,1.5,1.5
Lame Affutée,Sharp Blade,1,1,1.0,100%,3.0,3.0,3,3,1.0,1.0,0.75,0.75
