,Nom Anglais,nb games valide,total games,ratio,%,pts moy,pts moy total,total point,cout,pts par cout moy,pts par cout total
Aveuglement,Incapacitor,8,8,1.0,100%,21.75,21.75,174,3,7.25,7.25
Le Traqueur,The Stalker,8,8,1.0,100%,18.0,18.0,144,3,6.0,6.0
Totem du Gardien,Guardian Totem,8,8,1.0,100%,17.75,17.75,142,3,5.92,5.92
Bâton de Conquête,Conquering Staff,5,8,0.62,62%,24.0,15.0,120,2,12.0,7.5
Vision Céleste,Heavenly Vision,5,8,0.62,62%,22.0,13.75,110,2,11.0,6.88
Esprit de l'Écuyer,Spirit of the Squire,8,8,1.0,100%,12.0,12.0,96,3,4.0,4.0
Le Marionnettiste,The Puppeteer,4,8,0.5,50%,20.0,10.0,80,2,10.0,5.0
Œil de Lynx,Hawk's Eye,8,8,1.0,100%,8.0,8.0,64,0,Gratuit,Gratuit
Armure d'Obsidienne,Obsidian Battle Plate,3,8,0.38,38%,20.0,7.5,60,2,10.0,3.75
Le Visionnaire,The Visionary,3,8,0.38,38%,18.0,6.75,54,2,9.0,3.38
Coup de Mort,Death Helper,4,8,0.5,50%,10.0,5.0,40,1,10.0,5.0
Esprit omniprésent,Omnipresent Spirit,2,8,0.25,25%,18.0,4.5,36,2,9.0,2.25
Marteleur précis,Precise Hammer,2,8,0.25,25%,18.0,4.5,36,1,18.0,4.5
Amulette Omnisciente,Omnipresent Amulet,3,8,0.38,38%,11.0,4.12,33,0,Gratuit,Gratuit
Bâton du Conquérant,Staff of Conquered Worlds,2,8,0.25,25%,11.0,2.75,22,0,Gratuit,Gratuit
Soif de Sang,Thirsty Dagger,1,8,0.12,12%,15.0,1.88,15,0,Gratuit,Gratuit
Bâton Élémentaire,Earthly Staff,1,8,0.12,12%,15.0,1.88,15,0,Gratuit,Gratuit
Faux,Scythe,7,8,0.88,88%,1.71,1.5,12,3,0.57,0.5
Lame Affutée,Sharp Blade,4,8,0.5,50%,3.0,1.5,12,3,1.0,0.5
Sabre Versatile,Versatil Saber,1,8,0.12,12%,11.0,1.38,11,1,11.0,1.38
Force Divine,Divine Impetu,1,8,0.12,12%,11.0,1.38,11,0,Gratuit,Gratuit
