,Nom Anglais,nb games valide,total games,ratio,%,pts moy,pts moy total,total point,cout,pts par cout moy,pts par cout total
Aveuglement,Incapacitor,9,9,1.0,100%,21.67,21.67,195,3,7.22,7.22
Le Traqueur,The Stalker,9,9,1.0,100%,18.0,18.0,162,3,6.0,6.0
Totem du Gardien,Guardian Totem,9,9,1.0,100%,17.44,17.44,157,3,5.81,5.81
Bâton de Conquête,Conquering Staff,6,9,0.67,67%,24.0,16.0,144,2,12.0,8.0
Vision Céleste,Heavenly Vision,6,9,0.67,67%,22.0,14.67,132,2,11.0,7.33
Esprit de l'Écuyer,Spirit of the Squire,9,9,1.0,100%,11.67,11.67,105,3,3.89,3.89
Le Marionnettiste,The Puppeteer,4,9,0.44,44%,20.0,8.89,80,2,10.0,4.45
Le Visionnaire,The Visionary,4,9,0.44,44%,18.0,8.0,72,2,9.0,4.0
Œil de Lynx,Hawk's Eye,9,9,1.0,100%,8.0,8.0,72,0,Gratuit,Gratuit
Armure d'Obsidienne,Obsidian Battle Plate,3,9,0.33,33%,20.0,6.67,60,2,10.0,3.33
Coup de Mort,Death Helper,4,9,0.44,44%,10.0,4.44,40,1,10.0,4.44
Esprit omniprésent,Omnipresent Spirit,2,9,0.22,22%,18.0,4.0,36,2,9.0,2.0
Marteleur précis,Precise Hammer,2,9,0.22,22%,18.0,4.0,36,1,18.0,4.0
Bâton du Conquérant,Staff of Conquered Worlds,3,9,0.33,33%,11.0,3.67,33,0,Gratuit,Gratuit
Amulette Omnisciente,Omnipresent Amulet,3,9,0.33,33%,11.0,3.67,33,0,Gratuit,Gratuit
Soif de Sang,Thirsty Dagger,1,9,0.11,11%,15.0,1.67,15,0,Gratuit,Gratuit
Bâton Élémentaire,Earthly Staff,1,9,0.11,11%,15.0,1.67,15,0,Gratuit,Gratuit
Faux,Scythe,8,9,0.89,89%,1.62,1.44,13,3,0.54,0.48
Lame Affutée,Sharp Blade,4,9,0.44,44%,3.0,1.33,12,3,1.0,0.44
Sabre Versatile,Versatil Saber,1,9,0.11,11%,11.0,1.22,11,1,11.0,1.22
Force Divine,Divine Impetu,1,9,0.11,11%,11.0,1.22,11,0,Gratuit,Gratuit
