,Nom Anglais,nb games valide,total games,ratio,%,pts moy,pts moy total,total point,cout,pts par cout moy,pts par cout total
Aveuglement,Incapacitor,7,7,1.0,100%,21.86,21.86,153,3,7.29,7.29
Le Traqueur,The Stalker,7,7,1.0,100%,18.0,18.0,126,3,6.0,6.0
Totem du Gardien,Guardian Totem,7,7,1.0,100%,17.0,17.0,119,3,5.67,5.67
Bâton de Conquête,Conquering Staff,4,7,0.57,57%,24.0,13.71,96,2,12.0,6.86
Vision Céleste,Heavenly Vision,4,7,0.57,57%,22.0,12.57,88,2,11.0,6.29
Esprit de l'Écuyer,Spirit of the Squire,7,7,1.0,100%,12.43,12.43,87,3,4.14,4.14
Le Marionnettiste,The Puppeteer,3,7,0.43,43%,20.0,8.57,60,2,10.0,4.29
Armure d'Obsidienne,Obsidian Battle Plate,3,7,0.43,43%,20.0,8.57,60,2,10.0,4.29
Œil de Lynx,Hawk's Eye,7,7,1.0,100%,8.0,8.0,56,0,Gratuit,Gratuit
Le Visionnaire,The Visionary,3,7,0.43,43%,18.0,7.71,54,2,9.0,3.85
Coup de Mort,Death Helper,4,7,0.57,57%,10.0,5.71,40,1,10.0,5.71
Esprit omniprésent,Omnipresent Spirit,2,7,0.29,29%,18.0,5.14,36,2,9.0,2.57
Marteleur précis,Precise Hammer,2,7,0.29,29%,18.0,5.14,36,1,18.0,5.14
Amulette Omnisciente,Omnipresent Amulet,3,7,0.43,43%,11.0,4.71,33,0,Gratuit,Gratuit
Bâton Élémentaire,Earthly Staff,1,7,0.14,14%,15.0,2.14,15,0,Gratuit,Gratuit
Soif de Sang,Thirsty Dagger,1,7,0.14,14%,15.0,2.14,15,0,Gratuit,Gratuit
Lame Affutée,Sharp Blade,4,7,0.57,57%,3.0,1.71,12,3,1.0,0.57
Sabre Versatile,Versatil Saber,1,7,0.14,14%,11.0,1.57,11,1,11.0,1.57
Force Divine,Divine Impetu,1,7,0.14,14%,11.0,1.57,11,0,Gratuit,Gratuit
Bâton du Conquérant,Staff of Conquered Worlds,1,7,0.14,14%,11.0,1.57,11,0,Gratuit,Gratuit
Faux,Scythe,6,7,0.86,86%,1.67,1.43,10,3,0.56,0.48
