,Nom Anglais,nb games valide,total games,ratio,%,pts moy,pts moy total,total point,cout,pts par cout moy,pts par cout total,pts par cout moy+1,pts par cout total+1
Totem du Gardien,Guardian Totem,4,4,1.0,100%,21.75,21.75,87,3,7.25,7.25,5.44,5.44
Le Visionnaire,The Visionary,4,4,1.0,100%,18.0,18.0,72,2,9.0,9.0,6.0,6.0
Le Traqueur,The Stalker,4,4,1.0,100%,16.0,16.0,64,3,5.33,5.33,4.0,4.0
Marteau Collecteur,Collecting Hammer,4,4,1.0,100%,15.0,15.0,60,2,7.5,7.5,5.0,5.0
Bâton de Conquête,Conquering Staff,2,4,0.5,50%,24.0,12.0,48,2,12.0,6.0,8.0,4.0
Aveuglement,Incapacitor,4,4,1.0,100%,11.25,11.25,45,3,3.75,3.75,2.81,2.81
Vision Céleste,Heavenly Vision,2,4,0.5,50%,22.0,11.0,44,2,11.0,5.5,7.33,3.67
Totem Équivalent,Equivalent Totem,4,4,1.0,100%,11.0,11.0,44,2,5.5,5.5,3.67,3.67
Esprit de l'Écuyer,Spirit of the Squire,3,4,0.75,75%,11.0,8.25,33,3,3.67,2.75,2.75,2.06
Œil de Lynx,Hawk's Eye,4,4,1.0,100%,8.0,8.0,32,0,Gratuit,Gratuit,8.0,8.0
Armure d'Obsidienne,Obsidian Battle Plate,1,4,0.25,25%,20.0,5.0,20,2,10.0,2.5,6.67,1.67
Le Marionnettiste,The Puppeteer,1,4,0.25,25%,20.0,5.0,20,2,10.0,2.5,6.67,1.67
Coup de Mort,Death Helper,2,4,0.5,50%,10.0,5.0,20,1,10.0,5.0,5.0,2.5
Assistance Divine,Sacred Help,1,4,0.25,25%,20.0,5.0,20,2,10.0,2.5,6.67,1.67
Être de Lumière,Being of Light,1,4,0.25,25%,18.0,4.5,18,1,18.0,4.5,9.0,2.25
Esprit omniprésent,Omnipresent Spirit,1,4,0.25,25%,18.0,4.5,18,2,9.0,2.25,6.0,1.5
Masse de Siège,Siege Mace,1,4,0.25,25%,16.0,4.0,16,0,Gratuit,Gratuit,16.0,4.0
Amulette Omnisciente,Omnipresent Amulet,1,4,0.25,25%,11.0,2.75,11,0,Gratuit,Gratuit,11.0,2.75
Lame Affutée,Sharp Blade,2,4,0.5,50%,3.0,1.5,6,3,1.0,0.5,0.75,0.38
Faux,Scythe,3,4,0.75,75%,1.33,1.0,4,3,0.44,0.33,0.33,0.25
