,Nom Anglais,nb games valide,total games,ratio,%,pts moy,pts moy total,total point,cout,pts par cout moy,pts par cout total
Totem du Gardien,Guardian Totem,7,7,1.0,100%,22.43,22.43,157,3,7.48,7.48
Aveuglement,Incapacitor,7,7,1.0,100%,18.86,18.86,132,3,6.29,6.29
Le Traqueur,The Stalker,7,7,1.0,100%,18.0,18.0,126,3,6.0,6.0
Vision Céleste,Heavenly Vision,5,7,0.71,71%,22.0,15.71,110,2,11.0,7.86
Le Visionnaire,The Visionary,5,7,0.71,71%,18.0,12.86,90,2,9.0,6.43
Esprit de l'Écuyer,Spirit of the Squire,7,7,1.0,100%,9.0,9.0,63,3,3.0,3.0
Œil de Lynx,Hawk's Eye,7,7,1.0,100%,8.0,8.0,56,0,Gratuit,Gratuit
Bâton de Conquête,Conquering Staff,2,7,0.29,29%,24.0,6.86,48,2,12.0,3.43
Lame Affutée,Sharp Blade,6,7,0.86,86%,8.0,6.86,48,3,2.67,2.29
Le Marionnettiste,The Puppeteer,2,7,0.29,29%,20.0,5.71,40,2,10.0,2.85
Armure d'Obsidienne,Obsidian Battle Plate,2,7,0.29,29%,20.0,5.71,40,2,10.0,2.85
Instinct Sanguinaire,Bloody Instinct,2,7,0.29,29%,15.0,4.29,30,2,7.5,2.15
Coup de Mort,Death Helper,3,7,0.43,43%,10.0,4.29,30,1,10.0,4.29
Triple Météore,Trimeteor,1,7,0.14,14%,30.0,4.29,30,0,Gratuit,Gratuit
Épée Obscure,Swords of Darkness,2,7,0.29,29%,15.0,4.29,30,1,15.0,4.29
Amulette Omnisciente,Omnipresent Amulet,2,7,0.29,29%,11.0,3.14,22,0,Gratuit,Gratuit
Lance Triplée,Triple Spear,1,7,0.14,14%,20.0,2.86,20,0,Gratuit,Gratuit
Assistance Divine,Sacred Help,1,7,0.14,14%,20.0,2.86,20,2,10.0,1.43
Épées Jumelles,Twin Swords,2,7,0.29,29%,10.0,2.86,20,1,10.0,2.86
Esprit omniprésent,Omnipresent Spirit,1,7,0.14,14%,18.0,2.57,18,2,9.0,1.28
Enchaînement Éclair,Unstoppable Lightning,1,7,0.14,14%,18.0,2.57,18,1,18.0,2.57
Lance Doublée,Dual Spear,2,7,0.29,29%,8.0,2.29,16,0,Gratuit,Gratuit
Elan de Fureur,Rampage Momentum,1,7,0.14,14%,15.0,2.14,15,2,7.5,1.07
Soif de Sang,Thirsty Dagger,1,7,0.14,14%,15.0,2.14,15,0,Gratuit,Gratuit
Le Croque-mort,The Undertaker,1,7,0.14,14%,14.0,2.0,14,1,14.0,2.0
Sabre Versatile,Versatil Saber,1,7,0.14,14%,11.0,1.57,11,1,11.0,1.57
Bâton du Conquérant,Staff of Conquered Worlds,1,7,0.14,14%,11.0,1.57,11,0,Gratuit,Gratuit
Épé Sainte,Holy Sword,1,7,0.14,14%,10.0,1.43,10,0,Gratuit,Gratuit
Danse Macabre,Dance of Death,1,7,0.14,14%,8.0,1.14,8,1,8.0,1.14
Faux,Scythe,5,7,0.71,71%,1.4,1.0,7,3,0.47,0.33
