,Nom Anglais,nb games valide,total games,ratio,%,pts moy,pts moy total,total point,cout,pts par cout moy,pts par cout total
Totem du Gardien,Guardian Totem,2,2,1.0,100%,28.0,28.0,56,3,9.33,9.33
Vision Céleste,Heavenly Vision,2,2,1.0,100%,22.0,22.0,44,2,11.0,11.0
Le Visionnaire,The Visionary,2,2,1.0,100%,18.0,18.0,36,2,9.0,9.0
Le Traqueur,The Stalker,2,2,1.0,100%,16.0,16.0,32,3,5.33,5.33
Aveuglement,Incapacitor,2,2,1.0,100%,13.5,13.5,27,3,4.5,4.5
Marteau Collecteur,Collecting Hammer,2,2,1.0,100%,12.0,12.0,24,2,6.0,6.0
Bâton de Conquête,Conquering Staff,1,2,0.5,50%,24.0,12.0,24,2,12.0,6.0
Totem Équivalent,Equivalent Totem,2,2,1.0,100%,12.0,12.0,24,1,12.0,12.0
Armure d'Obsidienne,Obsidian Battle Plate,1,2,0.5,50%,20.0,10.0,20,2,10.0,5.0
Le Marionnettiste,The Puppeteer,1,2,0.5,50%,20.0,10.0,20,2,10.0,5.0
Esprit de l'Écuyer,Spirit of the Squire,2,2,1.0,100%,9.0,9.0,18,3,3.0,3.0
Œil de Lynx,Hawk's Eye,2,2,1.0,100%,8.0,8.0,16,0,Gratuit,Gratuit
Coup de Mort,Death Helper,1,2,0.5,50%,10.0,5.0,10,1,10.0,5.0
Lame Affutée,Sharp Blade,1,2,0.5,50%,3.0,1.5,3,3,1.0,0.5
Faux,Scythe,2,2,1.0,100%,1.5,1.5,3,3,0.5,0.5
