,Nom Anglais,nb games valide,total games,ratio,%,pts moy,pts moy total,total point,cout,pts par cout moy,pts par cout total
Totem du Gardien,Guardian Totem,13,13,1.0,100%,23.08,23.08,300,3,7.69,7.69
Le Traqueur,The Stalker,13,13,1.0,100%,18.0,18.0,234,3,6.0,6.0
Aveuglement,Incapacitor,13,13,1.0,100%,17.54,17.54,228,3,5.85,5.85
Le Visionnaire,The Visionary,11,13,0.85,85%,18.0,15.23,198,2,9.0,7.62
Vision Céleste,Heavenly Vision,8,13,0.62,62%,22.0,13.54,176,2,11.0,6.77
Esprit de l'Écuyer,Spirit of the Squire,13,13,1.0,100%,10.38,10.38,135,3,3.46,3.46
Œil de Lynx,Hawk's Eye,13,13,1.0,100%,8.0,8.0,104,0,Gratuit,Gratuit
Armure d'Obsidienne,Obsidian Battle Plate,5,13,0.38,38%,20.0,7.69,100,2,10.0,3.85
Bâton de Conquête,Conquering Staff,4,13,0.31,31%,24.0,7.38,96,2,12.0,3.69
Le Marionnettiste,The Puppeteer,4,13,0.31,31%,20.0,6.15,80,2,10.0,3.08
Coup de Mort,Death Helper,7,13,0.54,54%,10.0,5.38,70,1,10.0,5.38
Lame Affutée,Sharp Blade,7,13,0.54,54%,7.29,3.92,51,3,2.43,1.31
Amulette Omnisciente,Omnipresent Amulet,4,13,0.31,31%,11.0,3.38,44,0,Gratuit,Gratuit
Assistance Divine,Sacred Help,2,13,0.15,15%,20.0,3.08,40,2,10.0,1.54
Esprit omniprésent,Omnipresent Spirit,2,13,0.15,15%,18.0,2.77,36,2,9.0,1.39
Instinct Sanguinaire,Bloody Instinct,2,13,0.15,15%,15.0,2.31,30,2,7.5,1.16
Triple Météore,Trimeteor,1,13,0.08,8%,30.0,2.31,30,0,Gratuit,Gratuit
Épée Obscure,Swords of Darkness,2,13,0.15,15%,15.0,2.31,30,1,15.0,2.31
Bâton du Conquérant,Staff of Conquered Worlds,2,13,0.15,15%,11.0,1.69,22,0,Gratuit,Gratuit
Épées Jumelles,Twin Swords,2,13,0.15,15%,10.0,1.54,20,1,10.0,1.54
Lance Triplée,Triple Spear,1,13,0.08,8%,20.0,1.54,20,0,Gratuit,Gratuit
Enchaînement Éclair,Unstoppable Lightning,1,13,0.08,8%,18.0,1.38,18,1,18.0,1.38
Lance Doublée,Dual Spear,2,13,0.15,15%,8.0,1.23,16,0,Gratuit,Gratuit
Soif de Sang,Thirsty Dagger,1,13,0.08,8%,15.0,1.15,15,0,Gratuit,Gratuit
Elan de Fureur,Rampage Momentum,1,13,0.08,8%,15.0,1.15,15,2,7.5,0.57
Faux,Scythe,11,13,0.85,85%,1.36,1.15,15,3,0.45,0.38
Le Croque-mort,The Undertaker,1,13,0.08,8%,14.0,1.08,14,1,14.0,1.08
Sabre Versatile,Versatil Saber,1,13,0.08,8%,11.0,0.85,11,1,11.0,0.85
Épé Sainte,Holy Sword,1,13,0.08,8%,10.0,0.77,10,0,Gratuit,Gratuit
Danse Macabre,Dance of Death,1,13,0.08,8%,8.0,0.62,8,1,8.0,0.62
