,Nom Anglais,nb games valide,total games,ratio,%,pts moy,pts moy total,total point,cout,pts par cout moy,pts par cout total,pts par cout moy+1,pts par cout total+1
Vision Céleste,Heavenly Vision,1,1,1.0,100%,22.0,22.0,22,2,11.0,11.0,7.33,7.33
Marteau Collecteur,Collecting Hammer,1,1,1.0,100%,21.0,21.0,21,2,10.5,10.5,7.0,7.0
Armure d'Obsidienne,Obsidian Battle Plate,1,1,1.0,100%,20.0,20.0,20,2,10.0,10.0,6.67,6.67
Le Traqueur,The Stalker,1,1,1.0,100%,20.0,20.0,20,3,6.67,6.67,5.0,5.0
Le Marionnettiste,The Puppeteer,1,1,1.0,100%,20.0,20.0,20,2,10.0,10.0,6.67,6.67
Le Visionnaire,The Visionary,1,1,1.0,100%,18.0,18.0,18,2,9.0,9.0,6.0,6.0
Totem du Gardien,Guardian Totem,1,1,1.0,100%,17.0,17.0,17,3,5.67,5.67,4.25,4.25
Amulette Omnisciente,Omnipresent Amulet,1,1,1.0,100%,15.0,15.0,15,0,Gratuit,Gratuit,15.0,15.0
Totem Équivalent,Equivalent Totem,1,1,1.0,100%,11.0,11.0,11,2,5.5,5.5,3.67,3.67
Sabre Versatile,Versatil Saber,1,1,1.0,100%,11.0,11.0,11,1,11.0,11.0,5.5,5.5
Œil de Lynx,Hawk's Eye,1,1,1.0,100%,10.0,10.0,10,0,Gratuit,Gratuit,10.0,10.0
Aveuglement,Incapacitor,1,1,1.0,100%,9.0,9.0,9,3,3.0,3.0,2.25,2.25
Esprit de l'Écuyer,Spirit of the Squire,1,1,1.0,100%,6.0,6.0,6,3,2.0,2.0,1.5,1.5
Lame Affutée,Sharp Blade,1,1,1.0,100%,3.0,3.0,3,3,1.0,1.0,0.75,0.75
Faux,Scythe,1,1,1.0,100%,2.0,2.0,2,3,0.67,0.67,0.5,0.5
