,Nom Anglais,nb games valide,total games,ratio,%,pts moy,pts moy total,total point,cout,pts par cout moy,pts par cout total
Esprit de l'Écuyer,Spirit of the Squire,2,2,1.0,100%,21.0,21.0,42,3,7.0,7.0
Armure d'Obsidienne,Obsidian Battle Plate,2,2,1.0,100%,20.0,20.0,40,2,10.0,10.0
Le Traqueur,The Stalker,2,2,1.0,100%,16.0,16.0,32,3,5.33,5.33
Totem du Gardien,Guardian Totem,2,2,1.0,100%,15.5,15.5,31,3,5.17,5.17
Armure d'Immortel,Immortal Breastplate,2,2,1.0,100%,14.0,14.0,28,1,14.0,14.0
Totem Équivalent,Equivalent Totem,2,2,1.0,100%,13.0,13.0,26,1,13.0,13.0
Bâton de Conquête,Conquering Staff,1,2,0.5,50%,24.0,12.0,24,2,12.0,6.0
Aveuglement,Incapacitor,2,2,1.0,100%,12.0,12.0,24,3,4.0,4.0
Vision Céleste,Heavenly Vision,1,2,0.5,50%,22.0,11.0,22,2,11.0,5.5
Sabre Versatile,Versatil Saber,2,2,1.0,100%,11.0,11.0,22,1,11.0,11.0
Coup de Mort,Death Helper,2,2,1.0,100%,10.0,10.0,20,1,10.0,10.0
Œil de Lynx,Hawk's Eye,2,2,1.0,100%,8.0,8.0,16,0,Gratuit,Gratuit
Amulette Omnisciente,Omnipresent Amulet,1,2,0.5,50%,11.0,5.5,11,0,Gratuit,Gratuit
Lame Affutée,Sharp Blade,1,2,0.5,50%,3.0,1.5,3,3,1.0,0.5
Faux,Scythe,2,2,1.0,100%,1.5,1.5,3,3,0.5,0.5
