,Nom Anglais,nb games valide,total games,ratio,%,pts moy,pts moy total,total point,cout,pts par cout moy,pts par cout total
Armure d'Obsidienne,Obsidian Battle Plate,8,10,0.8,80%,20.0,16.0,160,2,10.0,8.0
Vision Céleste,Heavenly Vision,7,10,0.7,70%,22.0,15.4,154,2,11.0,7.7
Totem du Gardien,Guardian Totem,10,10,1.0,100%,14.6,14.6,146,3,4.87,4.87
Le Traqueur,The Stalker,8,10,0.8,80%,18.0,14.4,144,3,6.0,4.8
Esprit de l'Écuyer,Spirit of the Squire,8,10,0.8,80%,17.25,13.8,138,3,5.75,4.6
Aveuglement,Incapacitor,10,10,1.0,100%,11.4,11.4,114,3,3.8,3.8
Coup de Mort,Death Helper,8,10,0.8,80%,10.0,8.0,80,1,10.0,8.0
Sabre Versatile,Versatil Saber,7,10,0.7,70%,11.0,7.7,77,1,11.0,7.7
Le Visionnaire,The Visionary,4,10,0.4,40%,18.0,7.2,72,2,9.0,3.6
Œil de Lynx,Hawk's Eye,9,10,0.9,90%,8.0,7.2,72,0,Gratuit,Gratuit
Armure d'Immortel,Immortal Breastplate,5,10,0.5,50%,14.0,7.0,70,1,14.0,7.0
Amulette Omnisciente,Omnipresent Amulet,6,10,0.6,60%,11.0,6.6,66,0,Gratuit,Gratuit
Force Divine,Divine Impetu,6,10,0.6,60%,11.0,6.6,66,0,Gratuit,Gratuit
Instinct Sanguinaire,Bloody Instinct,3,10,0.3,30%,15.0,4.5,45,2,7.5,2.25
Esquive Salvatrice,Evasive Protection,3,10,0.3,30%,15.0,4.5,45,0,Gratuit,Gratuit
Le Marionnettiste,The Puppeteer,2,10,0.2,20%,20.0,4.0,40,2,10.0,2.0
Assistance Divine,Sacred Help,2,10,0.2,20%,20.0,4.0,40,2,10.0,2.0
Esprit omniprésent,Omnipresent Spirit,2,10,0.2,20%,18.0,3.6,36,2,9.0,1.8
Être de Lumière,Being of Light,2,10,0.2,20%,18.0,3.6,36,1,18.0,3.6
Marteleur précis,Precise Hammer,1,10,0.1,10%,18.0,1.8,18,1,18.0,1.8
Masse de Siège,Siege Mace,1,10,0.1,10%,16.0,1.6,16,0,Gratuit,Gratuit
Lame Affutée,Sharp Blade,4,10,0.4,40%,3.75,1.5,15,3,1.25,0.5
Désintégrateur Magnétique,Magnetic Disintegrator,1,10,0.1,10%,11.0,1.1,11,0,Gratuit,Gratuit
Bâton du Conquérant,Staff of Conquered Worlds,1,10,0.1,10%,11.0,1.1,11,0,Gratuit,Gratuit
Faux,Scythe,7,10,0.7,70%,1.14,0.8,8,3,0.38,0.27
