,Nom Anglais,nb games valide,total games,ratio,%,pts moy,pts moy total,total point,cout,pts par cout moy,pts par cout total
Esprit de l'Écuyer,Spirit of the Squire,3,3,1.0,100%,21.0,21.0,63,3,7.0,7.0
Armure d'Obsidienne,Obsidian Battle Plate,3,3,1.0,100%,20.0,20.0,60,2,10.0,10.0
Armure d'Immortel,Immortal Breastplate,3,3,1.0,100%,14.0,14.0,42,1,14.0,14.0
Totem du Gardien,Guardian Totem,3,3,1.0,100%,13.0,13.0,39,3,4.33,4.33
Totem Équivalent,Equivalent Totem,3,3,1.0,100%,12.67,12.67,38,1,12.67,12.67
Aveuglement,Incapacitor,3,3,1.0,100%,12.0,12.0,36,3,4.0,4.0
Sabre Versatile,Versatil Saber,3,3,1.0,100%,11.0,11.0,33,1,11.0,11.0
Le Traqueur,The Stalker,2,3,0.67,67%,16.0,10.67,32,3,5.33,3.56
Coup de Mort,Death Helper,3,3,1.0,100%,10.0,10.0,30,1,10.0,10.0
Bâton de Conquête,Conquering Staff,1,3,0.33,33%,24.0,8.0,24,2,12.0,4.0
Œil de Lynx,Hawk's Eye,3,3,1.0,100%,8.0,8.0,24,0,Gratuit,Gratuit
Amulette Omnisciente,Omnipresent Amulet,2,3,0.67,67%,11.0,7.33,22,0,Gratuit,Gratuit
Vision Céleste,Heavenly Vision,1,3,0.33,33%,22.0,7.33,22,2,11.0,3.67
Bâton du Conquérant,Staff of Conquered Worlds,1,3,0.33,33%,11.0,3.67,11,0,Gratuit,Gratuit
Force Divine,Divine Impetu,1,3,0.33,33%,11.0,3.67,11,0,Gratuit,Gratuit
Marteau Collecteur,Collecting Hammer,1,3,0.33,33%,6.0,2.0,6,2,3.0,1.0
Lame Affutée,Sharp Blade,1,3,0.33,33%,3.0,1.0,3,3,1.0,0.33
Faux,Scythe,2,3,0.67,67%,1.5,1.0,3,3,0.5,0.33
