,Nom Anglais,nb games valide,total games,ratio,%,pts moy,pts moy total,total point,cout,pts par cout moy,pts par cout total,pts par cout moy+1,pts par cout total+1
Esprit de l'Écuyer,Spirit of the Squire,7,7,1.0,100%,15.43,15.43,108,3,5.14,5.14,3.86,3.86
Totem du Gardien,Guardian Totem,7,7,1.0,100%,14.86,14.86,104,3,4.95,4.95,3.71,3.71
Armure d'Obsidienne,Obsidian Battle Plate,5,7,0.71,71%,20.0,14.29,100,2,10.0,7.14,6.67,4.76
Le Traqueur,The Stalker,6,7,0.86,86%,16.0,13.71,96,3,5.33,4.57,4.0,3.43
Totem Équivalent,Equivalent Totem,7,7,1.0,100%,12.71,12.71,89,2,6.36,6.36,4.24,4.24
Aveuglement,Incapacitor,5,7,0.71,71%,13.2,9.43,66,3,4.4,3.14,3.3,2.36
Vision Céleste,Heavenly Vision,3,7,0.43,43%,22.0,9.43,66,2,11.0,4.71,7.33,3.14
Œil de Lynx,Hawk's Eye,7,7,1.0,100%,8.0,8.0,56,0,Gratuit,Gratuit,8.0,8.0
Coup de Mort,Death Helper,5,7,0.71,71%,10.0,7.14,50,1,10.0,7.14,5.0,3.57
Bâton de Conquête,Conquering Staff,2,7,0.29,29%,24.0,6.86,48,2,12.0,3.43,8.0,2.29
Amulette Omnisciente,Omnipresent Amulet,4,7,0.57,57%,11.0,6.29,44,0,Gratuit,Gratuit,11.0,6.29
Sabre Versatile,Versatil Saber,4,7,0.57,57%,11.0,6.29,44,1,11.0,6.29,5.5,3.15
Armure d'Immortel,Immortal Breastplate,3,7,0.43,43%,14.0,6.0,42,1,14.0,6.0,7.0,3.0
Assistance Divine,Sacred Help,2,7,0.29,29%,20.0,5.71,40,2,10.0,2.85,6.67,1.9
Marteau Collecteur,Collecting Hammer,3,7,0.43,43%,12.0,5.14,36,2,6.0,2.57,4.0,1.71
Être de Lumière,Being of Light,2,7,0.29,29%,18.0,5.14,36,1,18.0,5.14,9.0,2.57
Bâton du Conquérant,Staff of Conquered Worlds,2,7,0.29,29%,11.0,3.14,22,0,Gratuit,Gratuit,11.0,3.14
Marteleur précis,Precise Hammer,1,7,0.14,14%,18.0,2.57,18,1,18.0,2.57,9.0,1.28
Le Visionnaire,The Visionary,1,7,0.14,14%,18.0,2.57,18,2,9.0,1.28,6.0,0.86
Force Divine,Divine Impetu,1,7,0.14,14%,11.0,1.57,11,0,Gratuit,Gratuit,11.0,1.57
Lame Affutée,Sharp Blade,2,7,0.29,29%,3.0,0.86,6,3,1.0,0.29,0.75,0.21
Faux,Scythe,4,7,0.57,57%,1.25,0.71,5,3,0.42,0.24,0.31,0.18
