,Nom Anglais,nb games valide,total games,ratio,%,pts moy,pts moy total,total point,cout,pts par cout moy,pts par cout total
Totem du Gardien,Guardian Totem,17,17,1.0,100%,16.88,16.88,287,3,5.63,5.63
Aveuglement,Incapacitor,17,17,1.0,100%,16.41,16.41,279,3,5.47,5.47
Le Traqueur,The Stalker,15,17,0.88,88%,18.0,15.88,270,3,6.0,5.29
Armure d'Obsidienne,Obsidian Battle Plate,12,17,0.71,71%,20.0,14.12,240,2,10.0,7.06
Esprit de l'Écuyer,Spirit of the Squire,15,17,0.88,88%,15.8,13.94,237,3,5.27,4.65
Vision Céleste,Heavenly Vision,10,17,0.59,59%,22.0,12.94,220,2,11.0,6.47
Coup de Mort,Death Helper,13,17,0.76,76%,10.0,7.65,130,1,10.0,7.65
Œil de Lynx,Hawk's Eye,16,17,0.94,94%,8.0,7.53,128,0,Gratuit,Gratuit
Le Visionnaire,The Visionary,7,17,0.41,41%,18.0,7.41,126,2,9.0,3.71
Sabre Versatile,Versatil Saber,10,17,0.59,59%,11.0,6.47,110,1,11.0,6.47
Amulette Omnisciente,Omnipresent Amulet,9,17,0.53,53%,11.0,5.82,99,0,Gratuit,Gratuit
Armure d'Immortel,Immortal Breastplate,7,17,0.41,41%,14.0,5.76,98,1,14.0,5.76
Force Divine,Divine Impetu,8,17,0.47,47%,11.0,5.18,88,0,Gratuit,Gratuit
Instinct Sanguinaire,Bloody Instinct,5,17,0.29,29%,15.0,4.41,75,2,7.5,2.21
Esprit omniprésent,Omnipresent Spirit,4,17,0.24,24%,18.0,4.24,72,2,9.0,2.12
Bâton de Conquête,Conquering Staff,3,17,0.18,18%,24.0,4.24,72,2,12.0,2.12
Esquive Salvatrice,Evasive Protection,3,17,0.18,18%,15.0,2.65,45,0,Gratuit,Gratuit
Le Marionnettiste,The Puppeteer,2,17,0.12,12%,20.0,2.35,40,2,10.0,1.18
Assistance Divine,Sacred Help,2,17,0.12,12%,20.0,2.35,40,2,10.0,1.18
Lame Affutée,Sharp Blade,9,17,0.53,53%,4.33,2.29,39,3,1.44,0.76
Être de Lumière,Being of Light,2,17,0.12,12%,18.0,2.12,36,1,18.0,2.12
Bâton du Conquérant,Staff of Conquered Worlds,2,17,0.12,12%,11.0,1.29,22,0,Gratuit,Gratuit
Désintégrateur Magnétique,Magnetic Disintegrator,2,17,0.12,12%,11.0,1.29,22,0,Gratuit,Gratuit
Faux,Scythe,13,17,0.76,76%,1.46,1.12,19,3,0.49,0.37
Marteleur précis,Precise Hammer,1,17,0.06,6%,18.0,1.06,18,1,18.0,1.06
Masse de Siège,Siege Mace,1,17,0.06,6%,16.0,0.94,16,0,Gratuit,Gratuit
Épée Obscure,Swords of Darkness,1,17,0.06,6%,15.0,0.88,15,1,15.0,0.88
Destruction Royale,Royal Destroyer,1,17,0.06,6%,11.0,0.65,11,0,Gratuit,Gratuit
Épées Jumelles,Twin Swords,1,17,0.06,6%,10.0,0.59,10,1,10.0,0.59
