,Nom Anglais,nb games valide,total games,ratio,%,pts moy,pts moy total,total point,cout,pts par cout moy,pts par cout total,pts par cout moy+1,pts par cout total+1
Le Traqueur,The Stalker,2,2,1.0,100%,20.0,20.0,40,3,6.67,6.67,5.0,5.0
Totem du Gardien,Guardian Totem,2,2,1.0,100%,16.5,16.5,33,3,5.5,5.5,4.12,4.12
Esprit de l'Écuyer,Spirit of the Squire,2,2,1.0,100%,15.0,15.0,30,3,5.0,5.0,3.75,3.75
Bâton de Conquête,Conquering Staff,1,2,0.5,50%,24.0,12.0,24,2,12.0,6.0,8.0,4.0
Totem Équivalent,Equivalent Totem,2,2,1.0,100%,12.0,12.0,24,2,6.0,6.0,4.0,4.0
Aveuglement,Incapacitor,2,2,1.0,100%,12.0,12.0,24,3,4.0,4.0,3.0,3.0
Vision Céleste,Heavenly Vision,1,2,0.5,50%,22.0,11.0,22,2,11.0,5.5,7.33,3.67
Marteau Collecteur,Collecting Hammer,1,2,0.5,50%,21.0,10.5,21,2,10.5,5.25,7.0,3.5
Armure d'Obsidienne,Obsidian Battle Plate,1,2,0.5,50%,20.0,10.0,20,2,10.0,5.0,6.67,3.33
Œil de Lynx,Hawk's Eye,2,2,1.0,100%,10.0,10.0,20,0,Gratuit,Gratuit,10.0,10.0
Le Visionnaire,The Visionary,1,2,0.5,50%,18.0,9.0,18,2,9.0,4.5,6.0,3.0
Marteleur précis,Precise Hammer,1,2,0.5,50%,18.0,9.0,18,1,18.0,9.0,9.0,4.5
Coup de Mort,Death Helper,1,2,0.5,50%,13.0,6.5,13,1,13.0,6.5,6.5,3.25
Sabre Versatile,Versatil Saber,1,2,0.5,50%,11.0,5.5,11,1,11.0,5.5,5.5,2.75
Faux,Scythe,2,2,1.0,100%,1.0,1.0,2,3,0.33,0.33,0.25,0.25
