,Nom Anglais,nb games valide,total games,ratio,%,pts moy,pts moy total,total point,cout,pts par cout moy,pts par cout total
Totem du Gardien,Guardian Totem,3,3,1.0,100%,20.0,20.0,60,3,6.67,6.67
Bâton de Conquête,Conquering Staff,2,3,0.67,67%,24.0,16.0,48,2,12.0,8.0
Le Traqueur,The Stalker,3,3,1.0,100%,16.0,16.0,48,3,5.33,5.33
Totem Équivalent,Equivalent Totem,3,3,1.0,100%,14.33,14.33,43,2,7.17,7.17
Esprit de l'Écuyer,Spirit of the Squire,3,3,1.0,100%,14.0,14.0,42,3,4.67,4.67
Armure d'Obsidienne,Obsidian Battle Plate,2,3,0.67,67%,20.0,13.33,40,2,10.0,6.67
Aveuglement,Incapacitor,3,3,1.0,100%,12.0,12.0,36,3,4.0,4.0
Marteau Collecteur,Collecting Hammer,2,3,0.67,67%,15.0,10.0,30,2,7.5,5.0
Œil de Lynx,Hawk's Eye,3,3,1.0,100%,8.0,8.0,24,0,Gratuit,Gratuit
Vision Céleste,Heavenly Vision,1,3,0.33,33%,22.0,7.33,22,2,11.0,3.67
Coup de Mort,Death Helper,2,3,0.67,67%,10.0,6.67,20,1,10.0,6.67
Le Visionnaire,The Visionary,1,3,0.33,33%,18.0,6.0,18,2,9.0,3.0
Marteleur précis,Precise Hammer,1,3,0.33,33%,18.0,6.0,18,1,18.0,6.0
Armure d'Immortel,Immortal Breastplate,1,3,0.33,33%,14.0,4.67,14,1,14.0,4.67
Hache Frénétique,Berseker Ax,1,3,0.33,33%,14.0,4.67,14,2,7.0,2.33
Force Divine,Divine Impetu,1,3,0.33,33%,11.0,3.67,11,0,Gratuit,Gratuit
Sabre Versatile,Versatil Saber,1,3,0.33,33%,11.0,3.67,11,1,11.0,3.67
Amulette Omnisciente,Omnipresent Amulet,1,3,0.33,33%,11.0,3.67,11,0,Gratuit,Gratuit
Lame Affutée,Sharp Blade,3,3,1.0,100%,3.0,3.0,9,3,1.0,1.0
Faux,Scythe,3,3,1.0,100%,1.67,1.67,5,3,0.56,0.56
