,Nom Anglais,nb games valide,total games,ratio,%,pts moy,pts moy total,total point,cout,pts par cout moy,pts par cout total,pts par cout moy+1,pts par cout total+1
Totem du Gardien,Guardian Totem,9,9,1.0,100%,19.22,19.22,173,3,6.41,6.41,4.8,4.8
Esprit de l'Écuyer,Spirit of the Squire,9,9,1.0,100%,16.0,16.0,144,3,5.33,5.33,4.0,4.0
Bâton de Conquête,Conquering Staff,6,9,0.67,67%,24.0,16.0,144,2,12.0,8.0,8.0,5.33
Le Traqueur,The Stalker,8,9,0.89,89%,16.0,14.22,128,3,5.33,4.74,4.0,3.56
Totem Équivalent,Equivalent Totem,9,9,1.0,100%,14.11,14.11,127,2,7.05,7.05,4.7,4.7
Aveuglement,Incapacitor,9,9,1.0,100%,13.0,13.0,117,3,4.33,4.33,3.25,3.25
Armure d'Obsidienne,Obsidian Battle Plate,4,9,0.44,44%,20.0,8.89,80,2,10.0,4.45,6.67,2.96
Œil de Lynx,Hawk's Eye,9,9,1.0,100%,8.0,8.0,72,0,Gratuit,Gratuit,8.0,8.0
Coup de Mort,Death Helper,7,9,0.78,78%,10.0,7.78,70,1,10.0,7.78,5.0,3.89
Marteau Collecteur,Collecting Hammer,5,9,0.56,56%,12.0,6.67,60,2,6.0,3.33,4.0,2.22
Amulette Omnisciente,Omnipresent Amulet,5,9,0.56,56%,11.0,6.11,55,0,Gratuit,Gratuit,11.0,6.11
Le Visionnaire,The Visionary,3,9,0.33,33%,18.0,6.0,54,2,9.0,3.0,6.0,2.0
Vision Céleste,Heavenly Vision,2,9,0.22,22%,22.0,4.89,44,2,11.0,2.44,7.33,1.63
Hache Frénétique,Berseker Ax,3,9,0.33,33%,14.0,4.67,42,2,7.0,2.33,4.67,1.56
Esprit omniprésent,Omnipresent Spirit,2,9,0.22,22%,18.0,4.0,36,2,9.0,2.0,6.0,1.33
Armure d'Immortel,Immortal Breastplate,2,9,0.22,22%,14.0,3.11,28,1,14.0,3.11,7.0,1.55
Sabre Versatile,Versatil Saber,2,9,0.22,22%,11.0,2.44,22,1,11.0,2.44,5.5,1.22
Lame Affutée,Sharp Blade,6,9,0.67,67%,3.5,2.33,21,3,1.17,0.78,0.88,0.58
Assistance Divine,Sacred Help,1,9,0.11,11%,20.0,2.22,20,2,10.0,1.11,6.67,0.74
Le Marionnettiste,The Puppeteer,1,9,0.11,11%,20.0,2.22,20,2,10.0,1.11,6.67,0.74
Être de Lumière,Being of Light,1,9,0.11,11%,18.0,2.0,18,1,18.0,2.0,9.0,1.0
Marteleur précis,Precise Hammer,1,9,0.11,11%,18.0,2.0,18,1,18.0,2.0,9.0,1.0
Bâton du Conquérant,Staff of Conquered Worlds,1,9,0.11,11%,11.0,1.22,11,0,Gratuit,Gratuit,11.0,1.22
Force Divine,Divine Impetu,1,9,0.11,11%,11.0,1.22,11,0,Gratuit,Gratuit,11.0,1.22
Faux,Scythe,8,9,0.89,89%,1.38,1.22,11,3,0.46,0.41,0.34,0.3
