,Nom Anglais,nb games valide,total games,ratio,%,pts moy,pts moy total,total point,cout,pts par cout moy,pts par cout total,pts par cout moy+1,pts par cout total+1
Le Traqueur,The Stalker,2,2,1.0,100%,20.0,20.0,40,3,6.67,6.67,5.0,5.0
Totem du Gardien,Guardian Totem,2,2,1.0,100%,13.0,13.0,26,3,4.33,4.33,3.25,3.25
Totem Équivalent,Equivalent Totem,2,2,1.0,100%,11.5,11.5,23,2,5.75,5.75,3.83,3.83
Œil de Lynx,Hawk's Eye,2,2,1.0,100%,10.0,10.0,20,0,Gratuit,Gratuit,10.0,10.0
Aveuglement,Incapacitor,2,2,1.0,100%,9.0,9.0,18,3,3.0,3.0,2.25,2.25
Amulette Omnisciente,Omnipresent Amulet,1,2,0.5,50%,15.0,7.5,15,0,Gratuit,Gratuit,15.0,7.5
Esprit de l'Écuyer,Spirit of the Squire,1,2,0.5,50%,9.0,4.5,9,3,3.0,1.5,2.25,1.12
Lame Affutée,Sharp Blade,2,2,1.0,100%,3.0,3.0,6,3,1.0,1.0,0.75,0.75
Faux,Scythe,1,2,0.5,50%,1.0,0.5,1,3,0.33,0.17,0.25,0.12
