,Nom Anglais,nb games valide,total games,ratio,%,pts moy,pts moy total,total point,cout,pts par cout moy,pts par cout total
Esprit de l'Écuyer,Spirit of the Squire,6,7,0.86,86%,15.5,13.29,93,3,5.17,4.43
Aveuglement,Incapacitor,7,7,1.0,100%,13.29,13.29,93,3,4.43,4.43
Totem du Gardien,Guardian Totem,7,7,1.0,100%,12.57,12.57,88,3,4.19,4.19
Le Traqueur,The Stalker,4,7,0.57,57%,18.0,10.29,72,3,6.0,3.43
Le Visionnaire,The Visionary,3,7,0.43,43%,18.0,7.71,54,2,9.0,3.85
Œil de Lynx,Hawk's Eye,5,7,0.71,71%,8.0,5.71,40,0,Gratuit,Gratuit
Le Marionnettiste,The Puppeteer,2,7,0.29,29%,20.0,5.71,40,2,10.0,2.85
Amulette Omnisciente,Omnipresent Amulet,3,7,0.43,43%,11.0,4.71,33,0,Gratuit,Gratuit
Instinct Sanguinaire,Bloody Instinct,2,7,0.29,29%,15.0,4.29,30,2,7.5,2.15
Coup de Mort,Death Helper,3,7,0.43,43%,10.0,4.29,30,1,10.0,4.29
Vision Céleste,Heavenly Vision,1,7,0.14,14%,22.0,3.14,22,2,11.0,1.57
Sabre Versatile,Versatil Saber,2,7,0.29,29%,11.0,3.14,22,1,11.0,3.14
Faux,Scythe,6,7,0.86,86%,3.5,3.0,21,3,1.17,1.0
Armure d'Obsidienne,Obsidian Battle Plate,1,7,0.14,14%,20.0,2.86,20,2,10.0,1.43
Esprit omniprésent,Omnipresent Spirit,1,7,0.14,14%,18.0,2.57,18,2,9.0,1.28
Marteleur précis,Precise Hammer,1,7,0.14,14%,18.0,2.57,18,1,18.0,2.57
Lame Affutée,Sharp Blade,3,7,0.43,43%,4.0,1.71,12,3,1.33,0.57
Force Divine,Divine Impetu,1,7,0.14,14%,11.0,1.57,11,0,Gratuit,Gratuit
Désintégrateur Magnétique,Magnetic Disintegrator,1,7,0.14,14%,11.0,1.57,11,0,Gratuit,Gratuit
