,Nom Anglais,nb games valide,total games,ratio,%,pts moy,pts moy total,total point,cout,pts par cout moy,pts par cout total,pts par cout moy+1,pts par cout total+1
Le Traqueur,The Stalker,1,1,1.0,100%,20.0,20.0,20,3,6.67,6.67,5.0,5.0
Le Visionnaire,The Visionary,1,1,1.0,100%,18.0,18.0,18,2,9.0,9.0,6.0,6.0
Totem du Gardien,Guardian Totem,1,1,1.0,100%,13.0,13.0,13,3,4.33,4.33,3.25,3.25
Œil de Lynx,Hawk's Eye,1,1,1.0,100%,10.0,10.0,10,0,Gratuit,Gratuit,10.0,10.0
Totem Équivalent,Equivalent Totem,1,1,1.0,100%,8.0,8.0,8,2,4.0,4.0,2.67,2.67
Aveuglement,Incapacitor,1,1,1.0,100%,6.0,6.0,6,3,2.0,2.0,1.5,1.5
Faux,Scythe,1,1,1.0,100%,1.0,1.0,1,3,0.33,0.33,0.25,0.25
