,Nom Anglais,nb games valide,total games,ratio,%,pts moy,pts moy total,total point,cout,pts par cout moy,pts par cout total,pts par cout moy+1,pts par cout total+1
Esprit de l'Écuyer,Spirit of the Squire,6,7,0.86,86%,20.5,17.57,123,3,6.83,5.86,5.12,4.39
Totem du Gardien,Guardian Totem,7,7,1.0,100%,17.14,17.14,120,3,5.71,5.71,4.29,4.29
Armure d'Obsidienne,Obsidian Battle Plate,5,7,0.71,71%,20.0,14.29,100,2,10.0,7.14,6.67,4.76
Le Traqueur,The Stalker,6,7,0.86,86%,16.0,13.71,96,3,5.33,4.57,4.0,3.43
Totem Équivalent,Equivalent Totem,7,7,1.0,100%,12.86,12.86,90,2,6.43,6.43,4.29,4.29
Aveuglement,Incapacitor,7,7,1.0,100%,11.14,11.14,78,3,3.71,3.71,2.79,2.79
Le Visionnaire,The Visionary,4,7,0.57,57%,18.0,10.29,72,2,9.0,5.14,6.0,3.43
Esprit omniprésent,Omnipresent Spirit,3,7,0.43,43%,18.0,7.71,54,2,9.0,3.85,6.0,2.57
Œil de Lynx,Hawk's Eye,6,7,0.86,86%,8.0,6.86,48,0,Gratuit,Gratuit,8.0,6.86
Bâton de Conquête,Conquering Staff,2,7,0.29,29%,24.0,6.86,48,2,12.0,3.43,8.0,2.29
Amulette Omnisciente,Omnipresent Amulet,4,7,0.57,57%,11.0,6.29,44,0,Gratuit,Gratuit,11.0,6.29
Sabre Versatile,Versatil Saber,4,7,0.57,57%,11.0,6.29,44,1,11.0,6.29,5.5,3.15
Armure d'Immortel,Immortal Breastplate,3,7,0.43,43%,14.0,6.0,42,1,14.0,6.0,7.0,3.0
Marteau Collecteur,Collecting Hammer,3,7,0.43,43%,14.0,6.0,42,2,7.0,3.0,4.67,2.0
Assistance Divine,Sacred Help,2,7,0.29,29%,20.0,5.71,40,2,10.0,2.85,6.67,1.9
Coup de Mort,Death Helper,4,7,0.57,57%,10.0,5.71,40,1,10.0,5.71,5.0,2.85
Désintégrateur Magnétique,Magnetic Disintegrator,3,7,0.43,43%,11.0,4.71,33,0,Gratuit,Gratuit,11.0,4.71
Force Divine,Divine Impetu,3,7,0.43,43%,11.0,4.71,33,0,Gratuit,Gratuit,11.0,4.71
Vision Céleste,Heavenly Vision,1,7,0.14,14%,22.0,3.14,22,2,11.0,1.57,7.33,1.05
Être de Lumière,Being of Light,1,7,0.14,14%,18.0,2.57,18,1,18.0,2.57,9.0,1.28
Lame Affutée,Sharp Blade,5,7,0.71,71%,3.0,2.14,15,3,1.0,0.71,0.75,0.54
Faux,Scythe,5,7,0.71,71%,1.4,1.0,7,3,0.47,0.33,0.35,0.25
