,Nom Anglais,nb games valide,total games,ratio,%,pts moy,pts moy total,total point,cout,pts par cout moy,pts par cout total
Totem du Gardien,Guardian Totem,3,3,1.0,100%,16.33,16.33,49,3,5.44,5.44
Le Traqueur,The Stalker,3,3,1.0,100%,16.0,16.0,48,3,5.33,5.33
Esprit de l'Écuyer,Spirit of the Squire,3,3,1.0,100%,15.0,15.0,45,3,5.0,5.0
Totem Équivalent,Equivalent Totem,3,3,1.0,100%,13.0,13.0,39,2,6.5,6.5
Aveuglement,Incapacitor,3,3,1.0,100%,11.0,11.0,33,3,3.67,3.67
Œil de Lynx,Hawk's Eye,3,3,1.0,100%,8.0,8.0,24,0,Gratuit,Gratuit
Marteau Collecteur,Collecting Hammer,2,3,0.67,67%,12.0,8.0,24,2,6.0,4.0
Bâton de Conquête,Conquering Staff,1,3,0.33,33%,24.0,8.0,24,2,12.0,4.0
Armure d'Obsidienne,Obsidian Battle Plate,1,3,0.33,33%,20.0,6.67,20,2,10.0,3.33
Le Visionnaire,The Visionary,1,3,0.33,33%,18.0,6.0,18,2,9.0,3.0
Esprit omniprésent,Omnipresent Spirit,1,3,0.33,33%,18.0,6.0,18,2,9.0,3.0
Armure d'Immortel,Immortal Breastplate,1,3,0.33,33%,14.0,4.67,14,1,14.0,4.67
Désintégrateur Magnétique,Magnetic Disintegrator,1,3,0.33,33%,11.0,3.67,11,0,Gratuit,Gratuit
Sabre Versatile,Versatil Saber,1,3,0.33,33%,11.0,3.67,11,1,11.0,3.67
Amulette Omnisciente,Omnipresent Amulet,1,3,0.33,33%,11.0,3.67,11,0,Gratuit,Gratuit
Force Divine,Divine Impetu,1,3,0.33,33%,11.0,3.67,11,0,Gratuit,Gratuit
Coup de Mort,Death Helper,1,3,0.33,33%,10.0,3.33,10,1,10.0,3.33
Lame Affutée,Sharp Blade,2,3,0.67,67%,3.0,2.0,6,3,1.0,0.67
Faux,Scythe,2,3,0.67,67%,1.5,1.0,3,3,0.5,0.33
