,Nom Anglais,nb games valide,total games,ratio,%,pts moy,pts moy total,total point,cout,pts par cout moy,pts par cout total
Aveuglement,Incapacitor,5,5,1.0,100%,12.0,12.0,60,3,4.0,4.0
Totem du Gardien,Guardian Totem,5,5,1.0,100%,10.6,10.6,53,3,3.53,3.53
Esprit de l'Écuyer,Spirit of the Squire,4,5,0.8,80%,9.75,7.8,39,3,3.25,2.6
Le Traqueur,The Stalker,2,5,0.4,40%,18.0,7.2,36,3,6.0,2.4
Œil de Lynx,Hawk's Eye,3,5,0.6,60%,8.0,4.8,24,0,Gratuit,Gratuit
Vision Céleste,Heavenly Vision,1,5,0.2,20%,22.0,4.4,22,2,11.0,2.2
Armure d'Obsidienne,Obsidian Battle Plate,1,5,0.2,20%,20.0,4.0,20,2,10.0,2.0
Le Marionnettiste,The Puppeteer,1,5,0.2,20%,20.0,4.0,20,2,10.0,2.0
Marteleur précis,Precise Hammer,1,5,0.2,20%,18.0,3.6,18,1,18.0,3.6
Faux,Scythe,4,5,0.8,80%,4.5,3.6,18,3,1.5,1.2
Le Visionnaire,The Visionary,1,5,0.2,20%,18.0,3.6,18,2,9.0,1.8
Instinct Sanguinaire,Bloody Instinct,1,5,0.2,20%,15.0,3.0,15,2,7.5,1.5
Sabre Versatile,Versatil Saber,1,5,0.2,20%,11.0,2.2,11,1,11.0,2.2
Force Divine,Divine Impetu,1,5,0.2,20%,11.0,2.2,11,0,Gratuit,Gratuit
Amulette Omnisciente,Omnipresent Amulet,1,5,0.2,20%,11.0,2.2,11,0,Gratuit,Gratuit
Désintégrateur Magnétique,Magnetic Disintegrator,1,5,0.2,20%,11.0,2.2,11,0,Gratuit,Gratuit
Coup de Mort,Death Helper,1,5,0.2,20%,10.0,2.0,10,1,10.0,2.0
Lame Affutée,Sharp Blade,1,5,0.2,20%,3.0,0.6,3,3,1.0,0.2
