,Nom Anglais,nb games valide,total games,ratio,%,pts moy,pts moy total,total point,cout,pts par cout moy,pts par cout total
Totem du Gardien,Guardian Totem,7,7,1.0,100%,17.43,17.43,122,3,5.81,5.81
Aveuglement,Incapacitor,7,7,1.0,100%,17.14,17.14,120,3,5.71,5.71
Vision Céleste,Heavenly Vision,5,7,0.71,71%,22.0,15.71,110,2,11.0,7.86
Le Visionnaire,The Visionary,6,7,0.86,86%,18.0,15.43,108,2,9.0,7.71
Le Traqueur,The Stalker,6,7,0.86,86%,18.0,15.43,108,3,6.0,5.14
Esprit de l'Écuyer,Spirit of the Squire,7,7,1.0,100%,15.0,15.0,105,3,5.0,5.0
Bâton de Conquête,Conquering Staff,3,7,0.43,43%,24.0,10.29,72,2,12.0,5.14
Assistance Divine,Sacred Help,3,7,0.43,43%,20.0,8.57,60,2,10.0,4.29
Armure d'Obsidienne,Obsidian Battle Plate,3,7,0.43,43%,20.0,8.57,60,2,10.0,4.29
Amulette Omnisciente,Omnipresent Amulet,5,7,0.71,71%,11.0,7.86,55,0,Gratuit,Gratuit
Être de Lumière,Being of Light,3,7,0.43,43%,18.0,7.71,54,1,18.0,7.71
Coup de Mort,Death Helper,5,7,0.71,71%,10.0,7.14,50,1,10.0,7.14
Œil de Lynx,Hawk's Eye,6,7,0.86,86%,8.0,6.86,48,0,Gratuit,Gratuit
Instinct Sanguinaire,Bloody Instinct,3,7,0.43,43%,15.0,6.43,45,2,7.5,3.21
Esquive Salvatrice,Evasive Protection,2,7,0.29,29%,15.0,4.29,30,0,Gratuit,Gratuit
Armure d'Immortel,Immortal Breastplate,2,7,0.29,29%,14.0,4.0,28,1,14.0,4.0
Bâton du Conquérant,Staff of Conquered Worlds,2,7,0.29,29%,11.0,3.14,22,0,Gratuit,Gratuit
Sabre Versatile,Versatil Saber,2,7,0.29,29%,11.0,3.14,22,1,11.0,3.14
Marteleur précis,Precise Hammer,1,7,0.14,14%,18.0,2.57,18,1,18.0,2.57
Masse de Siège,Siege Mace,1,7,0.14,14%,16.0,2.29,16,0,Gratuit,Gratuit
Force Divine,Divine Impetu,1,7,0.14,14%,11.0,1.57,11,0,Gratuit,Gratuit
Faux,Scythe,3,7,0.43,43%,1.33,0.57,4,3,0.44,0.19
Lame Affutée,Sharp Blade,1,7,0.14,14%,3.0,0.43,3,3,1.0,0.14
