,Nom Anglais,nb games valide,total games,ratio,%,pts moy,pts moy total,total point,cout,pts par cout moy,pts par cout total
Totem du Gardien,Guardian Totem,5,5,1.0,100%,17.2,17.2,86,3,5.73,5.73
Esprit de l'Écuyer,Spirit of the Squire,5,5,1.0,100%,16.8,16.8,84,3,5.6,5.6
Le Traqueur,The Stalker,4,5,0.8,80%,18.0,14.4,72,3,6.0,4.8
Le Visionnaire,The Visionary,4,5,0.8,80%,18.0,14.4,72,2,9.0,7.2
Aveuglement,Incapacitor,5,5,1.0,100%,13.8,13.8,69,3,4.6,4.6
Vision Céleste,Heavenly Vision,3,5,0.6,60%,22.0,13.2,66,2,11.0,6.6
Assistance Divine,Sacred Help,3,5,0.6,60%,20.0,12.0,60,2,10.0,6.0
Être de Lumière,Being of Light,3,5,0.6,60%,18.0,10.8,54,1,18.0,10.8
Amulette Omnisciente,Omnipresent Amulet,4,5,0.8,80%,11.0,8.8,44,0,Gratuit,Gratuit
Coup de Mort,Death Helper,4,5,0.8,80%,10.0,8.0,40,1,10.0,8.0
Armure d'Obsidienne,Obsidian Battle Plate,2,5,0.4,40%,20.0,8.0,40,2,10.0,4.0
Œil de Lynx,Hawk's Eye,4,5,0.8,80%,8.0,6.4,32,0,Gratuit,Gratuit
Instinct Sanguinaire,Bloody Instinct,2,5,0.4,40%,15.0,6.0,30,2,7.5,3.0
Esquive Salvatrice,Evasive Protection,2,5,0.4,40%,15.0,6.0,30,0,Gratuit,Gratuit
Armure d'Immortel,Immortal Breastplate,2,5,0.4,40%,14.0,5.6,28,1,14.0,5.6
Bâton de Conquête,Conquering Staff,1,5,0.2,20%,24.0,4.8,24,2,12.0,2.4
Sabre Versatile,Versatil Saber,2,5,0.4,40%,11.0,4.4,22,1,11.0,4.4
Marteleur précis,Precise Hammer,1,5,0.2,20%,18.0,3.6,18,1,18.0,3.6
Masse de Siège,Siege Mace,1,5,0.2,20%,16.0,3.2,16,0,Gratuit,Gratuit
Force Divine,Divine Impetu,1,5,0.2,20%,11.0,2.2,11,0,Gratuit,Gratuit
Faux,Scythe,2,5,0.4,40%,1.0,0.4,2,3,0.33,0.13
