,Nom Anglais,nb games valide,total games,ratio,%,pts moy,pts moy total,total point,cout,pts par cout moy,pts par cout total,pts par cout moy+1,pts par cout total+1
Vision Céleste,Heavenly Vision,5,6,0.83,83%,22.0,18.33,110,2,11.0,9.16,7.33,6.11
Totem du Gardien,Guardian Totem,6,6,1.0,100%,15.33,15.33,92,3,5.11,5.11,3.83,3.83
Aveuglement,Incapacitor,6,6,1.0,100%,15.0,15.0,90,3,5.0,5.0,3.75,3.75
Armure d'Obsidienne,Obsidian Battle Plate,4,6,0.67,67%,20.0,13.33,80,2,10.0,6.67,6.67,4.44
Esprit de l'Écuyer,Spirit of the Squire,6,6,1.0,100%,13.0,13.0,78,3,4.33,4.33,3.25,3.25
Bâton de Conquête,Conquering Staff,3,6,0.5,50%,24.0,12.0,72,2,12.0,6.0,8.0,4.0
Le Visionnaire,The Visionary,4,6,0.67,67%,18.0,12.0,72,2,9.0,6.0,6.0,4.0
Totem Équivalent,Equivalent Totem,6,6,1.0,100%,11.33,11.33,68,2,5.67,5.67,3.78,3.78
Le Traqueur,The Stalker,4,6,0.67,67%,16.0,10.67,64,3,5.33,3.56,4.0,2.67
Le Marionnettiste,The Puppeteer,3,6,0.5,50%,20.0,10.0,60,2,10.0,5.0,6.67,3.33
Marteau Collecteur,Collecting Hammer,4,6,0.67,67%,10.5,7.0,42,2,5.25,3.5,3.5,2.33
Œil de Lynx,Hawk's Eye,5,6,0.83,83%,8.0,6.67,40,0,Gratuit,Gratuit,8.0,6.67
Bâton du Conquérant,Staff of Conquered Worlds,3,6,0.5,50%,11.0,5.5,33,0,Gratuit,Gratuit,11.0,5.5
Coup de Mort,Death Helper,3,6,0.5,50%,10.0,5.0,30,1,10.0,5.0,5.0,2.5
Sabre Versatile,Versatil Saber,2,6,0.33,33%,11.0,3.67,22,1,11.0,3.67,5.5,1.83
Amulette Omnisciente,Omnipresent Amulet,2,6,0.33,33%,11.0,3.67,22,0,Gratuit,Gratuit,11.0,3.67
Assistance Divine,Sacred Help,1,6,0.17,17%,20.0,3.33,20,2,10.0,1.67,6.67,1.11
Marteleur précis,Precise Hammer,1,6,0.17,17%,18.0,3.0,18,1,18.0,3.0,9.0,1.5
Esprit omniprésent,Omnipresent Spirit,1,6,0.17,17%,18.0,3.0,18,2,9.0,1.5,6.0,1.0
Armure d'Immortel,Immortal Breastplate,1,6,0.17,17%,14.0,2.33,14,1,14.0,2.33,7.0,1.17
Lame Affutée,Sharp Blade,2,6,0.33,33%,6.0,2.0,12,3,2.0,0.67,1.5,0.5
Force Divine,Divine Impetu,1,6,0.17,17%,11.0,1.83,11,0,Gratuit,Gratuit,11.0,1.83
Faux,Scythe,6,6,1.0,100%,1.0,1.0,6,3,0.33,0.33,0.25,0.25
