,Nom Anglais,nb games valide,total games,ratio,%,pts moy,pts moy total,total point,cout,pts par cout moy,pts par cout total,pts par cout moy+1,pts par cout total+1
Vision Céleste,Heavenly Vision,5,5,1.0,100%,22.0,22.0,110,2,11.0,11.0,7.33,7.33
Armure d'Obsidienne,Obsidian Battle Plate,4,5,0.8,80%,20.0,16.0,80,2,10.0,8.0,6.67,5.33
Totem du Gardien,Guardian Totem,5,5,1.0,100%,14.8,14.8,74,3,4.93,4.93,3.7,3.7
Le Visionnaire,The Visionary,4,5,0.8,80%,18.0,14.4,72,2,9.0,7.2,6.0,4.8
Aveuglement,Incapacitor,5,5,1.0,100%,14.4,14.4,72,3,4.8,4.8,3.6,3.6
Esprit de l'Écuyer,Spirit of the Squire,5,5,1.0,100%,14.4,14.4,72,3,4.8,4.8,3.6,3.6
Le Marionnettiste,The Puppeteer,3,5,0.6,60%,20.0,12.0,60,2,10.0,6.0,6.67,4.0
Totem Équivalent,Equivalent Totem,5,5,1.0,100%,11.0,11.0,55,2,5.5,5.5,3.67,3.67
Bâton de Conquête,Conquering Staff,2,5,0.4,40%,24.0,9.6,48,2,12.0,4.8,8.0,3.2
Le Traqueur,The Stalker,3,5,0.6,60%,16.0,9.6,48,3,5.33,3.2,4.0,2.4
Marteau Collecteur,Collecting Hammer,3,5,0.6,60%,12.0,7.2,36,2,6.0,3.6,4.0,2.4
Bâton du Conquérant,Staff of Conquered Worlds,3,5,0.6,60%,11.0,6.6,33,0,Gratuit,Gratuit,11.0,6.6
Œil de Lynx,Hawk's Eye,4,5,0.8,80%,8.0,6.4,32,0,Gratuit,Gratuit,8.0,6.4
Coup de Mort,Death Helper,3,5,0.6,60%,10.0,6.0,30,1,10.0,6.0,5.0,3.0
Sabre Versatile,Versatil Saber,2,5,0.4,40%,11.0,4.4,22,1,11.0,4.4,5.5,2.2
Amulette Omnisciente,Omnipresent Amulet,2,5,0.4,40%,11.0,4.4,22,0,Gratuit,Gratuit,11.0,4.4
Esprit omniprésent,Omnipresent Spirit,1,5,0.2,20%,18.0,3.6,18,2,9.0,1.8,6.0,1.2
Armure d'Immortel,Immortal Breastplate,1,5,0.2,20%,14.0,2.8,14,1,14.0,2.8,7.0,1.4
Lame Affutée,Sharp Blade,2,5,0.4,40%,6.0,2.4,12,3,2.0,0.8,1.5,0.6
Force Divine,Divine Impetu,1,5,0.2,20%,11.0,2.2,11,0,Gratuit,Gratuit,11.0,2.2
Faux,Scythe,5,5,1.0,100%,1.0,1.0,5,3,0.33,0.33,0.25,0.25
