,Nom Anglais,nb games valide,total games,ratio,%,pts moy,pts moy total,total point,cout,pts par cout moy,pts par cout total,pts par cout moy+1,pts par cout total+1
Totem du Gardien,Guardian Totem,6,6,1.0,100%,15.0,15.0,90,3,5.0,5.0,3.75,3.75
Armure d'Obsidienne,Obsidian Battle Plate,4,6,0.67,67%,20.0,13.33,80,2,10.0,6.67,6.67,4.44
Le Traqueur,The Stalker,5,6,0.83,83%,16.0,13.33,80,3,5.33,4.44,4.0,3.33
Totem Équivalent,Equivalent Totem,6,6,1.0,100%,13.17,13.17,79,2,6.58,6.58,4.39,4.39
Aveuglement,Incapacitor,5,6,0.83,83%,15.0,12.5,75,3,5.0,4.17,3.75,3.12
Assistance Divine,Sacred Help,3,6,0.5,50%,20.0,10.0,60,2,10.0,5.0,6.67,3.33
Esprit de l'Écuyer,Spirit of the Squire,6,6,1.0,100%,9.5,9.5,57,3,3.17,3.17,2.38,2.38
Bâton de Conquête,Conquering Staff,2,6,0.33,33%,24.0,8.0,48,2,12.0,4.0,8.0,2.67
Vision Céleste,Heavenly Vision,2,6,0.33,33%,22.0,7.33,44,2,11.0,3.67,7.33,2.44
Œil de Lynx,Hawk's Eye,5,6,0.83,83%,8.0,6.67,40,0,Gratuit,Gratuit,8.0,6.67
Être de Lumière,Being of Light,2,6,0.33,33%,18.0,6.0,36,1,18.0,6.0,9.0,3.0
Soif de Sang,Thirsty Dagger,2,6,0.33,33%,15.0,5.0,30,0,Gratuit,Gratuit,15.0,5.0
Marteau Collecteur,Collecting Hammer,4,6,0.67,67%,7.5,5.0,30,2,3.75,2.5,2.5,1.67
Lame Affutée,Sharp Blade,4,6,0.67,67%,6.0,4.0,24,3,2.0,1.33,1.5,1.0
Bâton du Conquérant,Staff of Conquered Worlds,2,6,0.33,33%,11.0,3.67,22,0,Gratuit,Gratuit,11.0,3.67
Coup de Mort,Death Helper,2,6,0.33,33%,10.0,3.33,20,1,10.0,3.33,5.0,1.67
Le Marionnettiste,The Puppeteer,1,6,0.17,17%,20.0,3.33,20,2,10.0,1.67,6.67,1.11
Le Visionnaire,The Visionary,1,6,0.17,17%,18.0,3.0,18,2,9.0,1.5,6.0,1.0
Esprit omniprésent,Omnipresent Spirit,1,6,0.17,17%,18.0,3.0,18,2,9.0,1.5,6.0,1.0
Chasseur d'Âmes,Soul Hunter,1,6,0.17,17%,15.0,2.5,15,1,15.0,2.5,7.5,1.25
Armure d'Immortel,Immortal Breastplate,1,6,0.17,17%,14.0,2.33,14,1,14.0,2.33,7.0,1.17
Désintégrateur Magnétique,Magnetic Disintegrator,1,6,0.17,17%,11.0,1.83,11,0,Gratuit,Gratuit,11.0,1.83
Sabre Versatile,Versatil Saber,1,6,0.17,17%,11.0,1.83,11,1,11.0,1.83,5.5,0.92
Amulette Omnisciente,Omnipresent Amulet,1,6,0.17,17%,11.0,1.83,11,0,Gratuit,Gratuit,11.0,1.83
Force Divine,Divine Impetu,1,6,0.17,17%,11.0,1.83,11,0,Gratuit,Gratuit,11.0,1.83
Faux,Scythe,5,6,0.83,83%,2.0,1.67,10,3,0.67,0.56,0.5,0.42
