,Nom Anglais,nb games valide,total games,ratio,%,pts moy,pts moy total,total point,cout,pts par cout moy,pts par cout total,pts par cout moy+1,pts par cout total+1
Totem du Gardien,Guardian Totem,7,7,1.0,100%,14.43,14.43,101,3,4.81,4.81,3.61,3.61
Totem Équivalent,Equivalent Totem,7,7,1.0,100%,12.86,12.86,90,2,6.43,6.43,4.29,4.29
Aveuglement,Incapacitor,6,7,0.86,86%,15.0,12.86,90,3,5.0,4.29,3.75,3.21
Armure d'Obsidienne,Obsidian Battle Plate,4,7,0.57,57%,20.0,11.43,80,2,10.0,5.71,6.67,3.81
Le Traqueur,The Stalker,5,7,0.71,71%,16.0,11.43,80,3,5.33,3.81,4.0,2.86
Bâton de Conquête,Conquering Staff,3,7,0.43,43%,24.0,10.29,72,2,12.0,5.14,8.0,3.43
Vision Céleste,Heavenly Vision,3,7,0.43,43%,22.0,9.43,66,2,11.0,4.71,7.33,3.14
Esprit de l'Écuyer,Spirit of the Squire,7,7,1.0,100%,9.43,9.43,66,3,3.14,3.14,2.36,2.36
Assistance Divine,Sacred Help,3,7,0.43,43%,20.0,8.57,60,2,10.0,4.29,6.67,2.86
Œil de Lynx,Hawk's Eye,6,7,0.86,86%,8.0,6.86,48,0,Gratuit,Gratuit,8.0,6.86
Être de Lumière,Being of Light,2,7,0.29,29%,18.0,5.14,36,1,18.0,5.14,9.0,2.57
Marteau Collecteur,Collecting Hammer,5,7,0.71,71%,7.2,5.14,36,2,3.6,2.57,2.4,1.71
Bâton du Conquérant,Staff of Conquered Worlds,3,7,0.43,43%,11.0,4.71,33,0,Gratuit,Gratuit,11.0,4.71
Soif de Sang,Thirsty Dagger,2,7,0.29,29%,15.0,4.29,30,0,Gratuit,Gratuit,15.0,4.29
Lame Affutée,Sharp Blade,4,7,0.57,57%,6.0,3.43,24,3,2.0,1.14,1.5,0.86
Coup de Mort,Death Helper,2,7,0.29,29%,10.0,2.86,20,1,10.0,2.86,5.0,1.43
Le Marionnettiste,The Puppeteer,1,7,0.14,14%,20.0,2.86,20,2,10.0,1.43,6.67,0.95
Le Visionnaire,The Visionary,1,7,0.14,14%,18.0,2.57,18,2,9.0,1.28,6.0,0.86
Esprit omniprésent,Omnipresent Spirit,1,7,0.14,14%,18.0,2.57,18,2,9.0,1.28,6.0,0.86
Chasseur d'Âmes,Soul Hunter,1,7,0.14,14%,15.0,2.14,15,1,15.0,2.14,7.5,1.07
Armure d'Immortel,Immortal Breastplate,1,7,0.14,14%,14.0,2.0,14,1,14.0,2.0,7.0,1.0
Faux,Scythe,6,7,0.86,86%,2.0,1.71,12,3,0.67,0.57,0.5,0.43
Désintégrateur Magnétique,Magnetic Disintegrator,1,7,0.14,14%,11.0,1.57,11,0,Gratuit,Gratuit,11.0,1.57
Sabre Versatile,Versatil Saber,1,7,0.14,14%,11.0,1.57,11,1,11.0,1.57,5.5,0.79
Amulette Omnisciente,Omnipresent Amulet,1,7,0.14,14%,11.0,1.57,11,0,Gratuit,Gratuit,11.0,1.57
Force Divine,Divine Impetu,1,7,0.14,14%,11.0,1.57,11,0,Gratuit,Gratuit,11.0,1.57
