,Nom Anglais,nb games valide,total games,ratio,%,pts moy,pts moy total,total point,cout,pts par cout moy,pts par cout total,pts par cout moy+1,pts par cout total+1
Totem du Gardien,Guardian Totem,4,4,1.0,100%,15.25,15.25,61,3,5.08,5.08,3.81,3.81
Armure d'Obsidienne,Obsidian Battle Plate,3,4,0.75,75%,20.0,15.0,60,2,10.0,7.5,6.67,5.0
Aveuglement,Incapacitor,3,4,0.75,75%,18.0,13.5,54,3,6.0,4.5,4.5,3.38
Totem Équivalent,Equivalent Totem,4,4,1.0,100%,13.25,13.25,53,2,6.62,6.62,4.42,4.42
Bâton de Conquête,Conquering Staff,2,4,0.5,50%,24.0,12.0,48,2,12.0,6.0,8.0,4.0
Le Traqueur,The Stalker,3,4,0.75,75%,16.0,12.0,48,3,5.33,4.0,4.0,3.0
Assistance Divine,Sacred Help,2,4,0.5,50%,20.0,10.0,40,2,10.0,5.0,6.67,3.33
Esprit de l'Écuyer,Spirit of the Squire,4,4,1.0,100%,9.75,9.75,39,3,3.25,3.25,2.44,2.44
Marteau Collecteur,Collecting Hammer,4,4,1.0,100%,7.5,7.5,30,2,3.75,3.75,2.5,2.5
Œil de Lynx,Hawk's Eye,3,4,0.75,75%,8.0,6.0,24,0,Gratuit,Gratuit,8.0,6.0
Vision Céleste,Heavenly Vision,1,4,0.25,25%,22.0,5.5,22,2,11.0,2.75,7.33,1.83
Être de Lumière,Being of Light,1,4,0.25,25%,18.0,4.5,18,1,18.0,4.5,9.0,2.25
Soif de Sang,Thirsty Dagger,1,4,0.25,25%,15.0,3.75,15,0,Gratuit,Gratuit,15.0,3.75
Lame Affutée,Sharp Blade,2,4,0.5,50%,6.0,3.0,12,3,2.0,1.0,1.5,0.75
Désintégrateur Magnétique,Magnetic Disintegrator,1,4,0.25,25%,11.0,2.75,11,0,Gratuit,Gratuit,11.0,2.75
Bâton du Conquérant,Staff of Conquered Worlds,1,4,0.25,25%,11.0,2.75,11,0,Gratuit,Gratuit,11.0,2.75
Coup de Mort,Death Helper,1,4,0.25,25%,10.0,2.5,10,1,10.0,2.5,5.0,1.25
Faux,Scythe,3,4,0.75,75%,2.0,1.5,6,3,0.67,0.5,0.5,0.38
