,Nom Anglais,nb games valide,total games,ratio,%,pts moy,pts moy total,total point,cout,pts par cout moy,pts par cout total
Aveuglement,Incapacitor,13,13,1.0,100%,17.31,17.31,225,3,5.77,5.77
Totem du Gardien,Guardian Totem,13,13,1.0,100%,15.54,15.54,202,3,5.18,5.18
Le Traqueur,The Stalker,11,13,0.85,85%,18.0,15.23,198,3,6.0,5.08
Armure d'Obsidienne,Obsidian Battle Plate,9,13,0.69,69%,20.0,13.85,180,2,10.0,6.92
Esprit de l'Écuyer,Spirit of the Squire,13,13,1.0,100%,13.85,13.85,180,3,4.62,4.62
Œil de Lynx,Hawk's Eye,12,13,0.92,92%,8.0,7.38,96,0,Gratuit,Gratuit
Bâton de Conquête,Conquering Staff,4,13,0.31,31%,24.0,7.38,96,2,12.0,3.69
Esprit omniprésent,Omnipresent Spirit,5,13,0.38,38%,18.0,6.92,90,2,9.0,3.46
Coup de Mort,Death Helper,9,13,0.69,69%,10.0,6.92,90,1,10.0,6.92
Sabre Versatile,Versatil Saber,7,13,0.54,54%,11.0,5.92,77,1,11.0,5.92
Vision Céleste,Heavenly Vision,3,13,0.23,23%,22.0,5.08,66,2,11.0,2.54
Assistance Divine,Sacred Help,3,13,0.23,23%,20.0,4.62,60,2,10.0,2.31
Armure d'Immortel,Immortal Breastplate,4,13,0.31,31%,14.0,4.31,56,1,14.0,4.31
Lame Affutée,Sharp Blade,6,13,0.46,46%,7.5,3.46,45,3,2.5,1.15
Amulette Omnisciente,Omnipresent Amulet,4,13,0.31,31%,11.0,3.38,44,0,Gratuit,Gratuit
Aura Légendaire,Legend Aura,1,13,0.08,8%,40.0,3.08,40,3,13.33,1.03
Le Visionnaire,The Visionary,2,13,0.15,15%,18.0,2.77,36,2,9.0,1.39
Force Divine,Divine Impetu,3,13,0.23,23%,11.0,2.54,33,0,Gratuit,Gratuit
Instinct Sanguinaire,Bloody Instinct,2,13,0.15,15%,15.0,2.31,30,2,7.5,1.16
Esquive Salvatrice,Evasive Protection,2,13,0.15,15%,15.0,2.31,30,0,Gratuit,Gratuit
Faux,Scythe,12,13,0.92,92%,2.25,2.08,27,3,0.75,0.69
Le Marionnettiste,The Puppeteer,1,13,0.08,8%,20.0,1.54,20,2,10.0,0.77
Épées Jumelles,Twin Swords,1,13,0.08,8%,20.0,1.54,20,1,20.0,1.54
Être de Lumière,Being of Light,1,13,0.08,8%,18.0,1.38,18,1,18.0,1.38
Enchaînement Éclair,Unstoppable Lightning,1,13,0.08,8%,18.0,1.38,18,1,18.0,1.38
Masse de Siège,Siege Mace,1,13,0.08,8%,16.0,1.23,16,0,Gratuit,Gratuit
Elan de Fureur,Rampage Momentum,1,13,0.08,8%,15.0,1.15,15,2,7.5,0.57
Épée Obscure,Swords of Darkness,1,13,0.08,8%,15.0,1.15,15,1,15.0,1.15
Le Croque-mort,The Undertaker,1,13,0.08,8%,14.0,1.08,14,1,14.0,1.08
Hache Frénétique,Berseker Ax,1,13,0.08,8%,14.0,1.08,14,2,7.0,0.54
Épé Sainte,Holy Sword,1,13,0.08,8%,10.0,0.77,10,0,Gratuit,Gratuit
Danse Macabre,Dance of Death,1,13,0.08,8%,8.0,0.62,8,1,8.0,0.62
Lance Doublée,Dual Spear,1,13,0.08,8%,8.0,0.62,8,0,Gratuit,Gratuit
Griffes Sauvages,Wild Claw,2,13,0.15,15%,1.5,0.23,3,3,0.5,0.08
