,Nom Anglais,nb games valide,total games,ratio,%,pts moy,pts moy total,total point,cout,pts par cout moy,pts par cout total,pts par cout moy+1,pts par cout total+1
Totem du Gardien,Guardian Totem,8,8,1.0,100%,14.25,14.25,114,3,4.75,4.75,3.56,3.56
Aveuglement,Incapacitor,7,8,0.88,88%,15.0,13.12,105,3,5.0,4.37,3.75,3.28
Totem Équivalent,Equivalent Totem,8,8,1.0,100%,13.0,13.0,104,2,6.5,6.5,4.33,4.33
Armure d'Obsidienne,Obsidian Battle Plate,5,8,0.62,62%,20.0,12.5,100,2,10.0,6.25,6.67,4.17
Bâton de Conquête,Conquering Staff,4,8,0.5,50%,24.0,12.0,96,2,12.0,6.0,8.0,4.0
Le Traqueur,The Stalker,6,8,0.75,75%,16.0,12.0,96,3,5.33,4.0,4.0,3.0
Vision Céleste,Heavenly Vision,4,8,0.5,50%,22.0,11.0,88,2,11.0,5.5,7.33,3.67
Assistance Divine,Sacred Help,4,8,0.5,50%,20.0,10.0,80,2,10.0,5.0,6.67,3.33
Esprit de l'Écuyer,Spirit of the Squire,8,8,1.0,100%,8.62,8.62,69,3,2.87,2.87,2.15,2.15
Œil de Lynx,Hawk's Eye,7,8,0.88,88%,8.0,7.0,56,0,Gratuit,Gratuit,8.0,7.0
Marteau Collecteur,Collecting Hammer,6,8,0.75,75%,7.0,5.25,42,2,3.5,2.62,2.33,1.75
Être de Lumière,Being of Light,2,8,0.25,25%,18.0,4.5,36,1,18.0,4.5,9.0,2.25
Bâton du Conquérant,Staff of Conquered Worlds,3,8,0.38,38%,11.0,4.12,33,0,Gratuit,Gratuit,11.0,4.12
Soif de Sang,Thirsty Dagger,2,8,0.25,25%,15.0,3.75,30,0,Gratuit,Gratuit,15.0,3.75
Lame Affutée,Sharp Blade,4,8,0.5,50%,6.0,3.0,24,3,2.0,1.0,1.5,0.75
Coup de Mort,Death Helper,2,8,0.25,25%,10.0,2.5,20,1,10.0,2.5,5.0,1.25
Le Marionnettiste,The Puppeteer,1,8,0.12,12%,20.0,2.5,20,2,10.0,1.25,6.67,0.83
Le Visionnaire,The Visionary,1,8,0.12,12%,18.0,2.25,18,2,9.0,1.12,6.0,0.75
Esprit omniprésent,Omnipresent Spirit,1,8,0.12,12%,18.0,2.25,18,2,9.0,1.12,6.0,0.75
Chasseur d'Âmes,Soul Hunter,1,8,0.12,12%,15.0,1.88,15,1,15.0,1.88,7.5,0.94
Armure d'Immortel,Immortal Breastplate,1,8,0.12,12%,14.0,1.75,14,1,14.0,1.75,7.0,0.88
Hache Frénétique,Berseker Ax,1,8,0.12,12%,14.0,1.75,14,2,7.0,0.88,4.67,0.58
Faux,Scythe,7,8,0.88,88%,1.86,1.62,13,3,0.62,0.54,0.47,0.41
Désintégrateur Magnétique,Magnetic Disintegrator,1,8,0.12,12%,11.0,1.38,11,0,Gratuit,Gratuit,11.0,1.38
Sabre Versatile,Versatil Saber,1,8,0.12,12%,11.0,1.38,11,1,11.0,1.38,5.5,0.69
Amulette Omnisciente,Omnipresent Amulet,1,8,0.12,12%,11.0,1.38,11,0,Gratuit,Gratuit,11.0,1.38
Force Divine,Divine Impetu,1,8,0.12,12%,11.0,1.38,11,0,Gratuit,Gratuit,11.0,1.38
