,Nom Anglais,nb games valide,total games,ratio,%,pts moy,pts moy total,total point,cout,pts par cout moy,pts par cout total
Bâton de Conquête,Conquering Staff,1,1,1.0,100%,24.0,24.0,24,2,12.0,12.0
Aveuglement,Incapacitor,1,1,1.0,100%,21.0,21.0,21,3,7.0,7.0
Armure d'Obsidienne,Obsidian Battle Plate,1,1,1.0,100%,20.0,20.0,20,2,10.0,10.0
Totem du Gardien,Guardian Totem,1,1,1.0,100%,17.0,17.0,17,3,5.67,5.67
Le Traqueur,The Stalker,1,1,1.0,100%,16.0,16.0,16,3,5.33,5.33
Soif de Sang,Thirsty Dagger,1,1,1.0,100%,15.0,15.0,15,0,Gratuit,Gratuit
Marteau Collecteur,Collecting Hammer,1,1,1.0,100%,12.0,12.0,12,2,6.0,6.0
Totem Équivalent,Equivalent Totem,1,1,1.0,100%,12.0,12.0,12,1,12.0,12.0
Œil de Lynx,Hawk's Eye,1,1,1.0,100%,8.0,8.0,8,0,Gratuit,Gratuit
Lame Affutée,Sharp Blade,1,1,1.0,100%,6.0,6.0,6,3,2.0,2.0
Esprit de l'Écuyer,Spirit of the Squire,1,1,1.0,100%,6.0,6.0,6,3,2.0,2.0
Faux,Scythe,1,1,1.0,100%,2.0,2.0,2,3,0.67,0.67
