,Nom Anglais,nb games valide,total games,ratio,%,pts moy,pts moy total,total point,cout,pts par cout moy,pts par cout total,pts par cout moy+1,pts par cout total+1
Armure d'Obsidienne,Obsidian Battle Plate,4,5,0.8,80%,20.0,16.0,80,2,10.0,8.0,6.67,5.33
Totem du Gardien,Guardian Totem,5,5,1.0,100%,15.6,15.6,78,3,5.2,5.2,3.9,3.9
Totem Équivalent,Equivalent Totem,5,5,1.0,100%,13.4,13.4,67,2,6.7,6.7,4.47,4.47
Aveuglement,Incapacitor,4,5,0.8,80%,16.5,13.2,66,3,5.5,4.4,4.12,3.3
Le Traqueur,The Stalker,4,5,0.8,80%,16.0,12.8,64,3,5.33,4.27,4.0,3.2
Assistance Divine,Sacred Help,3,5,0.6,60%,20.0,12.0,60,2,10.0,6.0,6.67,4.0
Esprit de l'Écuyer,Spirit of the Squire,5,5,1.0,100%,10.8,10.8,54,3,3.6,3.6,2.7,2.7
Bâton de Conquête,Conquering Staff,2,5,0.4,40%,24.0,9.6,48,2,12.0,4.8,8.0,3.2
Vision Céleste,Heavenly Vision,2,5,0.4,40%,22.0,8.8,44,2,11.0,4.4,7.33,2.93
Être de Lumière,Being of Light,2,5,0.4,40%,18.0,7.2,36,1,18.0,7.2,9.0,3.6
Œil de Lynx,Hawk's Eye,4,5,0.8,80%,8.0,6.4,32,0,Gratuit,Gratuit,8.0,6.4
Marteau Collecteur,Collecting Hammer,4,5,0.8,80%,7.5,6.0,30,2,3.75,3.0,2.5,2.0
Soif de Sang,Thirsty Dagger,2,5,0.4,40%,15.0,6.0,30,0,Gratuit,Gratuit,15.0,6.0
Bâton du Conquérant,Staff of Conquered Worlds,2,5,0.4,40%,11.0,4.4,22,0,Gratuit,Gratuit,11.0,4.4
Lame Affutée,Sharp Blade,3,5,0.6,60%,7.0,4.2,21,3,2.33,1.4,1.75,1.05
Coup de Mort,Death Helper,2,5,0.4,40%,10.0,4.0,20,1,10.0,4.0,5.0,2.0
Le Visionnaire,The Visionary,1,5,0.2,20%,18.0,3.6,18,2,9.0,1.8,6.0,1.2
Esprit omniprésent,Omnipresent Spirit,1,5,0.2,20%,18.0,3.6,18,2,9.0,1.8,6.0,1.2
Armure d'Immortel,Immortal Breastplate,1,5,0.2,20%,14.0,2.8,14,1,14.0,2.8,7.0,1.4
Désintégrateur Magnétique,Magnetic Disintegrator,1,5,0.2,20%,11.0,2.2,11,0,Gratuit,Gratuit,11.0,2.2
Sabre Versatile,Versatil Saber,1,5,0.2,20%,11.0,2.2,11,1,11.0,2.2,5.5,1.1
Amulette Omnisciente,Omnipresent Amulet,1,5,0.2,20%,11.0,2.2,11,0,Gratuit,Gratuit,11.0,2.2
Force Divine,Divine Impetu,1,5,0.2,20%,11.0,2.2,11,0,Gratuit,Gratuit,11.0,2.2
Faux,Scythe,4,5,0.8,80%,2.0,1.6,8,3,0.67,0.53,0.5,0.4
