,Nom Anglais,nb games valide,total games,ratio,%,pts moy,pts moy total,total point,cout,pts par cout moy,pts par cout total
Le Traqueur,The Stalker,7,7,1.0,100%,18.0,18.0,126,3,6.0,6.0
Totem du Gardien,Guardian Totem,7,7,1.0,100%,15.29,15.29,107,3,5.1,5.1
Aveuglement,Incapacitor,7,7,1.0,100%,14.14,14.14,99,3,4.71,4.71
Le Visionnaire,The Visionary,5,7,0.71,71%,18.0,12.86,90,2,9.0,6.43
Armure d'Obsidienne,Obsidian Battle Plate,3,7,0.43,43%,20.0,8.57,60,2,10.0,4.29
Œil de Lynx,Hawk's Eye,7,7,1.0,100%,8.0,8.0,56,0,Gratuit,Gratuit
Esprit omniprésent,Omnipresent Spirit,3,7,0.43,43%,18.0,7.71,54,2,9.0,3.85
Esprit de l'Écuyer,Spirit of the Squire,7,7,1.0,100%,6.86,6.86,48,3,2.29,2.29
Vision Céleste,Heavenly Vision,2,7,0.29,29%,22.0,6.29,44,2,11.0,3.15
Le Marionnettiste,The Puppeteer,2,7,0.29,29%,20.0,5.71,40,2,10.0,2.85
Assistance Divine,Sacred Help,2,7,0.29,29%,20.0,5.71,40,2,10.0,2.85
Bâton de Conquête,Conquering Staff,1,7,0.14,14%,24.0,3.43,24,2,12.0,1.72
Bâton du Conquérant,Staff of Conquered Worlds,2,7,0.29,29%,11.0,3.14,22,0,Gratuit,Gratuit
Frappe Chirurgicale,Accurate Sword,1,7,0.14,14%,16.0,2.29,16,1,16.0,2.29
Masse de Siège,Siege Mace,1,7,0.14,14%,16.0,2.29,16,0,Gratuit,Gratuit
Instinct Sanguinaire,Bloody Instinct,1,7,0.14,14%,15.0,2.14,15,2,7.5,1.07
Lame Affutée,Sharp Blade,3,7,0.43,43%,5.0,2.14,15,3,1.67,0.71
Hache Frénétique,Berseker Ax,1,7,0.14,14%,14.0,2.0,14,2,7.0,1.0
Sabre Versatile,Versatil Saber,1,7,0.14,14%,11.0,1.57,11,1,11.0,1.57
Amulette Omnisciente,Omnipresent Amulet,1,7,0.14,14%,11.0,1.57,11,0,Gratuit,Gratuit
Coup de Mort,Death Helper,1,7,0.14,14%,10.0,1.43,10,1,10.0,1.43
Faux,Scythe,7,7,1.0,100%,1.14,1.14,8,3,0.38,0.38
Griffes Sauvages,Wild Claw,1,7,0.14,14%,2.0,0.29,2,3,0.67,0.1
