,Nom Anglais,nb games valide,total games,ratio,%,pts moy,pts moy total,total point,cout,pts par cout moy,pts par cout total
Aveuglement,Incapacitor,10,10,1.0,100%,17.4,17.4,174,3,5.8,5.8
Armure d'Obsidienne,Obsidian Battle Plate,7,10,0.7,70%,20.0,14.0,140,2,10.0,7.0
Totem du Gardien,Guardian Totem,10,10,1.0,100%,13.3,13.3,133,3,4.43,4.43
Esprit de l'Écuyer,Spirit of the Squire,10,10,1.0,100%,12.9,12.9,129,3,4.3,4.3
Le Traqueur,The Stalker,7,10,0.7,70%,18.0,12.6,126,3,6.0,4.2
Vision Céleste,Heavenly Vision,5,10,0.5,50%,22.0,11.0,110,2,11.0,5.5
Assistance Divine,Sacred Help,4,10,0.4,40%,20.0,8.0,80,2,10.0,4.0
Bâton de Conquête,Conquering Staff,3,10,0.3,30%,24.0,7.2,72,2,12.0,3.6
Coup de Mort,Death Helper,7,10,0.7,70%,10.0,7.0,70,1,10.0,7.0
Sabre Versatile,Versatil Saber,6,10,0.6,60%,11.0,6.6,66,1,11.0,6.6
Œil de Lynx,Hawk's Eye,8,10,0.8,80%,8.0,6.4,64,0,Gratuit,Gratuit
Amulette Omnisciente,Omnipresent Amulet,5,10,0.5,50%,11.0,5.5,55,0,Gratuit,Gratuit
Le Visionnaire,The Visionary,3,10,0.3,30%,18.0,5.4,54,2,9.0,2.7
Armure d'Immortel,Immortal Breastplate,3,10,0.3,30%,14.0,4.2,42,1,14.0,4.2
Être de Lumière,Being of Light,2,10,0.2,20%,18.0,3.6,36,1,18.0,3.6
Force Divine,Divine Impetu,3,10,0.3,30%,11.0,3.3,33,0,Gratuit,Gratuit
Faux,Scythe,8,10,0.8,80%,4.0,3.2,32,3,1.33,1.07
Lame Affutée,Sharp Blade,6,10,0.6,60%,5.0,3.0,30,3,1.67,1.0
Le Marionnettiste,The Puppeteer,1,10,0.1,10%,20.0,2.0,20,2,10.0,1.0
Économe Sagesse du Trésorier,Treasurer's Wisdom,1,10,0.1,10%,17.0,1.7,17,2,8.5,0.85
Masse de Siège,Siege Mace,1,10,0.1,10%,16.0,1.6,16,0,Gratuit,Gratuit
Instinct Sanguinaire,Bloody Instinct,1,10,0.1,10%,15.0,1.5,15,2,7.5,0.75
Esquive Salvatrice,Evasive Protection,1,10,0.1,10%,15.0,1.5,15,0,Gratuit,Gratuit
Épée Obscure,Swords of Darkness,1,10,0.1,10%,15.0,1.5,15,1,15.0,1.5
Bâton du Conquérant,Staff of Conquered Worlds,1,10,0.1,10%,11.0,1.1,11,0,Gratuit,Gratuit
Désintégrateur Magnétique,Magnetic Disintegrator,1,10,0.1,10%,11.0,1.1,11,0,Gratuit,Gratuit
Épées Jumelles,Twin Swords,1,10,0.1,10%,10.0,1.0,10,1,10.0,1.0
Lance Doublée,Dual Spear,1,10,0.1,10%,8.0,0.8,8,0,Gratuit,Gratuit
Griffes Sauvages,Wild Claw,1,10,0.1,10%,1.0,0.1,1,3,0.33,0.03
