,Nom Anglais,nb games valide,total games,ratio,%,pts moy,pts moy total,total point,cout,pts par cout moy,pts par cout total,pts par cout moy+1,pts par cout total+1
Esprit de l'Écuyer,Spirit of the Squire,2,2,1.0,100%,24.0,24.0,48,3,8.0,8.0,6.0,6.0
Sabre Versatile,Versatil Saber,2,2,1.0,100%,18.0,18.0,36,1,18.0,18.0,9.0,9.0
Amulette Omnisciente,Omnipresent Amulet,2,2,1.0,100%,15.0,15.0,30,0,Gratuit,Gratuit,15.0,15.0
Coup de Mort,Death Helper,2,2,1.0,100%,13.0,13.0,26,1,13.0,13.0,6.5,6.5
Totem du Gardien,Guardian Totem,2,2,1.0,100%,13.0,13.0,26,3,4.33,4.33,3.25,3.25
Totem Équivalent,Equivalent Totem,2,2,1.0,100%,12.5,12.5,25,3,4.17,4.17,3.12,3.12
Armure d'Obsidienne,Obsidian Battle Plate,1,2,0.5,50%,20.0,10.0,20,2,10.0,5.0,6.67,3.33
Le Traqueur,The Stalker,1,2,0.5,50%,20.0,10.0,20,3,6.67,3.33,5.0,2.5
Le Marionnettiste,The Puppeteer,1,2,0.5,50%,20.0,10.0,20,2,10.0,5.0,6.67,3.33
Œil de Lynx,Hawk's Eye,2,2,1.0,100%,8.0,8.0,16,0,Gratuit,Gratuit,8.0,8.0
Force Divine,Divine Impetu,1,2,0.5,50%,15.0,7.5,15,0,Gratuit,Gratuit,15.0,7.5
Aveuglement,Incapacitor,2,2,1.0,100%,4.5,4.5,9,3,1.5,1.5,1.12,1.12
Faux,Scythe,1,2,0.5,50%,1.0,0.5,1,3,0.33,0.17,0.25,0.12
