,Nom Anglais,nb games valide,total games,ratio,%,pts moy,pts moy total,total point,cout,pts par cout moy,pts par cout total,pts par cout moy+1,pts par cout total+1
Le Traqueur,The Stalker,1,1,1.0,100%,20.0,20.0,20,3,6.67,6.67,5.0,5.0
Esprit omniprésent,Omnipresent Spirit,1,1,1.0,100%,18.0,18.0,18,2,9.0,9.0,6.0,6.0
Aveuglement,Incapacitor,1,1,1.0,100%,12.0,12.0,12,3,4.0,4.0,3.0,3.0
Bâton du Conquérant,Staff of Conquered Worlds,1,1,1.0,100%,11.0,11.0,11,0,Gratuit,Gratuit,11.0,11.0
Totem du Gardien,Guardian Totem,1,1,1.0,100%,11.0,11.0,11,3,3.67,3.67,2.75,2.75
Totem Équivalent,Equivalent Totem,1,1,1.0,100%,10.0,10.0,10,2,5.0,5.0,3.33,3.33
Œil de Lynx,Hawk's Eye,1,1,1.0,100%,10.0,10.0,10,0,Gratuit,Gratuit,10.0,10.0
Esprit de l'Écuyer,Spirit of the Squire,1,1,1.0,100%,3.0,3.0,3,3,1.0,1.0,0.75,0.75
Faux,Scythe,1,1,1.0,100%,1.0,1.0,1,3,0.33,0.33,0.25,0.25
