,Nom Anglais,nb games valide,total games,ratio,%,pts moy,pts moy total,total point,cout,pts par cout moy,pts par cout total
Aveuglement,Incapacitor,5,5,1.0,100%,12.6,12.6,63,3,4.2,4.2
Armure d'Obsidienne,Obsidian Battle Plate,3,5,0.6,60%,20.0,12.0,60,2,10.0,6.0
Totem du Gardien,Guardian Totem,5,5,1.0,100%,9.6,9.6,48,3,3.2,3.2
Esprit de l'Écuyer,Spirit of the Squire,5,5,1.0,100%,9.0,9.0,45,3,3.0,3.0
Assistance Divine,Sacred Help,2,5,0.4,40%,20.0,8.0,40,2,10.0,4.0
Le Traqueur,The Stalker,2,5,0.4,40%,18.0,7.2,36,3,6.0,2.4
Armure d'Immortel,Immortal Breastplate,2,5,0.4,40%,14.0,5.6,28,1,14.0,5.6
Faux,Scythe,4,5,0.8,80%,6.5,5.2,26,3,2.17,1.73
Bâton de Conquête,Conquering Staff,1,5,0.2,20%,24.0,4.8,24,2,12.0,2.4
Œil de Lynx,Hawk's Eye,3,5,0.6,60%,8.0,4.8,24,0,Gratuit,Gratuit
Vision Céleste,Heavenly Vision,1,5,0.2,20%,22.0,4.4,22,2,11.0,2.2
Sabre Versatile,Versatil Saber,2,5,0.4,40%,11.0,4.4,22,1,11.0,4.4
Coup de Mort,Death Helper,2,5,0.4,40%,10.0,4.0,20,1,10.0,4.0
Être de Lumière,Being of Light,1,5,0.2,20%,18.0,3.6,18,1,18.0,3.6
Le Visionnaire,The Visionary,1,5,0.2,20%,18.0,3.6,18,2,9.0,1.8
Économe Sagesse du Trésorier,Treasurer's Wisdom,1,5,0.2,20%,17.0,3.4,17,2,8.5,1.7
Esquive Salvatrice,Evasive Protection,1,5,0.2,20%,15.0,3.0,15,0,Gratuit,Gratuit
Lame Affutée,Sharp Blade,3,5,0.6,60%,5.0,3.0,15,3,1.67,1.0
Amulette Omnisciente,Omnipresent Amulet,1,5,0.2,20%,11.0,2.2,11,0,Gratuit,Gratuit
Désintégrateur Magnétique,Magnetic Disintegrator,1,5,0.2,20%,11.0,2.2,11,0,Gratuit,Gratuit
Griffes Sauvages,Wild Claw,1,5,0.2,20%,1.0,0.2,1,3,0.33,0.07
