,Nom Anglais,nb games valide,total games,ratio,%,pts moy,pts moy total,total point,cout,pts par cout moy,pts par cout total
Aveuglement,Incapacitor,7,7,1.0,100%,14.14,14.14,99,3,4.71,4.71
Totem du Gardien,Guardian Totem,7,7,1.0,100%,11.57,11.57,81,3,3.86,3.86
Armure d'Obsidienne,Obsidian Battle Plate,4,7,0.57,57%,20.0,11.43,80,2,10.0,5.71
Esprit de l'Écuyer,Spirit of the Squire,7,7,1.0,100%,10.29,10.29,72,3,3.43,3.43
Le Traqueur,The Stalker,4,7,0.57,57%,18.0,10.29,72,3,6.0,3.43
Assistance Divine,Sacred Help,3,7,0.43,43%,20.0,8.57,60,2,10.0,4.29
Vision Céleste,Heavenly Vision,2,7,0.29,29%,22.0,6.29,44,2,11.0,3.15
Armure d'Immortel,Immortal Breastplate,3,7,0.43,43%,14.0,6.0,42,1,14.0,6.0
Coup de Mort,Death Helper,4,7,0.57,57%,10.0,5.71,40,1,10.0,5.71
Œil de Lynx,Hawk's Eye,5,7,0.71,71%,8.0,5.71,40,0,Gratuit,Gratuit
Le Visionnaire,The Visionary,2,7,0.29,29%,18.0,5.14,36,2,9.0,2.57
Amulette Omnisciente,Omnipresent Amulet,3,7,0.43,43%,11.0,4.71,33,0,Gratuit,Gratuit
Sabre Versatile,Versatil Saber,3,7,0.43,43%,11.0,4.71,33,1,11.0,4.71
Faux,Scythe,6,7,0.86,86%,4.83,4.14,29,3,1.61,1.38
Bâton de Conquête,Conquering Staff,1,7,0.14,14%,24.0,3.43,24,2,12.0,1.72
Le Marionnettiste,The Puppeteer,1,7,0.14,14%,20.0,2.86,20,2,10.0,1.43
Être de Lumière,Being of Light,1,7,0.14,14%,18.0,2.57,18,1,18.0,2.57
Lame Affutée,Sharp Blade,4,7,0.57,57%,4.5,2.57,18,3,1.5,0.86
Économe Sagesse du Trésorier,Treasurer's Wisdom,1,7,0.14,14%,17.0,2.43,17,2,8.5,1.22
Esquive Salvatrice,Evasive Protection,1,7,0.14,14%,15.0,2.14,15,0,Gratuit,Gratuit
Force Divine,Divine Impetu,1,7,0.14,14%,11.0,1.57,11,0,Gratuit,Gratuit
Désintégrateur Magnétique,Magnetic Disintegrator,1,7,0.14,14%,11.0,1.57,11,0,Gratuit,Gratuit
Griffes Sauvages,Wild Claw,1,7,0.14,14%,1.0,0.14,1,3,0.33,0.05
