,Nom Anglais,nb games valide,total games,ratio,%,pts moy,pts moy total,total point,cout,pts par cout moy,pts par cout total
Aveuglement,Incapacitor,11,11,1.0,100%,18.0,18.0,198,3,6.0,6.0
Totem du Gardien,Guardian Totem,11,11,1.0,100%,14.18,14.18,156,3,4.73,4.73
Le Traqueur,The Stalker,8,11,0.73,73%,18.0,13.09,144,3,6.0,4.36
Armure d'Obsidienne,Obsidian Battle Plate,7,11,0.64,64%,20.0,12.73,140,2,10.0,6.37
Esprit de l'Écuyer,Spirit of the Squire,11,11,1.0,100%,12.27,12.27,135,3,4.09,4.09
Vision Céleste,Heavenly Vision,6,11,0.55,55%,22.0,12.0,132,2,11.0,6.0
Bâton de Conquête,Conquering Staff,4,11,0.36,36%,24.0,8.73,96,2,12.0,4.37
Assistance Divine,Sacred Help,4,11,0.36,36%,20.0,7.27,80,2,10.0,3.63
Le Visionnaire,The Visionary,4,11,0.36,36%,18.0,6.55,72,2,9.0,3.27
Œil de Lynx,Hawk's Eye,9,11,0.82,82%,8.0,6.55,72,0,Gratuit,Gratuit
Coup de Mort,Death Helper,7,11,0.64,64%,10.0,6.36,70,1,10.0,6.36
Sabre Versatile,Versatil Saber,6,11,0.55,55%,11.0,6.0,66,1,11.0,6.0
Amulette Omnisciente,Omnipresent Amulet,5,11,0.45,45%,11.0,5.0,55,0,Gratuit,Gratuit
Armure d'Immortel,Immortal Breastplate,3,11,0.27,27%,14.0,3.82,42,1,14.0,3.82
Être de Lumière,Being of Light,2,11,0.18,18%,18.0,3.27,36,1,18.0,3.27
Faux,Scythe,9,11,0.82,82%,3.78,3.09,34,3,1.26,1.03
Force Divine,Divine Impetu,3,11,0.27,27%,11.0,3.0,33,0,Gratuit,Gratuit
Lame Affutée,Sharp Blade,6,11,0.55,55%,5.0,2.73,30,3,1.67,0.91
Le Marionnettiste,The Puppeteer,1,11,0.09,9%,20.0,1.82,20,2,10.0,0.91
Économe Sagesse du Trésorier,Treasurer's Wisdom,1,11,0.09,9%,17.0,1.55,17,2,8.5,0.78
Masse de Siège,Siege Mace,1,11,0.09,9%,16.0,1.45,16,0,Gratuit,Gratuit
Instinct Sanguinaire,Bloody Instinct,1,11,0.09,9%,15.0,1.36,15,2,7.5,0.68
Esquive Salvatrice,Evasive Protection,1,11,0.09,9%,15.0,1.36,15,0,Gratuit,Gratuit
Épée Obscure,Swords of Darkness,1,11,0.09,9%,15.0,1.36,15,1,15.0,1.36
Bâton du Conquérant,Staff of Conquered Worlds,1,11,0.09,9%,11.0,1.0,11,0,Gratuit,Gratuit
Désintégrateur Magnétique,Magnetic Disintegrator,1,11,0.09,9%,11.0,1.0,11,0,Gratuit,Gratuit
Épées Jumelles,Twin Swords,1,11,0.09,9%,10.0,0.91,10,1,10.0,0.91
Lance Doublée,Dual Spear,1,11,0.09,9%,8.0,0.73,8,0,Gratuit,Gratuit
Griffes Sauvages,Wild Claw,1,11,0.09,9%,1.0,0.09,1,3,0.33,0.03
