,Nom Anglais,nb games valide,total games,ratio,%,pts moy,pts moy total,total point,cout,pts par cout moy,pts par cout total
Aveuglement,Incapacitor,8,8,1.0,100%,15.75,15.75,126,3,5.25,5.25
Armure d'Obsidienne,Obsidian Battle Plate,5,8,0.62,62%,20.0,12.5,100,2,10.0,6.25
Totem du Gardien,Guardian Totem,8,8,1.0,100%,11.88,11.88,95,3,3.96,3.96
Esprit de l'Écuyer,Spirit of the Squire,8,8,1.0,100%,11.62,11.62,93,3,3.87,3.87
Le Traqueur,The Stalker,5,8,0.62,62%,18.0,11.25,90,3,6.0,3.75
Assistance Divine,Sacred Help,4,8,0.5,50%,20.0,10.0,80,2,10.0,5.0
Vision Céleste,Heavenly Vision,3,8,0.38,38%,22.0,8.25,66,2,11.0,4.12
Coup de Mort,Death Helper,5,8,0.62,62%,10.0,6.25,50,1,10.0,6.25
Œil de Lynx,Hawk's Eye,6,8,0.75,75%,8.0,6.0,48,0,Gratuit,Gratuit
Bâton de Conquête,Conquering Staff,2,8,0.25,25%,24.0,6.0,48,2,12.0,3.0
Amulette Omnisciente,Omnipresent Amulet,4,8,0.5,50%,11.0,5.5,44,0,Gratuit,Gratuit
Sabre Versatile,Versatil Saber,4,8,0.5,50%,11.0,5.5,44,1,11.0,5.5
Armure d'Immortel,Immortal Breastplate,3,8,0.38,38%,14.0,5.25,42,1,14.0,5.25
Être de Lumière,Being of Light,2,8,0.25,25%,18.0,4.5,36,1,18.0,4.5
Le Visionnaire,The Visionary,2,8,0.25,25%,18.0,4.5,36,2,9.0,2.25
Faux,Scythe,7,8,0.88,88%,4.43,3.88,31,3,1.48,1.29
Force Divine,Divine Impetu,2,8,0.25,25%,11.0,2.75,22,0,Gratuit,Gratuit
Le Marionnettiste,The Puppeteer,1,8,0.12,12%,20.0,2.5,20,2,10.0,1.25
Lame Affutée,Sharp Blade,4,8,0.5,50%,4.5,2.25,18,3,1.5,0.75
Économe Sagesse du Trésorier,Treasurer's Wisdom,1,8,0.12,12%,17.0,2.12,17,2,8.5,1.06
Esquive Salvatrice,Evasive Protection,1,8,0.12,12%,15.0,1.88,15,0,Gratuit,Gratuit
Instinct Sanguinaire,Bloody Instinct,1,8,0.12,12%,15.0,1.88,15,2,7.5,0.94
Bâton du Conquérant,Staff of Conquered Worlds,1,8,0.12,12%,11.0,1.38,11,0,Gratuit,Gratuit
Désintégrateur Magnétique,Magnetic Disintegrator,1,8,0.12,12%,11.0,1.38,11,0,Gratuit,Gratuit
Griffes Sauvages,Wild Claw,1,8,0.12,12%,1.0,0.12,1,3,0.33,0.04
