,Nom Anglais,nb games valide,total games,ratio,%,pts moy,pts moy total,total point,cout,pts par cout moy,pts par cout total
Le Traqueur,The Stalker,11,11,1.0,100%,18.0,18.0,198,3,6.0,6.0
Esprit de l'Écuyer,Spirit of the Squire,11,11,1.0,100%,16.36,16.36,180,3,5.45,5.45
Armure d'Obsidienne,Obsidian Battle Plate,8,11,0.73,73%,20.0,14.55,160,2,10.0,7.28
Totem du Gardien,Guardian Totem,11,11,1.0,100%,14.0,14.0,154,3,4.67,4.67
Aveuglement,Incapacitor,11,11,1.0,100%,13.91,13.91,153,3,4.64,4.64
Coup de Mort,Death Helper,10,11,0.91,91%,10.0,9.09,100,1,10.0,9.09
Œil de Lynx,Hawk's Eye,11,11,1.0,100%,8.0,8.0,88,0,Gratuit,Gratuit
Amulette Omnisciente,Omnipresent Amulet,6,11,0.55,55%,11.0,6.0,66,0,Gratuit,Gratuit
Sabre Versatile,Versatil Saber,6,11,0.55,55%,11.0,6.0,66,1,11.0,6.0
Instinct Sanguinaire,Bloody Instinct,4,11,0.36,36%,15.0,5.45,60,2,7.5,2.73
Le Visionnaire,The Visionary,3,11,0.27,27%,18.0,4.91,54,2,9.0,2.46
Esprit omniprésent,Omnipresent Spirit,3,11,0.27,27%,18.0,4.91,54,2,9.0,2.46
Bâton de Conquête,Conquering Staff,2,11,0.18,18%,24.0,4.36,48,2,12.0,2.18
Vision Céleste,Heavenly Vision,2,11,0.18,18%,22.0,4.0,44,2,11.0,2.0
Armure d'Immortel,Immortal Breastplate,3,11,0.27,27%,14.0,3.82,42,1,14.0,3.82
Le Marionnettiste,The Puppeteer,2,11,0.18,18%,20.0,3.64,40,2,10.0,1.82
Force Divine,Divine Impetu,3,11,0.27,27%,11.0,3.0,33,0,Gratuit,Gratuit
Esquive Salvatrice,Evasive Protection,2,11,0.18,18%,15.0,2.73,30,0,Gratuit,Gratuit
Lame Affutée,Sharp Blade,6,11,0.55,55%,3.0,1.64,18,3,1.0,0.55
Faux,Scythe,11,11,1.0,100%,1.18,1.18,13,3,0.39,0.39
