,Nom Anglais,nb games valide,total games,ratio,%,pts moy,pts moy total,total point,cout,pts par cout moy,pts par cout total
Totem du Gardien,Guardian Totem,8,8,1.0,100%,15.75,15.75,126,3,5.25,5.25
Le Traqueur,The Stalker,7,8,0.88,88%,18.0,15.75,126,3,6.0,5.25
Aveuglement,Incapacitor,8,8,1.0,100%,14.25,14.25,114,3,4.75,4.75
Vision Céleste,Heavenly Vision,3,8,0.38,38%,22.0,8.25,66,2,11.0,4.12
Esprit de l'Écuyer,Spirit of the Squire,7,8,0.88,88%,9.43,8.25,66,3,3.14,2.75
Œil de Lynx,Hawk's Eye,8,8,1.0,100%,8.0,8.0,64,0,Gratuit,Gratuit
Le Marionnettiste,The Puppeteer,3,8,0.38,38%,20.0,7.5,60,2,10.0,3.75
Armure d'Obsidienne,Obsidian Battle Plate,3,8,0.38,38%,20.0,7.5,60,2,10.0,3.75
Coup de Mort,Death Helper,4,8,0.5,50%,10.0,5.0,40,1,10.0,5.0
Assistance Divine,Sacred Help,2,8,0.25,25%,20.0,5.0,40,2,10.0,2.5
Le Visionnaire,The Visionary,2,8,0.25,25%,18.0,4.5,36,2,9.0,2.25
Armure d'Immortel,Immortal Breastplate,2,8,0.25,25%,14.0,3.5,28,1,14.0,3.5
Bâton de Conquête,Conquering Staff,1,8,0.12,12%,24.0,3.0,24,2,12.0,1.5
Amulette Omnisciente,Omnipresent Amulet,2,8,0.25,25%,11.0,2.75,22,0,Gratuit,Gratuit
Bâton du Conquérant,Staff of Conquered Worlds,2,8,0.25,25%,11.0,2.75,22,0,Gratuit,Gratuit
Esquive Salvatrice,Evasive Protection,1,8,0.12,12%,15.0,1.88,15,0,Gratuit,Gratuit
Force Divine,Divine Impetu,1,8,0.12,12%,11.0,1.38,11,0,Gratuit,Gratuit
Sabre Versatile,Versatil Saber,1,8,0.12,12%,11.0,1.38,11,1,11.0,1.38
Faux,Scythe,6,8,0.75,75%,1.5,1.12,9,3,0.5,0.37
Lame Affutée,Sharp Blade,1,8,0.12,12%,3.0,0.38,3,3,1.0,0.13
