,Nom Anglais,nb games valide,total games,ratio,%,pts moy,pts moy total,total point,cout,pts par cout moy,pts par cout total
Le Traqueur,The Stalker,8,9,0.89,89%,18.0,16.0,144,3,6.0,5.33
Totem du Gardien,Guardian Totem,9,9,1.0,100%,15.44,15.44,139,3,5.15,5.15
Aveuglement,Incapacitor,9,9,1.0,100%,15.0,15.0,135,3,5.0,5.0
Esprit de l'Écuyer,Spirit of the Squire,8,9,0.89,89%,11.25,10.0,90,3,3.75,3.33
Le Marionnettiste,The Puppeteer,4,9,0.44,44%,20.0,8.89,80,2,10.0,4.45
Armure d'Obsidienne,Obsidian Battle Plate,4,9,0.44,44%,20.0,8.89,80,2,10.0,4.45
Œil de Lynx,Hawk's Eye,9,9,1.0,100%,8.0,8.0,72,0,Gratuit,Gratuit
Vision Céleste,Heavenly Vision,3,9,0.33,33%,22.0,7.33,66,2,11.0,3.67
Coup de Mort,Death Helper,5,9,0.56,56%,10.0,5.56,50,1,10.0,5.56
Armure d'Immortel,Immortal Breastplate,3,9,0.33,33%,14.0,4.67,42,1,14.0,4.67
Assistance Divine,Sacred Help,2,9,0.22,22%,20.0,4.44,40,2,10.0,2.22
Le Visionnaire,The Visionary,2,9,0.22,22%,18.0,4.0,36,2,9.0,2.0
Amulette Omnisciente,Omnipresent Amulet,3,9,0.33,33%,11.0,3.67,33,0,Gratuit,Gratuit
Esquive Salvatrice,Evasive Protection,2,9,0.22,22%,15.0,3.33,30,0,Gratuit,Gratuit
Bâton de Conquête,Conquering Staff,1,9,0.11,11%,24.0,2.67,24,2,12.0,1.33
Force Divine,Divine Impetu,2,9,0.22,22%,11.0,2.44,22,0,Gratuit,Gratuit
Sabre Versatile,Versatil Saber,2,9,0.22,22%,11.0,2.44,22,1,11.0,2.44
Bâton du Conquérant,Staff of Conquered Worlds,2,9,0.22,22%,11.0,2.44,22,0,Gratuit,Gratuit
Faux,Scythe,7,9,0.78,78%,1.57,1.22,11,3,0.52,0.41
Lame Affutée,Sharp Blade,1,9,0.11,11%,3.0,0.33,3,3,1.0,0.11
