,Nom Anglais,nb games valide,total games,ratio,%,pts moy,pts moy total,total point,cout,pts par cout moy,pts par cout total,pts par cout moy+1,pts par cout total+1
Totem du Gardien,Guardian Totem,8,8,1.0,100%,18.12,18.12,145,3,6.04,6.04,4.53,4.53
Le Visionnaire,The Visionary,7,8,0.88,88%,18.0,15.75,126,2,9.0,7.88,6.0,5.25
Vision Céleste,Heavenly Vision,5,8,0.62,62%,22.0,13.75,110,2,11.0,6.88,7.33,4.58
Totem Équivalent,Equivalent Totem,8,8,1.0,100%,12.12,12.12,97,2,6.06,6.06,4.04,4.04
Le Traqueur,The Stalker,6,8,0.75,75%,16.0,12.0,96,3,5.33,4.0,4.0,3.0
Esprit de l'Écuyer,Spirit of the Squire,8,8,1.0,100%,12.0,12.0,96,3,4.0,4.0,3.0,3.0
Aveuglement,Incapacitor,7,8,0.88,88%,13.71,12.0,96,3,4.57,4.0,3.43,3.0
Bâton de Conquête,Conquering Staff,4,8,0.5,50%,24.0,12.0,96,2,12.0,6.0,8.0,4.0
Œil de Lynx,Hawk's Eye,8,8,1.0,100%,8.0,8.0,64,0,Gratuit,Gratuit,8.0,8.0
Esprit omniprésent,Omnipresent Spirit,3,8,0.38,38%,18.0,6.75,54,2,9.0,3.38,6.0,2.25
Marteau Collecteur,Collecting Hammer,5,8,0.62,62%,10.8,6.75,54,2,5.4,3.38,3.6,2.25
Amulette Omnisciente,Omnipresent Amulet,4,8,0.5,50%,11.0,5.5,44,0,Gratuit,Gratuit,11.0,5.5
Coup de Mort,Death Helper,4,8,0.5,50%,10.0,5.0,40,1,10.0,5.0,5.0,2.5
Armure d'Obsidienne,Obsidian Battle Plate,2,8,0.25,25%,20.0,5.0,40,2,10.0,2.5,6.67,1.67
Bâton du Conquérant,Staff of Conquered Worlds,3,8,0.38,38%,11.0,4.12,33,0,Gratuit,Gratuit,11.0,4.12
Armure d'Immortel,Immortal Breastplate,2,8,0.25,25%,14.0,3.5,28,1,14.0,3.5,7.0,1.75
Force Divine,Divine Impetu,2,8,0.25,25%,11.0,2.75,22,0,Gratuit,Gratuit,11.0,2.75
Sabre Versatile,Versatil Saber,2,8,0.25,25%,11.0,2.75,22,1,11.0,2.75,5.5,1.38
Marteleur précis,Precise Hammer,1,8,0.12,12%,18.0,2.25,18,1,18.0,2.25,9.0,1.12
Masse de Siège,Siege Mace,1,8,0.12,12%,16.0,2.0,16,0,Gratuit,Gratuit,16.0,2.0
Faux,Scythe,6,8,0.75,75%,1.33,1.0,8,3,0.44,0.33,0.33,0.25
Lame Affutée,Sharp Blade,2,8,0.25,25%,3.0,0.75,6,3,1.0,0.25,0.75,0.19
