,Nom Anglais,nb games valide,total games,ratio,%,pts moy,pts moy total,total point,cout,pts par cout moy,pts par cout total
Totem du Gardien,Guardian Totem,8,8,1.0,100%,19.12,19.12,153,3,6.37,6.37
Aveuglement,Incapacitor,8,8,1.0,100%,18.75,18.75,150,3,6.25,6.25
Le Traqueur,The Stalker,8,8,1.0,100%,18.0,18.0,144,3,6.0,6.0
Esprit de l'Écuyer,Spirit of the Squire,7,8,0.88,88%,18.0,15.75,126,3,6.0,5.25
Le Visionnaire,The Visionary,7,8,0.88,88%,18.0,15.75,126,2,9.0,7.88
Vision Céleste,Heavenly Vision,3,8,0.38,38%,22.0,8.25,66,2,11.0,4.12
Amulette Omnisciente,Omnipresent Amulet,6,8,0.75,75%,11.0,8.25,66,0,Gratuit,Gratuit
Œil de Lynx,Hawk's Eye,8,8,1.0,100%,8.0,8.0,64,0,Gratuit,Gratuit
Coup de Mort,Death Helper,6,8,0.75,75%,10.0,7.5,60,1,10.0,7.5
Bâton de Conquête,Conquering Staff,2,8,0.25,25%,24.0,6.0,48,2,12.0,3.0
Le Marionnettiste,The Puppeteer,2,8,0.25,25%,20.0,5.0,40,2,10.0,2.5
Esprit omniprésent,Omnipresent Spirit,2,8,0.25,25%,18.0,4.5,36,2,9.0,2.25
Armure d'Obsidienne,Obsidian Battle Plate,1,8,0.12,12%,20.0,2.5,20,2,10.0,1.25
Assistance Divine,Sacred Help,1,8,0.12,12%,20.0,2.5,20,2,10.0,1.25
Être de Lumière,Being of Light,1,8,0.12,12%,18.0,2.25,18,1,18.0,2.25
Esquive Salvatrice,Evasive Protection,1,8,0.12,12%,15.0,1.88,15,0,Gratuit,Gratuit
Lame Affutée,Sharp Blade,2,8,0.25,25%,7.5,1.88,15,3,2.5,0.63
Instinct Sanguinaire,Bloody Instinct,1,8,0.12,12%,15.0,1.88,15,2,7.5,0.94
Armure d'Immortel,Immortal Breastplate,1,8,0.12,12%,14.0,1.75,14,1,14.0,1.75
Sabre Versatile,Versatil Saber,1,8,0.12,12%,11.0,1.38,11,1,11.0,1.38
Force Divine,Divine Impetu,1,8,0.12,12%,11.0,1.38,11,0,Gratuit,Gratuit
Bâton du Conquérant,Staff of Conquered Worlds,1,8,0.12,12%,11.0,1.38,11,0,Gratuit,Gratuit
Faux,Scythe,7,8,0.88,88%,1.14,1.0,8,3,0.38,0.33
