,Nom Anglais,nb games valide,total games,ratio,%,pts moy,pts moy total,total point,cout,pts par cout moy,pts par cout total,pts par cout moy+1,pts par cout total+1
Le Visionnaire,The Visionary,4,4,1.0,100%,18.0,18.0,72,2,9.0,9.0,6.0,6.0
Totem du Gardien,Guardian Totem,4,4,1.0,100%,18.0,18.0,72,3,6.0,6.0,4.5,4.5
Vision Céleste,Heavenly Vision,3,4,0.75,75%,22.0,16.5,66,2,11.0,8.25,7.33,5.5
Esprit de l'Écuyer,Spirit of the Squire,4,4,1.0,100%,14.25,14.25,57,3,4.75,4.75,3.56,3.56
Totem Équivalent,Equivalent Totem,4,4,1.0,100%,12.25,12.25,49,2,6.12,6.12,4.08,4.08
Le Traqueur,The Stalker,3,4,0.75,75%,16.0,12.0,48,3,5.33,4.0,4.0,3.0
Bâton de Conquête,Conquering Staff,2,4,0.5,50%,24.0,12.0,48,2,12.0,6.0,8.0,4.0
Aveuglement,Incapacitor,3,4,0.75,75%,14.0,10.5,42,3,4.67,3.5,3.5,2.62
Esprit omniprésent,Omnipresent Spirit,2,4,0.5,50%,18.0,9.0,36,2,9.0,4.5,6.0,3.0
Œil de Lynx,Hawk's Eye,4,4,1.0,100%,8.0,8.0,32,0,Gratuit,Gratuit,8.0,8.0
Amulette Omnisciente,Omnipresent Amulet,2,4,0.5,50%,11.0,5.5,22,0,Gratuit,Gratuit,11.0,5.5
Coup de Mort,Death Helper,2,4,0.5,50%,10.0,5.0,20,1,10.0,5.0,5.0,2.5
Armure d'Obsidienne,Obsidian Battle Plate,1,4,0.25,25%,20.0,5.0,20,2,10.0,2.5,6.67,1.67
Marteleur précis,Precise Hammer,1,4,0.25,25%,18.0,4.5,18,1,18.0,4.5,9.0,2.25
Armure d'Immortel,Immortal Breastplate,1,4,0.25,25%,14.0,3.5,14,1,14.0,3.5,7.0,1.75
Marteau Collecteur,Collecting Hammer,2,4,0.5,50%,6.0,3.0,12,2,3.0,1.5,2.0,1.0
Force Divine,Divine Impetu,1,4,0.25,25%,11.0,2.75,11,0,Gratuit,Gratuit,11.0,2.75
Sabre Versatile,Versatil Saber,1,4,0.25,25%,11.0,2.75,11,1,11.0,2.75,5.5,1.38
Bâton du Conquérant,Staff of Conquered Worlds,1,4,0.25,25%,11.0,2.75,11,0,Gratuit,Gratuit,11.0,2.75
Faux,Scythe,3,4,0.75,75%,1.33,1.0,4,3,0.44,0.33,0.33,0.25
Lame Affutée,Sharp Blade,1,4,0.25,25%,3.0,0.75,3,3,1.0,0.25,0.75,0.19
