,Nom Anglais,nb games valide,total games,ratio,%,pts moy,pts moy total,total point,cout,pts par cout moy,pts par cout total
Le Visionnaire,The Visionary,3,3,1.0,100%,18.0,18.0,54,2,9.0,9.0
Totem du Gardien,Guardian Totem,3,3,1.0,100%,17.33,17.33,52,3,5.78,5.78
Bâton de Conquête,Conquering Staff,2,3,0.67,67%,24.0,16.0,48,2,12.0,8.0
Vision Céleste,Heavenly Vision,2,3,0.67,67%,22.0,14.67,44,2,11.0,7.33
Totem Équivalent,Equivalent Totem,3,3,1.0,100%,12.0,12.0,36,1,12.0,12.0
Esprit de l'Écuyer,Spirit of the Squire,3,3,1.0,100%,11.0,11.0,33,3,3.67,3.67
Le Traqueur,The Stalker,2,3,0.67,67%,16.0,10.67,32,3,5.33,3.56
Aveuglement,Incapacitor,2,3,0.67,67%,15.0,10.0,30,3,5.0,3.33
Œil de Lynx,Hawk's Eye,3,3,1.0,100%,8.0,8.0,24,0,Gratuit,Gratuit
Armure d'Obsidienne,Obsidian Battle Plate,1,3,0.33,33%,20.0,6.67,20,2,10.0,3.33
Marteleur précis,Precise Hammer,1,3,0.33,33%,18.0,6.0,18,1,18.0,6.0
Esprit omniprésent,Omnipresent Spirit,1,3,0.33,33%,18.0,6.0,18,2,9.0,3.0
Armure d'Immortel,Immortal Breastplate,1,3,0.33,33%,14.0,4.67,14,1,14.0,4.67
Marteau Collecteur,Collecting Hammer,2,3,0.67,67%,6.0,4.0,12,2,3.0,2.0
Amulette Omnisciente,Omnipresent Amulet,1,3,0.33,33%,11.0,3.67,11,0,Gratuit,Gratuit
Sabre Versatile,Versatil Saber,1,3,0.33,33%,11.0,3.67,11,1,11.0,3.67
Force Divine,Divine Impetu,1,3,0.33,33%,11.0,3.67,11,0,Gratuit,Gratuit
Coup de Mort,Death Helper,1,3,0.33,33%,10.0,3.33,10,1,10.0,3.33
Lame Affutée,Sharp Blade,1,3,0.33,33%,3.0,1.0,3,3,1.0,0.33
Faux,Scythe,2,3,0.67,67%,1.0,0.67,2,3,0.33,0.22
