,Nom Anglais,nb games valide,total games,ratio,%,pts moy,pts moy total,total point,cout,pts par cout moy,pts par cout total,pts par cout moy+1,pts par cout total+1
Totem Équivalent,Equivalent Totem,6,6,1.0,100%,12.5,12.5,75,2,6.25,6.25,4.17,4.17
Totem du Gardien,Guardian Totem,6,6,1.0,100%,12.17,12.17,73,3,4.06,4.06,3.04,3.04
Le Traqueur,The Stalker,4,6,0.67,67%,16.0,10.67,64,3,5.33,3.56,4.0,2.67
Esprit de l'Écuyer,Spirit of the Squire,6,6,1.0,100%,10.5,10.5,63,3,3.5,3.5,2.62,2.62
Aveuglement,Incapacitor,6,6,1.0,100%,10.0,10.0,60,3,3.33,3.33,2.5,2.5
Vision Céleste,Heavenly Vision,2,6,0.33,33%,22.0,7.33,44,2,11.0,3.67,7.33,2.44
Le Marionnettiste,The Puppeteer,2,6,0.33,33%,20.0,6.67,40,2,10.0,3.33,6.67,2.22
Œil de Lynx,Hawk's Eye,5,6,0.83,83%,8.0,6.67,40,0,Gratuit,Gratuit,8.0,6.67
Assistance Divine,Sacred Help,2,6,0.33,33%,20.0,6.67,40,2,10.0,3.33,6.67,2.22
Le Visionnaire,The Visionary,2,6,0.33,33%,18.0,6.0,36,2,9.0,3.0,6.0,2.0
Coup de Mort,Death Helper,2,6,0.33,33%,10.0,3.33,20,1,10.0,3.33,5.0,1.67
Armure d'Obsidienne,Obsidian Battle Plate,1,6,0.17,17%,20.0,3.33,20,2,10.0,1.67,6.67,1.11
Être de Lumière,Being of Light,1,6,0.17,17%,18.0,3.0,18,1,18.0,3.0,9.0,1.5
Marteau Collecteur,Collecting Hammer,2,6,0.33,33%,9.0,3.0,18,2,4.5,1.5,3.0,1.0
Marteleur précis,Precise Hammer,1,6,0.17,17%,18.0,3.0,18,1,18.0,3.0,9.0,1.5
Masse de Siège,Siege Mace,1,6,0.17,17%,16.0,2.67,16,0,Gratuit,Gratuit,16.0,2.67
Lame Affutée,Sharp Blade,3,6,0.5,50%,5.0,2.5,15,3,1.67,0.83,1.25,0.62
Soif de Sang,Thirsty Dagger,1,6,0.17,17%,15.0,2.5,15,0,Gratuit,Gratuit,15.0,2.5
Armure d'Immortel,Immortal Breastplate,1,6,0.17,17%,14.0,2.33,14,1,14.0,2.33,7.0,1.17
Force Divine,Divine Impetu,1,6,0.17,17%,11.0,1.83,11,0,Gratuit,Gratuit,11.0,1.83
Sabre Versatile,Versatil Saber,1,6,0.17,17%,11.0,1.83,11,1,11.0,1.83,5.5,0.92
Amulette Omnisciente,Omnipresent Amulet,1,6,0.17,17%,11.0,1.83,11,0,Gratuit,Gratuit,11.0,1.83
Bâton du Conquérant,Staff of Conquered Worlds,1,6,0.17,17%,11.0,1.83,11,0,Gratuit,Gratuit,11.0,1.83
Faux,Scythe,3,6,0.5,50%,1.33,0.67,4,3,0.44,0.22,0.33,0.17
