,Nom Anglais,nb games valide,total games,ratio,%,pts moy,pts moy total,total point,cout,pts par cout moy,pts par cout total,pts par cout moy+1,pts par cout total+1
Totem Équivalent,Equivalent Totem,7,7,1.0,100%,12.43,12.43,87,2,6.21,6.21,4.14,4.14
Totem du Gardien,Guardian Totem,7,7,1.0,100%,12.29,12.29,86,3,4.1,4.1,3.07,3.07
Esprit de l'Écuyer,Spirit of the Squire,7,7,1.0,100%,12.0,12.0,84,3,4.0,4.0,3.0,3.0
Le Traqueur,The Stalker,5,7,0.71,71%,16.0,11.43,80,3,5.33,3.81,4.0,2.86
Aveuglement,Incapacitor,7,7,1.0,100%,10.71,10.71,75,3,3.57,3.57,2.68,2.68
Vision Céleste,Heavenly Vision,3,7,0.43,43%,22.0,9.43,66,2,11.0,4.71,7.33,3.14
Le Marionnettiste,The Puppeteer,3,7,0.43,43%,20.0,8.57,60,2,10.0,4.29,6.67,2.86
Le Visionnaire,The Visionary,3,7,0.43,43%,18.0,7.71,54,2,9.0,3.85,6.0,2.57
Œil de Lynx,Hawk's Eye,6,7,0.86,86%,8.0,6.86,48,0,Gratuit,Gratuit,8.0,6.86
Assistance Divine,Sacred Help,2,7,0.29,29%,20.0,5.71,40,2,10.0,2.85,6.67,1.9
Coup de Mort,Death Helper,3,7,0.43,43%,10.0,4.29,30,1,10.0,4.29,5.0,2.15
Bâton de Conquête,Conquering Staff,1,7,0.14,14%,24.0,3.43,24,2,12.0,1.72,8.0,1.14
Bâton du Conquérant,Staff of Conquered Worlds,2,7,0.29,29%,11.0,3.14,22,0,Gratuit,Gratuit,11.0,3.14
Amulette Omnisciente,Omnipresent Amulet,2,7,0.29,29%,11.0,3.14,22,0,Gratuit,Gratuit,11.0,3.14
Armure d'Obsidienne,Obsidian Battle Plate,1,7,0.14,14%,20.0,2.86,20,2,10.0,1.43,6.67,0.95
Marteleur précis,Precise Hammer,1,7,0.14,14%,18.0,2.57,18,1,18.0,2.57,9.0,1.28
Marteau Collecteur,Collecting Hammer,2,7,0.29,29%,9.0,2.57,18,2,4.5,1.28,3.0,0.86
Être de Lumière,Being of Light,1,7,0.14,14%,18.0,2.57,18,1,18.0,2.57,9.0,1.28
Masse de Siège,Siege Mace,1,7,0.14,14%,16.0,2.29,16,0,Gratuit,Gratuit,16.0,2.29
Lame Affutée,Sharp Blade,3,7,0.43,43%,5.0,2.14,15,3,1.67,0.71,1.25,0.54
Soif de Sang,Thirsty Dagger,1,7,0.14,14%,15.0,2.14,15,0,Gratuit,Gratuit,15.0,2.14
Armure d'Immortel,Immortal Breastplate,1,7,0.14,14%,14.0,2.0,14,1,14.0,2.0,7.0,1.0
Sabre Versatile,Versatil Saber,1,7,0.14,14%,11.0,1.57,11,1,11.0,1.57,5.5,0.79
Force Divine,Divine Impetu,1,7,0.14,14%,11.0,1.57,11,0,Gratuit,Gratuit,11.0,1.57
Faux,Scythe,4,7,0.57,57%,1.5,0.86,6,3,0.5,0.29,0.38,0.21
