,Nom Anglais,nb games valide,total games,ratio,%,pts moy,pts moy total,total point,cout,pts par cout moy,pts par cout total,pts par cout moy+1,pts par cout total+1
Esprit de l'Écuyer,Spirit of the Squire,12,12,1.0,100%,15.0,15.0,180,3,5.0,5.0,3.75,3.75
Totem du Gardien,Guardian Totem,9,12,0.75,75%,19.78,14.83,178,3,6.59,4.94,4.95,3.71
Totem Équivalent,Equivalent Totem,12,12,1.0,100%,13.08,13.08,157,2,6.54,6.54,4.36,4.36
Aveuglement,Incapacitor,12,12,1.0,100%,12.0,12.0,144,3,4.0,4.0,3.0,3.0
Le Traqueur,The Stalker,8,12,0.67,67%,16.5,11.0,132,3,5.5,3.67,4.12,2.75
Le Visionnaire,The Visionary,7,12,0.58,58%,18.0,10.5,126,2,9.0,5.25,6.0,3.5
Bâton de Conquête,Conquering Staff,5,12,0.42,42%,24.0,10.0,120,2,12.0,5.0,8.0,3.33
Œil de Lynx,Hawk's Eye,12,12,1.0,100%,8.67,8.67,104,0,Gratuit,Gratuit,8.67,8.67
Vision Céleste,Heavenly Vision,4,12,0.33,33%,22.0,7.33,88,2,11.0,3.67,7.33,2.44
Assistance Divine,Sacred Help,4,12,0.33,33%,20.0,6.67,80,2,10.0,3.33,6.67,2.22
Armure d'Obsidienne,Obsidian Battle Plate,4,12,0.33,33%,20.0,6.67,80,2,10.0,3.33,6.67,2.22
Coup de Mort,Death Helper,7,12,0.58,58%,10.43,6.08,73,1,10.43,6.08,5.21,3.04
Esprit omniprésent,Omnipresent Spirit,4,12,0.33,33%,18.0,6.0,72,2,9.0,3.0,6.0,2.0
Marteau Collecteur,Collecting Hammer,6,12,0.5,50%,11.5,5.75,69,2,5.75,2.88,3.83,1.92
Amulette Omnisciente,Omnipresent Amulet,5,12,0.42,42%,11.0,4.58,55,0,Gratuit,Gratuit,11.0,4.58
Sabre Versatile,Versatil Saber,4,12,0.33,33%,11.0,3.67,44,1,11.0,3.67,5.5,1.83
Le Marionnettiste,The Puppeteer,2,12,0.17,17%,20.0,3.33,40,2,10.0,1.67,6.67,1.11
Bâton du Conquérant,Staff of Conquered Worlds,3,12,0.25,25%,11.0,2.75,33,0,Gratuit,Gratuit,11.0,2.75
Lame Affutée,Sharp Blade,4,12,0.33,33%,4.5,1.5,18,3,1.5,0.5,1.12,0.38
Être de Lumière,Being of Light,1,12,0.08,8%,18.0,1.5,18,1,18.0,1.5,9.0,0.75
Marteleur précis,Precise Hammer,1,12,0.08,8%,18.0,1.5,18,1,18.0,1.5,9.0,0.75
Masse de Siège,Siege Mace,1,12,0.08,8%,16.0,1.33,16,0,Gratuit,Gratuit,16.0,1.33
Faux,Scythe,11,12,0.92,92%,1.36,1.25,15,3,0.45,0.42,0.34,0.31
Armure d'Immortel,Immortal Breastplate,1,12,0.08,8%,14.0,1.17,14,1,14.0,1.17,7.0,0.58
Désintégrateur Magnétique,Magnetic Disintegrator,1,12,0.08,8%,11.0,0.92,11,0,Gratuit,Gratuit,11.0,0.92
Force Divine,Divine Impetu,1,12,0.08,8%,11.0,0.92,11,0,Gratuit,Gratuit,11.0,0.92
