,Nom Anglais,nb games valide,total games,ratio,%,pts moy,pts moy total,total point,cout,pts par cout moy,pts par cout total,pts par cout moy+1,pts par cout total+1
Esprit de l'Écuyer,Spirit of the Squire,4,4,1.0,100%,21.0,21.0,84,3,7.0,7.0,5.25,5.25
Totem du Gardien,Guardian Totem,4,4,1.0,100%,17.5,17.5,70,3,5.83,5.83,4.38,4.38
Le Traqueur,The Stalker,4,4,1.0,100%,16.0,16.0,64,3,5.33,5.33,4.0,4.0
Totem Équivalent,Equivalent Totem,4,4,1.0,100%,14.0,14.0,56,2,7.0,7.0,4.67,4.67
Bâton de Conquête,Conquering Staff,2,4,0.5,50%,24.0,12.0,48,2,12.0,6.0,8.0,4.0
Aveuglement,Incapacitor,3,4,0.75,75%,14.0,10.5,42,3,4.67,3.5,3.5,2.62
Armure d'Obsidienne,Obsidian Battle Plate,2,4,0.5,50%,20.0,10.0,40,2,10.0,5.0,6.67,3.33
Esprit omniprésent,Omnipresent Spirit,2,4,0.5,50%,18.0,9.0,36,2,9.0,4.5,6.0,3.0
Le Visionnaire,The Visionary,2,4,0.5,50%,18.0,9.0,36,2,9.0,4.5,6.0,3.0
Amulette Omnisciente,Omnipresent Amulet,3,4,0.75,75%,11.0,8.25,33,0,Gratuit,Gratuit,11.0,8.25
Œil de Lynx,Hawk's Eye,4,4,1.0,100%,8.0,8.0,32,0,Gratuit,Gratuit,8.0,8.0
Coup de Mort,Death Helper,3,4,0.75,75%,10.0,7.5,30,1,10.0,7.5,5.0,3.75
Armure d'Immortel,Immortal Breastplate,2,4,0.5,50%,14.0,7.0,28,1,14.0,7.0,7.0,3.5
Sabre Versatile,Versatil Saber,2,4,0.5,50%,11.0,5.5,22,1,11.0,5.5,5.5,2.75
Vision Céleste,Heavenly Vision,1,4,0.25,25%,22.0,5.5,22,2,11.0,2.75,7.33,1.83
Force Divine,Divine Impetu,2,4,0.5,50%,11.0,5.5,22,0,Gratuit,Gratuit,11.0,5.5
Assistance Divine,Sacred Help,1,4,0.25,25%,20.0,5.0,20,2,10.0,2.5,6.67,1.67
Être de Lumière,Being of Light,1,4,0.25,25%,18.0,4.5,18,1,18.0,4.5,9.0,2.25
Lame Affutée,Sharp Blade,2,4,0.5,50%,3.0,1.5,6,3,1.0,0.5,0.75,0.38
Faux,Scythe,2,4,0.5,50%,2.0,1.0,4,3,0.67,0.33,0.5,0.25
