,Nom Anglais,nb games valide,total games,ratio,%,pts moy,pts moy total,total point,cout,pts par cout moy,pts par cout total,pts par cout moy+1,pts par cout total+1
Totem du Gardien,Guardian Totem,8,8,1.0,100%,18.62,18.62,149,3,6.21,6.21,4.66,4.66
Bâton de Conquête,Conquering Staff,6,8,0.75,75%,24.0,18.0,144,2,12.0,9.0,8.0,6.0
Aveuglement,Incapacitor,7,8,0.88,88%,19.29,16.88,135,3,6.43,5.63,4.82,4.22
Esprit de l'Écuyer,Spirit of the Squire,8,8,1.0,100%,16.5,16.5,132,3,5.5,5.5,4.12,4.12
Le Traqueur,The Stalker,7,8,0.88,88%,16.0,14.0,112,3,5.33,4.67,4.0,3.5
Totem Équivalent,Equivalent Totem,8,8,1.0,100%,12.88,12.88,103,2,6.44,6.44,4.29,4.29
Le Visionnaire,The Visionary,5,8,0.62,62%,18.0,11.25,90,2,9.0,5.62,6.0,3.75
Vision Céleste,Heavenly Vision,4,8,0.5,50%,22.0,11.0,88,2,11.0,5.5,7.33,3.67
Armure d'Obsidienne,Obsidian Battle Plate,4,8,0.5,50%,20.0,10.0,80,2,10.0,5.0,6.67,3.33
Esprit omniprésent,Omnipresent Spirit,4,8,0.5,50%,18.0,9.0,72,2,9.0,4.5,6.0,3.0
Œil de Lynx,Hawk's Eye,8,8,1.0,100%,8.0,8.0,64,0,Gratuit,Gratuit,8.0,8.0
Amulette Omnisciente,Omnipresent Amulet,4,8,0.5,50%,11.0,5.5,44,0,Gratuit,Gratuit,11.0,5.5
Sabre Versatile,Versatil Saber,4,8,0.5,50%,11.0,5.5,44,1,11.0,5.5,5.5,2.75
Assistance Divine,Sacred Help,2,8,0.25,25%,20.0,5.0,40,2,10.0,2.5,6.67,1.67
Le Marionnettiste,The Puppeteer,2,8,0.25,25%,20.0,5.0,40,2,10.0,2.5,6.67,1.67
Coup de Mort,Death Helper,4,8,0.5,50%,10.0,5.0,40,1,10.0,5.0,5.0,2.5
Force Divine,Divine Impetu,3,8,0.38,38%,11.0,4.12,33,0,Gratuit,Gratuit,11.0,4.12
Armure d'Immortel,Immortal Breastplate,2,8,0.25,25%,14.0,3.5,28,1,14.0,3.5,7.0,1.75
Bâton du Conquérant,Staff of Conquered Worlds,2,8,0.25,25%,11.0,2.75,22,0,Gratuit,Gratuit,11.0,2.75
Être de Lumière,Being of Light,1,8,0.12,12%,18.0,2.25,18,1,18.0,2.25,9.0,1.12
Lame Affutée,Sharp Blade,5,8,0.62,62%,3.6,2.25,18,3,1.2,0.75,0.9,0.56
Hache Frénétique,Berseker Ax,1,8,0.12,12%,14.0,1.75,14,2,7.0,0.88,4.67,0.58
Marteau Collecteur,Collecting Hammer,1,8,0.12,12%,12.0,1.5,12,2,6.0,0.75,4.0,0.5
Faux,Scythe,6,8,0.75,75%,1.83,1.38,11,3,0.61,0.46,0.46,0.34
