,Nom Anglais,nb games valide,total games,ratio,%,pts moy,pts moy total,total point,cout,pts par cout moy,pts par cout total
Totem du Gardien,Guardian Totem,13,13,1.0,100%,19.92,19.92,259,3,6.64,6.64
Aveuglement,Incapacitor,13,13,1.0,100%,19.62,19.62,255,3,6.54,6.54
Le Traqueur,The Stalker,13,13,1.0,100%,18.0,18.0,234,3,6.0,6.0
Esprit de l'Écuyer,Spirit of the Squire,13,13,1.0,100%,16.15,16.15,210,3,5.38,5.38
Armure d'Obsidienne,Obsidian Battle Plate,10,13,0.77,77%,20.0,15.38,200,2,10.0,7.69
Vision Céleste,Heavenly Vision,9,13,0.69,69%,22.0,15.23,198,2,11.0,7.62
Le Visionnaire,The Visionary,7,13,0.54,54%,18.0,9.69,126,2,9.0,4.84
Bâton de Conquête,Conquering Staff,5,13,0.38,38%,24.0,9.23,120,2,12.0,4.62
Œil de Lynx,Hawk's Eye,13,13,1.0,100%,8.0,8.0,104,0,Gratuit,Gratuit
Coup de Mort,Death Helper,10,13,0.77,77%,10.0,7.69,100,1,10.0,7.69
Amulette Omnisciente,Omnipresent Amulet,9,13,0.69,69%,11.0,7.62,99,0,Gratuit,Gratuit
Assistance Divine,Sacred Help,4,13,0.31,31%,20.0,6.15,80,2,10.0,3.08
Le Marionnettiste,The Puppeteer,4,13,0.31,31%,20.0,6.15,80,2,10.0,3.08
Sabre Versatile,Versatil Saber,7,13,0.54,54%,11.0,5.92,77,1,11.0,5.92
Esquive Salvatrice,Evasive Protection,4,13,0.31,31%,15.0,4.62,60,0,Gratuit,Gratuit
Armure d'Immortel,Immortal Breastplate,4,13,0.31,31%,14.0,4.31,56,1,14.0,4.31
Instinct Sanguinaire,Bloody Instinct,3,13,0.23,23%,15.0,3.46,45,2,7.5,1.73
Esprit omniprésent,Omnipresent Spirit,2,13,0.15,15%,18.0,2.77,36,2,9.0,1.39
Force Divine,Divine Impetu,3,13,0.23,23%,11.0,2.54,33,0,Gratuit,Gratuit
Masse de Siège,Siege Mace,2,13,0.15,15%,16.0,2.46,32,0,Gratuit,Gratuit
Lame Affutée,Sharp Blade,4,13,0.31,31%,6.0,1.85,24,3,2.0,0.62
Bâton du Conquérant,Staff of Conquered Worlds,2,13,0.15,15%,11.0,1.69,22,0,Gratuit,Gratuit
Chasseur d'Âmes,Soul Hunter,1,13,0.08,8%,15.0,1.15,15,1,15.0,1.15
Faux,Scythe,10,13,0.77,77%,1.4,1.08,14,3,0.47,0.36
Destruction Royale,Royal Destroyer,1,13,0.08,8%,11.0,0.85,11,0,Gratuit,Gratuit
Désintégrateur Magnétique,Magnetic Disintegrator,1,13,0.08,8%,11.0,0.85,11,0,Gratuit,Gratuit
Danse Macabre,Dance of Death,1,13,0.08,8%,8.0,0.62,8,1,8.0,0.62
