,Nom Anglais,nb games valide,total games,ratio,%,pts moy,pts moy total,total point,cout,pts par cout moy,pts par cout total,pts par cout moy+1,pts par cout total+1
Esprit de l'Écuyer,Spirit of the Squire,5,5,1.0,100%,22.2,22.2,111,3,7.4,7.4,5.55,5.55
Totem du Gardien,Guardian Totem,5,5,1.0,100%,17.6,17.6,88,3,5.87,5.87,4.4,4.4
Le Traqueur,The Stalker,5,5,1.0,100%,16.0,16.0,80,3,5.33,5.33,4.0,4.0
Bâton de Conquête,Conquering Staff,3,5,0.6,60%,24.0,14.4,72,2,12.0,7.2,8.0,4.8
Totem Équivalent,Equivalent Totem,5,5,1.0,100%,14.2,14.2,71,2,7.1,7.1,4.73,4.73
Armure d'Obsidienne,Obsidian Battle Plate,3,5,0.6,60%,20.0,12.0,60,2,10.0,6.0,6.67,4.0
Aveuglement,Incapacitor,4,5,0.8,80%,15.0,12.0,60,3,5.0,4.0,3.75,3.0
Le Visionnaire,The Visionary,3,5,0.6,60%,18.0,10.8,54,2,9.0,5.4,6.0,3.6
Esprit omniprésent,Omnipresent Spirit,3,5,0.6,60%,18.0,10.8,54,2,9.0,5.4,6.0,3.6
Amulette Omnisciente,Omnipresent Amulet,4,5,0.8,80%,11.0,8.8,44,0,Gratuit,Gratuit,11.0,8.8
Vision Céleste,Heavenly Vision,2,5,0.4,40%,22.0,8.8,44,2,11.0,4.4,7.33,2.93
Coup de Mort,Death Helper,4,5,0.8,80%,10.0,8.0,40,1,10.0,8.0,5.0,4.0
Assistance Divine,Sacred Help,2,5,0.4,40%,20.0,8.0,40,2,10.0,4.0,6.67,2.67
Œil de Lynx,Hawk's Eye,5,5,1.0,100%,8.0,8.0,40,0,Gratuit,Gratuit,8.0,8.0
Force Divine,Divine Impetu,3,5,0.6,60%,11.0,6.6,33,0,Gratuit,Gratuit,11.0,6.6
Sabre Versatile,Versatil Saber,3,5,0.6,60%,11.0,6.6,33,1,11.0,6.6,5.5,3.3
Armure d'Immortel,Immortal Breastplate,2,5,0.4,40%,14.0,5.6,28,1,14.0,5.6,7.0,2.8
Être de Lumière,Being of Light,1,5,0.2,20%,18.0,3.6,18,1,18.0,3.6,9.0,1.8
Bâton du Conquérant,Staff of Conquered Worlds,1,5,0.2,20%,11.0,2.2,11,0,Gratuit,Gratuit,11.0,2.2
Lame Affutée,Sharp Blade,2,5,0.4,40%,3.0,1.2,6,3,1.0,0.4,0.75,0.3
Faux,Scythe,3,5,0.6,60%,2.0,1.2,6,3,0.67,0.4,0.5,0.3
