,Nom Anglais,nb games valide,total games,ratio,%,pts moy,pts moy total,total point,cout,pts par cout moy,pts par cout total,pts par cout moy+1,pts par cout total+1
Totem du Gardien,Guardian Totem,7,7,1.0,100%,15.14,15.14,106,3,5.05,5.05,3.79,3.79
Armure d'Obsidienne,Obsidian Battle Plate,5,7,0.71,71%,20.0,14.29,100,2,10.0,7.14,6.67,4.76
Esprit de l'Écuyer,Spirit of the Squire,7,7,1.0,100%,13.71,13.71,96,3,4.57,4.57,3.43,3.43
Totem Équivalent,Equivalent Totem,7,7,1.0,100%,13.29,13.29,93,2,6.64,6.64,4.43,4.43
Le Traqueur,The Stalker,5,7,0.71,71%,16.0,11.43,80,3,5.33,3.81,4.0,2.86
Coup de Mort,Death Helper,7,7,1.0,100%,10.0,10.0,70,1,10.0,10.0,5.0,5.0
Le Visionnaire,The Visionary,3,7,0.43,43%,18.0,7.71,54,2,9.0,3.85,6.0,2.57
Œil de Lynx,Hawk's Eye,6,7,0.86,86%,8.0,6.86,48,0,Gratuit,Gratuit,8.0,6.86
Aveuglement,Incapacitor,7,7,1.0,100%,6.86,6.86,48,3,2.29,2.29,1.72,1.72
Amulette Omnisciente,Omnipresent Amulet,4,7,0.57,57%,11.0,6.29,44,0,Gratuit,Gratuit,11.0,6.29
Le Marionnettiste,The Puppeteer,2,7,0.29,29%,20.0,5.71,40,2,10.0,2.85,6.67,1.9
Sabre Versatile,Versatil Saber,3,7,0.43,43%,11.0,4.71,33,1,11.0,4.71,5.5,2.35
Vision Céleste,Heavenly Vision,1,7,0.14,14%,22.0,3.14,22,2,11.0,1.57,7.33,1.05
Assistance Divine,Sacred Help,1,7,0.14,14%,20.0,2.86,20,2,10.0,1.43,6.67,0.95
Esprit omniprésent,Omnipresent Spirit,1,7,0.14,14%,18.0,2.57,18,2,9.0,1.28,6.0,0.86
Armure d'Immortel,Immortal Breastplate,1,7,0.14,14%,14.0,2.0,14,1,14.0,2.0,7.0,1.0
Hache Frénétique,Berseker Ax,1,7,0.14,14%,14.0,2.0,14,2,7.0,1.0,4.67,0.67
Lame Affutée,Sharp Blade,3,7,0.43,43%,3.0,1.29,9,3,1.0,0.43,0.75,0.32
Faux,Scythe,4,7,0.57,57%,1.5,0.86,6,3,0.5,0.29,0.38,0.21
Marteau Collecteur,Collecting Hammer,1,7,0.14,14%,6.0,0.86,6,2,3.0,0.43,2.0,0.29
