,Nom Anglais,nb games valide,total games,ratio,%,pts moy,pts moy total,total point,cout,pts par cout moy,pts par cout total
Aveuglement,Incapacitor,16,16,1.0,100%,18.94,18.94,303,3,6.31,6.31
Totem du Gardien,Guardian Totem,16,16,1.0,100%,17.88,17.88,286,3,5.96,5.96
Le Traqueur,The Stalker,14,16,0.88,88%,18.0,15.75,252,3,6.0,5.25
Le Visionnaire,The Visionary,10,16,0.62,62%,18.0,11.25,180,2,9.0,5.62
Vision Céleste,Heavenly Vision,7,16,0.44,44%,22.0,9.62,154,2,11.0,4.81
Bâton de Conquête,Conquering Staff,6,16,0.38,38%,24.0,9.0,144,2,12.0,4.5
Esprit de l'Écuyer,Spirit of the Squire,16,16,1.0,100%,7.88,7.88,126,3,2.63,2.63
Œil de Lynx,Hawk's Eye,14,16,0.88,88%,8.0,7.0,112,0,Gratuit,Gratuit
Instinct Sanguinaire,Bloody Instinct,6,16,0.38,38%,15.0,5.62,90,2,7.5,2.81
Armure d'Obsidienne,Obsidian Battle Plate,4,16,0.25,25%,20.0,5.0,80,2,10.0,2.5
Esprit omniprésent,Omnipresent Spirit,4,16,0.25,25%,18.0,4.5,72,2,9.0,2.25
Faux,Scythe,14,16,0.88,88%,4.14,3.62,58,3,1.38,1.21
Assistance Divine,Sacred Help,2,16,0.12,12%,20.0,2.5,40,2,10.0,1.25
Le Marionnettiste,The Puppeteer,2,16,0.12,12%,20.0,2.5,40,2,10.0,1.25
Marteleur précis,Precise Hammer,2,16,0.12,12%,18.0,2.25,36,1,18.0,2.25
Bâton du Conquérant,Staff of Conquered Worlds,3,16,0.19,19%,11.0,2.06,33,0,Gratuit,Gratuit
Amulette Omnisciente,Omnipresent Amulet,3,16,0.19,19%,11.0,2.06,33,0,Gratuit,Gratuit
Masse de Siège,Siege Mace,2,16,0.12,12%,16.0,2.0,32,0,Gratuit,Gratuit
Coup de Mort,Death Helper,3,16,0.19,19%,10.0,1.88,30,1,10.0,1.88
Ascension Divine,Divine Ascent,1,16,0.06,6%,25.0,1.56,25,3,8.33,0.52
Faux Assoiffées,Thirsty Scythes,1,16,0.06,6%,25.0,1.56,25,3,8.33,0.52
Sabre Versatile,Versatil Saber,2,16,0.12,12%,11.0,1.38,22,1,11.0,1.38
Économe Sagesse du Trésorier,Treasurer's Wisdom,1,16,0.06,6%,17.0,1.06,17,2,8.5,0.53
Esquive Salvatrice,Evasive Protection,1,16,0.06,6%,15.0,0.94,15,0,Gratuit,Gratuit
Armure d'Immortel,Immortal Breastplate,1,16,0.06,6%,14.0,0.88,14,1,14.0,0.88
Hache Frénétique,Berseker Ax,1,16,0.06,6%,14.0,0.88,14,2,7.0,0.44
Lame Affutée,Sharp Blade,3,16,0.19,19%,4.0,0.75,12,3,1.33,0.25
