,Nom Anglais,nb games valide,total games,ratio,%,pts moy,pts moy total,total point,cout,pts par cout moy,pts par cout total
Aveuglement,Incapacitor,13,13,1.0,100%,18.23,18.23,237,3,6.08,6.08
Totem du Gardien,Guardian Totem,13,13,1.0,100%,17.31,17.31,225,3,5.77,5.77
Le Traqueur,The Stalker,11,13,0.85,85%,18.0,15.23,198,3,6.0,5.08
Le Visionnaire,The Visionary,8,13,0.62,62%,18.0,11.08,144,2,9.0,5.54
Vision Céleste,Heavenly Vision,5,13,0.38,38%,22.0,8.46,110,2,11.0,4.23
Bâton de Conquête,Conquering Staff,4,13,0.31,31%,24.0,7.38,96,2,12.0,3.69
Œil de Lynx,Hawk's Eye,11,13,0.85,85%,8.0,6.77,88,0,Gratuit,Gratuit
Esprit de l'Écuyer,Spirit of the Squire,13,13,1.0,100%,6.23,6.23,81,3,2.08,2.08
Armure d'Obsidienne,Obsidian Battle Plate,3,13,0.23,23%,20.0,4.62,60,2,10.0,2.31
Instinct Sanguinaire,Bloody Instinct,4,13,0.31,31%,15.0,4.62,60,2,7.5,2.31
Faux,Scythe,12,13,0.92,92%,4.58,4.23,55,3,1.53,1.41
Esprit omniprésent,Omnipresent Spirit,3,13,0.23,23%,18.0,4.15,54,2,9.0,2.08
Assistance Divine,Sacred Help,2,13,0.15,15%,20.0,3.08,40,2,10.0,1.54
Le Marionnettiste,The Puppeteer,2,13,0.15,15%,20.0,3.08,40,2,10.0,1.54
Marteleur précis,Precise Hammer,2,13,0.15,15%,18.0,2.77,36,1,18.0,2.77
Ascension Divine,Divine Ascent,1,13,0.08,8%,25.0,1.92,25,3,8.33,0.64
Faux Assoiffées,Thirsty Scythes,1,13,0.08,8%,25.0,1.92,25,3,8.33,0.64
Amulette Omnisciente,Omnipresent Amulet,2,13,0.15,15%,11.0,1.69,22,0,Gratuit,Gratuit
Bâton du Conquérant,Staff of Conquered Worlds,2,13,0.15,15%,11.0,1.69,22,0,Gratuit,Gratuit
Économe Sagesse du Trésorier,Treasurer's Wisdom,1,13,0.08,8%,17.0,1.31,17,2,8.5,0.66
Masse de Siège,Siege Mace,1,13,0.08,8%,16.0,1.23,16,0,Gratuit,Gratuit
Hache Frénétique,Berseker Ax,1,13,0.08,8%,14.0,1.08,14,2,7.0,0.54
Lame Affutée,Sharp Blade,3,13,0.23,23%,4.0,0.92,12,3,1.33,0.31
Sabre Versatile,Versatil Saber,1,13,0.08,8%,11.0,0.85,11,1,11.0,0.85
Coup de Mort,Death Helper,1,13,0.08,8%,10.0,0.77,10,1,10.0,0.77
