,Nom Anglais,nb games valide,total games,ratio,%,pts moy,pts moy total,total point,cout,pts par cout moy,pts par cout total,pts par cout moy+1,pts par cout total+1
Totem Équivalent,Equivalent Totem,11,11,1.0,100%,13.0,13.0,143,2,6.5,6.5,4.33,4.33
Esprit de l'Écuyer,Spirit of the Squire,11,11,1.0,100%,12.82,12.82,141,3,4.27,4.27,3.21,3.21
Armure d'Obsidienne,Obsidian Battle Plate,7,11,0.64,64%,20.0,12.73,140,2,10.0,6.37,6.67,4.24
Totem du Gardien,Guardian Totem,9,11,0.82,82%,15.0,12.27,135,3,5.0,4.09,3.75,3.07
Le Traqueur,The Stalker,7,11,0.64,64%,16.57,10.55,116,3,5.52,3.52,4.14,2.64
Coup de Mort,Death Helper,10,11,0.91,91%,10.6,9.64,106,1,10.6,9.64,5.3,4.82
Aveuglement,Incapacitor,11,11,1.0,100%,9.55,9.55,105,3,3.18,3.18,2.39,2.39
Œil de Lynx,Hawk's Eye,10,11,0.91,91%,8.6,7.82,86,0,Gratuit,Gratuit,8.6,7.82
Amulette Omnisciente,Omnipresent Amulet,7,11,0.64,64%,12.14,7.73,85,0,Gratuit,Gratuit,12.14,7.73
Le Marionnettiste,The Puppeteer,4,11,0.36,36%,20.0,7.27,80,2,10.0,3.63,6.67,2.42
Le Visionnaire,The Visionary,4,11,0.36,36%,18.0,6.55,72,2,9.0,3.27,6.0,2.18
Vision Céleste,Heavenly Vision,3,11,0.27,27%,22.0,6.0,66,2,11.0,3.0,7.33,2.0
Marteau Collecteur,Collecting Hammer,3,11,0.27,27%,21.67,5.91,65,2,10.84,2.96,7.22,1.97
Bâton de Conquête,Conquering Staff,2,11,0.18,18%,24.0,4.36,48,2,12.0,2.18,8.0,1.45
Sabre Versatile,Versatil Saber,4,11,0.36,36%,11.0,4.0,44,1,11.0,4.0,5.5,2.0
Assistance Divine,Sacred Help,2,11,0.18,18%,20.0,3.64,40,2,10.0,1.82,6.67,1.21
Esprit omniprésent,Omnipresent Spirit,2,11,0.18,18%,18.0,3.27,36,2,9.0,1.64,6.0,1.09
Armure d'Immortel,Immortal Breastplate,2,11,0.18,18%,15.0,2.73,30,1,15.0,2.73,7.5,1.36
Marteleur précis,Precise Hammer,1,11,0.09,9%,18.0,1.64,18,1,18.0,1.64,9.0,0.82
Masse de Siège,Siege Mace,1,11,0.09,9%,16.0,1.45,16,0,Gratuit,Gratuit,16.0,1.45
Soif de Sang,Thirsty Dagger,1,11,0.09,9%,15.0,1.36,15,0,Gratuit,Gratuit,15.0,1.36
Force Divine,Divine Impetu,1,11,0.09,9%,15.0,1.36,15,0,Gratuit,Gratuit,15.0,1.36
Hache Frénétique,Berseker Ax,1,11,0.09,9%,14.0,1.27,14,2,7.0,0.64,4.67,0.42
Faux,Scythe,8,11,0.73,73%,1.62,1.18,13,3,0.54,0.39,0.41,0.29
Lame Affutée,Sharp Blade,4,11,0.36,36%,3.0,1.09,12,3,1.0,0.36,0.75,0.27
Bâton du Conquérant,Staff of Conquered Worlds,1,11,0.09,9%,11.0,1.0,11,0,Gratuit,Gratuit,11.0,1.0
Désintégrateur Magnétique,Magnetic Disintegrator,1,11,0.09,9%,11.0,1.0,11,0,Gratuit,Gratuit,11.0,1.0
