,Nom Anglais,nb games valide,total games,ratio,%,pts moy,pts moy total,total point,cout,pts par cout moy,pts par cout total
Totem du Gardien,Guardian Totem,13,13,1.0,100%,18.46,18.46,240,3,6.15,6.15
Armure d'Obsidienne,Obsidian Battle Plate,11,13,0.85,85%,20.0,16.92,220,2,10.0,8.46
Le Traqueur,The Stalker,11,13,0.85,85%,18.0,15.23,198,3,6.0,5.08
Aveuglement,Incapacitor,13,13,1.0,100%,14.54,14.54,189,3,4.85,4.85
Le Visionnaire,The Visionary,9,13,0.69,69%,18.0,12.46,162,2,9.0,6.23
Esprit omniprésent,Omnipresent Spirit,7,13,0.54,54%,18.0,9.69,126,2,9.0,4.84
Esprit de l'Écuyer,Spirit of the Squire,12,13,0.92,92%,10.5,9.69,126,3,3.5,3.23
Instinct Sanguinaire,Bloody Instinct,8,13,0.62,62%,15.0,9.23,120,2,7.5,4.62
Vision Céleste,Heavenly Vision,5,13,0.38,38%,22.0,8.46,110,2,11.0,4.23
Œil de Lynx,Hawk's Eye,11,13,0.85,85%,8.0,6.77,88,0,Gratuit,Gratuit
Bâton de Conquête,Conquering Staff,3,13,0.23,23%,24.0,5.54,72,2,12.0,2.77
Armure d'Immortel,Immortal Breastplate,5,13,0.38,38%,14.0,5.38,70,1,14.0,5.38
Esquive Salvatrice,Evasive Protection,4,13,0.31,31%,15.0,4.62,60,0,Gratuit,Gratuit
Coup de Mort,Death Helper,6,13,0.46,46%,10.0,4.62,60,1,10.0,4.62
Le Marionnettiste,The Puppeteer,3,13,0.23,23%,20.0,4.62,60,2,10.0,2.31
Sabre Versatile,Versatil Saber,5,13,0.38,38%,11.0,4.23,55,1,11.0,4.23
Force Divine,Divine Impetu,4,13,0.31,31%,11.0,3.38,44,0,Gratuit,Gratuit
Amulette Omnisciente,Omnipresent Amulet,4,13,0.31,31%,11.0,3.38,44,0,Gratuit,Gratuit
Lame Affutée,Sharp Blade,7,13,0.54,54%,3.86,2.08,27,3,1.29,0.69
Bâton du Conquérant,Staff of Conquered Worlds,2,13,0.15,15%,11.0,1.69,22,0,Gratuit,Gratuit
Faux,Scythe,11,13,0.85,85%,2.0,1.69,22,3,0.67,0.56
Assistance Divine,Sacred Help,1,13,0.08,8%,20.0,1.54,20,2,10.0,0.77
Marteleur précis,Precise Hammer,1,13,0.08,8%,18.0,1.38,18,1,18.0,1.38
Masse de Siège,Siege Mace,1,13,0.08,8%,16.0,1.23,16,0,Gratuit,Gratuit
Désintégrateur Magnétique,Magnetic Disintegrator,1,13,0.08,8%,11.0,0.85,11,0,Gratuit,Gratuit
