,Nom Anglais,nb games valide,total games,ratio,%,pts moy,pts moy total,total point,cout,pts par cout moy,pts par cout total,pts par cout moy+1,pts par cout total+1
Armure d'Obsidienne,Obsidian Battle Plate,3,4,0.75,75%,20.0,15.0,60,2,10.0,7.5,6.67,5.0
Esprit de l'Écuyer,Spirit of the Squire,4,4,1.0,100%,14.25,14.25,57,3,4.75,4.75,3.56,3.56
Totem Équivalent,Equivalent Totem,4,4,1.0,100%,12.5,12.5,50,2,6.25,6.25,4.17,4.17
Totem du Gardien,Guardian Totem,4,4,1.0,100%,11.75,11.75,47,3,3.92,3.92,2.94,2.94
Vision Céleste,Heavenly Vision,2,4,0.5,50%,22.0,11.0,44,2,11.0,5.5,7.33,3.67
Marteau Collecteur,Collecting Hammer,3,4,0.75,75%,14.0,10.5,42,2,7.0,5.25,4.67,3.5
Marteleur précis,Precise Hammer,2,4,0.5,50%,18.0,9.0,36,1,18.0,9.0,9.0,4.5
Le Visionnaire,The Visionary,2,4,0.5,50%,18.0,9.0,36,2,9.0,4.5,6.0,3.0
Amulette Omnisciente,Omnipresent Amulet,3,4,0.75,75%,11.0,8.25,33,0,Gratuit,Gratuit,11.0,8.25
Le Traqueur,The Stalker,2,4,0.5,50%,16.0,8.0,32,3,5.33,2.67,4.0,2.0
Masse de Siège,Siege Mace,2,4,0.5,50%,16.0,8.0,32,0,Gratuit,Gratuit,16.0,8.0
Armure d'Immortel,Immortal Breastplate,2,4,0.5,50%,14.0,7.0,28,1,14.0,7.0,7.0,3.5
Œil de Lynx,Hawk's Eye,3,4,0.75,75%,8.0,6.0,24,0,Gratuit,Gratuit,8.0,6.0
Sabre Versatile,Versatil Saber,2,4,0.5,50%,11.0,5.5,22,1,11.0,5.5,5.5,2.75
Force Divine,Divine Impetu,2,4,0.5,50%,11.0,5.5,22,0,Gratuit,Gratuit,11.0,5.5
Le Marionnettiste,The Puppeteer,1,4,0.25,25%,20.0,5.0,20,2,10.0,2.5,6.67,1.67
Coup de Mort,Death Helper,2,4,0.5,50%,10.0,5.0,20,1,10.0,5.0,5.0,2.5
Assistance Divine,Sacred Help,1,4,0.25,25%,20.0,5.0,20,2,10.0,2.5,6.67,1.67
Esprit omniprésent,Omnipresent Spirit,1,4,0.25,25%,18.0,4.5,18,2,9.0,2.25,6.0,1.5
Soif de Sang,Thirsty Dagger,1,4,0.25,25%,15.0,3.75,15,0,Gratuit,Gratuit,15.0,3.75
Lame Affutée,Sharp Blade,2,4,0.5,50%,6.0,3.0,12,3,2.0,1.0,1.5,0.75
Aveuglement,Incapacitor,3,4,0.75,75%,4.0,3.0,12,3,1.33,1.0,1.0,0.75
Désintégrateur Magnétique,Magnetic Disintegrator,1,4,0.25,25%,11.0,2.75,11,0,Gratuit,Gratuit,11.0,2.75
Faux,Scythe,1,4,0.25,25%,1.0,0.25,1,3,0.33,0.08,0.25,0.06
