,Nom Anglais,nb games valide,total games,ratio,%,pts moy,pts moy total,total point,cout,pts par cout moy,pts par cout total,pts par cout moy+1,pts par cout total+1
Totem du Gardien,Guardian Totem,6,6,1.0,100%,14.67,14.67,88,3,4.89,4.89,3.67,3.67
Aveuglement,Incapacitor,6,6,1.0,100%,13.5,13.5,81,3,4.5,4.5,3.38,3.38
Totem Équivalent,Equivalent Totem,6,6,1.0,100%,12.33,12.33,74,2,6.17,6.17,4.11,4.11
Bâton de Conquête,Conquering Staff,3,6,0.5,50%,24.0,12.0,72,2,12.0,6.0,8.0,4.0
Vision Céleste,Heavenly Vision,3,6,0.5,50%,22.0,11.0,66,2,11.0,5.5,7.33,3.67
Le Traqueur,The Stalker,4,6,0.67,67%,16.0,10.67,64,3,5.33,3.56,4.0,2.67
Œil de Lynx,Hawk's Eye,6,6,1.0,100%,8.0,8.0,48,0,Gratuit,Gratuit,8.0,8.0
Esprit de l'Écuyer,Spirit of the Squire,4,6,0.67,67%,11.25,7.5,45,3,3.75,2.5,2.81,1.88
Armure d'Obsidienne,Obsidian Battle Plate,2,6,0.33,33%,20.0,6.67,40,2,10.0,3.33,6.67,2.22
Bâton du Conquérant,Staff of Conquered Worlds,2,6,0.33,33%,11.0,3.67,22,0,Gratuit,Gratuit,11.0,3.67
Le Marionnettiste,The Puppeteer,1,6,0.17,17%,20.0,3.33,20,2,10.0,1.67,6.67,1.11
Coup de Mort,Death Helper,2,6,0.33,33%,10.0,3.33,20,1,10.0,3.33,5.0,1.67
Le Visionnaire,The Visionary,1,6,0.17,17%,18.0,3.0,18,2,9.0,1.5,6.0,1.0
Lame Affutée,Sharp Blade,2,6,0.33,33%,6.0,2.0,12,3,2.0,0.67,1.5,0.5
Marteau Collecteur,Collecting Hammer,2,6,0.33,33%,6.0,2.0,12,2,3.0,1.0,2.0,0.67
Sabre Versatile,Versatil Saber,1,6,0.17,17%,11.0,1.83,11,1,11.0,1.83,5.5,0.92
Faux,Scythe,6,6,1.0,100%,1.67,1.67,10,3,0.56,0.56,0.42,0.42
