,Nom Anglais,nb games valide,total games,ratio,%,pts moy,pts moy total,total point,cout,pts par cout moy,pts par cout total
Bâton de Conquête,Conquering Staff,1,1,1.0,100%,24.0,24.0,24,2,12.0,12.0
Vision Céleste,Heavenly Vision,1,1,1.0,100%,22.0,22.0,22,2,11.0,11.0
Aveuglement,Incapacitor,1,1,1.0,100%,18.0,18.0,18,3,6.0,6.0
Le Traqueur,The Stalker,1,1,1.0,100%,16.0,16.0,16,3,5.33,5.33
Totem du Gardien,Guardian Totem,1,1,1.0,100%,16.0,16.0,16,3,5.33,5.33
Totem Équivalent,Equivalent Totem,1,1,1.0,100%,12.0,12.0,12,1,12.0,12.0
Bâton du Conquérant,Staff of Conquered Worlds,1,1,1.0,100%,11.0,11.0,11,0,Gratuit,Gratuit
Lame Affutée,Sharp Blade,1,1,1.0,100%,9.0,9.0,9,3,3.0,3.0
Œil de Lynx,Hawk's Eye,1,1,1.0,100%,8.0,8.0,8,0,Gratuit,Gratuit
Marteau Collecteur,Collecting Hammer,1,1,1.0,100%,6.0,6.0,6,2,3.0,3.0
Esprit de l'Écuyer,Spirit of the Squire,1,1,1.0,100%,3.0,3.0,3,3,1.0,1.0
Faux,Scythe,1,1,1.0,100%,1.0,1.0,1,3,0.33,0.33
