,Nom Anglais,nb games valide,total games,ratio,%,pts moy,pts moy total,total point,cout,pts par cout moy,pts par cout total
Bâton de Conquête,Conquering Staff,2,2,1.0,100%,24.0,24.0,48,2,12.0,12.0
Aveuglement,Incapacitor,2,2,1.0,100%,16.5,16.5,33,3,5.5,5.5
Totem du Gardien,Guardian Totem,2,2,1.0,100%,13.0,13.0,26,3,4.33,4.33
Totem Équivalent,Equivalent Totem,2,2,1.0,100%,12.0,12.0,24,1,12.0,12.0
Vision Céleste,Heavenly Vision,1,2,0.5,50%,22.0,11.0,22,2,11.0,5.5
Le Traqueur,The Stalker,1,2,0.5,50%,16.0,8.0,16,3,5.33,2.67
Œil de Lynx,Hawk's Eye,2,2,1.0,100%,8.0,8.0,16,0,Gratuit,Gratuit
Bâton du Conquérant,Staff of Conquered Worlds,1,2,0.5,50%,11.0,5.5,11,0,Gratuit,Gratuit
Lame Affutée,Sharp Blade,1,2,0.5,50%,9.0,4.5,9,3,3.0,1.5
Marteau Collecteur,Collecting Hammer,1,2,0.5,50%,6.0,3.0,6,2,3.0,1.5
Esprit de l'Écuyer,Spirit of the Squire,1,2,0.5,50%,3.0,1.5,3,3,1.0,0.5
Faux,Scythe,2,2,1.0,100%,1.5,1.5,3,3,0.5,0.5
