,Nom Anglais,nb games valide,total games,ratio,%,pts moy,pts moy total,total point,cout,pts par cout moy,pts par cout total
Aveuglement,Incapacitor,10,10,1.0,100%,18.0,18.0,180,3,6.0,6.0
Le Traqueur,The Stalker,9,10,0.9,90%,18.0,16.2,162,3,6.0,5.4
Totem du Gardien,Guardian Totem,10,10,1.0,100%,16.2,16.2,162,3,5.4,5.4
Armure d'Obsidienne,Obsidian Battle Plate,5,10,0.5,50%,20.0,10.0,100,2,10.0,5.0
Esprit de l'Écuyer,Spirit of the Squire,9,10,0.9,90%,9.33,8.4,84,3,3.11,2.8
Œil de Lynx,Hawk's Eye,10,10,1.0,100%,8.0,8.0,80,0,Gratuit,Gratuit
Bâton de Conquête,Conquering Staff,3,10,0.3,30%,24.0,7.2,72,2,12.0,3.6
Vision Céleste,Heavenly Vision,3,10,0.3,30%,22.0,6.6,66,2,11.0,3.3
Esprit omniprésent,Omnipresent Spirit,3,10,0.3,30%,18.0,5.4,54,2,9.0,2.7
Le Marionnettiste,The Puppeteer,2,10,0.2,20%,20.0,4.0,40,2,10.0,2.0
Le Visionnaire,The Visionary,2,10,0.2,20%,18.0,3.6,36,2,9.0,1.8
Soif de Sang,Thirsty Dagger,2,10,0.2,20%,15.0,3.0,30,0,Gratuit,Gratuit
Lame Affutée,Sharp Blade,6,10,0.6,60%,4.5,2.7,27,3,1.5,0.9
Coup de Mort,Death Helper,2,10,0.2,20%,10.0,2.0,20,1,10.0,2.0
Instinct Sanguinaire,Bloody Instinct,1,10,0.1,10%,15.0,1.5,15,2,7.5,0.75
Armure d'Immortel,Immortal Breastplate,1,10,0.1,10%,14.0,1.4,14,1,14.0,1.4
Faux,Scythe,9,10,0.9,90%,1.44,1.3,13,3,0.48,0.43
Sabre Versatile,Versatil Saber,1,10,0.1,10%,11.0,1.1,11,1,11.0,1.1
Amulette Omnisciente,Omnipresent Amulet,1,10,0.1,10%,11.0,1.1,11,0,Gratuit,Gratuit
