,Nom Anglais,nb games valide,total games,ratio,%,pts moy,pts moy total,total point,cout,pts par cout moy,pts par cout total
Aveuglement,Incapacitor,9,9,1.0,100%,18.33,18.33,165,3,6.11,6.11
Totem du Gardien,Guardian Totem,9,9,1.0,100%,16.11,16.11,145,3,5.37,5.37
Le Traqueur,The Stalker,8,9,0.89,89%,18.0,16.0,144,3,6.0,5.33
Armure d'Obsidienne,Obsidian Battle Plate,4,9,0.44,44%,20.0,8.89,80,2,10.0,4.45
Œil de Lynx,Hawk's Eye,9,9,1.0,100%,8.0,8.0,72,0,Gratuit,Gratuit
Bâton de Conquête,Conquering Staff,3,9,0.33,33%,24.0,8.0,72,2,12.0,4.0
Esprit de l'Écuyer,Spirit of the Squire,8,9,0.89,89%,8.62,7.67,69,3,2.87,2.56
Esprit omniprésent,Omnipresent Spirit,3,9,0.33,33%,18.0,6.0,54,2,9.0,3.0
Vision Céleste,Heavenly Vision,2,9,0.22,22%,22.0,4.89,44,2,11.0,2.44
Le Visionnaire,The Visionary,2,9,0.22,22%,18.0,4.0,36,2,9.0,2.0
Soif de Sang,Thirsty Dagger,2,9,0.22,22%,15.0,3.33,30,0,Gratuit,Gratuit
Lame Affutée,Sharp Blade,6,9,0.67,67%,4.5,3.0,27,3,1.5,1.0
Le Marionnettiste,The Puppeteer,1,9,0.11,11%,20.0,2.22,20,2,10.0,1.11
Instinct Sanguinaire,Bloody Instinct,1,9,0.11,11%,15.0,1.67,15,2,7.5,0.83
Armure d'Immortel,Immortal Breastplate,1,9,0.11,11%,14.0,1.56,14,1,14.0,1.56
Sabre Versatile,Versatil Saber,1,9,0.11,11%,11.0,1.22,11,1,11.0,1.22
Faux,Scythe,8,9,0.89,89%,1.38,1.22,11,3,0.46,0.41
Coup de Mort,Death Helper,1,9,0.11,11%,10.0,1.11,10,1,10.0,1.11
