,Nom Anglais,nb games valide,total games,ratio,%,pts moy,pts moy total,total point,cout,pts par cout moy,pts par cout total
Le Traqueur,The Stalker,10,10,1.0,100%,18.0,18.0,180,3,6.0,6.0
Totem du Gardien,Guardian Totem,10,10,1.0,100%,16.6,16.6,166,3,5.53,5.53
Aveuglement,Incapacitor,10,10,1.0,100%,15.6,15.6,156,3,5.2,5.2
Armure d'Obsidienne,Obsidian Battle Plate,6,10,0.6,60%,20.0,12.0,120,2,10.0,6.0
Esprit de l'Écuyer,Spirit of the Squire,9,10,0.9,90%,11.67,10.5,105,3,3.89,3.5
Le Visionnaire,The Visionary,5,10,0.5,50%,18.0,9.0,90,2,9.0,4.5
Œil de Lynx,Hawk's Eye,10,10,1.0,100%,8.0,8.0,80,0,Gratuit,Gratuit
Bâton de Conquête,Conquering Staff,3,10,0.3,30%,24.0,7.2,72,2,12.0,3.6
Vision Céleste,Heavenly Vision,3,10,0.3,30%,22.0,6.6,66,2,11.0,3.3
Le Marionnettiste,The Puppeteer,3,10,0.3,30%,20.0,6.0,60,2,10.0,3.0
Instinct Sanguinaire,Bloody Instinct,3,10,0.3,30%,15.0,4.5,45,2,7.5,2.25
Amulette Omnisciente,Omnipresent Amulet,4,10,0.4,40%,11.0,4.4,44,0,Gratuit,Gratuit
Sabre Versatile,Versatil Saber,4,10,0.4,40%,11.0,4.4,44,1,11.0,4.4
Coup de Mort,Death Helper,3,10,0.3,30%,10.0,3.0,30,1,10.0,3.0
Soif de Sang,Thirsty Dagger,2,10,0.2,20%,15.0,3.0,30,0,Gratuit,Gratuit
Lame Affutée,Sharp Blade,7,10,0.7,70%,3.86,2.7,27,3,1.29,0.9
Bâton du Conquérant,Staff of Conquered Worlds,2,10,0.2,20%,11.0,2.2,22,0,Gratuit,Gratuit
Assistance Divine,Sacred Help,1,10,0.1,10%,20.0,2.0,20,2,10.0,1.0
Être de Lumière,Being of Light,1,10,0.1,10%,18.0,1.8,18,1,18.0,1.8
Marteleur précis,Precise Hammer,1,10,0.1,10%,18.0,1.8,18,1,18.0,1.8
Esprit omniprésent,Omnipresent Spirit,1,10,0.1,10%,18.0,1.8,18,2,9.0,0.9
Masse de Siège,Siege Mace,1,10,0.1,10%,16.0,1.6,16,0,Gratuit,Gratuit
Épée Obscure,Swords of Darkness,1,10,0.1,10%,15.0,1.5,15,1,15.0,1.5
Esquive Salvatrice,Evasive Protection,1,10,0.1,10%,15.0,1.5,15,0,Gratuit,Gratuit
Armure d'Immortel,Immortal Breastplate,1,10,0.1,10%,14.0,1.4,14,1,14.0,1.4
Faux,Scythe,8,10,0.8,80%,1.5,1.2,12,3,0.5,0.4
Force Divine,Divine Impetu,1,10,0.1,10%,11.0,1.1,11,0,Gratuit,Gratuit
Épées Jumelles,Twin Swords,1,10,0.1,10%,10.0,1.0,10,1,10.0,1.0
