,Nom Anglais,nb games valide,total games,ratio,%,pts moy,pts moy total,total point,cout,pts par cout moy,pts par cout total,pts par cout moy+1,pts par cout total+1
Le Traqueur,The Stalker,4,4,1.0,100%,20.0,20.0,80,3,6.67,6.67,5.0,5.0
Totem du Gardien,Guardian Totem,4,4,1.0,100%,16.5,16.5,66,3,5.5,5.5,4.12,4.12
Armure d'Immortel,Immortal Breastplate,3,4,0.75,75%,20.0,15.0,60,1,20.0,15.0,10.0,7.5
Armure d'Obsidienne,Obsidian Battle Plate,3,4,0.75,75%,20.0,15.0,60,2,10.0,7.5,6.67,5.0
Sabre Versatile,Versatil Saber,3,4,0.75,75%,18.0,13.5,54,1,18.0,13.5,9.0,6.75
Le Visionnaire,The Visionary,3,4,0.75,75%,18.0,13.5,54,2,9.0,6.75,6.0,4.5
Totem Équivalent,Equivalent Totem,4,4,1.0,100%,13.5,13.5,54,3,4.5,4.5,3.38,3.38
Marteau Collecteur,Collecting Hammer,3,4,0.75,75%,16.33,12.25,49,2,8.16,6.12,5.44,4.08
Le Marionnettiste,The Puppeteer,2,4,0.5,50%,20.0,10.0,40,2,10.0,5.0,6.67,3.33
Vision Céleste,Heavenly Vision,2,4,0.5,50%,20.0,10.0,40,2,10.0,5.0,6.67,3.33
Esprit de l'Écuyer,Spirit of the Squire,4,4,1.0,100%,8.25,8.25,33,3,2.75,2.75,2.06,2.06
Œil de Lynx,Hawk's Eye,4,4,1.0,100%,8.0,8.0,32,0,Gratuit,Gratuit,8.0,8.0
Amulette Omnisciente,Omnipresent Amulet,2,4,0.5,50%,15.0,7.5,30,0,Gratuit,Gratuit,15.0,7.5
Bâton de Conquête,Conquering Staff,1,4,0.25,25%,24.0,6.0,24,2,12.0,3.0,8.0,2.0
Aveuglement,Incapacitor,3,4,0.75,75%,7.0,5.25,21,3,2.33,1.75,1.75,1.31
Assistance Divine,Sacred Help,1,4,0.25,25%,20.0,5.0,20,2,10.0,2.5,6.67,1.67
Chasseur d'Âmes,Soul Hunter,1,4,0.25,25%,20.0,5.0,20,1,20.0,5.0,10.0,2.5
Esprit omniprésent,Omnipresent Spirit,1,4,0.25,25%,18.0,4.5,18,2,9.0,2.25,6.0,1.5
Soif de Sang,Thirsty Dagger,1,4,0.25,25%,15.0,3.75,15,0,Gratuit,Gratuit,15.0,3.75
Bâton du Conquérant,Staff of Conquered Worlds,1,4,0.25,25%,15.0,3.75,15,0,Gratuit,Gratuit,15.0,3.75
Force Divine,Divine Impetu,1,4,0.25,25%,15.0,3.75,15,0,Gratuit,Gratuit,15.0,3.75
Coup de Mort,Death Helper,1,4,0.25,25%,13.0,3.25,13,1,13.0,3.25,6.5,1.62
Lame Affutée,Sharp Blade,2,4,0.5,50%,4.5,2.25,9,3,1.5,0.75,1.12,0.56
Faux,Scythe,1,4,0.25,25%,1.0,0.25,1,3,0.33,0.08,0.25,0.06
