,Nom Anglais,nb games valide,total games,ratio,%,pts moy,pts moy total,total point,cout,pts par cout moy,pts par cout total
Aveuglement,Incapacitor,10,10,1.0,100%,34.2,34.2,342,3,11.4,11.4
Totem du Gardien,Guardian Totem,10,10,1.0,100%,22.7,22.7,227,3,7.57,7.57
Vision Céleste,Heavenly Vision,7,10,0.7,70%,22.0,15.4,154,2,11.0,7.7
Le Traqueur,The Stalker,8,10,0.8,80%,18.0,14.4,144,3,6.0,4.8
Le Visionnaire,The Visionary,7,10,0.7,70%,18.0,12.6,126,2,9.0,6.3
Bâton de Conquête,Conquering Staff,5,10,0.5,50%,24.0,12.0,120,2,12.0,6.0
Esprit de l'Écuyer,Spirit of the Squire,8,10,0.8,80%,11.62,9.3,93,3,3.87,3.1
Armure d'Obsidienne,Obsidian Battle Plate,4,10,0.4,40%,20.0,8.0,80,2,10.0,4.0
Bâton du Conquérant,Staff of Conquered Worlds,6,10,0.6,60%,11.0,6.6,66,0,Gratuit,Gratuit
Œil de Lynx,Hawk's Eye,8,10,0.8,80%,8.0,6.4,64,0,Gratuit,Gratuit
Lame Affutée,Sharp Blade,4,10,0.4,40%,12.0,4.8,48,3,4.0,1.6
Coup de Mort,Death Helper,4,10,0.4,40%,10.0,4.0,40,1,10.0,4.0
Faux,Scythe,10,10,1.0,100%,3.8,3.8,38,3,1.27,1.27
Amulette Omnisciente,Omnipresent Amulet,3,10,0.3,30%,11.0,3.3,33,0,Gratuit,Gratuit
Danse Macabre,Dance of Death,3,10,0.3,30%,8.0,2.4,24,1,8.0,2.4
Force Divine,Divine Impetu,2,10,0.2,20%,11.0,2.2,22,0,Gratuit,Gratuit
Sabre Versatile,Versatil Saber,2,10,0.2,20%,11.0,2.2,22,1,11.0,2.2
Le Marionnettiste,The Puppeteer,1,10,0.1,10%,20.0,2.0,20,2,10.0,1.0
Assistance Divine,Sacred Help,1,10,0.1,10%,20.0,2.0,20,2,10.0,1.0
Être de Lumière,Being of Light,1,10,0.1,10%,18.0,1.8,18,1,18.0,1.8
Esprit omniprésent,Omnipresent Spirit,1,10,0.1,10%,18.0,1.8,18,2,9.0,0.9
Économe Sagesse du Trésorier,Treasurer's Wisdom,1,10,0.1,10%,17.0,1.7,17,2,8.5,0.85
Soif de Sang,Thirsty Dagger,1,10,0.1,10%,15.0,1.5,15,0,Gratuit,Gratuit
Épée Obscure,Swords of Darkness,1,10,0.1,10%,15.0,1.5,15,1,15.0,1.5
Elan de Fureur,Rampage Momentum,1,10,0.1,10%,15.0,1.5,15,2,7.5,0.75
Le Croque-mort,The Undertaker,1,10,0.1,10%,14.0,1.4,14,1,14.0,1.4
Armure d'Immortel,Immortal Breastplate,1,10,0.1,10%,14.0,1.4,14,1,14.0,1.4
Désintégrateur Magnétique,Magnetic Disintegrator,1,10,0.1,10%,11.0,1.1,11,0,Gratuit,Gratuit
Épées Jumelles,Twin Swords,1,10,0.1,10%,10.0,1.0,10,1,10.0,1.0
Épé Sainte,Holy Sword,1,10,0.1,10%,10.0,1.0,10,0,Gratuit,Gratuit
