,Nom Anglais,nb games valide,total games,ratio,%,pts moy,pts moy total,total point,cout,pts par cout moy,pts par cout total
Aveuglement,Incapacitor,12,12,1.0,100%,31.75,31.75,381,3,10.58,10.58
Totem du Gardien,Guardian Totem,12,12,1.0,100%,22.83,22.83,274,3,7.61,7.61
Vision Céleste,Heavenly Vision,9,12,0.75,75%,22.0,16.5,198,2,11.0,8.25
Le Traqueur,The Stalker,10,12,0.83,83%,18.0,15.0,180,3,6.0,5.0
Le Visionnaire,The Visionary,9,12,0.75,75%,18.0,13.5,162,2,9.0,6.75
Bâton de Conquête,Conquering Staff,6,12,0.5,50%,24.0,12.0,144,2,12.0,6.0
Esprit de l'Écuyer,Spirit of the Squire,10,12,0.83,83%,13.2,11.0,132,3,4.4,3.67
Œil de Lynx,Hawk's Eye,10,12,0.83,83%,8.0,6.67,80,0,Gratuit,Gratuit
Armure d'Obsidienne,Obsidian Battle Plate,4,12,0.33,33%,20.0,6.67,80,2,10.0,3.33
Bâton du Conquérant,Staff of Conquered Worlds,6,12,0.5,50%,11.0,5.5,66,0,Gratuit,Gratuit
Lame Affutée,Sharp Blade,6,12,0.5,50%,9.0,4.5,54,3,3.0,1.5
Coup de Mort,Death Helper,5,12,0.42,42%,10.0,4.17,50,1,10.0,4.17
Amulette Omnisciente,Omnipresent Amulet,4,12,0.33,33%,11.0,3.67,44,0,Gratuit,Gratuit
Faux,Scythe,12,12,1.0,100%,3.58,3.58,43,3,1.19,1.19
Esprit omniprésent,Omnipresent Spirit,2,12,0.17,17%,18.0,3.0,36,2,9.0,1.5
Danse Macabre,Dance of Death,3,12,0.25,25%,8.0,2.0,24,1,8.0,2.0
Force Divine,Divine Impetu,2,12,0.17,17%,11.0,1.83,22,0,Gratuit,Gratuit
Sabre Versatile,Versatil Saber,2,12,0.17,17%,11.0,1.83,22,1,11.0,1.83
Le Marionnettiste,The Puppeteer,1,12,0.08,8%,20.0,1.67,20,2,10.0,0.83
Assistance Divine,Sacred Help,1,12,0.08,8%,20.0,1.67,20,2,10.0,0.83
Être de Lumière,Being of Light,1,12,0.08,8%,18.0,1.5,18,1,18.0,1.5
Économe Sagesse du Trésorier,Treasurer's Wisdom,1,12,0.08,8%,17.0,1.42,17,2,8.5,0.71
Soif de Sang,Thirsty Dagger,1,12,0.08,8%,15.0,1.25,15,0,Gratuit,Gratuit
Épée Obscure,Swords of Darkness,1,12,0.08,8%,15.0,1.25,15,1,15.0,1.25
Elan de Fureur,Rampage Momentum,1,12,0.08,8%,15.0,1.25,15,2,7.5,0.62
Le Croque-mort,The Undertaker,1,12,0.08,8%,14.0,1.17,14,1,14.0,1.17
Armure d'Immortel,Immortal Breastplate,1,12,0.08,8%,14.0,1.17,14,1,14.0,1.17
Désintégrateur Magnétique,Magnetic Disintegrator,1,12,0.08,8%,11.0,0.92,11,0,Gratuit,Gratuit
Épées Jumelles,Twin Swords,1,12,0.08,8%,10.0,0.83,10,1,10.0,0.83
Épé Sainte,Holy Sword,1,12,0.08,8%,10.0,0.83,10,0,Gratuit,Gratuit
