,Nom Anglais,nb games valide,total games,ratio,%,pts moy,pts moy total,total point,cout,pts par cout moy,pts par cout total,pts par cout moy+1,pts par cout total+1
Totem du Gardien,Guardian Totem,8,8,1.0,100%,15.62,15.62,125,3,5.21,5.21,3.9,3.9
Vision Céleste,Heavenly Vision,5,8,0.62,62%,22.0,13.75,110,2,11.0,6.88,7.33,4.58
Aveuglement,Incapacitor,8,8,1.0,100%,12.75,12.75,102,3,4.25,4.25,3.19,3.19
Totem Équivalent,Equivalent Totem,8,8,1.0,100%,12.0,12.0,96,2,6.0,6.0,4.0,4.0
Le Visionnaire,The Visionary,5,8,0.62,62%,18.0,11.25,90,2,9.0,5.62,6.0,3.75
Le Traqueur,The Stalker,5,8,0.62,62%,16.0,10.0,80,3,5.33,3.33,4.0,2.5
Esprit de l'Écuyer,Spirit of the Squire,6,8,0.75,75%,12.5,9.38,75,3,4.17,3.13,3.12,2.35
Bâton de Conquête,Conquering Staff,3,8,0.38,38%,24.0,9.0,72,2,12.0,4.5,8.0,3.0
Armure d'Obsidienne,Obsidian Battle Plate,3,8,0.38,38%,20.0,7.5,60,2,10.0,3.75,6.67,2.5
Œil de Lynx,Hawk's Eye,7,8,0.88,88%,8.0,7.0,56,0,Gratuit,Gratuit,8.0,7.0
Le Marionnettiste,The Puppeteer,2,8,0.25,25%,20.0,5.0,40,2,10.0,2.5,6.67,1.67
Coup de Mort,Death Helper,4,8,0.5,50%,10.0,5.0,40,1,10.0,5.0,5.0,2.5
Bâton du Conquérant,Staff of Conquered Worlds,3,8,0.38,38%,11.0,4.12,33,0,Gratuit,Gratuit,11.0,4.12
Marteau Collecteur,Collecting Hammer,3,8,0.38,38%,8.0,3.0,24,2,4.0,1.5,2.67,1.0
Force Divine,Divine Impetu,2,8,0.25,25%,11.0,2.75,22,0,Gratuit,Gratuit,11.0,2.75
Amulette Omnisciente,Omnipresent Amulet,2,8,0.25,25%,11.0,2.75,22,0,Gratuit,Gratuit,11.0,2.75
Sabre Versatile,Versatil Saber,2,8,0.25,25%,11.0,2.75,22,1,11.0,2.75,5.5,1.38
Marteleur précis,Precise Hammer,1,8,0.12,12%,18.0,2.25,18,1,18.0,2.25,9.0,1.12
Esprit omniprésent,Omnipresent Spirit,1,8,0.12,12%,18.0,2.25,18,2,9.0,1.12,6.0,0.75
Lame Affutée,Sharp Blade,4,8,0.5,50%,3.75,1.88,15,3,1.25,0.63,0.94,0.47
Faux,Scythe,8,8,1.0,100%,1.38,1.38,11,3,0.46,0.46,0.34,0.34
