,Nom Anglais,nb games valide,total games,ratio,%,pts moy,pts moy total,total point,cout,pts par cout moy,pts par cout total
Aveuglement,Incapacitor,13,13,1.0,100%,30.92,30.92,402,3,10.31,10.31
Totem du Gardien,Guardian Totem,13,13,1.0,100%,22.69,22.69,295,3,7.56,7.56
Vision Céleste,Heavenly Vision,10,13,0.77,77%,22.0,16.92,220,2,11.0,8.46
Le Traqueur,The Stalker,11,13,0.85,85%,18.0,15.23,198,3,6.0,5.08
Le Visionnaire,The Visionary,10,13,0.77,77%,18.0,13.85,180,2,9.0,6.92
Bâton de Conquête,Conquering Staff,6,13,0.46,46%,24.0,11.08,144,2,12.0,5.54
Esprit de l'Écuyer,Spirit of the Squire,11,13,0.85,85%,12.82,10.85,141,3,4.27,3.62
Œil de Lynx,Hawk's Eye,11,13,0.85,85%,8.0,6.77,88,0,Gratuit,Gratuit
Armure d'Obsidienne,Obsidian Battle Plate,4,13,0.31,31%,20.0,6.15,80,2,10.0,3.08
Bâton du Conquérant,Staff of Conquered Worlds,6,13,0.46,46%,11.0,5.08,66,0,Gratuit,Gratuit
Lame Affutée,Sharp Blade,7,13,0.54,54%,8.14,4.38,57,3,2.71,1.46
Coup de Mort,Death Helper,5,13,0.38,38%,10.0,3.85,50,1,10.0,3.85
Faux,Scythe,13,13,1.0,100%,3.46,3.46,45,3,1.15,1.15
Amulette Omnisciente,Omnipresent Amulet,4,13,0.31,31%,11.0,3.38,44,0,Gratuit,Gratuit
Le Marionnettiste,The Puppeteer,2,13,0.15,15%,20.0,3.08,40,2,10.0,1.54
Esprit omniprésent,Omnipresent Spirit,2,13,0.15,15%,18.0,2.77,36,2,9.0,1.39
Danse Macabre,Dance of Death,3,13,0.23,23%,8.0,1.85,24,1,8.0,1.85
Force Divine,Divine Impetu,2,13,0.15,15%,11.0,1.69,22,0,Gratuit,Gratuit
Sabre Versatile,Versatil Saber,2,13,0.15,15%,11.0,1.69,22,1,11.0,1.69
Assistance Divine,Sacred Help,1,13,0.08,8%,20.0,1.54,20,2,10.0,0.77
Être de Lumière,Being of Light,1,13,0.08,8%,18.0,1.38,18,1,18.0,1.38
Économe Sagesse du Trésorier,Treasurer's Wisdom,1,13,0.08,8%,17.0,1.31,17,2,8.5,0.66
Soif de Sang,Thirsty Dagger,1,13,0.08,8%,15.0,1.15,15,0,Gratuit,Gratuit
Épée Obscure,Swords of Darkness,1,13,0.08,8%,15.0,1.15,15,1,15.0,1.15
Elan de Fureur,Rampage Momentum,1,13,0.08,8%,15.0,1.15,15,2,7.5,0.57
Le Croque-mort,The Undertaker,1,13,0.08,8%,14.0,1.08,14,1,14.0,1.08
Armure d'Immortel,Immortal Breastplate,1,13,0.08,8%,14.0,1.08,14,1,14.0,1.08
Désintégrateur Magnétique,Magnetic Disintegrator,1,13,0.08,8%,11.0,0.85,11,0,Gratuit,Gratuit
Épées Jumelles,Twin Swords,1,13,0.08,8%,10.0,0.77,10,1,10.0,0.77
Épé Sainte,Holy Sword,1,13,0.08,8%,10.0,0.77,10,0,Gratuit,Gratuit
