,Nom Anglais,nb games valide,total games,ratio,%,pts moy,pts moy total,total point,cout,pts par cout moy,pts par cout total,pts par cout moy+1,pts par cout total+1
Totem Équivalent,Equivalent Totem,7,7,1.0,100%,12.43,12.43,87,2,6.21,6.21,4.14,4.14
Totem du Gardien,Guardian Totem,7,7,1.0,100%,11.43,11.43,80,3,3.81,3.81,2.86,2.86
Esprit de l'Écuyer,Spirit of the Squire,7,7,1.0,100%,10.71,10.71,75,3,3.57,3.57,2.68,2.68
Esprit omniprésent,Omnipresent Spirit,4,7,0.57,57%,18.0,10.29,72,2,9.0,5.14,6.0,3.43
Le Traqueur,The Stalker,4,7,0.57,57%,16.0,9.14,64,3,5.33,3.05,4.0,2.29
Assistance Divine,Sacred Help,3,7,0.43,43%,20.0,8.57,60,2,10.0,4.29,6.67,2.86
Armure d'Obsidienne,Obsidian Battle Plate,3,7,0.43,43%,20.0,8.57,60,2,10.0,4.29,6.67,2.86
Œil de Lynx,Hawk's Eye,6,7,0.86,86%,8.0,6.86,48,0,Gratuit,Gratuit,8.0,6.86
Aveuglement,Incapacitor,6,7,0.86,86%,6.5,5.57,39,3,2.17,1.86,1.62,1.39
Coup de Mort,Death Helper,3,7,0.43,43%,10.0,4.29,30,1,10.0,4.29,5.0,2.15
Armure d'Immortel,Immortal Breastplate,2,7,0.29,29%,14.0,4.0,28,1,14.0,4.0,7.0,2.0
Marteau Collecteur,Collecting Hammer,1,7,0.14,14%,24.0,3.43,24,2,12.0,1.72,8.0,1.14
Sabre Versatile,Versatil Saber,2,7,0.29,29%,11.0,3.14,22,1,11.0,3.14,5.5,1.57
Amulette Omnisciente,Omnipresent Amulet,2,7,0.29,29%,11.0,3.14,22,0,Gratuit,Gratuit,11.0,3.14
Vision Céleste,Heavenly Vision,1,7,0.14,14%,22.0,3.14,22,2,11.0,1.57,7.33,1.05
Marteleur précis,Precise Hammer,1,7,0.14,14%,18.0,2.57,18,1,18.0,2.57,9.0,1.28
Être de Lumière,Being of Light,1,7,0.14,14%,18.0,2.57,18,1,18.0,2.57,9.0,1.28
Masse de Siège,Siege Mace,1,7,0.14,14%,16.0,2.29,16,0,Gratuit,Gratuit,16.0,2.29
Hache Frénétique,Berseker Ax,1,7,0.14,14%,14.0,2.0,14,2,7.0,1.0,4.67,0.67
Force Divine,Divine Impetu,1,7,0.14,14%,11.0,1.57,11,0,Gratuit,Gratuit,11.0,1.57
Lame Affutée,Sharp Blade,2,7,0.29,29%,4.5,1.29,9,3,1.5,0.43,1.12,0.32
Faux,Scythe,2,7,0.29,29%,1.5,0.43,3,3,0.5,0.14,0.38,0.11
