,Nom Anglais,nb games valide,total games,ratio,%,pts moy,pts moy total,total point,cout,pts par cout moy,pts par cout total
Le Traqueur,The Stalker,2,2,1.0,100%,16.0,16.0,32,3,5.33,5.33
Totem Équivalent,Equivalent Totem,2,2,1.0,100%,14.5,14.5,29,1,14.5,14.5
Totem du Gardien,Guardian Totem,2,2,1.0,100%,14.0,14.0,28,3,4.67,4.67
Aveuglement,Incapacitor,2,2,1.0,100%,13.5,13.5,27,3,4.5,4.5
Esprit de l'Écuyer,Spirit of the Squire,2,2,1.0,100%,13.5,13.5,27,3,4.5,4.5
Bâton de Conquête,Conquering Staff,1,2,0.5,50%,24.0,12.0,24,2,12.0,6.0
Vision Céleste,Heavenly Vision,1,2,0.5,50%,22.0,11.0,22,2,11.0,5.5
Amulette Omnisciente,Omnipresent Amulet,2,2,1.0,100%,11.0,11.0,22,0,Gratuit,Gratuit
Assistance Divine,Sacred Help,1,2,0.5,50%,20.0,10.0,20,2,10.0,5.0
Le Marionnettiste,The Puppeteer,1,2,0.5,50%,20.0,10.0,20,2,10.0,5.0
Armure d'Obsidienne,Obsidian Battle Plate,1,2,0.5,50%,20.0,10.0,20,2,10.0,5.0
Coup de Mort,Death Helper,2,2,1.0,100%,10.0,10.0,20,1,10.0,10.0
Le Visionnaire,The Visionary,1,2,0.5,50%,18.0,9.0,18,2,9.0,4.5
Être de Lumière,Being of Light,1,2,0.5,50%,18.0,9.0,18,1,18.0,9.0
Œil de Lynx,Hawk's Eye,2,2,1.0,100%,8.0,8.0,16,0,Gratuit,Gratuit
Masse de Siège,Siege Mace,1,2,0.5,50%,16.0,8.0,16,0,Gratuit,Gratuit
Armure d'Immortel,Immortal Breastplate,1,2,0.5,50%,14.0,7.0,14,1,14.0,7.0
Marteau Collecteur,Collecting Hammer,1,2,0.5,50%,12.0,6.0,12,2,6.0,3.0
Bâton du Conquérant,Staff of Conquered Worlds,1,2,0.5,50%,11.0,5.5,11,0,Gratuit,Gratuit
Sabre Versatile,Versatil Saber,1,2,0.5,50%,11.0,5.5,11,1,11.0,5.5
Lame Affutée,Sharp Blade,1,2,0.5,50%,3.0,1.5,3,3,1.0,0.5
Faux,Scythe,2,2,1.0,100%,1.0,1.0,2,3,0.33,0.33
