,Nom Anglais,nb games valide,total games,ratio,%,pts moy,pts moy total,total point,cout,pts par cout moy,pts par cout total,pts par cout moy+1,pts par cout total+1
Bâton de Conquête,Conquering Staff,6,8,0.75,75%,24.0,18.0,144,2,12.0,9.0,8.0,6.0
Totem du Gardien,Guardian Totem,8,8,1.0,100%,16.12,16.12,129,3,5.37,5.37,4.03,4.03
Le Traqueur,The Stalker,8,8,1.0,100%,16.0,16.0,128,3,5.33,5.33,4.0,4.0
Aveuglement,Incapacitor,8,8,1.0,100%,15.38,15.38,123,3,5.13,5.13,3.85,3.85
Esprit de l'Écuyer,Spirit of the Squire,8,8,1.0,100%,15.0,15.0,120,3,5.0,5.0,3.75,3.75
Totem Équivalent,Equivalent Totem,8,8,1.0,100%,14.25,14.25,114,2,7.12,7.12,4.75,4.75
Armure d'Obsidienne,Obsidian Battle Plate,5,8,0.62,62%,20.0,12.5,100,2,10.0,6.25,6.67,4.17
Coup de Mort,Death Helper,7,8,0.88,88%,10.0,8.75,70,1,10.0,8.75,5.0,4.38
Vision Céleste,Heavenly Vision,3,8,0.38,38%,22.0,8.25,66,2,11.0,4.12,7.33,2.75
Œil de Lynx,Hawk's Eye,8,8,1.0,100%,8.0,8.0,64,0,Gratuit,Gratuit,8.0,8.0
Bâton du Conquérant,Staff of Conquered Worlds,5,8,0.62,62%,11.0,6.88,55,0,Gratuit,Gratuit,11.0,6.88
Amulette Omnisciente,Omnipresent Amulet,5,8,0.62,62%,11.0,6.88,55,0,Gratuit,Gratuit,11.0,6.88
Esprit omniprésent,Omnipresent Spirit,3,8,0.38,38%,18.0,6.75,54,2,9.0,3.38,6.0,2.25
Le Visionnaire,The Visionary,3,8,0.38,38%,18.0,6.75,54,2,9.0,3.38,6.0,2.25
Sabre Versatile,Versatil Saber,4,8,0.5,50%,11.0,5.5,44,1,11.0,5.5,5.5,2.75
Armure d'Immortel,Immortal Breastplate,3,8,0.38,38%,14.0,5.25,42,1,14.0,5.25,7.0,2.62
Assistance Divine,Sacred Help,2,8,0.25,25%,20.0,5.0,40,2,10.0,2.5,6.67,1.67
Être de Lumière,Being of Light,2,8,0.25,25%,18.0,4.5,36,1,18.0,4.5,9.0,2.25
Marteau Collecteur,Collecting Hammer,4,8,0.5,50%,9.0,4.5,36,2,4.5,2.25,3.0,1.5
Masse de Siège,Siege Mace,2,8,0.25,25%,16.0,4.0,32,0,Gratuit,Gratuit,16.0,4.0
Hache Frénétique,Berseker Ax,2,8,0.25,25%,14.0,3.5,28,2,7.0,1.75,4.67,1.17
Lame Affutée,Sharp Blade,3,8,0.38,38%,9.0,3.38,27,3,3.0,1.13,2.25,0.84
Force Divine,Divine Impetu,2,8,0.25,25%,11.0,2.75,22,0,Gratuit,Gratuit,11.0,2.75
Le Marionnettiste,The Puppeteer,1,8,0.12,12%,20.0,2.5,20,2,10.0,1.25,6.67,0.83
Marteleur précis,Precise Hammer,1,8,0.12,12%,18.0,2.25,18,1,18.0,2.25,9.0,1.12
Adrénaline Arcanique,Arcane Adrenaline,1,8,0.12,12%,16.0,2.0,16,1,16.0,2.0,8.0,1.0
Soif de Sang,Thirsty Dagger,1,8,0.12,12%,15.0,1.88,15,0,Gratuit,Gratuit,15.0,1.88
Faux,Scythe,8,8,1.0,100%,1.38,1.38,11,3,0.46,0.46,0.34,0.34
Danse Macabre,Dance of Death,1,8,0.12,12%,8.0,1.0,8,1,8.0,1.0,4.0,0.5
