,Nom Anglais,nb games valide,total games,ratio,%,pts moy,pts moy total,total point,cout,pts par cout moy,pts par cout total
Faux,Scythe,17,17,1.0,100%,14.65,14.65,249,3,4.88,4.88
Armure d'Obsidienne,Obsidian Battle Plate,10,17,0.59,59%,20.0,11.76,200,2,10.0,5.88
Aveuglement,Incapacitor,16,17,0.94,94%,10.69,10.06,171,3,3.56,3.35
Ascension Divine,Divine Ascent,6,17,0.35,35%,25.0,8.82,150,3,8.33,2.94
Hache Frénétique,Berseker Ax,10,17,0.59,59%,14.0,8.24,140,2,7.0,4.12
Lame Insatiable,Fast Furious Blade,7,17,0.41,41%,16.0,6.59,112,2,8.0,3.29
Économe Sagesse du Trésorier,Treasurer's Wisdom,6,17,0.35,35%,17.0,6.0,102,2,8.5,3.0
Mental d'Acier,Steel Aura,5,17,0.29,29%,18.0,5.29,90,2,9.0,2.65
Lame Affutée,Sharp Blade,13,17,0.76,76%,6.92,5.29,90,3,2.31,1.76
Esprit de l'Écuyer,Spirit of the Squire,12,17,0.71,71%,7.5,5.29,90,3,2.5,1.76
Totem du Gardien,Guardian Totem,17,17,1.0,100%,4.47,4.47,76,3,1.49,1.49
Chasseur d'Âmes,Soul Hunter,5,17,0.29,29%,15.0,4.41,75,1,15.0,4.41
Assistance Divine,Sacred Help,3,17,0.18,18%,20.0,3.53,60,2,10.0,1.76
Glaive Vindicatif,Large Sword of Hate,3,17,0.18,18%,20.0,3.53,60,1,20.0,3.53
Tombeau Rocheux,Rock Tomb,6,17,0.35,35%,10.0,3.53,60,1,10.0,3.53
Le Marionnettiste,The Puppeteer,3,17,0.18,18%,20.0,3.53,60,2,10.0,1.76
Sabre Versatile,Versatil Saber,5,17,0.29,29%,11.0,3.24,55,1,11.0,3.24
Marteleur précis,Precise Hammer,3,17,0.18,18%,18.0,3.18,54,1,18.0,3.18
Décharge Élémentaire,Elemental Discharge,3,17,0.18,18%,18.0,3.18,54,1,18.0,3.18
Parchemin Secret,Secret Scroll,3,17,0.18,18%,18.0,3.18,54,2,9.0,1.59
Explosion Arcanique,Arcane Explosive,4,17,0.24,24%,12.0,2.82,48,1,12.0,2.82
Désintégrateur Magnétique,Magnetic Disintegrator,4,17,0.24,24%,11.0,2.59,44,0,Gratuit,Gratuit
Esprit omniprésent,Omnipresent Spirit,2,17,0.12,12%,18.0,2.12,36,2,9.0,1.06
Griffes Sauvages,Wild Claw,16,17,0.94,94%,2.06,1.94,33,3,0.69,0.65
Destruction Royale,Royal Destroyer,3,17,0.18,18%,11.0,1.94,33,0,Gratuit,Gratuit
Frappe Chirurgicale,Accurate Sword,2,17,0.12,12%,16.0,1.88,32,1,16.0,1.88
Esprit Guerrier,Spirit of the Warrior,2,17,0.12,12%,16.0,1.88,32,1,16.0,1.88
Adrénaline Arcanique,Arcane Adrenaline,2,17,0.12,12%,16.0,1.88,32,1,16.0,1.88
Triple Météore,Trimeteor,1,17,0.06,6%,30.0,1.76,30,0,Gratuit,Gratuit
Bâton Élémentaire,Earthly Staff,2,17,0.12,12%,15.0,1.76,30,0,Gratuit,Gratuit
Soif de Sang,Thirsty Dagger,2,17,0.12,12%,15.0,1.76,30,0,Gratuit,Gratuit
Elan de Fureur,Rampage Momentum,2,17,0.12,12%,15.0,1.76,30,2,7.5,0.88
Esquive Salvatrice,Evasive Protection,2,17,0.12,12%,15.0,1.76,30,0,Gratuit,Gratuit
Armure d'Immortel,Immortal Breastplate,2,17,0.12,12%,14.0,1.65,28,1,14.0,1.65
Le Croque-mort,The Undertaker,2,17,0.12,12%,14.0,1.65,28,1,14.0,1.65
Couronne du Roi Nain,Crown of the Dwarf King,2,17,0.12,12%,13.0,1.53,26,0,Gratuit,Gratuit
Faux Assoiffées,Thirsty Scythes,1,17,0.06,6%,25.0,1.47,25,3,8.33,0.49
Bâton de Conquête,Conquering Staff,1,17,0.06,6%,24.0,1.41,24,2,12.0,0.7
Masse Colossale,Colossal Mace,2,17,0.12,12%,11.0,1.29,22,0,Gratuit,Gratuit
Épé Sainte,Holy Sword,2,17,0.12,12%,10.0,1.18,20,0,Gratuit,Gratuit
Pillard Féroce,Savage Looter,1,17,0.06,6%,20.0,1.18,20,1,20.0,1.18
Épées Jumelles,Twin Swords,1,17,0.06,6%,20.0,1.18,20,1,20.0,1.18
Lance Triplée,Triple Spear,1,17,0.06,6%,20.0,1.18,20,0,Gratuit,Gratuit
Coup de Mort,Death Helper,2,17,0.12,12%,10.0,1.18,20,1,10.0,1.18
Chasseresse d'Âmes,Huntress of Souls,1,17,0.06,6%,19.0,1.12,19,1,19.0,1.12
Être de Lumière,Being of Light,1,17,0.06,6%,18.0,1.06,18,1,18.0,1.06
Griffes Démoniaques,Demon Claws,1,17,0.06,6%,17.0,1.0,17,1,17.0,1.0
Danse Macabre,Dance of Death,2,17,0.12,12%,8.0,0.94,16,1,8.0,0.94
Masse de Siège,Siege Mace,1,17,0.06,6%,16.0,0.94,16,0,Gratuit,Gratuit
Œil de Lynx,Hawk's Eye,2,17,0.12,12%,8.0,0.94,16,0,Gratuit,Gratuit
Épée Obscure,Swords of Darkness,1,17,0.06,6%,15.0,0.88,15,1,15.0,0.88
Instinct Sanguinaire,Bloody Instinct,1,17,0.06,6%,15.0,0.88,15,2,7.5,0.44
Amulette Omnisciente,Omnipresent Amulet,1,17,0.06,6%,11.0,0.65,11,0,Gratuit,Gratuit
Force Divine,Divine Impetu,1,17,0.06,6%,11.0,0.65,11,0,Gratuit,Gratuit
Lance Doublée,Dual Spear,1,17,0.06,6%,8.0,0.47,8,0,Gratuit,Gratuit
