,Nom Anglais,nb games valide,total games,ratio,%,pts moy,pts moy total,total point,cout,pts par cout moy,pts par cout total,pts par cout moy+1,pts par cout total+1
Marteau Dévastateur,Destroyer Hammer,8,8,1.0,100%,13.25,13.25,106,2,6.62,6.62,4.42,4.42
Sceau Profanateur,Seal of Desecration,3,8,0.38,38%,26.67,10.0,80,2,13.34,5.0,8.89,3.33
Masque du Baron,Baron' s Mask,4,8,0.5,50%,20.0,10.0,80,2,10.0,5.0,6.67,3.33
Chasse au Gros,Big Worm Hunter,5,8,0.62,62%,15.6,9.75,78,3,5.2,3.25,3.9,2.44
Marteau Conquérant,Conquest Hammer,3,8,0.38,38%,22.0,8.25,66,3,7.33,2.75,5.5,2.06
Première Ligne,First Line,8,8,1.0,100%,8.0,8.0,64,0,Gratuit,Gratuit,8.0,8.0
Perce-Écailles,Scale Tearer,6,8,0.75,75%,10.0,7.5,60,3,3.33,2.5,2.5,1.88
Protection Royale,Royal Protector,3,8,0.38,38%,17.0,6.38,51,1,17.0,6.38,8.5,3.19
L'Oeil du Héraut,Eye of the Void,4,8,0.5,50%,12.0,6.0,48,0,Gratuit,Gratuit,12.0,6.0
Poigne d'Or,Golden Force,2,8,0.25,25%,23.0,5.75,46,1,23.0,5.75,11.5,2.88
Gardien Sous-terrain,Underworld Guardian,3,8,0.38,38%,15.0,5.62,45,1,15.0,5.62,7.5,2.81
Esprit de la Faille,Spirit of the Rift,2,8,0.25,25%,20.0,5.0,40,2,10.0,2.5,6.67,1.67
Écailles Magiques,Magic Scales,2,8,0.25,25%,20.0,5.0,40,2,10.0,2.5,6.67,1.67
Folie Meurtrière,Killer Momentum,1,8,0.12,12%,30.0,3.75,30,0,Gratuit,Gratuit,30.0,3.75
Âme de Dragon Élémentaire,Elemental Dragon Soul,1,8,0.12,12%,25.0,3.12,25,1,25.0,3.12,12.5,1.56
Frappes Éclair,Light Swords,2,8,0.25,25%,12.0,3.0,24,0,Gratuit,Gratuit,12.0,3.0
