,Nom Anglais,nb games valide,total games,ratio,%,pts moy,pts moy total,total point,cout,pts par cout moy,pts par cout total,pts par cout moy+1,pts par cout total+1
Marteau Dévastateur,Destroyer Hammer,5,5,1.0,100%,11.6,11.6,58,2,5.8,5.8,3.87,3.87
Première Ligne,First Line,5,5,1.0,100%,8.0,8.0,40,0,Gratuit,Gratuit,8.0,8.0
Masque du Baron,Baron' s Mask,2,5,0.4,40%,20.0,8.0,40,2,10.0,4.0,6.67,2.67
Chasse au Gros,Big Worm Hunter,3,5,0.6,60%,13.0,7.8,39,3,4.33,2.6,3.25,1.95
L'Oeil du Héraut,Eye of the Void,3,5,0.6,60%,10.67,6.4,32,0,Gratuit,Gratuit,10.67,6.4
Folie Meurtrière,Killer Momentum,1,5,0.2,20%,30.0,6.0,30,0,Gratuit,Gratuit,30.0,6.0
Perce-Écailles,Scale Tearer,3,5,0.6,60%,8.33,5.0,25,3,2.78,1.67,2.08,1.25
Sceau Profanateur,Seal of Desecration,1,5,0.2,20%,24.0,4.8,24,2,12.0,2.4,8.0,1.6
Poigne d'Or,Golden Force,1,5,0.2,20%,23.0,4.6,23,1,23.0,4.6,11.5,2.3
Marteau Conquérant,Conquest Hammer,1,5,0.2,20%,22.0,4.4,22,3,7.33,1.47,5.5,1.1
Esprit de la Faille,Spirit of the Rift,1,5,0.2,20%,20.0,4.0,20,2,10.0,2.0,6.67,1.33
Écailles Magiques,Magic Scales,1,5,0.2,20%,20.0,4.0,20,2,10.0,2.0,6.67,1.33
Protection Royale,Royal Protector,1,5,0.2,20%,17.0,3.4,17,1,17.0,3.4,8.5,1.7
Gardien Sous-terrain,Underworld Guardian,1,5,0.2,20%,15.0,3.0,15,1,15.0,3.0,7.5,1.5
Frappes Éclair,Light Swords,1,5,0.2,20%,12.0,2.4,12,0,Gratuit,Gratuit,12.0,2.4
