,Nom Anglais,nb games valide,total games,ratio,%,pts moy,pts moy total,total point,cout,pts par cout moy,pts par cout total,pts par cout moy+1,pts par cout total+1
Esprit de la Faille,Spirit of the Rift,4,6,0.67,67%,20.0,13.33,80,2,10.0,6.67,6.67,4.44
L'Oeil du Héraut,Eye of the Void,5,6,0.83,83%,11.2,9.33,56,0,Gratuit,Gratuit,11.2,9.33
Chasse au Gros,Big Worm Hunter,2,6,0.33,33%,26.0,8.67,52,3,8.67,2.89,6.5,2.17
Marteau Dévastateur,Destroyer Hammer,5,6,0.83,83%,9.6,8.0,48,2,4.8,4.0,3.2,2.67
Marteau Conquérant,Conquest Hammer,2,6,0.33,33%,22.0,7.33,44,3,7.33,2.44,5.5,1.83
Masque du Baron,Baron' s Mask,2,6,0.33,33%,20.0,6.67,40,2,10.0,3.33,6.67,2.22
Perce-Écailles,Scale Tearer,2,6,0.33,33%,17.5,5.83,35,3,5.83,1.94,4.38,1.46
Protection Royale,Royal Protector,2,6,0.33,33%,17.0,5.67,34,1,17.0,5.67,8.5,2.83
Folie Meurtrière,Killer Momentum,1,6,0.17,17%,30.0,5.0,30,0,Gratuit,Gratuit,30.0,5.0
Gardien Sous-terrain,Underworld Guardian,2,6,0.33,33%,15.0,5.0,30,1,15.0,5.0,7.5,2.5
Âme de Dragon Élémentaire,Elemental Dragon Soul,1,6,0.17,17%,25.0,4.17,25,1,25.0,4.17,12.5,2.08
Sceau Profanateur,Seal of Desecration,2,6,0.33,33%,12.0,4.0,24,2,6.0,2.0,4.0,1.33
Poigne d'Or,Golden Force,1,6,0.17,17%,23.0,3.83,23,1,23.0,3.83,11.5,1.92
Écailles Magiques,Magic Scales,1,6,0.17,17%,20.0,3.33,20,2,10.0,1.67,6.67,1.11
Première Ligne,First Line,2,6,0.33,33%,8.0,2.67,16,0,Gratuit,Gratuit,8.0,2.67
Frappes Éclair,Light Swords,1,6,0.17,17%,12.0,2.0,12,0,Gratuit,Gratuit,12.0,2.0
