,Nom Anglais,nb games valide,total games,ratio,%,pts moy,pts moy total,total point,cout,pts par cout moy,pts par cout total,pts par cout moy+1,pts par cout total+1
Masque du Baron,Baron' s Mask,1,3,0.33,33%,25.0,8.33,25,2,12.5,4.17,8.33,2.78
Gardien Sous-terrain,Underworld Guardian,1,3,0.33,33%,18.0,6.0,18,1,18.0,6.0,9.0,3.0
Chasse au Gros,Big Worm Hunter,1,3,0.33,33%,15.0,5.0,15,3,5.0,1.67,3.75,1.25
Perce-Écailles,Scale Tearer,2,3,0.67,67%,7.0,4.67,14,3,2.33,1.56,1.75,1.17
Marteau Dévastateur,Destroyer Hammer,2,3,0.67,67%,3.0,2.0,6,2,1.5,1.0,1.0,0.67
