,Nom Anglais,nb games valide,total games,ratio,%,pts moy,pts moy total,total point,cout,pts par cout moy,pts par cout total,pts par cout moy+1,pts par cout total+1
Esprit de la Faille,Spirit of the Rift,2,3,0.67,67%,25.0,16.67,50,2,12.5,8.34,8.33,5.56
L'Oeil du Héraut,Eye of the Void,2,3,0.67,67%,13.5,9.0,27,0,Gratuit,Gratuit,13.5,9.0
Écailles Magiques,Magic Scales,1,3,0.33,33%,25.0,8.33,25,2,12.5,4.17,8.33,2.78
Perce-Écailles,Scale Tearer,2,3,0.67,67%,10.5,7.0,21,3,3.5,2.33,2.62,1.75
Marteau Dévastateur,Destroyer Hammer,3,3,1.0,100%,3.33,3.33,10,2,1.67,1.67,1.11,1.11
Première Ligne,First Line,1,3,0.33,33%,8.0,2.67,8,0,Gratuit,Gratuit,8.0,2.67
