,Nom Anglais,nb games valide,total games,ratio,%,pts moy,pts moy total,total point,cout,pts par cout moy,pts par cout total
Perce-Écailles,Scale Tearer,5,5,1.0,100%,15.0,15.0,75,3,5.0,5.0
Marteau Dévastateur,Destroyer Hammer,5,5,1.0,100%,14.8,14.8,74,2,7.4,7.4
Marteau Conquérant,Conquest Hammer,3,5,0.6,60%,22.0,13.2,66,3,7.33,4.4
Folie Meurtrière,Killer Momentum,2,5,0.4,40%,30.0,12.0,60,0,Gratuit,Gratuit
Esprit de la Faille,Spirit of the Rift,3,5,0.6,60%,20.0,12.0,60,2,10.0,6.0
Écailles Magiques,Magic Scales,3,5,0.6,60%,20.0,12.0,60,2,10.0,6.0
L'Oeil du Héraut,Eye of the Void,5,5,1.0,100%,11.2,11.2,56,0,Gratuit,Gratuit
Chasse au Gros,Big Worm Hunter,3,5,0.6,60%,17.33,10.4,52,3,5.78,3.47
Protection Royale,Royal Protector,3,5,0.6,60%,17.0,10.2,51,1,17.0,10.2
Sceau Profanateur,Seal of Desecration,3,5,0.6,60%,16.0,9.6,48,2,8.0,4.8
Poigne d'Or,Golden Force,2,5,0.4,40%,23.0,9.2,46,1,23.0,9.2
Première Ligne,First Line,5,5,1.0,100%,8.0,8.0,40,0,Gratuit,Gratuit
Masque du Baron,Baron' s Mask,2,5,0.4,40%,20.0,8.0,40,2,10.0,4.0
Gardien Sous-terrain,Underworld Guardian,2,5,0.4,40%,15.0,6.0,30,1,15.0,6.0
Âme de Dragon Élémentaire,Elemental Dragon Soul,1,5,0.2,20%,25.0,5.0,25,1,25.0,5.0
Frappes Éclair,Light Swords,2,5,0.4,40%,12.0,4.8,24,0,Gratuit,Gratuit
