,Nom Anglais,nb games valide,total games,ratio,%,pts moy,pts moy total,total point,cout,pts par cout moy,pts par cout total,pts par cout moy+1,pts par cout total+1
Marteau Conquérant,Conquest Hammer,6,9,0.67,67%,22.0,14.67,132,3,7.33,4.89,5.5,3.67
Âme de Dragon Élémentaire,Elemental Dragon Soul,5,9,0.56,56%,25.0,13.89,125,1,25.0,13.89,12.5,6.95
Perce-Écailles,Scale Tearer,7,9,0.78,78%,17.14,13.33,120,3,5.71,4.44,4.29,3.33
Marteau Dévastateur,Destroyer Hammer,8,9,0.89,89%,13.5,12.0,108,2,6.75,6.0,4.5,4.0
Écailles Magiques,Magic Scales,5,9,0.56,56%,20.0,11.11,100,2,10.0,5.55,6.67,3.7
Poigne d'Or,Golden Force,4,9,0.44,44%,23.0,10.22,92,1,23.0,10.22,11.5,5.11
Chasse au Gros,Big Worm Hunter,6,9,0.67,67%,15.17,10.11,91,3,5.06,3.37,3.79,2.53
Masque du Baron,Baron' s Mask,4,9,0.44,44%,20.0,8.89,80,2,10.0,4.45,6.67,2.96
Esprit de la Faille,Spirit of the Rift,4,9,0.44,44%,20.0,8.89,80,2,10.0,4.45,6.67,2.96
Protection Royale,Royal Protector,4,9,0.44,44%,17.0,7.56,68,1,17.0,7.56,8.5,3.78
L'Oeil du Héraut,Eye of the Void,6,9,0.67,67%,10.67,7.11,64,0,Gratuit,Gratuit,10.67,7.11
Gardien Sous-terrain,Underworld Guardian,4,9,0.44,44%,15.0,6.67,60,1,15.0,6.67,7.5,3.33
Première Ligne,First Line,6,9,0.67,67%,8.0,5.33,48,0,Gratuit,Gratuit,8.0,5.33
Sceau Profanateur,Seal of Desecration,5,9,0.56,56%,9.6,5.33,48,2,4.8,2.67,3.2,1.78
Folie Meurtrière,Killer Momentum,2,9,0.22,22%,22.0,4.89,44,0,Gratuit,Gratuit,22.0,4.89
Frappes Éclair,Light Swords,3,9,0.33,33%,12.0,4.0,36,0,Gratuit,Gratuit,12.0,4.0
