,Nom Anglais,nb games valide,total games,ratio,%,pts moy,pts moy total,total point,cout,pts par cout moy,pts par cout total
Âme de Dragon Élémentaire,Elemental Dragon Soul,1,1,1.0,100%,25.0,25.0,25,1,25.0,25.0
Perce-Écailles,Scale Tearer,1,1,1.0,100%,20.0,20.0,20,3,6.67,6.67
Esprit de la Faille,Spirit of the Rift,1,1,1.0,100%,20.0,20.0,20,2,10.0,10.0
Écailles Magiques,Magic Scales,1,1,1.0,100%,20.0,20.0,20,2,10.0,10.0
L'Oeil du Héraut,Eye of the Void,1,1,1.0,100%,16.0,16.0,16,0,Gratuit,Gratuit
Première Ligne,First Line,1,1,1.0,100%,8.0,8.0,8,0,Gratuit,Gratuit
Marteau Dévastateur,Destroyer Hammer,1,1,1.0,100%,8.0,8.0,8,2,4.0,4.0
