,Nom Anglais,nb games valide,total games,ratio,%,pts moy,pts moy total,total point,cout,pts par cout moy,pts par cout total
Écailles Magiques,Magic Scales,4,4,1.0,100%,20.0,20.0,80,2,10.0,10.0
Perce-Écailles,Scale Tearer,4,4,1.0,100%,16.25,16.25,65,3,5.42,5.42
Esprit de la Faille,Spirit of the Rift,3,4,0.75,75%,20.0,15.0,60,2,10.0,7.5
Âme de Dragon Élémentaire,Elemental Dragon Soul,2,4,0.5,50%,25.0,12.5,50,1,25.0,12.5
Marteau Dévastateur,Destroyer Hammer,4,4,1.0,100%,11.5,11.5,46,2,5.75,5.75
Poigne d'Or,Golden Force,2,4,0.5,50%,23.0,11.5,46,1,23.0,11.5
Marteau Conquérant,Conquest Hammer,2,4,0.5,50%,22.0,11.0,44,3,7.33,3.67
L'Oeil du Héraut,Eye of the Void,3,4,0.75,75%,13.33,10.0,40,0,Gratuit,Gratuit
Masque du Baron,Baron' s Mask,2,4,0.5,50%,20.0,10.0,40,2,10.0,5.0
Protection Royale,Royal Protector,2,4,0.5,50%,17.0,8.5,34,1,17.0,8.5
Première Ligne,First Line,4,4,1.0,100%,8.0,8.0,32,0,Gratuit,Gratuit
Gardien Sous-terrain,Underworld Guardian,2,4,0.5,50%,15.0,7.5,30,1,15.0,7.5
Chasse au Gros,Big Worm Hunter,2,4,0.5,50%,13.0,6.5,26,3,4.33,2.17
Frappes Éclair,Light Swords,2,4,0.5,50%,12.0,6.0,24,0,Gratuit,Gratuit
Sceau Profanateur,Seal of Desecration,2,4,0.5,50%,8.0,4.0,16,2,4.0,2.0
