,Nom Anglais,nb games valide,total games,ratio,%,pts moy,pts moy total,total point,cout,pts par cout moy,pts par cout total,pts par cout moy+1,pts par cout total+1
Marteau Conquérant,Conquest Hammer,5,7,0.71,71%,22.0,15.71,110,3,7.33,5.24,5.5,3.93
Marteau Dévastateur,Destroyer Hammer,7,7,1.0,100%,15.43,15.43,108,2,7.71,7.71,5.14,5.14
Sceau Profanateur,Seal of Desecration,5,7,0.71,71%,16.0,11.43,80,2,8.0,5.71,5.33,3.81
Masque du Baron,Baron' s Mask,4,7,0.57,57%,20.0,11.43,80,2,10.0,5.71,6.67,3.81
Écailles Magiques,Magic Scales,4,7,0.57,57%,20.0,11.43,80,2,10.0,5.71,6.67,3.81
Chasse au Gros,Big Worm Hunter,5,7,0.71,71%,15.6,11.14,78,3,5.2,3.71,3.9,2.79
Perce-Écailles,Scale Tearer,6,7,0.86,86%,12.5,10.71,75,3,4.17,3.57,3.12,2.68
Protection Royale,Royal Protector,4,7,0.57,57%,17.0,9.71,68,1,17.0,9.71,8.5,4.86
Âme de Dragon Élémentaire,Elemental Dragon Soul,2,7,0.29,29%,25.0,7.14,50,1,25.0,7.14,12.5,3.57
Première Ligne,First Line,6,7,0.86,86%,8.0,6.86,48,0,Gratuit,Gratuit,8.0,6.86
L'Oeil du Héraut,Eye of the Void,5,7,0.71,71%,8.0,5.71,40,0,Gratuit,Gratuit,8.0,5.71
Esprit de la Faille,Spirit of the Rift,2,7,0.29,29%,20.0,5.71,40,2,10.0,2.85,6.67,1.9
Gardien Sous-terrain,Underworld Guardian,2,7,0.29,29%,15.0,4.29,30,1,15.0,4.29,7.5,2.15
Poigne d'Or,Golden Force,1,7,0.14,14%,23.0,3.29,23,1,23.0,3.29,11.5,1.65
Frappes Éclair,Light Swords,1,7,0.14,14%,12.0,1.71,12,0,Gratuit,Gratuit,12.0,1.71
