,Nom Anglais,nb games valide,total games,ratio,%,pts moy,pts moy total,total point,cout,pts par cout moy,pts par cout total
Marteau Conquérant,Conquest Hammer,1,1,1.0,100%,22.0,22.0,22,3,7.33,7.33
Masque du Baron,Baron' s Mask,1,1,1.0,100%,20.0,20.0,20,2,10.0,10.0
Sceau Profanateur,Seal of Desecration,1,1,1.0,100%,16.0,16.0,16,2,8.0,8.0
Marteau Dévastateur,Destroyer Hammer,1,1,1.0,100%,16.0,16.0,16,2,8.0,8.0
Chasse au Gros,Big Worm Hunter,1,1,1.0,100%,13.0,13.0,13,3,4.33,4.33
L'Oeil du Héraut,Eye of the Void,1,1,1.0,100%,8.0,8.0,8,0,Gratuit,Gratuit
Première Ligne,First Line,1,1,1.0,100%,8.0,8.0,8,0,Gratuit,Gratuit
Perce-Écailles,Scale Tearer,1,1,1.0,100%,5.0,5.0,5,3,1.67,1.67
