,Nom Anglais,nb games valide,total games,ratio,%,pts moy,pts moy total,total point,cout,pts par cout moy,pts par cout total
Écailles Magiques,Magic Scales,2,2,1.0,100%,20.0,20.0,40,2,10.0,10.0
Chasse au Gros,Big Worm Hunter,1,2,0.5,50%,26.0,13.0,26,3,8.67,4.33
Perce-Écailles,Scale Tearer,2,2,1.0,100%,12.5,12.5,25,3,4.17,4.17
Marteau Dévastateur,Destroyer Hammer,2,2,1.0,100%,12.0,12.0,24,2,6.0,6.0
Marteau Conquérant,Conquest Hammer,1,2,0.5,50%,22.0,11.0,22,3,7.33,3.67
Esprit de la Faille,Spirit of the Rift,1,2,0.5,50%,20.0,10.0,20,2,10.0,5.0
Première Ligne,First Line,2,2,1.0,100%,8.0,8.0,16,0,Gratuit,Gratuit
L'Oeil du Héraut,Eye of the Void,1,2,0.5,50%,8.0,4.0,8,0,Gratuit,Gratuit
Sceau Profanateur,Seal of Desecration,1,2,0.5,50%,8.0,4.0,8,2,4.0,2.0
