,Nom Anglais,nb games valide,total games,ratio,%,pts moy,pts moy total,total point,cout,pts par cout moy,pts par cout total
Chasse au Gros,Big Worm Hunter,1,1,1.0,100%,26.0,26.0,26,3,8.67,8.67
Marteau Conquérant,Conquest Hammer,1,1,1.0,100%,22.0,22.0,22,3,7.33,7.33
Esprit de la Faille,Spirit of the Rift,1,1,1.0,100%,20.0,20.0,20,2,10.0,10.0
Écailles Magiques,Magic Scales,1,1,1.0,100%,20.0,20.0,20,2,10.0,10.0
Marteau Dévastateur,Destroyer Hammer,1,1,1.0,100%,18.0,18.0,18,2,9.0,9.0
Perce-Écailles,Scale Tearer,1,1,1.0,100%,15.0,15.0,15,3,5.0,5.0
L'Oeil du Héraut,Eye of the Void,1,1,1.0,100%,8.0,8.0,8,0,Gratuit,Gratuit
Première Ligne,First Line,1,1,1.0,100%,8.0,8.0,8,0,Gratuit,Gratuit
Sceau Profanateur,Seal of Desecration,1,1,1.0,100%,8.0,8.0,8,2,4.0,4.0
