,Nom Anglais,nb games valide,total games,ratio,%,pts moy,pts moy total,total point,cout,pts par cout moy,pts par cout total,pts par cout moy+1,pts par cout total+1
Esprit de la Faille,Spirit of the Rift,8,9,0.89,89%,20.0,17.78,160,2,10.0,8.89,6.67,5.93
Marteau Conquérant,Conquest Hammer,7,9,0.78,78%,22.0,17.11,154,3,7.33,5.7,5.5,4.28
Marteau Dévastateur,Destroyer Hammer,8,9,0.89,89%,16.75,14.89,134,2,8.38,7.45,5.58,4.96
Chasse au Gros,Big Worm Hunter,7,9,0.78,78%,18.57,14.44,130,3,6.19,4.81,4.64,3.61
Perce-Écailles,Scale Tearer,8,9,0.89,89%,15.0,13.33,120,3,5.0,4.44,3.75,3.33
Masque du Baron,Baron' s Mask,6,9,0.67,67%,20.0,13.33,120,2,10.0,6.67,6.67,4.44
Écailles Magiques,Magic Scales,5,9,0.56,56%,20.0,11.11,100,2,10.0,5.55,6.67,3.7
L'Oeil du Héraut,Eye of the Void,8,9,0.89,89%,12.0,10.67,96,0,Gratuit,Gratuit,12.0,10.67
Sceau Profanateur,Seal of Desecration,7,9,0.78,78%,12.57,9.78,88,2,6.29,4.89,4.19,3.26
Âme de Dragon Élémentaire,Elemental Dragon Soul,3,9,0.33,33%,25.0,8.33,75,1,25.0,8.33,12.5,4.17
Protection Royale,Royal Protector,4,9,0.44,44%,17.0,7.56,68,1,17.0,7.56,8.5,3.78
Première Ligne,First Line,8,9,0.89,89%,8.0,7.11,64,0,Gratuit,Gratuit,8.0,7.11
Poigne d'Or,Golden Force,2,9,0.22,22%,23.0,5.11,46,1,23.0,5.11,11.5,2.56
Gardien Sous-terrain,Underworld Guardian,3,9,0.33,33%,15.0,5.0,45,1,15.0,5.0,7.5,2.5
Frappes Éclair,Light Swords,2,9,0.22,22%,12.0,2.67,24,0,Gratuit,Gratuit,12.0,2.67
Folie Meurtrière,Killer Momentum,1,9,0.11,11%,22.0,2.44,22,0,Gratuit,Gratuit,22.0,2.44
