,Nom Anglais,nb games valide,total games,ratio,%,pts moy,pts moy total,total point,cout,pts par cout moy,pts par cout total
Perce-Écailles,Scale Tearer,5,5,1.0,100%,10.0,10.0,50,3,3.33,3.33
Marteau Dévastateur,Destroyer Hammer,5,5,1.0,100%,9.2,9.2,46,2,4.6,4.6
Masque du Baron,Baron' s Mask,2,5,0.4,40%,20.0,8.0,40,2,10.0,4.0
Esprit de la Faille,Spirit of the Rift,2,5,0.4,40%,20.0,8.0,40,2,10.0,4.0
Écailles Magiques,Magic Scales,2,5,0.4,40%,20.0,8.0,40,2,10.0,4.0
Chasse au Gros,Big Worm Hunter,3,5,0.6,60%,13.0,7.8,39,3,4.33,2.6
Première Ligne,First Line,4,5,0.8,80%,8.0,6.4,32,0,Gratuit,Gratuit
L'Oeil du Héraut,Eye of the Void,3,5,0.6,60%,8.0,4.8,24,0,Gratuit,Gratuit
Sceau Profanateur,Seal of Desecration,2,5,0.4,40%,8.0,3.2,16,2,4.0,1.6
