,Nom Anglais,nb games valide,total games,ratio,%,pts moy,pts moy total,total point,cout,pts par cout moy,pts par cout total,pts par cout moy+1,pts par cout total+1
Esprit de la Faille,Spirit of the Rift,3,6,0.5,50%,20.0,10.0,60,2,10.0,5.0,6.67,3.33
Perce-Écailles,Scale Tearer,5,6,0.83,83%,10.0,8.33,50,3,3.33,2.78,2.5,2.08
Marteau Dévastateur,Destroyer Hammer,6,6,1.0,100%,8.33,8.33,50,2,4.17,4.17,2.78,2.78
L'Oeil du Héraut,Eye of the Void,4,6,0.67,67%,10.0,6.67,40,0,Gratuit,Gratuit,10.0,6.67
Masque du Baron,Baron' s Mask,2,6,0.33,33%,20.0,6.67,40,2,10.0,3.33,6.67,2.22
Écailles Magiques,Magic Scales,2,6,0.33,33%,20.0,6.67,40,2,10.0,3.33,6.67,2.22
Chasse au Gros,Big Worm Hunter,3,6,0.5,50%,13.0,6.5,39,3,4.33,2.17,3.25,1.62
Première Ligne,First Line,4,6,0.67,67%,8.0,5.33,32,0,Gratuit,Gratuit,8.0,5.33
Sceau Profanateur,Seal of Desecration,2,6,0.33,33%,8.0,2.67,16,2,4.0,1.33,2.67,0.89
