,Nom Anglais,nb games valide,total games,ratio,%,pts moy,pts moy total,total point,cout,pts par cout moy,pts par cout total,pts par cout moy+1,pts par cout total+1
Marteau Dévastateur,Destroyer Hammer,10,11,0.91,91%,7.0,6.36,70,2,3.5,3.18,2.33,2.12
Perce-Écailles,Scale Tearer,7,11,0.64,64%,9.86,6.27,69,3,3.29,2.09,2.46,1.57
Masque du Baron,Baron' s Mask,3,11,0.27,27%,21.67,5.91,65,2,10.84,2.96,7.22,1.97
Esprit de la Faille,Spirit of the Rift,3,11,0.27,27%,20.0,5.45,60,2,10.0,2.73,6.67,1.82
Chasse au Gros,Big Worm Hunter,4,11,0.36,36%,13.5,4.91,54,3,4.5,1.64,3.38,1.23
L'Oeil du Héraut,Eye of the Void,5,11,0.45,45%,9.6,4.36,48,0,Gratuit,Gratuit,9.6,4.36
Première Ligne,First Line,6,11,0.55,55%,8.0,4.36,48,0,Gratuit,Gratuit,8.0,4.36
Écailles Magiques,Magic Scales,2,11,0.18,18%,20.0,3.64,40,2,10.0,1.82,6.67,1.21
Sceau Profanateur,Seal of Desecration,2,11,0.18,18%,8.0,1.45,16,2,4.0,0.72,2.67,0.48
