,Nom Anglais,nb games valide,total games,ratio,%,pts moy,pts moy total,total point,cout,pts par cout moy,pts par cout total
Perce-Écailles,Scale Tearer,4,4,1.0,100%,10.0,10.0,40,3,3.33,3.33
Masque du Baron,Baron' s Mask,2,4,0.5,50%,20.0,10.0,40,2,10.0,5.0
Esprit de la Faille,Spirit of the Rift,2,4,0.5,50%,20.0,10.0,40,2,10.0,5.0
Écailles Magiques,Magic Scales,2,4,0.5,50%,20.0,10.0,40,2,10.0,5.0
Marteau Dévastateur,Destroyer Hammer,4,4,1.0,100%,8.5,8.5,34,2,4.25,4.25
Chasse au Gros,Big Worm Hunter,2,4,0.5,50%,13.0,6.5,26,3,4.33,2.17
Première Ligne,First Line,3,4,0.75,75%,8.0,6.0,24,0,Gratuit,Gratuit
L'Oeil du Héraut,Eye of the Void,2,4,0.5,50%,8.0,4.0,16,0,Gratuit,Gratuit
Sceau Profanateur,Seal of Desecration,1,4,0.25,25%,8.0,2.0,8,2,4.0,1.0
