,Nom Anglais,nb games valide,total games,ratio,%,pts moy,pts moy total,total point,cout,pts par cout moy,pts par cout total,pts par cout moy+1,pts par cout total+1
Totem Équivalent,Equivalent Totem,12,12,1.0,100%,17.08,17.08,205,2,8.54,8.54,5.69,5.69
Faux,Scythe,12,12,1.0,100%,16.0,16.0,192,3,5.33,5.33,4.0,4.0
Ascension Divine,Divine Ascent,7,12,0.58,58%,25.0,14.58,175,3,8.33,4.86,6.25,3.65
Économe Sagesse du Trésorier,Treasurer's Wisdom,9,12,0.75,75%,17.0,12.75,153,2,8.5,6.38,5.67,4.25
Lame Affutée,Sharp Blade,12,12,1.0,100%,11.25,11.25,135,3,3.75,3.75,2.81,2.81
Marteau Collecteur,Collecting Hammer,9,12,0.75,75%,14.67,11.0,132,2,7.33,5.5,4.89,3.67
Armure d'Obsidienne,Obsidian Battle Plate,6,12,0.5,50%,20.0,10.0,120,2,10.0,5.0,6.67,3.33
Assistance Divine,Sacred Help,6,12,0.5,50%,20.0,10.0,120,2,10.0,5.0,6.67,3.33
Hache Frénétique,Berseker Ax,7,12,0.58,58%,14.0,8.17,98,2,7.0,4.08,4.67,2.72
Explosion Arcanique,Arcane Explosive,8,12,0.67,67%,12.0,8.0,96,1,12.0,8.0,6.0,4.0
Aveuglement,Incapacitor,11,12,0.92,92%,7.36,6.75,81,3,2.45,2.25,1.84,1.69
Esprit de l'Écuyer,Spirit of the Squire,11,12,0.92,92%,7.36,6.75,81,3,2.45,2.25,1.84,1.69
Faux Assoiffées,Thirsty Scythes,3,12,0.25,25%,25.0,6.25,75,3,8.33,2.08,6.25,1.56
Être de Lumière,Being of Light,4,12,0.33,33%,18.0,6.0,72,1,18.0,6.0,9.0,3.0
Marteleur précis,Precise Hammer,4,12,0.33,33%,18.0,6.0,72,1,18.0,6.0,9.0,3.0
Chasseur d'Âmes,Soul Hunter,4,12,0.33,33%,16.25,5.42,65,1,16.25,5.42,8.12,2.71
Armure d'Immortel,Immortal Breastplate,4,12,0.33,33%,14.5,4.83,58,1,14.5,4.83,7.25,2.42
Épée Obscure,Swords of Darkness,3,12,0.25,25%,17.0,4.25,51,1,17.0,4.25,8.5,2.12
Tombeau Rocheux,Rock Tomb,5,12,0.42,42%,10.0,4.17,50,1,10.0,4.17,5.0,2.08
Totem du Gardien,Guardian Totem,12,12,1.0,100%,4.08,4.08,49,3,1.36,1.36,1.02,1.02
Danse Macabre,Dance of Death,6,12,0.5,50%,8.0,4.0,48,1,8.0,4.0,4.0,2.0
Lame Insatiable,Fast Furious Blade,3,12,0.25,25%,16.0,4.0,48,2,8.0,2.0,5.33,1.33
Elan de Fureur,Rampage Momentum,3,12,0.25,25%,15.0,3.75,45,2,7.5,1.88,5.0,1.25
Faux Parfaite,Perfect Scythe,3,12,0.25,25%,15.0,3.75,45,0,Gratuit,Gratuit,15.0,3.75
Soif de Sang,Thirsty Dagger,3,12,0.25,25%,15.0,3.75,45,0,Gratuit,Gratuit,15.0,3.75
Sabre Versatile,Versatil Saber,4,12,0.33,33%,11.0,3.67,44,1,11.0,3.67,5.5,1.83
Aura Légendaire,Legend Aura,1,12,0.08,8%,40.0,3.33,40,3,13.33,1.11,10.0,0.83
Chasseresse d'Âmes,Huntress of Souls,2,12,0.17,17%,19.0,3.17,38,1,19.0,3.17,9.5,1.58
Enchaînement Éclair,Unstoppable Lightning,2,12,0.17,17%,18.0,3.0,36,1,18.0,3.0,9.0,1.5
Parchemin Secret,Secret Scroll,2,12,0.17,17%,18.0,3.0,36,2,9.0,1.5,6.0,1.0
Griffes Démoniaques,Demon Claws,2,12,0.17,17%,17.0,2.83,34,1,17.0,2.83,8.5,1.42
Masse Colossale,Colossal Mace,3,12,0.25,25%,11.0,2.75,33,0,Gratuit,Gratuit,11.0,2.75
Triple Météore,Trimeteor,1,12,0.08,8%,30.0,2.5,30,0,Gratuit,Gratuit,30.0,2.5
Bâton de Conquête,Conquering Staff,1,12,0.08,8%,24.0,2.0,24,2,12.0,1.0,8.0,0.67
Coup de Mort,Death Helper,2,12,0.17,17%,11.5,1.92,23,1,11.5,1.92,5.75,0.96
Épé Sainte,Holy Sword,2,12,0.17,17%,10.0,1.67,20,0,Gratuit,Gratuit,10.0,1.67
Esprit omniprésent,Omnipresent Spirit,1,12,0.08,8%,18.0,1.5,18,2,9.0,0.75,6.0,0.5
Mental d'Acier,Steel Aura,1,12,0.08,8%,18.0,1.5,18,2,9.0,0.75,6.0,0.5
Griffes Sauvages,Wild Claw,8,12,0.67,67%,2.25,1.5,18,3,0.75,0.5,0.56,0.38
Esprit Guerrier,Spirit of the Warrior,1,12,0.08,8%,16.0,1.33,16,1,16.0,1.33,8.0,0.67
Masse de Siège,Siege Mace,1,12,0.08,8%,16.0,1.33,16,0,Gratuit,Gratuit,16.0,1.33
Couronne du Roi Nain,Crown of the Dwarf King,1,12,0.08,8%,13.0,1.08,13,0,Gratuit,Gratuit,13.0,1.08
Désintégrateur Magnétique,Magnetic Disintegrator,1,12,0.08,8%,11.0,0.92,11,0,Gratuit,Gratuit,11.0,0.92
Force Divine,Divine Impetu,1,12,0.08,8%,11.0,0.92,11,0,Gratuit,Gratuit,11.0,0.92
Œil de Lynx,Hawk's Eye,1,12,0.08,8%,8.0,0.67,8,0,Gratuit,Gratuit,8.0,0.67
