,Nom Anglais,nb games valide,total games,ratio,%,pts moy,pts moy total,total point,cout,pts par cout moy,pts par cout total,pts par cout moy+1,pts par cout total+1
Totem Équivalent,Equivalent Totem,15,15,1.0,100%,17.0,17.0,255,2,8.5,8.5,5.67,5.67
Faux,Scythe,15,15,1.0,100%,16.4,16.4,246,3,5.47,5.47,4.1,4.1
Ascension Divine,Divine Ascent,9,15,0.6,60%,25.0,15.0,225,3,8.33,5.0,6.25,3.75
Économe Sagesse du Trésorier,Treasurer's Wisdom,11,15,0.73,73%,17.0,12.47,187,2,8.5,6.24,5.67,4.16
Armure d'Obsidienne,Obsidian Battle Plate,8,15,0.53,53%,20.0,10.67,160,2,10.0,5.33,6.67,3.56
Assistance Divine,Sacred Help,8,15,0.53,53%,20.0,10.67,160,2,10.0,5.33,6.67,3.56
Lame Affutée,Sharp Blade,14,15,0.93,93%,10.93,10.2,153,3,3.64,3.4,2.73,2.55
Marteau Collecteur,Collecting Hammer,10,15,0.67,67%,13.9,9.27,139,2,6.95,4.63,4.63,3.09
Faux Assoiffées,Thirsty Scythes,5,15,0.33,33%,25.0,8.33,125,3,8.33,2.78,6.25,2.08
Hache Frénétique,Berseker Ax,8,15,0.53,53%,14.0,7.47,112,2,7.0,3.73,4.67,2.49
Être de Lumière,Being of Light,6,15,0.4,40%,18.0,7.2,108,1,18.0,7.2,9.0,3.6
Aveuglement,Incapacitor,13,15,0.87,87%,7.62,6.6,99,3,2.54,2.2,1.91,1.65
Explosion Arcanique,Arcane Explosive,8,15,0.53,53%,12.0,6.4,96,1,12.0,6.4,6.0,3.2
Esprit de l'Écuyer,Spirit of the Squire,14,15,0.93,93%,6.64,6.2,93,3,2.21,2.07,1.66,1.55
Chasseur d'Âmes,Soul Hunter,5,15,0.33,33%,17.0,5.67,85,1,17.0,5.67,8.5,2.83
Lame Insatiable,Fast Furious Blade,5,15,0.33,33%,16.0,5.33,80,2,8.0,2.67,5.33,1.78
Faux Parfaite,Perfect Scythe,5,15,0.33,33%,15.0,5.0,75,0,Gratuit,Gratuit,15.0,5.0
Marteleur précis,Precise Hammer,4,15,0.27,27%,18.0,4.8,72,1,18.0,4.8,9.0,2.4
Épée Obscure,Swords of Darkness,4,15,0.27,27%,17.0,4.53,68,1,17.0,4.53,8.5,2.27
Totem du Gardien,Guardian Totem,15,15,1.0,100%,4.07,4.07,61,3,1.36,1.36,1.02,1.02
Armure d'Immortel,Immortal Breastplate,4,15,0.27,27%,14.5,3.87,58,1,14.5,3.87,7.25,1.94
Chasseresse d'Âmes,Huntress of Souls,3,15,0.2,20%,19.0,3.8,57,1,19.0,3.8,9.5,1.9
Danse Macabre,Dance of Death,7,15,0.47,47%,8.0,3.73,56,1,8.0,3.73,4.0,1.86
Sabre Versatile,Versatil Saber,5,15,0.33,33%,11.0,3.67,55,1,11.0,3.67,5.5,1.83
Parchemin Secret,Secret Scroll,3,15,0.2,20%,18.0,3.6,54,2,9.0,1.8,6.0,1.2
Griffes Démoniaques,Demon Claws,3,15,0.2,20%,17.0,3.4,51,1,17.0,3.4,8.5,1.7
Tombeau Rocheux,Rock Tomb,5,15,0.33,33%,10.0,3.33,50,1,10.0,3.33,5.0,1.67
Bâton de Conquête,Conquering Staff,2,15,0.13,13%,24.0,3.2,48,2,12.0,1.6,8.0,1.07
Elan de Fureur,Rampage Momentum,3,15,0.2,20%,15.0,3.0,45,2,7.5,1.5,5.0,1.0
Soif de Sang,Thirsty Dagger,3,15,0.2,20%,15.0,3.0,45,0,Gratuit,Gratuit,15.0,3.0
Aura Légendaire,Legend Aura,1,15,0.07,7%,40.0,2.67,40,3,13.33,0.89,10.0,0.67
Mental d'Acier,Steel Aura,2,15,0.13,13%,18.0,2.4,36,2,9.0,1.2,6.0,0.8
Enchaînement Éclair,Unstoppable Lightning,2,15,0.13,13%,18.0,2.4,36,1,18.0,2.4,9.0,1.2
Masse Colossale,Colossal Mace,3,15,0.2,20%,11.0,2.2,33,0,Gratuit,Gratuit,11.0,2.2
Triple Météore,Trimeteor,1,15,0.07,7%,30.0,2.0,30,0,Gratuit,Gratuit,30.0,2.0
Gantelet Impérieux,Imperious Gauntlet,1,15,0.07,7%,30.0,2.0,30,1,30.0,2.0,15.0,1.0
Griffes Sauvages,Wild Claw,10,15,0.67,67%,2.3,1.53,23,3,0.77,0.51,0.57,0.38
Coup de Mort,Death Helper,2,15,0.13,13%,11.5,1.53,23,1,11.5,1.53,5.75,0.77
Épé Sainte,Holy Sword,2,15,0.13,13%,10.0,1.33,20,0,Gratuit,Gratuit,10.0,1.33
Pillard Féroce,Savage Looter,1,15,0.07,7%,20.0,1.33,20,1,20.0,1.33,10.0,0.67
Esprit omniprésent,Omnipresent Spirit,1,15,0.07,7%,18.0,1.2,18,2,9.0,0.6,6.0,0.4
Esprit Guerrier,Spirit of the Warrior,1,15,0.07,7%,16.0,1.07,16,1,16.0,1.07,8.0,0.54
Masse de Siège,Siege Mace,1,15,0.07,7%,16.0,1.07,16,0,Gratuit,Gratuit,16.0,1.07
Couronne du Roi Nain,Crown of the Dwarf King,1,15,0.07,7%,13.0,0.87,13,0,Gratuit,Gratuit,13.0,0.87
Force Divine,Divine Impetu,1,15,0.07,7%,11.0,0.73,11,0,Gratuit,Gratuit,11.0,0.73
Désintégrateur Magnétique,Magnetic Disintegrator,1,15,0.07,7%,11.0,0.73,11,0,Gratuit,Gratuit,11.0,0.73
Œil de Lynx,Hawk's Eye,1,15,0.07,7%,8.0,0.53,8,0,Gratuit,Gratuit,8.0,0.53
