,Nom Anglais,nb games valide,total games,ratio,%,pts moy,pts moy total,total point,cout,pts par cout moy,pts par cout total,pts par cout moy+1,pts par cout total+1
Totem Équivalent,Equivalent Totem,9,9,1.0,100%,17.56,17.56,158,2,8.78,8.78,5.85,5.85
Ascension Divine,Divine Ascent,6,9,0.67,67%,25.0,16.67,150,3,8.33,5.56,6.25,4.17
Faux,Scythe,9,9,1.0,100%,16.67,16.67,150,3,5.56,5.56,4.17,4.17
Économe Sagesse du Trésorier,Treasurer's Wisdom,7,9,0.78,78%,17.0,13.22,119,2,8.5,6.61,5.67,4.41
Lame Affutée,Sharp Blade,9,9,1.0,100%,11.67,11.67,105,3,3.89,3.89,2.92,2.92
Assistance Divine,Sacred Help,5,9,0.56,56%,20.0,11.11,100,2,10.0,5.55,6.67,3.7
Armure d'Obsidienne,Obsidian Battle Plate,5,9,0.56,56%,20.0,11.11,100,2,10.0,5.55,6.67,3.7
Marteau Collecteur,Collecting Hammer,6,9,0.67,67%,15.0,10.0,90,2,7.5,5.0,5.0,3.33
Hache Frénétique,Berseker Ax,6,9,0.67,67%,14.0,9.33,84,2,7.0,4.67,4.67,3.11
Explosion Arcanique,Arcane Explosive,6,9,0.67,67%,12.0,8.0,72,1,12.0,8.0,6.0,4.0
Aveuglement,Incapacitor,8,9,0.89,89%,8.62,7.67,69,3,2.87,2.56,2.15,1.92
Esprit de l'Écuyer,Spirit of the Squire,9,9,1.0,100%,7.0,7.0,63,3,2.33,2.33,1.75,1.75
Marteleur précis,Precise Hammer,3,9,0.33,33%,18.0,6.0,54,1,18.0,6.0,9.0,3.0
Être de Lumière,Being of Light,3,9,0.33,33%,18.0,6.0,54,1,18.0,6.0,9.0,3.0
Faux Assoiffées,Thirsty Scythes,2,9,0.22,22%,25.0,5.56,50,3,8.33,1.85,6.25,1.39
Faux Parfaite,Perfect Scythe,3,9,0.33,33%,15.0,5.0,45,0,Gratuit,Gratuit,15.0,5.0
Soif de Sang,Thirsty Dagger,3,9,0.33,33%,15.0,5.0,45,0,Gratuit,Gratuit,15.0,5.0
Chasseur d'Âmes,Soul Hunter,3,9,0.33,33%,15.0,5.0,45,1,15.0,5.0,7.5,2.5
Armure d'Immortel,Immortal Breastplate,3,9,0.33,33%,14.0,4.67,42,1,14.0,4.67,7.0,2.33
Aura Légendaire,Legend Aura,1,9,0.11,11%,40.0,4.44,40,3,13.33,1.48,10.0,1.11
Tombeau Rocheux,Rock Tomb,4,9,0.44,44%,10.0,4.44,40,1,10.0,4.44,5.0,2.22
Totem du Gardien,Guardian Totem,9,9,1.0,100%,4.44,4.44,40,3,1.48,1.48,1.11,1.11
Épée Obscure,Swords of Darkness,2,9,0.22,22%,17.0,3.78,34,1,17.0,3.78,8.5,1.89
Masse Colossale,Colossal Mace,3,9,0.33,33%,11.0,3.67,33,0,Gratuit,Gratuit,11.0,3.67
Sabre Versatile,Versatil Saber,3,9,0.33,33%,11.0,3.67,33,1,11.0,3.67,5.5,1.83
Danse Macabre,Dance of Death,4,9,0.44,44%,8.0,3.56,32,1,8.0,3.56,4.0,1.78
Elan de Fureur,Rampage Momentum,2,9,0.22,22%,15.0,3.33,30,2,7.5,1.67,5.0,1.11
Bâton de Conquête,Conquering Staff,1,9,0.11,11%,24.0,2.67,24,2,12.0,1.33,8.0,0.89
Épé Sainte,Holy Sword,2,9,0.22,22%,10.0,2.22,20,0,Gratuit,Gratuit,10.0,2.22
Chasseresse d'Âmes,Huntress of Souls,1,9,0.11,11%,19.0,2.11,19,1,19.0,2.11,9.5,1.05
Enchaînement Éclair,Unstoppable Lightning,1,9,0.11,11%,18.0,2.0,18,1,18.0,2.0,9.0,1.0
Parchemin Secret,Secret Scroll,1,9,0.11,11%,18.0,2.0,18,2,9.0,1.0,6.0,0.67
Mental d'Acier,Steel Aura,1,9,0.11,11%,18.0,2.0,18,2,9.0,1.0,6.0,0.67
Esprit omniprésent,Omnipresent Spirit,1,9,0.11,11%,18.0,2.0,18,2,9.0,1.0,6.0,0.67
Griffes Démoniaques,Demon Claws,1,9,0.11,11%,17.0,1.89,17,1,17.0,1.89,8.5,0.94
Esprit Guerrier,Spirit of the Warrior,1,9,0.11,11%,16.0,1.78,16,1,16.0,1.78,8.0,0.89
Griffes Sauvages,Wild Claw,6,9,0.67,67%,2.67,1.78,16,3,0.89,0.59,0.67,0.45
Lame Insatiable,Fast Furious Blade,1,9,0.11,11%,16.0,1.78,16,2,8.0,0.89,5.33,0.59
Couronne du Roi Nain,Crown of the Dwarf King,1,9,0.11,11%,13.0,1.44,13,0,Gratuit,Gratuit,13.0,1.44
Désintégrateur Magnétique,Magnetic Disintegrator,1,9,0.11,11%,11.0,1.22,11,0,Gratuit,Gratuit,11.0,1.22
Force Divine,Divine Impetu,1,9,0.11,11%,11.0,1.22,11,0,Gratuit,Gratuit,11.0,1.22
Coup de Mort,Death Helper,1,9,0.11,11%,10.0,1.11,10,1,10.0,1.11,5.0,0.56
Œil de Lynx,Hawk's Eye,1,9,0.11,11%,8.0,0.89,8,0,Gratuit,Gratuit,8.0,0.89
