,Nom Anglais,nb games valide,total games,ratio,%,pts moy,pts moy total,total point,cout,pts par cout moy,pts par cout total,pts par cout moy+1,pts par cout total+1
Totem Équivalent,Equivalent Totem,5,5,1.0,100%,17.4,17.4,87,2,8.7,8.7,5.8,5.8
Faux,Scythe,5,5,1.0,100%,17.4,17.4,87,3,5.8,5.8,4.35,4.35
Assistance Divine,Sacred Help,4,5,0.8,80%,20.0,16.0,80,2,10.0,8.0,6.67,5.33
Ascension Divine,Divine Ascent,3,5,0.6,60%,25.0,15.0,75,3,8.33,5.0,6.25,3.75
Économe Sagesse du Trésorier,Treasurer's Wisdom,4,5,0.8,80%,17.0,13.6,68,2,8.5,6.8,5.67,4.53
Armure d'Obsidienne,Obsidian Battle Plate,3,5,0.6,60%,20.0,12.0,60,2,10.0,6.0,6.67,4.0
Être de Lumière,Being of Light,3,5,0.6,60%,18.0,10.8,54,1,18.0,10.8,9.0,5.4
Lame Affutée,Sharp Blade,5,5,1.0,100%,10.8,10.8,54,3,3.6,3.6,2.7,2.7
Faux Assoiffées,Thirsty Scythes,2,5,0.4,40%,25.0,10.0,50,3,8.33,3.33,6.25,2.5
Marteau Collecteur,Collecting Hammer,3,5,0.6,60%,16.0,9.6,48,2,8.0,4.8,5.33,3.2
Hache Frénétique,Berseker Ax,3,5,0.6,60%,14.0,8.4,42,2,7.0,4.2,4.67,2.8
Aura Légendaire,Legend Aura,1,5,0.2,20%,40.0,8.0,40,3,13.33,2.67,10.0,2.0
Aveuglement,Incapacitor,5,5,1.0,100%,7.8,7.8,39,3,2.6,2.6,1.95,1.95
Explosion Arcanique,Arcane Explosive,3,5,0.6,60%,12.0,7.2,36,1,12.0,7.2,6.0,3.6
Esprit de l'Écuyer,Spirit of the Squire,5,5,1.0,100%,6.0,6.0,30,3,2.0,2.0,1.5,1.5
Faux Parfaite,Perfect Scythe,2,5,0.4,40%,15.0,6.0,30,0,Gratuit,Gratuit,15.0,6.0
Chasseur d'Âmes,Soul Hunter,2,5,0.4,40%,15.0,6.0,30,1,15.0,6.0,7.5,3.0
Tombeau Rocheux,Rock Tomb,3,5,0.6,60%,10.0,6.0,30,1,10.0,6.0,5.0,3.0
Armure d'Immortel,Immortal Breastplate,2,5,0.4,40%,14.0,5.6,28,1,14.0,5.6,7.0,2.8
Masse Colossale,Colossal Mace,2,5,0.4,40%,11.0,4.4,22,0,Gratuit,Gratuit,11.0,4.4
Sabre Versatile,Versatil Saber,2,5,0.4,40%,11.0,4.4,22,1,11.0,4.4,5.5,2.2
Totem du Gardien,Guardian Totem,5,5,1.0,100%,4.0,4.0,20,3,1.33,1.33,1.0,1.0
Chasseresse d'Âmes,Huntress of Souls,1,5,0.2,20%,19.0,3.8,19,1,19.0,3.8,9.5,1.9
Marteleur précis,Precise Hammer,1,5,0.2,20%,18.0,3.6,18,1,18.0,3.6,9.0,1.8
Parchemin Secret,Secret Scroll,1,5,0.2,20%,18.0,3.6,18,2,9.0,1.8,6.0,1.2
Mental d'Acier,Steel Aura,1,5,0.2,20%,18.0,3.6,18,2,9.0,1.8,6.0,1.2
Enchaînement Éclair,Unstoppable Lightning,1,5,0.2,20%,18.0,3.6,18,1,18.0,3.6,9.0,1.8
Esprit omniprésent,Omnipresent Spirit,1,5,0.2,20%,18.0,3.6,18,2,9.0,1.8,6.0,1.2
Griffes Démoniaques,Demon Claws,1,5,0.2,20%,17.0,3.4,17,1,17.0,3.4,8.5,1.7
Épée Obscure,Swords of Darkness,1,5,0.2,20%,17.0,3.4,17,1,17.0,3.4,8.5,1.7
Esprit Guerrier,Spirit of the Warrior,1,5,0.2,20%,16.0,3.2,16,1,16.0,3.2,8.0,1.6
Lame Insatiable,Fast Furious Blade,1,5,0.2,20%,16.0,3.2,16,2,8.0,1.6,5.33,1.07
Danse Macabre,Dance of Death,2,5,0.4,40%,8.0,3.2,16,1,8.0,3.2,4.0,1.6
Elan de Fureur,Rampage Momentum,1,5,0.2,20%,15.0,3.0,15,2,7.5,1.5,5.0,1.0
Soif de Sang,Thirsty Dagger,1,5,0.2,20%,15.0,3.0,15,0,Gratuit,Gratuit,15.0,3.0
Griffes Sauvages,Wild Claw,4,5,0.8,80%,3.5,2.8,14,3,1.17,0.93,0.88,0.7
Couronne du Roi Nain,Crown of the Dwarf King,1,5,0.2,20%,13.0,2.6,13,0,Gratuit,Gratuit,13.0,2.6
Désintégrateur Magnétique,Magnetic Disintegrator,1,5,0.2,20%,11.0,2.2,11,0,Gratuit,Gratuit,11.0,2.2
Force Divine,Divine Impetu,1,5,0.2,20%,11.0,2.2,11,0,Gratuit,Gratuit,11.0,2.2
Épé Sainte,Holy Sword,1,5,0.2,20%,10.0,2.0,10,0,Gratuit,Gratuit,10.0,2.0
Œil de Lynx,Hawk's Eye,1,5,0.2,20%,8.0,1.6,8,0,Gratuit,Gratuit,8.0,1.6
