,Nom Anglais,nb games valide,total games,ratio,%,pts moy,pts moy total,total point,cout,pts par cout moy,pts par cout total,pts par cout moy+1,pts par cout total+1
Chasseur d'Âmes,Soul Hunter,1,1,1.0,100%,20.0,20.0,20,1,20.0,20.0,10.0,10.0
Totem Équivalent,Equivalent Totem,1,1,1.0,100%,15.0,15.0,15,3,5.0,5.0,3.75,3.75
Faux,Scythe,1,1,1.0,100%,13.0,13.0,13,3,4.33,4.33,3.25,3.25
Totem du Gardien,Guardian Totem,1,1,1.0,100%,7.0,7.0,7,3,2.33,2.33,1.75,1.75
Aveuglement,Incapacitor,1,1,1.0,100%,6.0,6.0,6,3,2.0,2.0,1.5,1.5
Lame Affutée,Sharp Blade,1,1,1.0,100%,3.0,3.0,3,3,1.0,1.0,0.75,0.75
Esprit de l'Écuyer,Spirit of the Squire,1,1,1.0,100%,3.0,3.0,3,3,1.0,1.0,0.75,0.75
