,Nom Anglais,nb games valide,total games,ratio,%,pts moy,pts moy total,total point,cout,pts par cout moy,pts par cout total
Assistance Divine,Sacred Help,3,3,1.0,100%,20.0,20.0,60,2,10.0,10.0
Faux,Scythe,3,3,1.0,100%,19.0,19.0,57,3,6.33,6.33
Totem Équivalent,Equivalent Totem,3,3,1.0,100%,17.67,17.67,53,1,17.67,17.67
Faux Assoiffées,Thirsty Scythes,2,3,0.67,67%,25.0,16.67,50,3,8.33,5.56
Ascension Divine,Divine Ascent,2,3,0.67,67%,25.0,16.67,50,3,8.33,5.56
Armure d'Obsidienne,Obsidian Battle Plate,2,3,0.67,67%,20.0,13.33,40,2,10.0,6.67
Être de Lumière,Being of Light,2,3,0.67,67%,18.0,12.0,36,1,18.0,12.0
Économe Sagesse du Trésorier,Treasurer's Wisdom,2,3,0.67,67%,17.0,11.33,34,2,8.5,5.67
Hache Frénétique,Berseker Ax,2,3,0.67,67%,14.0,9.33,28,2,7.0,4.67
Aveuglement,Incapacitor,3,3,1.0,100%,8.0,8.0,24,3,2.67,2.67
Lame Affutée,Sharp Blade,3,3,1.0,100%,7.0,7.0,21,3,2.33,2.33
Esprit de l'Écuyer,Spirit of the Squire,3,3,1.0,100%,7.0,7.0,21,3,2.33,2.33
Chasseresse d'Âmes,Huntress of Souls,1,3,0.33,33%,19.0,6.33,19,1,19.0,6.33
Esprit omniprésent,Omnipresent Spirit,1,3,0.33,33%,18.0,6.0,18,2,9.0,3.0
Mental d'Acier,Steel Aura,1,3,0.33,33%,18.0,6.0,18,2,9.0,3.0
Griffes Démoniaques,Demon Claws,1,3,0.33,33%,17.0,5.67,17,1,17.0,5.67
Esprit Guerrier,Spirit of the Warrior,1,3,0.33,33%,16.0,5.33,16,1,16.0,5.33
Lame Insatiable,Fast Furious Blade,1,3,0.33,33%,16.0,5.33,16,2,8.0,2.67
Chasseur d'Âmes,Soul Hunter,1,3,0.33,33%,15.0,5.0,15,1,15.0,5.0
Faux Parfaite,Perfect Scythe,1,3,0.33,33%,15.0,5.0,15,0,Gratuit,Gratuit
Soif de Sang,Thirsty Dagger,1,3,0.33,33%,15.0,5.0,15,0,Gratuit,Gratuit
Armure d'Immortel,Immortal Breastplate,1,3,0.33,33%,14.0,4.67,14,1,14.0,4.67
Totem du Gardien,Guardian Totem,3,3,1.0,100%,4.33,4.33,13,3,1.44,1.44
Griffes Sauvages,Wild Claw,3,3,1.0,100%,4.33,4.33,13,3,1.44,1.44
Explosion Arcanique,Arcane Explosive,1,3,0.33,33%,12.0,4.0,12,1,12.0,4.0
Sabre Versatile,Versatil Saber,1,3,0.33,33%,11.0,3.67,11,1,11.0,3.67
Tombeau Rocheux,Rock Tomb,1,3,0.33,33%,10.0,3.33,10,1,10.0,3.33
Œil de Lynx,Hawk's Eye,1,3,0.33,33%,8.0,2.67,8,0,Gratuit,Gratuit
Marteau Collecteur,Collecting Hammer,1,3,0.33,33%,6.0,2.0,6,2,3.0,1.0
