,Nom Anglais,nb games valide,total games,ratio,%,pts moy,pts moy total,total point,cout,pts par cout moy,pts par cout total
Faux,Scythe,10,10,1.0,100%,14.4,14.4,144,3,4.8,4.8
Armure d'Obsidienne,Obsidian Battle Plate,5,10,0.5,50%,20.0,10.0,100,2,10.0,5.0
Aveuglement,Incapacitor,9,10,0.9,90%,8.0,7.2,72,3,2.67,2.4
Économe Sagesse du Trésorier,Treasurer's Wisdom,4,10,0.4,40%,17.0,6.8,68,2,8.5,3.4
Triple Météore,Trimeteor,2,10,0.2,20%,30.0,6.0,60,0,Gratuit,Gratuit
Lame Affutée,Sharp Blade,6,10,0.6,60%,9.5,5.7,57,3,3.17,1.9
Esprit omniprésent,Omnipresent Spirit,3,10,0.3,30%,18.0,5.4,54,2,9.0,2.7
Ascension Divine,Divine Ascent,2,10,0.2,20%,25.0,5.0,50,3,8.33,1.67
Hache Frénétique,Berseker Ax,3,10,0.3,30%,14.0,4.2,42,2,7.0,2.1
Aura Légendaire,Legend Aura,1,10,0.1,10%,40.0,4.0,40,3,13.33,1.33
Lance Triplée,Triple Spear,2,10,0.2,20%,20.0,4.0,40,0,Gratuit,Gratuit
Esprit de l'Écuyer,Spirit of the Squire,5,10,0.5,50%,7.8,3.9,39,3,2.6,1.3
Enchaînement Éclair,Unstoppable Lightning,2,10,0.2,20%,18.0,3.6,36,1,18.0,3.6
Totem du Gardien,Guardian Totem,10,10,1.0,100%,3.4,3.4,34,3,1.13,1.13
Lame Insatiable,Fast Furious Blade,2,10,0.2,20%,16.0,3.2,32,2,8.0,1.6
Esprit Guerrier,Spirit of the Warrior,2,10,0.2,20%,16.0,3.2,32,1,16.0,3.2
Épée Obscure,Swords of Darkness,2,10,0.2,20%,15.0,3.0,30,1,15.0,3.0
Elan de Fureur,Rampage Momentum,2,10,0.2,20%,15.0,3.0,30,2,7.5,1.5
Armure d'Immortel,Immortal Breastplate,2,10,0.2,20%,14.0,2.8,28,1,14.0,2.8
Le Croque-mort,The Undertaker,2,10,0.2,20%,14.0,2.8,28,1,14.0,2.8
Faux Assoiffées,Thirsty Scythes,1,10,0.1,10%,25.0,2.5,25,3,8.33,0.83
Sabre Versatile,Versatil Saber,2,10,0.2,20%,11.0,2.2,22,1,11.0,2.2
Assistance Divine,Sacred Help,1,10,0.1,10%,20.0,2.0,20,2,10.0,1.0
Coup de Mort,Death Helper,2,10,0.2,20%,10.0,2.0,20,1,10.0,2.0
Épées Jumelles,Twin Swords,2,10,0.2,20%,10.0,2.0,20,1,10.0,2.0
Tombeau Rocheux,Rock Tomb,2,10,0.2,20%,10.0,2.0,20,1,10.0,2.0
Mental d'Acier,Steel Aura,1,10,0.1,10%,18.0,1.8,18,2,9.0,0.9
Marteleur précis,Precise Hammer,1,10,0.1,10%,18.0,1.8,18,1,18.0,1.8
Danse Macabre,Dance of Death,2,10,0.2,20%,8.0,1.6,16,1,8.0,1.6
Frappe Chirurgicale,Accurate Sword,1,10,0.1,10%,16.0,1.6,16,1,16.0,1.6
Lance Doublée,Dual Spear,2,10,0.2,20%,8.0,1.6,16,0,Gratuit,Gratuit
Esquive Salvatrice,Evasive Protection,1,10,0.1,10%,15.0,1.5,15,0,Gratuit,Gratuit
Soif de Sang,Thirsty Dagger,1,10,0.1,10%,15.0,1.5,15,0,Gratuit,Gratuit
Chasseur d'Âmes,Soul Hunter,1,10,0.1,10%,15.0,1.5,15,1,15.0,1.5
Bâton Élémentaire,Earthly Staff,1,10,0.1,10%,15.0,1.5,15,0,Gratuit,Gratuit
Griffes Sauvages,Wild Claw,6,10,0.6,60%,2.33,1.4,14,3,0.78,0.47
Désintégrateur Magnétique,Magnetic Disintegrator,1,10,0.1,10%,11.0,1.1,11,0,Gratuit,Gratuit
Force Divine,Divine Impetu,1,10,0.1,10%,11.0,1.1,11,0,Gratuit,Gratuit
Épé Sainte,Holy Sword,1,10,0.1,10%,10.0,1.0,10,0,Gratuit,Gratuit
Œil de Lynx,Hawk's Eye,1,10,0.1,10%,8.0,0.8,8,0,Gratuit,Gratuit
