,Nom Anglais,nb games valide,total games,ratio,%,pts moy,pts moy total,total point,cout,pts par cout moy,pts par cout total
Faux,Scythe,8,8,1.0,100%,14.88,14.88,119,3,4.96,4.96
Armure d'Obsidienne,Obsidian Battle Plate,4,8,0.5,50%,20.0,10.0,80,2,10.0,5.0
Économe Sagesse du Trésorier,Treasurer's Wisdom,4,8,0.5,50%,17.0,8.5,68,2,8.5,4.25
Triple Météore,Trimeteor,2,8,0.25,25%,30.0,7.5,60,0,Gratuit,Gratuit
Aveuglement,Incapacitor,7,8,0.88,88%,8.14,7.12,57,3,2.71,2.37
Lame Affutée,Sharp Blade,6,8,0.75,75%,9.5,7.12,57,3,3.17,2.37
Ascension Divine,Divine Ascent,2,8,0.25,25%,25.0,6.25,50,3,8.33,2.08
Hache Frénétique,Berseker Ax,3,8,0.38,38%,14.0,5.25,42,2,7.0,2.62
Aura Légendaire,Legend Aura,1,8,0.12,12%,40.0,5.0,40,3,13.33,1.67
Lance Triplée,Triple Spear,2,8,0.25,25%,20.0,5.0,40,0,Gratuit,Gratuit
Esprit de l'Écuyer,Spirit of the Squire,4,8,0.5,50%,9.0,4.5,36,3,3.0,1.5
Esprit omniprésent,Omnipresent Spirit,2,8,0.25,25%,18.0,4.5,36,2,9.0,2.25
Enchaînement Éclair,Unstoppable Lightning,2,8,0.25,25%,18.0,4.5,36,1,18.0,4.5
Esprit Guerrier,Spirit of the Warrior,2,8,0.25,25%,16.0,4.0,32,1,16.0,4.0
Lame Insatiable,Fast Furious Blade,2,8,0.25,25%,16.0,4.0,32,2,8.0,2.0
Épée Obscure,Swords of Darkness,2,8,0.25,25%,15.0,3.75,30,1,15.0,3.75
Elan de Fureur,Rampage Momentum,2,8,0.25,25%,15.0,3.75,30,2,7.5,1.88
Totem du Gardien,Guardian Totem,8,8,1.0,100%,3.62,3.62,29,3,1.21,1.21
Armure d'Immortel,Immortal Breastplate,2,8,0.25,25%,14.0,3.5,28,1,14.0,3.5
Le Croque-mort,The Undertaker,2,8,0.25,25%,14.0,3.5,28,1,14.0,3.5
Faux Assoiffées,Thirsty Scythes,1,8,0.12,12%,25.0,3.12,25,3,8.33,1.04
Sabre Versatile,Versatil Saber,2,8,0.25,25%,11.0,2.75,22,1,11.0,2.75
Assistance Divine,Sacred Help,1,8,0.12,12%,20.0,2.5,20,2,10.0,1.25
Coup de Mort,Death Helper,2,8,0.25,25%,10.0,2.5,20,1,10.0,2.5
Épées Jumelles,Twin Swords,2,8,0.25,25%,10.0,2.5,20,1,10.0,2.5
Tombeau Rocheux,Rock Tomb,2,8,0.25,25%,10.0,2.5,20,1,10.0,2.5
Marteleur précis,Precise Hammer,1,8,0.12,12%,18.0,2.25,18,1,18.0,2.25
Danse Macabre,Dance of Death,2,8,0.25,25%,8.0,2.0,16,1,8.0,2.0
Frappe Chirurgicale,Accurate Sword,1,8,0.12,12%,16.0,2.0,16,1,16.0,2.0
Lance Doublée,Dual Spear,2,8,0.25,25%,8.0,2.0,16,0,Gratuit,Gratuit
Esquive Salvatrice,Evasive Protection,1,8,0.12,12%,15.0,1.88,15,0,Gratuit,Gratuit
Soif de Sang,Thirsty Dagger,1,8,0.12,12%,15.0,1.88,15,0,Gratuit,Gratuit
Chasseur d'Âmes,Soul Hunter,1,8,0.12,12%,15.0,1.88,15,1,15.0,1.88
Bâton Élémentaire,Earthly Staff,1,8,0.12,12%,15.0,1.88,15,0,Gratuit,Gratuit
Griffes Sauvages,Wild Claw,5,8,0.62,62%,2.4,1.5,12,3,0.8,0.5
Désintégrateur Magnétique,Magnetic Disintegrator,1,8,0.12,12%,11.0,1.38,11,0,Gratuit,Gratuit
Force Divine,Divine Impetu,1,8,0.12,12%,11.0,1.38,11,0,Gratuit,Gratuit
Épé Sainte,Holy Sword,1,8,0.12,12%,10.0,1.25,10,0,Gratuit,Gratuit
Œil de Lynx,Hawk's Eye,1,8,0.12,12%,8.0,1.0,8,0,Gratuit,Gratuit
