,Nom Anglais,nb games valide,total games,ratio,%,pts moy,pts moy total,total point,cout,pts par cout moy,pts par cout total
Faux,Scythe,4,4,1.0,100%,17.25,17.25,69,3,5.75,5.75
Armure d'Obsidienne,Obsidian Battle Plate,3,4,0.75,75%,20.0,15.0,60,2,10.0,7.5
Triple Météore,Trimeteor,2,4,0.5,50%,30.0,15.0,60,0,Gratuit,Gratuit
Économe Sagesse du Trésorier,Treasurer's Wisdom,3,4,0.75,75%,17.0,12.75,51,2,8.5,6.38
Ascension Divine,Divine Ascent,2,4,0.5,50%,25.0,12.5,50,3,8.33,4.17
Lame Affutée,Sharp Blade,4,4,1.0,100%,12.0,12.0,48,3,4.0,4.0
Aura Légendaire,Legend Aura,1,4,0.25,25%,40.0,10.0,40,3,13.33,3.33
Lance Triplée,Triple Spear,2,4,0.5,50%,20.0,10.0,40,0,Gratuit,Gratuit
Aveuglement,Incapacitor,4,4,1.0,100%,9.75,9.75,39,3,3.25,3.25
Enchaînement Éclair,Unstoppable Lightning,2,4,0.5,50%,18.0,9.0,36,1,18.0,9.0
Esprit de l'Écuyer,Spirit of the Squire,3,4,0.75,75%,11.0,8.25,33,3,3.67,2.75
Épée Obscure,Swords of Darkness,2,4,0.5,50%,15.0,7.5,30,1,15.0,7.5
Elan de Fureur,Rampage Momentum,2,4,0.5,50%,15.0,7.5,30,2,7.5,3.75
Hache Frénétique,Berseker Ax,2,4,0.5,50%,14.0,7.0,28,2,7.0,3.5
Le Croque-mort,The Undertaker,2,4,0.5,50%,14.0,7.0,28,1,14.0,7.0
Armure d'Immortel,Immortal Breastplate,2,4,0.5,50%,14.0,7.0,28,1,14.0,7.0
Faux Assoiffées,Thirsty Scythes,1,4,0.25,25%,25.0,6.25,25,3,8.33,2.08
Sabre Versatile,Versatil Saber,2,4,0.5,50%,11.0,5.5,22,1,11.0,5.5
Assistance Divine,Sacred Help,1,4,0.25,25%,20.0,5.0,20,2,10.0,2.5
Tombeau Rocheux,Rock Tomb,2,4,0.5,50%,10.0,5.0,20,1,10.0,5.0
Épées Jumelles,Twin Swords,2,4,0.5,50%,10.0,5.0,20,1,10.0,5.0
Coup de Mort,Death Helper,2,4,0.5,50%,10.0,5.0,20,1,10.0,5.0
Esprit omniprésent,Omnipresent Spirit,1,4,0.25,25%,18.0,4.5,18,2,9.0,2.25
Marteleur précis,Precise Hammer,1,4,0.25,25%,18.0,4.5,18,1,18.0,4.5
Totem du Gardien,Guardian Totem,4,4,1.0,100%,4.0,4.0,16,3,1.33,1.33
Danse Macabre,Dance of Death,2,4,0.5,50%,8.0,4.0,16,1,8.0,4.0
Lance Doublée,Dual Spear,2,4,0.5,50%,8.0,4.0,16,0,Gratuit,Gratuit
Esquive Salvatrice,Evasive Protection,1,4,0.25,25%,15.0,3.75,15,0,Gratuit,Gratuit
Chasseur d'Âmes,Soul Hunter,1,4,0.25,25%,15.0,3.75,15,1,15.0,3.75
Soif de Sang,Thirsty Dagger,1,4,0.25,25%,15.0,3.75,15,0,Gratuit,Gratuit
Désintégrateur Magnétique,Magnetic Disintegrator,1,4,0.25,25%,11.0,2.75,11,0,Gratuit,Gratuit
Force Divine,Divine Impetu,1,4,0.25,25%,11.0,2.75,11,0,Gratuit,Gratuit
Épé Sainte,Holy Sword,1,4,0.25,25%,10.0,2.5,10,0,Gratuit,Gratuit
Griffes Sauvages,Wild Claw,3,4,0.75,75%,3.0,2.25,9,3,1.0,0.75
Œil de Lynx,Hawk's Eye,1,4,0.25,25%,8.0,2.0,8,0,Gratuit,Gratuit
