,Nom Anglais,nb games valide,total games,ratio,%,pts moy,pts moy total,total point,cout,pts par cout moy,pts par cout total,pts par cout moy+1,pts par cout total+1
Totem Équivalent,Equivalent Totem,144,144,1.0,100%,16.19,16.19,2331,3,5.4,5.4,4.05,4.05
Faux,Scythe,144,144,1.0,100%,13.2,13.2,1901,3,4.4,4.4,3.3,3.3
Marteau Collecteur,Collecting Hammer,95,144,0.66,66%,16.21,10.69,1540,2,8.11,5.34,5.4,3.56
Armure d'Obsidienne,Obsidian Battle Plate,68,144,0.47,47%,20.0,9.44,1360,2,10.0,4.72,6.67,3.15
Assistance Divine,Sacred Help,57,144,0.4,40%,20.0,7.92,1140,2,10.0,3.96,6.67,2.64
Lame Affutée,Sharp Blade,121,144,0.84,84%,8.88,7.46,1074,3,2.96,2.49,2.22,1.86
Hache Frénétique,Berseker Ax,65,144,0.45,45%,16.0,7.22,1040,2,8.0,3.61,5.33,2.41
Esprit de l'Écuyer,Spirit of the Squire,118,144,0.82,82%,8.31,6.81,981,3,2.77,2.27,2.08,1.7
Faux Parfaite,Perfect Scythe,58,144,0.4,40%,15.0,6.04,870,0,Gratuit,Gratuit,15.0,6.04
Sabre Versatile,Versatil Saber,48,144,0.33,33%,18.0,6.0,864,1,18.0,6.0,9.0,3.0
Ascension Divine,Divine Ascent,33,144,0.23,23%,25.0,5.73,825,3,8.33,1.91,6.25,1.43
Épée Obscure,Swords of Darkness,38,144,0.26,26%,20.0,5.28,760,1,20.0,5.28,10.0,2.64
Explosion Arcanique,Arcane Explosive,57,144,0.4,40%,12.0,4.75,684,1,12.0,4.75,6.0,2.38
Chasseur d'Âmes,Soul Hunter,34,144,0.24,24%,20.0,4.72,680,1,20.0,4.72,10.0,2.36
Aveuglement,Incapacitor,119,144,0.83,83%,5.32,4.4,633,3,1.77,1.47,1.33,1.1
Marteleur précis,Precise Hammer,35,144,0.24,24%,18.0,4.38,630,1,18.0,4.38,9.0,2.19
Totem du Gardien,Guardian Totem,144,144,1.0,100%,4.35,4.35,627,3,1.45,1.45,1.09,1.09
Danse Macabre,Dance of Death,62,144,0.43,43%,10.0,4.31,620,1,10.0,4.31,5.0,2.15
Gantelet Impérieux,Imperious Gauntlet,26,144,0.18,18%,22.0,3.97,572,1,22.0,3.97,11.0,1.99
Armure d'Immortel,Immortal Breastplate,24,144,0.17,17%,20.0,3.33,480,1,20.0,3.33,10.0,1.67
Coup de Mort,Death Helper,36,144,0.25,25%,13.0,3.25,468,1,13.0,3.25,6.5,1.62
Mental d'Acier,Steel Aura,26,144,0.18,18%,18.0,3.25,468,2,9.0,1.62,6.0,1.08
Lame Insatiable,Fast Furious Blade,19,144,0.13,13%,18.0,2.38,342,2,9.0,1.19,6.0,0.79
Le Marionnettiste,The Puppeteer,17,144,0.12,12%,20.0,2.36,340,2,10.0,1.18,6.67,0.79
Soif de Sang,Thirsty Dagger,20,144,0.14,14%,15.0,2.08,300,0,Gratuit,Gratuit,15.0,2.08
Elan de Fureur,Rampage Momentum,18,144,0.12,12%,15.0,1.88,270,1,15.0,1.88,7.5,0.94
Parchemin Secret,Secret Scroll,13,144,0.09,9%,18.0,1.62,234,2,9.0,0.81,6.0,0.54
Enchaînement Éclair,Unstoppable Lightning,10,144,0.07,7%,22.0,1.53,220,2,11.0,0.77,7.33,0.51
Adrénaline Arcanique,Arcane Adrenaline,12,144,0.08,8%,16.0,1.33,192,1,16.0,1.33,8.0,0.67
Force Divine,Divine Impetu,12,144,0.08,8%,15.0,1.25,180,0,Gratuit,Gratuit,15.0,1.25
Faux Assoiffées,Thirsty Scythes,7,144,0.05,5%,25.0,1.22,175,3,8.33,0.41,6.25,0.3
Épé Sainte,Holy Sword,11,144,0.08,8%,15.0,1.15,165,0,Gratuit,Gratuit,15.0,1.15
Masse Colossale,Colossal Mace,11,144,0.08,8%,15.0,1.15,165,0,Gratuit,Gratuit,15.0,1.15
Triple Météore,Trimeteor,5,144,0.03,3%,30.0,1.04,150,0,Gratuit,Gratuit,30.0,1.04
Esprit omniprésent,Omnipresent Spirit,7,144,0.05,5%,18.0,0.88,126,2,9.0,0.44,6.0,0.29
Œil de Lynx,Hawk's Eye,12,144,0.08,8%,8.0,0.67,96,0,Gratuit,Gratuit,8.0,0.67
Aura Légendaire,Legend Aura,2,144,0.01,1%,40.0,0.56,80,3,13.33,0.19,10.0,0.14
Être de Lumière,Being of Light,4,144,0.03,3%,20.0,0.56,80,1,20.0,0.56,10.0,0.28
Griffes Sauvages,Wild Claw,52,144,0.36,36%,1.35,0.49,70,3,0.45,0.16,0.34,0.12
Esprit Guerrier,Spirit of the Warrior,4,144,0.03,3%,16.0,0.44,64,1,16.0,0.44,8.0,0.22
Amulette Omnisciente,Omnipresent Amulet,4,144,0.03,3%,15.0,0.42,60,0,Gratuit,Gratuit,15.0,0.42
Pillard Féroce,Savage Looter,2,144,0.01,1%,20.0,0.28,40,1,20.0,0.28,10.0,0.14
Chasseresse d'Âmes,Huntress of Souls,2,144,0.01,1%,20.0,0.28,40,1,20.0,0.28,10.0,0.14
Griffes Démoniaques,Demon Claws,2,144,0.01,1%,17.0,0.24,34,1,17.0,0.24,8.5,0.12
Bâton de Conquête,Conquering Staff,1,144,0.01,1%,24.0,0.17,24,2,12.0,0.09,8.0,0.06
Décharge Élémentaire,Elemental Discharge,1,144,0.01,1%,20.0,0.14,20,1,20.0,0.14,10.0,0.07
Bâton du Conquérant,Staff of Conquered Worlds,1,144,0.01,1%,15.0,0.1,15,0,Gratuit,Gratuit,15.0,0.1
Couronne du Roi Nain,Crown of the Dwarf King,1,144,0.01,1%,13.0,0.09,13,0,Gratuit,Gratuit,13.0,0.09
