,Nom Anglais,nb games valide,total games,ratio,%,pts moy,pts moy total,total point,cout,pts par cout moy,pts par cout total
Totem Équivalent,Equivalent Totem,10,10,1.0,100%,17.0,17.0,170,1,17.0,17.0
Ascension Divine,Divine Ascent,6,10,0.6,60%,25.0,15.0,150,3,8.33,5.0
Faux,Scythe,10,10,1.0,100%,13.6,13.6,136,3,4.53,4.53
Hache Frénétique,Berseker Ax,9,10,0.9,90%,14.0,12.6,126,2,7.0,6.3
Lame Affutée,Sharp Blade,10,10,1.0,100%,10.8,10.8,108,3,3.6,3.6
Chasseur d'Âmes,Soul Hunter,7,10,0.7,70%,15.0,10.5,105,1,15.0,10.5
Assistance Divine,Sacred Help,4,10,0.4,40%,20.0,8.0,80,2,10.0,4.0
Être de Lumière,Being of Light,4,10,0.4,40%,18.0,7.2,72,1,18.0,7.2
Économe Sagesse du Trésorier,Treasurer's Wisdom,4,10,0.4,40%,17.0,6.8,68,2,8.5,3.4
Le Marionnettiste,The Puppeteer,3,10,0.3,30%,20.0,6.0,60,2,10.0,3.0
Armure d'Obsidienne,Obsidian Battle Plate,3,10,0.3,30%,20.0,6.0,60,2,10.0,3.0
Faux Parfaite,Perfect Scythe,4,10,0.4,40%,15.0,6.0,60,0,Gratuit,Gratuit
Esprit de l'Écuyer,Spirit of the Squire,10,10,1.0,100%,5.7,5.7,57,3,1.9,1.9
Épée Obscure,Swords of Darkness,3,10,0.3,30%,17.0,5.1,51,1,17.0,5.1
Aveuglement,Incapacitor,8,10,0.8,80%,5.62,4.5,45,3,1.87,1.5
Marteau Collecteur,Collecting Hammer,3,10,0.3,30%,14.0,4.2,42,2,7.0,2.1
Danse Macabre,Dance of Death,5,10,0.5,50%,8.0,4.0,40,1,8.0,4.0
Totem du Gardien,Guardian Totem,10,10,1.0,100%,4.0,4.0,40,3,1.33,1.33
Mental d'Acier,Steel Aura,2,10,0.2,20%,18.0,3.6,36,2,9.0,1.8
Gantelet Impérieux,Imperious Gauntlet,1,10,0.1,10%,30.0,3.0,30,1,30.0,3.0
Triple Météore,Trimeteor,1,10,0.1,10%,30.0,3.0,30,0,Gratuit,Gratuit
Désintégrateur Magnétique,Magnetic Disintegrator,2,10,0.2,20%,11.0,2.2,22,0,Gratuit,Gratuit
Tombeau Rocheux,Rock Tomb,2,10,0.2,20%,10.0,2.0,20,1,10.0,2.0
Marteleur précis,Precise Hammer,1,10,0.1,10%,18.0,1.8,18,1,18.0,1.8
Esprit omniprésent,Omnipresent Spirit,1,10,0.1,10%,18.0,1.8,18,2,9.0,0.9
Œil de Lynx,Hawk's Eye,2,10,0.2,20%,8.0,1.6,16,0,Gratuit,Gratuit
Esprit Guerrier,Spirit of the Warrior,1,10,0.1,10%,16.0,1.6,16,1,16.0,1.6
Lame Insatiable,Fast Furious Blade,1,10,0.1,10%,16.0,1.6,16,2,8.0,0.8
Explosion Arcanique,Arcane Explosive,1,10,0.1,10%,12.0,1.2,12,1,12.0,1.2
Coup de Mort,Death Helper,1,10,0.1,10%,10.0,1.0,10,1,10.0,1.0
Épé Sainte,Holy Sword,1,10,0.1,10%,10.0,1.0,10,0,Gratuit,Gratuit
Griffes Sauvages,Wild Claw,7,10,0.7,70%,1.29,0.9,9,3,0.43,0.3
