,Nom Anglais,nb games valide,total games,ratio,%,pts moy,pts moy total,total point,cout,pts par cout moy,pts par cout total
Totem Équivalent,Equivalent Totem,172,172,1.0,100%,15.9,15.9,2734,2,7.95,7.95
Faux,Scythe,172,172,1.0,100%,12.95,12.95,2228,3,4.32,4.32
Marteau Collecteur,Collecting Hammer,108,172,0.63,63%,16.79,10.54,1813,2,8.39,5.27
Lame Affutée,Sharp Blade,149,172,0.87,87%,9.79,8.48,1458,3,3.26,2.83
Armure d'Obsidienne,Obsidian Battle Plate,72,172,0.42,42%,20.0,8.37,1440,2,10.0,4.18
Hache Frénétique,Berseker Ax,92,172,0.53,53%,14.0,7.49,1288,2,7.0,3.75
Esprit de l'Écuyer,Spirit of the Squire,145,172,0.84,84%,8.28,6.98,1200,3,2.76,2.33
Économe Sagesse du Trésorier,Treasurer's Wisdom,67,172,0.39,39%,17.0,6.62,1139,2,8.5,3.31
Chasseur d'Âmes,Soul Hunter,49,172,0.28,28%,20.0,5.7,980,1,20.0,5.7
Gantelet Impérieux,Imperious Gauntlet,30,172,0.17,17%,30.0,5.23,900,1,30.0,5.23
Aveuglement,Incapacitor,141,172,0.82,82%,5.68,4.66,801,3,1.89,1.55
Ascension Divine,Divine Ascent,32,172,0.19,19%,25.0,4.65,800,3,8.33,1.55
Explosion Arcanique,Arcane Explosive,66,172,0.38,38%,12.0,4.6,792,1,12.0,4.6
Faux Parfaite,Perfect Scythe,51,172,0.3,30%,15.0,4.45,765,0,Gratuit,Gratuit
Assistance Divine,Sacred Help,38,172,0.22,22%,20.0,4.42,760,2,10.0,2.21
Totem du Gardien,Guardian Totem,172,172,1.0,100%,4.07,4.07,700,3,1.36,1.36
Épée Obscure,Swords of Darkness,40,172,0.23,23%,17.0,3.95,680,1,17.0,3.95
Marteleur précis,Precise Hammer,35,172,0.2,20%,18.0,3.66,630,1,18.0,3.66
Coup de Mort,Death Helper,44,172,0.26,26%,13.0,3.33,572,1,13.0,3.33
Elan de Fureur,Rampage Momentum,35,172,0.2,20%,15.0,3.05,525,2,7.5,1.52
Sabre Versatile,Versatil Saber,44,172,0.26,26%,11.0,2.81,484,1,11.0,2.81
Danse Macabre,Dance of Death,58,172,0.34,34%,8.0,2.7,464,1,8.0,2.7
Armure d'Immortel,Immortal Breastplate,27,172,0.16,16%,16.0,2.51,432,1,16.0,2.51
Mental d'Acier,Steel Aura,21,172,0.12,12%,18.0,2.2,378,2,9.0,1.1
Parchemin Secret,Secret Scroll,21,172,0.12,12%,18.0,2.2,378,2,9.0,1.1
Enchaînement Éclair,Unstoppable Lightning,20,172,0.12,12%,18.0,2.09,360,1,18.0,2.09
Lame Insatiable,Fast Furious Blade,21,172,0.12,12%,16.0,1.95,336,2,8.0,0.97
Désintégrateur Magnétique,Magnetic Disintegrator,30,172,0.17,17%,11.0,1.92,330,0,Gratuit,Gratuit
Faux Assoiffées,Thirsty Scythes,13,172,0.08,8%,25.0,1.89,325,3,8.33,0.63
Masse Colossale,Colossal Mace,21,172,0.12,12%,15.0,1.83,315,0,Gratuit,Gratuit
Triple Météore,Trimeteor,10,172,0.06,6%,30.0,1.74,300,0,Gratuit,Gratuit
Le Marionnettiste,The Puppeteer,15,172,0.09,9%,20.0,1.74,300,2,10.0,0.87
Esprit Guerrier,Spirit of the Warrior,18,172,0.1,10%,16.0,1.67,288,1,16.0,1.67
Tombeau Rocheux,Rock Tomb,27,172,0.16,16%,10.0,1.57,270,1,10.0,1.57
Soif de Sang,Thirsty Dagger,15,172,0.09,9%,15.0,1.31,225,0,Gratuit,Gratuit
Adrénaline Arcanique,Arcane Adrenaline,14,172,0.08,8%,16.0,1.3,224,1,16.0,1.3
Aura Légendaire,Legend Aura,5,172,0.03,3%,40.0,1.16,200,3,13.33,0.39
Œil de Lynx,Hawk's Eye,19,172,0.11,11%,10.0,1.1,190,0,Gratuit,Gratuit
Épé Sainte,Holy Sword,15,172,0.09,9%,10.0,0.87,150,0,Gratuit,Gratuit
Pluie de Météorites,Meteorites,2,172,0.01,1%,70.0,0.81,140,0,Gratuit,Gratuit
Force Divine,Divine Impetu,9,172,0.05,5%,15.0,0.78,135,0,Gratuit,Gratuit
Couronne du Roi Nain,Crown of the Dwarf King,10,172,0.06,6%,13.0,0.76,130,0,Gratuit,Gratuit
Être de Lumière,Being of Light,7,172,0.04,4%,18.0,0.73,126,1,18.0,0.73
Griffes Sauvages,Wild Claw,72,172,0.42,42%,1.62,0.68,117,3,0.54,0.23
Masse de Siège,Siege Mace,7,172,0.04,4%,16.0,0.65,112,0,Gratuit,Gratuit
Esprit omniprésent,Omnipresent Spirit,5,172,0.03,3%,18.0,0.52,90,2,9.0,0.26
Pillard Féroce,Savage Looter,4,172,0.02,2%,20.0,0.47,80,1,20.0,0.47
Chasseresse d'Âmes,Huntress of Souls,4,172,0.02,2%,19.0,0.44,76,1,19.0,0.44
Bâton de Conquête,Conquering Staff,3,172,0.02,2%,24.0,0.42,72,2,12.0,0.21
Griffes Démoniaques,Demon Claws,4,172,0.02,2%,17.0,0.4,68,1,17.0,0.4
Amulette Omnisciente,Omnipresent Amulet,3,172,0.02,2%,15.0,0.26,45,0,Gratuit,Gratuit
Décharge Élémentaire,Elemental Discharge,1,172,0.01,1%,18.0,0.1,18,1,18.0,0.1
