,Nom Anglais,nb games valide,total games,ratio,%,pts moy,pts moy total,total point,cout,pts par cout moy,pts par cout total,pts par cout moy+1,pts par cout total+1
Totem Équivalent,Equivalent Totem,162,162,1.0,100%,15.93,15.93,2581,2,7.96,7.96,5.31,5.31
Faux,Scythe,162,162,1.0,100%,13.02,13.02,2109,3,4.34,4.34,3.25,3.25
Marteau Collecteur,Collecting Hammer,101,162,0.62,62%,16.5,10.28,1666,2,8.25,5.14,5.5,3.43
Lame Affutée,Sharp Blade,142,162,0.88,88%,9.68,8.48,1374,3,3.23,2.83,2.42,2.12
Armure d'Obsidienne,Obsidian Battle Plate,68,162,0.42,42%,20.0,8.4,1360,2,10.0,4.2,6.67,2.8
Hache Frénétique,Berseker Ax,87,162,0.54,54%,14.0,7.52,1218,2,7.0,3.76,4.67,2.51
Esprit de l'Écuyer,Spirit of the Squire,138,162,0.85,85%,8.22,7.0,1134,3,2.74,2.33,2.06,1.75
Économe Sagesse du Trésorier,Treasurer's Wisdom,63,162,0.39,39%,17.0,6.61,1071,2,8.5,3.31,5.67,2.2
Chasseur d'Âmes,Soul Hunter,46,162,0.28,28%,20.0,5.68,920,1,20.0,5.68,10.0,2.84
Gantelet Impérieux,Imperious Gauntlet,28,162,0.17,17%,30.0,5.19,840,1,30.0,5.19,15.0,2.6
Ascension Divine,Divine Ascent,32,162,0.2,20%,25.0,4.94,800,3,8.33,1.65,6.25,1.24
Aveuglement,Incapacitor,134,162,0.83,83%,5.78,4.78,774,3,1.93,1.59,1.45,1.2
Assistance Divine,Sacred Help,38,162,0.23,23%,20.0,4.69,760,2,10.0,2.35,6.67,1.56
Explosion Arcanique,Arcane Explosive,62,162,0.38,38%,12.0,4.59,744,1,12.0,4.59,6.0,2.29
Faux Parfaite,Perfect Scythe,48,162,0.3,30%,15.0,4.44,720,0,Gratuit,Gratuit,15.0,4.44
Totem du Gardien,Guardian Totem,162,162,1.0,100%,4.09,4.09,662,3,1.36,1.36,1.02,1.02
Épée Obscure,Swords of Darkness,37,162,0.23,23%,17.0,3.88,629,1,17.0,3.88,8.5,1.94
Marteleur précis,Precise Hammer,33,162,0.2,20%,18.0,3.67,594,1,18.0,3.67,9.0,1.83
Coup de Mort,Death Helper,41,162,0.25,25%,13.0,3.29,533,1,13.0,3.29,6.5,1.65
Elan de Fureur,Rampage Momentum,32,162,0.2,20%,15.0,2.96,480,2,7.5,1.48,5.0,0.99
Sabre Versatile,Versatil Saber,41,162,0.25,25%,11.0,2.78,451,1,11.0,2.78,5.5,1.39
Danse Macabre,Dance of Death,55,162,0.34,34%,8.0,2.72,440,1,8.0,2.72,4.0,1.36
Armure d'Immortel,Immortal Breastplate,24,162,0.15,15%,16.0,2.37,384,1,16.0,2.37,8.0,1.19
Mental d'Acier,Steel Aura,19,162,0.12,12%,18.0,2.11,342,2,9.0,1.05,6.0,0.7
Faux Assoiffées,Thirsty Scythes,13,162,0.08,8%,25.0,2.01,325,3,8.33,0.67,6.25,0.5
Enchaînement Éclair,Unstoppable Lightning,18,162,0.11,11%,18.0,2.0,324,1,18.0,2.0,9.0,1.0
Désintégrateur Magnétique,Magnetic Disintegrator,29,162,0.18,18%,11.0,1.97,319,0,Gratuit,Gratuit,11.0,1.97
Parchemin Secret,Secret Scroll,17,162,0.1,10%,18.0,1.89,306,2,9.0,0.94,6.0,0.63
Triple Météore,Trimeteor,10,162,0.06,6%,30.0,1.85,300,0,Gratuit,Gratuit,30.0,1.85
Lame Insatiable,Fast Furious Blade,18,162,0.11,11%,16.0,1.78,288,2,8.0,0.89,5.33,0.59
Esprit Guerrier,Spirit of the Warrior,17,162,0.1,10%,16.0,1.68,272,1,16.0,1.68,8.0,0.84
Masse Colossale,Colossal Mace,18,162,0.11,11%,15.0,1.67,270,0,Gratuit,Gratuit,15.0,1.67
Le Marionnettiste,The Puppeteer,13,162,0.08,8%,20.0,1.6,260,2,10.0,0.8,6.67,0.53
Tombeau Rocheux,Rock Tomb,24,162,0.15,15%,10.0,1.48,240,1,10.0,1.48,5.0,0.74
Soif de Sang,Thirsty Dagger,14,162,0.09,9%,15.0,1.3,210,0,Gratuit,Gratuit,15.0,1.3
Adrénaline Arcanique,Arcane Adrenaline,13,162,0.08,8%,16.0,1.28,208,1,16.0,1.28,8.0,0.64
Aura Légendaire,Legend Aura,5,162,0.03,3%,40.0,1.23,200,3,13.33,0.41,10.0,0.31
Œil de Lynx,Hawk's Eye,19,162,0.12,12%,10.0,1.17,190,0,Gratuit,Gratuit,10.0,1.17
Pluie de Météorites,Meteorites,2,162,0.01,1%,70.0,0.86,140,0,Gratuit,Gratuit,70.0,0.86
Force Divine,Divine Impetu,9,162,0.06,6%,15.0,0.83,135,0,Gratuit,Gratuit,15.0,0.83
Épé Sainte,Holy Sword,13,162,0.08,8%,10.0,0.8,130,0,Gratuit,Gratuit,10.0,0.8
Être de Lumière,Being of Light,7,162,0.04,4%,18.0,0.78,126,1,18.0,0.78,9.0,0.39
Griffes Sauvages,Wild Claw,69,162,0.43,43%,1.62,0.69,112,3,0.54,0.23,0.41,0.17
Couronne du Roi Nain,Crown of the Dwarf King,8,162,0.05,5%,13.0,0.64,104,0,Gratuit,Gratuit,13.0,0.64
Esprit omniprésent,Omnipresent Spirit,5,162,0.03,3%,18.0,0.56,90,2,9.0,0.28,6.0,0.19
Pillard Féroce,Savage Looter,4,162,0.02,2%,20.0,0.49,80,1,20.0,0.49,10.0,0.24
Masse de Siège,Siege Mace,5,162,0.03,3%,16.0,0.49,80,0,Gratuit,Gratuit,16.0,0.49
Bâton de Conquête,Conquering Staff,3,162,0.02,2%,24.0,0.44,72,2,12.0,0.22,8.0,0.15
Chasseresse d'Âmes,Huntress of Souls,3,162,0.02,2%,19.0,0.35,57,1,19.0,0.35,9.5,0.17
Griffes Démoniaques,Demon Claws,3,162,0.02,2%,17.0,0.31,51,1,17.0,0.31,8.5,0.15
Amulette Omnisciente,Omnipresent Amulet,3,162,0.02,2%,15.0,0.28,45,0,Gratuit,Gratuit,15.0,0.28
Décharge Élémentaire,Elemental Discharge,1,162,0.01,1%,18.0,0.11,18,1,18.0,0.11,9.0,0.06
