,Nom Anglais,nb games valide,total games,ratio,%,pts moy,pts moy total,total point,cout,pts par cout moy,pts par cout total
Faux,Scythe,48,48,1.0,100%,14.02,14.02,673,3,4.67,4.67
Armure d'Obsidienne,Obsidian Battle Plate,25,48,0.52,52%,20.0,10.42,500,2,10.0,5.21
Aveuglement,Incapacitor,46,48,0.96,96%,9.52,9.12,438,3,3.17,3.04
Esprit de l'Écuyer,Spirit of the Squire,38,48,0.79,79%,8.92,7.06,339,3,2.97,2.35
Hache Frénétique,Berseker Ax,24,48,0.5,50%,14.0,7.0,336,2,7.0,3.5
Lame Affutée,Sharp Blade,36,48,0.75,75%,9.25,6.94,333,3,3.08,2.31
Économe Sagesse du Trésorier,Treasurer's Wisdom,18,48,0.38,38%,17.0,6.38,306,2,8.5,3.19
Explosion Arcanique,Arcane Explosive,21,48,0.44,44%,12.0,5.25,252,1,12.0,5.25
Ascension Divine,Divine Ascent,9,48,0.19,19%,25.0,4.69,225,3,8.33,1.56
Totem du Gardien,Guardian Totem,48,48,1.0,100%,4.35,4.35,209,3,1.45,1.45
Sabre Versatile,Versatil Saber,18,48,0.38,38%,11.0,4.12,198,1,11.0,4.12
Armure d'Immortel,Immortal Breastplate,14,48,0.29,29%,14.0,4.08,196,1,14.0,4.08
Le Marionnettiste,The Puppeteer,9,48,0.19,19%,20.0,3.75,180,2,10.0,1.88
Esquive Salvatrice,Evasive Protection,12,48,0.25,25%,15.0,3.75,180,0,Gratuit,Gratuit
Parchemin Secret,Secret Scroll,9,48,0.19,19%,18.0,3.38,162,2,9.0,1.69
Aura Légendaire,Legend Aura,4,48,0.08,8%,40.0,3.33,160,3,13.33,1.11
Marteleur précis,Precise Hammer,8,48,0.17,17%,18.0,3.0,144,1,18.0,3.0
Le Croque-mort,The Undertaker,10,48,0.21,21%,14.0,2.92,140,1,14.0,2.92
Glaive Vindicatif,Large Sword of Hate,7,48,0.15,15%,20.0,2.92,140,1,20.0,2.92
Instinct Sanguinaire,Bloody Instinct,9,48,0.19,19%,15.0,2.81,135,2,7.5,1.41
Elan de Fureur,Rampage Momentum,9,48,0.19,19%,15.0,2.81,135,2,7.5,1.41
Épée Obscure,Swords of Darkness,9,48,0.19,19%,15.0,2.81,135,1,15.0,2.81
Coup de Mort,Death Helper,13,48,0.27,27%,10.0,2.71,130,1,10.0,2.71
Tombeau Rocheux,Rock Tomb,13,48,0.27,27%,10.0,2.71,130,1,10.0,2.71
Mental d'Acier,Steel Aura,7,48,0.15,15%,18.0,2.62,126,2,9.0,1.31
Enchaînement Éclair,Unstoppable Lightning,7,48,0.15,15%,18.0,2.62,126,1,18.0,2.62
Frappe Chirurgicale,Accurate Sword,7,48,0.15,15%,16.0,2.33,112,1,16.0,2.33
Lame Insatiable,Fast Furious Blade,7,48,0.15,15%,16.0,2.33,112,2,8.0,1.17
Faux Assoiffées,Thirsty Scythes,4,48,0.08,8%,25.0,2.08,100,3,8.33,0.69
Épées Jumelles,Twin Swords,9,48,0.19,19%,11.11,2.08,100,1,11.11,2.08
Couronne du Roi Nain,Crown of the Dwarf King,7,48,0.15,15%,13.0,1.9,91,0,Gratuit,Gratuit
Danse Macabre,Dance of Death,11,48,0.23,23%,8.0,1.83,88,1,8.0,1.83
Assistance Divine,Sacred Help,4,48,0.08,8%,20.0,1.67,80,2,10.0,0.83
Pillard Féroce,Savage Looter,4,48,0.08,8%,20.0,1.67,80,1,20.0,1.67
Désintégrateur Magnétique,Magnetic Disintegrator,7,48,0.15,15%,11.0,1.6,77,0,Gratuit,Gratuit
Masse Colossale,Colossal Mace,7,48,0.15,15%,11.0,1.6,77,0,Gratuit,Gratuit
Chasseur d'Âmes,Soul Hunter,5,48,0.1,10%,15.0,1.56,75,1,15.0,1.56
Bâton de Conquête,Conquering Staff,3,48,0.06,6%,24.0,1.5,72,2,12.0,0.75
Griffes Sauvages,Wild Claw,33,48,0.69,69%,2.03,1.4,67,3,0.68,0.47
Destruction Royale,Royal Destroyer,6,48,0.12,12%,11.0,1.38,66,0,Gratuit,Gratuit
Esprit Guerrier,Spirit of the Warrior,4,48,0.08,8%,16.0,1.33,64,1,16.0,1.33
Lance Doublée,Dual Spear,8,48,0.17,17%,8.0,1.33,64,0,Gratuit,Gratuit
Triple Météore,Trimeteor,2,48,0.04,4%,30.0,1.25,60,0,Gratuit,Gratuit
Œil de Lynx,Hawk's Eye,7,48,0.15,15%,8.0,1.17,56,0,Gratuit,Gratuit
Esprit omniprésent,Omnipresent Spirit,3,48,0.06,6%,18.0,1.12,54,2,9.0,0.56
Épé Sainte,Holy Sword,5,48,0.1,10%,10.0,1.04,50,0,Gratuit,Gratuit
Soif de Sang,Thirsty Dagger,3,48,0.06,6%,15.0,0.94,45,0,Gratuit,Gratuit
Lance Triplée,Triple Spear,2,48,0.04,4%,20.0,0.83,40,0,Gratuit,Gratuit
Chasseresse d'Âmes,Huntress of Souls,2,48,0.04,4%,19.0,0.79,38,1,19.0,0.79
Décharge Élémentaire,Elemental Discharge,2,48,0.04,4%,18.0,0.75,36,1,18.0,0.75
Griffes Démoniaques,Demon Claws,2,48,0.04,4%,17.0,0.71,34,1,17.0,0.71
Amulette Omnisciente,Omnipresent Amulet,2,48,0.04,4%,11.0,0.46,22,0,Gratuit,Gratuit
Être de Lumière,Being of Light,1,48,0.02,2%,18.0,0.38,18,1,18.0,0.38
Adrénaline Arcanique,Arcane Adrenaline,1,48,0.02,2%,16.0,0.33,16,1,16.0,0.33
Masse de Siège,Siege Mace,1,48,0.02,2%,16.0,0.33,16,0,Gratuit,Gratuit
Bâton Élémentaire,Earthly Staff,1,48,0.02,2%,15.0,0.31,15,0,Gratuit,Gratuit
Force Divine,Divine Impetu,1,48,0.02,2%,11.0,0.23,11,0,Gratuit,Gratuit
