,Nom Anglais,nb games valide,total games,ratio,%,pts moy,pts moy total,total point,cout,pts par cout moy,pts par cout total
Faux,Scythe,9,9,1.0,100%,14.44,14.44,130,3,4.81,4.81
Armure d'Obsidienne,Obsidian Battle Plate,5,9,0.56,56%,20.0,11.11,100,2,10.0,5.55
Hache Frénétique,Berseker Ax,6,9,0.67,67%,14.0,9.33,84,2,7.0,4.67
Aveuglement,Incapacitor,9,9,1.0,100%,8.0,8.0,72,3,2.67,2.67
Économe Sagesse du Trésorier,Treasurer's Wisdom,4,9,0.44,44%,17.0,7.56,68,2,8.5,3.78
Lame Affutée,Sharp Blade,7,9,0.78,78%,9.43,7.33,66,3,3.14,2.44
Le Marionnettiste,The Puppeteer,3,9,0.33,33%,20.0,6.67,60,2,10.0,3.33
Explosion Arcanique,Arcane Explosive,4,9,0.44,44%,12.0,5.33,48,1,12.0,5.33
Elan de Fureur,Rampage Momentum,3,9,0.33,33%,15.0,5.0,45,2,7.5,2.5
Le Croque-mort,The Undertaker,3,9,0.33,33%,14.0,4.67,42,1,14.0,4.67
Esprit de l'Écuyer,Spirit of the Squire,7,9,0.78,78%,6.0,4.67,42,3,2.0,1.56
Totem du Gardien,Guardian Totem,9,9,1.0,100%,4.67,4.67,42,3,1.56,1.56
Glaive Vindicatif,Large Sword of Hate,2,9,0.22,22%,20.0,4.44,40,1,20.0,4.44
Enchaînement Éclair,Unstoppable Lightning,2,9,0.22,22%,18.0,4.0,36,1,18.0,4.0
Parchemin Secret,Secret Scroll,2,9,0.22,22%,18.0,4.0,36,2,9.0,2.0
Marteleur précis,Precise Hammer,2,9,0.22,22%,18.0,4.0,36,1,18.0,4.0
Sabre Versatile,Versatil Saber,3,9,0.33,33%,11.0,3.67,33,1,11.0,3.67
Lame Insatiable,Fast Furious Blade,2,9,0.22,22%,16.0,3.56,32,2,8.0,1.78
Instinct Sanguinaire,Bloody Instinct,2,9,0.22,22%,15.0,3.33,30,2,7.5,1.67
Esquive Salvatrice,Evasive Protection,2,9,0.22,22%,15.0,3.33,30,0,Gratuit,Gratuit
Armure d'Immortel,Immortal Breastplate,2,9,0.22,22%,14.0,3.11,28,1,14.0,3.11
Couronne du Roi Nain,Crown of the Dwarf King,2,9,0.22,22%,13.0,2.89,26,0,Gratuit,Gratuit
Faux Assoiffées,Thirsty Scythes,1,9,0.11,11%,25.0,2.78,25,3,8.33,0.93
Ascension Divine,Divine Ascent,1,9,0.11,11%,25.0,2.78,25,3,8.33,0.93
Danse Macabre,Dance of Death,3,9,0.33,33%,8.0,2.67,24,1,8.0,2.67
Masse Colossale,Colossal Mace,2,9,0.22,22%,11.0,2.44,22,0,Gratuit,Gratuit
Esprit omniprésent,Omnipresent Spirit,1,9,0.11,11%,18.0,2.0,18,2,9.0,1.0
Griffes Sauvages,Wild Claw,9,9,1.0,100%,2.0,2.0,18,3,0.67,0.67
Frappe Chirurgicale,Accurate Sword,1,9,0.11,11%,16.0,1.78,16,1,16.0,1.78
Esprit Guerrier,Spirit of the Warrior,1,9,0.11,11%,16.0,1.78,16,1,16.0,1.78
Bâton Élémentaire,Earthly Staff,1,9,0.11,11%,15.0,1.67,15,0,Gratuit,Gratuit
Soif de Sang,Thirsty Dagger,1,9,0.11,11%,15.0,1.67,15,0,Gratuit,Gratuit
Chasseur d'Âmes,Soul Hunter,1,9,0.11,11%,15.0,1.67,15,1,15.0,1.67
Épée Obscure,Swords of Darkness,1,9,0.11,11%,15.0,1.67,15,1,15.0,1.67
Tombeau Rocheux,Rock Tomb,1,9,0.11,11%,10.0,1.11,10,1,10.0,1.11
Épées Jumelles,Twin Swords,1,9,0.11,11%,10.0,1.11,10,1,10.0,1.11
Coup de Mort,Death Helper,1,9,0.11,11%,10.0,1.11,10,1,10.0,1.11
Épé Sainte,Holy Sword,1,9,0.11,11%,10.0,1.11,10,0,Gratuit,Gratuit
Lance Doublée,Dual Spear,1,9,0.11,11%,8.0,0.89,8,0,Gratuit,Gratuit
