,Nom Anglais,nb games valide,total games,ratio,%,pts moy,pts moy total,total point,cout,pts par cout moy,pts par cout total
Faux,Scythe,5,5,1.0,100%,14.2,14.2,71,3,4.73,4.73
Aveuglement,Incapacitor,5,5,1.0,100%,9.6,9.6,48,3,3.2,3.2
Hache Frénétique,Berseker Ax,3,5,0.6,60%,14.0,8.4,42,2,7.0,4.2
Armure d'Obsidienne,Obsidian Battle Plate,2,5,0.4,40%,20.0,8.0,40,2,10.0,4.0
Le Marionnettiste,The Puppeteer,2,5,0.4,40%,20.0,8.0,40,2,10.0,4.0
Économe Sagesse du Trésorier,Treasurer's Wisdom,2,5,0.4,40%,17.0,6.8,34,2,8.5,3.4
Lame Affutée,Sharp Blade,4,5,0.8,80%,7.5,6.0,30,3,2.5,2.0
Instinct Sanguinaire,Bloody Instinct,2,5,0.4,40%,15.0,6.0,30,2,7.5,3.0
Esprit de l'Écuyer,Spirit of the Squire,4,5,0.8,80%,6.75,5.4,27,3,2.25,1.8
Explosion Arcanique,Arcane Explosive,2,5,0.4,40%,12.0,4.8,24,1,12.0,4.8
Totem du Gardien,Guardian Totem,5,5,1.0,100%,4.6,4.6,23,3,1.53,1.53
Glaive Vindicatif,Large Sword of Hate,1,5,0.2,20%,20.0,4.0,20,1,20.0,4.0
Enchaînement Éclair,Unstoppable Lightning,1,5,0.2,20%,18.0,3.6,18,1,18.0,3.6
Épée Obscure,Swords of Darkness,1,5,0.2,20%,15.0,3.0,15,1,15.0,3.0
Esquive Salvatrice,Evasive Protection,1,5,0.2,20%,15.0,3.0,15,0,Gratuit,Gratuit
Elan de Fureur,Rampage Momentum,1,5,0.2,20%,15.0,3.0,15,2,7.5,1.5
Le Croque-mort,The Undertaker,1,5,0.2,20%,14.0,2.8,14,1,14.0,2.8
Armure d'Immortel,Immortal Breastplate,1,5,0.2,20%,14.0,2.8,14,1,14.0,2.8
Sabre Versatile,Versatil Saber,1,5,0.2,20%,11.0,2.2,11,1,11.0,2.2
Griffes Sauvages,Wild Claw,5,5,1.0,100%,2.2,2.2,11,3,0.73,0.73
Épées Jumelles,Twin Swords,1,5,0.2,20%,10.0,2.0,10,1,10.0,2.0
Coup de Mort,Death Helper,1,5,0.2,20%,10.0,2.0,10,1,10.0,2.0
Danse Macabre,Dance of Death,1,5,0.2,20%,8.0,1.6,8,1,8.0,1.6
Lance Doublée,Dual Spear,1,5,0.2,20%,8.0,1.6,8,0,Gratuit,Gratuit
