,Nom Anglais,nb games valide,total games,ratio,%,pts moy,pts moy total,total point,cout,pts par cout moy,pts par cout total
Faux,Scythe,13,13,1.0,100%,14.15,14.15,184,3,4.72,4.72
Armure d'Obsidienne,Obsidian Battle Plate,9,13,0.69,69%,20.0,13.85,180,2,10.0,6.92
Aveuglement,Incapacitor,13,13,1.0,100%,8.08,8.08,105,3,2.69,2.69
Économe Sagesse du Trésorier,Treasurer's Wisdom,6,13,0.46,46%,17.0,7.85,102,2,8.5,3.92
Hache Frénétique,Berseker Ax,7,13,0.54,54%,14.0,7.54,98,2,7.0,3.77
Explosion Arcanique,Arcane Explosive,7,13,0.54,54%,12.0,6.46,84,1,12.0,6.46
Lame Affutée,Sharp Blade,9,13,0.69,69%,9.33,6.46,84,3,3.11,2.15
Esprit de l'Écuyer,Spirit of the Squire,10,13,0.77,77%,6.9,5.31,69,3,2.3,1.77
Le Marionnettiste,The Puppeteer,3,13,0.23,23%,20.0,4.62,60,2,10.0,2.31
Glaive Vindicatif,Large Sword of Hate,3,13,0.23,23%,20.0,4.62,60,1,20.0,4.62
Totem du Gardien,Guardian Totem,13,13,1.0,100%,4.46,4.46,58,3,1.49,1.49
Sabre Versatile,Versatil Saber,5,13,0.38,38%,11.0,4.23,55,1,11.0,4.23
Parchemin Secret,Secret Scroll,3,13,0.23,23%,18.0,4.15,54,2,9.0,2.08
Marteleur précis,Precise Hammer,3,13,0.23,23%,18.0,4.15,54,1,18.0,4.15
Ascension Divine,Divine Ascent,2,13,0.15,15%,25.0,3.85,50,3,8.33,1.28
Elan de Fureur,Rampage Momentum,3,13,0.23,23%,15.0,3.46,45,2,7.5,1.73
Masse Colossale,Colossal Mace,4,13,0.31,31%,11.0,3.38,44,0,Gratuit,Gratuit
Le Croque-mort,The Undertaker,3,13,0.23,23%,14.0,3.23,42,1,14.0,3.23
Enchaînement Éclair,Unstoppable Lightning,2,13,0.15,15%,18.0,2.77,36,1,18.0,2.77
Lame Insatiable,Fast Furious Blade,2,13,0.15,15%,16.0,2.46,32,2,8.0,1.23
Esprit Guerrier,Spirit of the Warrior,2,13,0.15,15%,16.0,2.46,32,1,16.0,2.46
Soif de Sang,Thirsty Dagger,2,13,0.15,15%,15.0,2.31,30,0,Gratuit,Gratuit
Chasseur d'Âmes,Soul Hunter,2,13,0.15,15%,15.0,2.31,30,1,15.0,2.31
Instinct Sanguinaire,Bloody Instinct,2,13,0.15,15%,15.0,2.31,30,2,7.5,1.16
Tombeau Rocheux,Rock Tomb,3,13,0.23,23%,10.0,2.31,30,1,10.0,2.31
Esquive Salvatrice,Evasive Protection,2,13,0.15,15%,15.0,2.31,30,0,Gratuit,Gratuit
Armure d'Immortel,Immortal Breastplate,2,13,0.15,15%,14.0,2.15,28,1,14.0,2.15
Couronne du Roi Nain,Crown of the Dwarf King,2,13,0.15,15%,13.0,2.0,26,0,Gratuit,Gratuit
Faux Assoiffées,Thirsty Scythes,1,13,0.08,8%,25.0,1.92,25,3,8.33,0.64
Griffes Sauvages,Wild Claw,12,13,0.92,92%,2.0,1.85,24,3,0.67,0.62
Danse Macabre,Dance of Death,3,13,0.23,23%,8.0,1.85,24,1,8.0,1.85
Épé Sainte,Holy Sword,2,13,0.15,15%,10.0,1.54,20,0,Gratuit,Gratuit
Coup de Mort,Death Helper,2,13,0.15,15%,10.0,1.54,20,1,10.0,1.54
Esprit omniprésent,Omnipresent Spirit,1,13,0.08,8%,18.0,1.38,18,2,9.0,0.69
Frappe Chirurgicale,Accurate Sword,1,13,0.08,8%,16.0,1.23,16,1,16.0,1.23
Bâton Élémentaire,Earthly Staff,1,13,0.08,8%,15.0,1.15,15,0,Gratuit,Gratuit
Épée Obscure,Swords of Darkness,1,13,0.08,8%,15.0,1.15,15,1,15.0,1.15
Épées Jumelles,Twin Swords,1,13,0.08,8%,10.0,0.77,10,1,10.0,0.77
Œil de Lynx,Hawk's Eye,1,13,0.08,8%,8.0,0.62,8,0,Gratuit,Gratuit
Lance Doublée,Dual Spear,1,13,0.08,8%,8.0,0.62,8,0,Gratuit,Gratuit
