,Nom Anglais,nb games valide,total games,ratio,%,pts moy,pts moy total,total point,cout,pts par cout moy,pts par cout total
Armure d'Obsidienne,Obsidian Battle Plate,5,7,0.71,71%,20.0,14.29,100,2,10.0,7.14
Faux,Scythe,7,7,1.0,100%,14.0,14.0,98,3,4.67,4.67
Aveuglement,Incapacitor,6,7,0.86,86%,10.5,9.0,63,3,3.5,3.0
Lame Affutée,Sharp Blade,5,7,0.71,71%,11.4,8.14,57,3,3.8,2.71
Économe Sagesse du Trésorier,Treasurer's Wisdom,3,7,0.43,43%,17.0,7.29,51,2,8.5,3.65
Explosion Arcanique,Arcane Explosive,4,7,0.57,57%,12.0,6.86,48,1,12.0,6.86
Épée Obscure,Swords of Darkness,3,7,0.43,43%,15.0,6.43,45,1,15.0,6.43
Esquive Salvatrice,Evasive Protection,3,7,0.43,43%,15.0,6.43,45,0,Gratuit,Gratuit
Destruction Royale,Royal Destroyer,4,7,0.57,57%,11.0,6.29,44,0,Gratuit,Gratuit
Sabre Versatile,Versatil Saber,4,7,0.57,57%,11.0,6.29,44,1,11.0,6.29
Désintégrateur Magnétique,Magnetic Disintegrator,4,7,0.57,57%,11.0,6.29,44,0,Gratuit,Gratuit
Esprit de l'Écuyer,Spirit of the Squire,6,7,0.86,86%,7.0,6.0,42,3,2.33,2.0
Hache Frénétique,Berseker Ax,3,7,0.43,43%,14.0,6.0,42,2,7.0,3.0
Armure d'Immortel,Immortal Breastplate,3,7,0.43,43%,14.0,6.0,42,1,14.0,6.0
Mental d'Acier,Steel Aura,2,7,0.29,29%,18.0,5.14,36,2,9.0,2.57
Totem du Gardien,Guardian Totem,7,7,1.0,100%,5.0,5.0,35,3,1.67,1.67
Frappe Chirurgicale,Accurate Sword,2,7,0.29,29%,16.0,4.57,32,1,16.0,4.57
Instinct Sanguinaire,Bloody Instinct,2,7,0.29,29%,15.0,4.29,30,2,7.5,2.15
Triple Météore,Trimeteor,1,7,0.14,14%,30.0,4.29,30,0,Gratuit,Gratuit
Épées Jumelles,Twin Swords,3,7,0.43,43%,10.0,4.29,30,1,10.0,4.29
Le Croque-mort,The Undertaker,2,7,0.29,29%,14.0,4.0,28,1,14.0,4.0
Ascension Divine,Divine Ascent,1,7,0.14,14%,25.0,3.57,25,3,8.33,1.19
Faux Assoiffées,Thirsty Scythes,1,7,0.14,14%,25.0,3.57,25,3,8.33,1.19
Masse Colossale,Colossal Mace,2,7,0.29,29%,11.0,3.14,22,0,Gratuit,Gratuit
Lance Triplée,Triple Spear,1,7,0.14,14%,20.0,2.86,20,0,Gratuit,Gratuit
Assistance Divine,Sacred Help,1,7,0.14,14%,20.0,2.86,20,2,10.0,1.43
Tombeau Rocheux,Rock Tomb,2,7,0.29,29%,10.0,2.86,20,1,10.0,2.86
Épé Sainte,Holy Sword,2,7,0.29,29%,10.0,2.86,20,0,Gratuit,Gratuit
Glaive Vindicatif,Large Sword of Hate,1,7,0.14,14%,20.0,2.86,20,1,20.0,2.86
Coup de Mort,Death Helper,2,7,0.29,29%,10.0,2.86,20,1,10.0,2.86
Chasseresse d'Âmes,Huntress of Souls,1,7,0.14,14%,19.0,2.71,19,1,19.0,2.71
Marteleur précis,Precise Hammer,1,7,0.14,14%,18.0,2.57,18,1,18.0,2.57
Parchemin Secret,Secret Scroll,1,7,0.14,14%,18.0,2.57,18,2,9.0,1.28
Griffes Démoniaques,Demon Claws,1,7,0.14,14%,17.0,2.43,17,1,17.0,2.43
Adrénaline Arcanique,Arcane Adrenaline,1,7,0.14,14%,16.0,2.29,16,1,16.0,2.29
Danse Macabre,Dance of Death,2,7,0.29,29%,8.0,2.29,16,1,8.0,2.29
Lame Insatiable,Fast Furious Blade,1,7,0.14,14%,16.0,2.29,16,2,8.0,1.15
Lance Doublée,Dual Spear,2,7,0.29,29%,8.0,2.29,16,0,Gratuit,Gratuit
Esprit Guerrier,Spirit of the Warrior,1,7,0.14,14%,16.0,2.29,16,1,16.0,2.29
Elan de Fureur,Rampage Momentum,1,7,0.14,14%,15.0,2.14,15,2,7.5,1.07
Bâton Élémentaire,Earthly Staff,1,7,0.14,14%,15.0,2.14,15,0,Gratuit,Gratuit
Couronne du Roi Nain,Crown of the Dwarf King,1,7,0.14,14%,13.0,1.86,13,0,Gratuit,Gratuit
Griffes Sauvages,Wild Claw,5,7,0.71,71%,2.0,1.43,10,3,0.67,0.48
Œil de Lynx,Hawk's Eye,1,7,0.14,14%,8.0,1.14,8,0,Gratuit,Gratuit
