,Nom Anglais,nb games valide,total games,ratio,%,pts moy,pts moy total,total point,cout,pts par cout moy,pts par cout total
Armure d'Obsidienne,Obsidian Battle Plate,8,10,0.8,80%,20.0,16.0,160,2,10.0,8.0
Faux,Scythe,10,10,1.0,100%,13.6,13.6,136,3,4.53,4.53
Aveuglement,Incapacitor,9,10,0.9,90%,9.33,8.4,84,3,3.11,2.8
Armure d'Immortel,Immortal Breastplate,6,10,0.6,60%,14.0,8.4,84,1,14.0,8.4
Lame Affutée,Sharp Blade,7,10,0.7,70%,12.0,8.4,84,3,4.0,2.8
Sabre Versatile,Versatil Saber,7,10,0.7,70%,11.0,7.7,77,1,11.0,7.7
Esquive Salvatrice,Evasive Protection,5,10,0.5,50%,15.0,7.5,75,0,Gratuit,Gratuit
Esprit de l'Écuyer,Spirit of the Squire,9,10,0.9,90%,8.0,7.2,72,3,2.67,2.4
Économe Sagesse du Trésorier,Treasurer's Wisdom,4,10,0.4,40%,17.0,6.8,68,2,8.5,3.4
Destruction Royale,Royal Destroyer,6,10,0.6,60%,11.0,6.6,66,0,Gratuit,Gratuit
Désintégrateur Magnétique,Magnetic Disintegrator,6,10,0.6,60%,11.0,6.6,66,0,Gratuit,Gratuit
Explosion Arcanique,Arcane Explosive,5,10,0.5,50%,12.0,6.0,60,1,12.0,6.0
Épée Obscure,Swords of Darkness,4,10,0.4,40%,15.0,6.0,60,1,15.0,6.0
Hache Frénétique,Berseker Ax,4,10,0.4,40%,14.0,5.6,56,2,7.0,2.8
Ascension Divine,Divine Ascent,2,10,0.2,20%,25.0,5.0,50,3,8.33,1.67
Totem du Gardien,Guardian Totem,10,10,1.0,100%,4.9,4.9,49,3,1.63,1.63
Le Croque-mort,The Undertaker,3,10,0.3,30%,14.0,4.2,42,1,14.0,4.2
Épées Jumelles,Twin Swords,4,10,0.4,40%,10.0,4.0,40,1,10.0,4.0
Marteleur précis,Precise Hammer,2,10,0.2,20%,18.0,3.6,36,1,18.0,3.6
Mental d'Acier,Steel Aura,2,10,0.2,20%,18.0,3.6,36,2,9.0,1.8
Frappe Chirurgicale,Accurate Sword,2,10,0.2,20%,16.0,3.2,32,1,16.0,3.2
Danse Macabre,Dance of Death,4,10,0.4,40%,8.0,3.2,32,1,8.0,3.2
Coup de Mort,Death Helper,3,10,0.3,30%,10.0,3.0,30,1,10.0,3.0
Bâton Élémentaire,Earthly Staff,2,10,0.2,20%,15.0,3.0,30,0,Gratuit,Gratuit
Triple Météore,Trimeteor,1,10,0.1,10%,30.0,3.0,30,0,Gratuit,Gratuit
Tombeau Rocheux,Rock Tomb,3,10,0.3,30%,10.0,3.0,30,1,10.0,3.0
Elan de Fureur,Rampage Momentum,2,10,0.2,20%,15.0,3.0,30,2,7.5,1.5
Instinct Sanguinaire,Bloody Instinct,2,10,0.2,20%,15.0,3.0,30,2,7.5,1.5
Faux Assoiffées,Thirsty Scythes,1,10,0.1,10%,25.0,2.5,25,3,8.33,0.83
Lance Doublée,Dual Spear,3,10,0.3,30%,8.0,2.4,24,0,Gratuit,Gratuit
Masse Colossale,Colossal Mace,2,10,0.2,20%,11.0,2.2,22,0,Gratuit,Gratuit
Lance Triplée,Triple Spear,1,10,0.1,10%,20.0,2.0,20,0,Gratuit,Gratuit
Assistance Divine,Sacred Help,1,10,0.1,10%,20.0,2.0,20,2,10.0,1.0
Glaive Vindicatif,Large Sword of Hate,1,10,0.1,10%,20.0,2.0,20,1,20.0,2.0
Épé Sainte,Holy Sword,2,10,0.2,20%,10.0,2.0,20,0,Gratuit,Gratuit
Chasseresse d'Âmes,Huntress of Souls,1,10,0.1,10%,19.0,1.9,19,1,19.0,1.9
Parchemin Secret,Secret Scroll,1,10,0.1,10%,18.0,1.8,18,2,9.0,0.9
Griffes Démoniaques,Demon Claws,1,10,0.1,10%,17.0,1.7,17,1,17.0,1.7
Œil de Lynx,Hawk's Eye,2,10,0.2,20%,8.0,1.6,16,0,Gratuit,Gratuit
Lame Insatiable,Fast Furious Blade,1,10,0.1,10%,16.0,1.6,16,2,8.0,0.8
Esprit Guerrier,Spirit of the Warrior,1,10,0.1,10%,16.0,1.6,16,1,16.0,1.6
Adrénaline Arcanique,Arcane Adrenaline,1,10,0.1,10%,16.0,1.6,16,1,16.0,1.6
Soif de Sang,Thirsty Dagger,1,10,0.1,10%,15.0,1.5,15,0,Gratuit,Gratuit
Griffes Sauvages,Wild Claw,7,10,0.7,70%,2.14,1.5,15,3,0.71,0.5
Chasseur d'Âmes,Soul Hunter,1,10,0.1,10%,15.0,1.5,15,1,15.0,1.5
Couronne du Roi Nain,Crown of the Dwarf King,1,10,0.1,10%,13.0,1.3,13,0,Gratuit,Gratuit
