,Nom Anglais,nb games valide,total games,ratio,%,pts moy,pts moy total,total point,cout,pts par cout moy,pts par cout total
Armure d'Obsidienne,Obsidian Battle Plate,10,12,0.83,83%,20.0,16.67,200,2,10.0,8.34
Faux,Scythe,12,12,1.0,100%,13.75,13.75,165,3,4.58,4.58
Armure d'Immortel,Immortal Breastplate,8,12,0.67,67%,14.0,9.33,112,1,14.0,9.33
Lame Affutée,Sharp Blade,9,12,0.75,75%,12.0,9.0,108,3,4.0,3.0
Aveuglement,Incapacitor,11,12,0.92,92%,9.55,8.75,105,3,3.18,2.92
Économe Sagesse du Trésorier,Treasurer's Wisdom,6,12,0.5,50%,17.0,8.5,102,2,8.5,4.25
Sabre Versatile,Versatil Saber,9,12,0.75,75%,11.0,8.25,99,1,11.0,8.25
Esprit de l'Écuyer,Spirit of the Squire,11,12,0.92,92%,8.73,8.0,96,3,2.91,2.67
Explosion Arcanique,Arcane Explosive,7,12,0.58,58%,12.0,7.0,84,1,12.0,7.0
Hache Frénétique,Berseker Ax,6,12,0.5,50%,14.0,7.0,84,2,7.0,3.5
Destruction Royale,Royal Destroyer,7,12,0.58,58%,11.0,6.42,77,0,Gratuit,Gratuit
Désintégrateur Magnétique,Magnetic Disintegrator,7,12,0.58,58%,11.0,6.42,77,0,Gratuit,Gratuit
Esquive Salvatrice,Evasive Protection,5,12,0.42,42%,15.0,6.25,75,0,Gratuit,Gratuit
Épée Obscure,Swords of Darkness,4,12,0.33,33%,15.0,5.0,60,1,15.0,5.0
Totem du Gardien,Guardian Totem,12,12,1.0,100%,4.75,4.75,57,3,1.58,1.58
Ascension Divine,Divine Ascent,2,12,0.17,17%,25.0,4.17,50,3,8.33,1.39
Tombeau Rocheux,Rock Tomb,5,12,0.42,42%,10.0,4.17,50,1,10.0,4.17
Frappe Chirurgicale,Accurate Sword,3,12,0.25,25%,16.0,4.0,48,1,16.0,4.0
Le Croque-mort,The Undertaker,3,12,0.25,25%,14.0,3.5,42,1,14.0,3.5
Coup de Mort,Death Helper,4,12,0.33,33%,10.0,3.33,40,1,10.0,3.33
Glaive Vindicatif,Large Sword of Hate,2,12,0.17,17%,20.0,3.33,40,1,20.0,3.33
Épées Jumelles,Twin Swords,4,12,0.33,33%,10.0,3.33,40,1,10.0,3.33
Danse Macabre,Dance of Death,5,12,0.42,42%,8.0,3.33,40,1,8.0,3.33
Marteleur précis,Precise Hammer,2,12,0.17,17%,18.0,3.0,36,1,18.0,3.0
Parchemin Secret,Secret Scroll,2,12,0.17,17%,18.0,3.0,36,2,9.0,1.5
Mental d'Acier,Steel Aura,2,12,0.17,17%,18.0,3.0,36,2,9.0,1.5
Masse Colossale,Colossal Mace,3,12,0.25,25%,11.0,2.75,33,0,Gratuit,Gratuit
Esprit Guerrier,Spirit of the Warrior,2,12,0.17,17%,16.0,2.67,32,1,16.0,2.67
Lame Insatiable,Fast Furious Blade,2,12,0.17,17%,16.0,2.67,32,2,8.0,1.33
Épé Sainte,Holy Sword,3,12,0.25,25%,10.0,2.5,30,0,Gratuit,Gratuit
Elan de Fureur,Rampage Momentum,2,12,0.17,17%,15.0,2.5,30,2,7.5,1.25
Bâton Élémentaire,Earthly Staff,2,12,0.17,17%,15.0,2.5,30,0,Gratuit,Gratuit
Instinct Sanguinaire,Bloody Instinct,2,12,0.17,17%,15.0,2.5,30,2,7.5,1.25
Soif de Sang,Thirsty Dagger,2,12,0.17,17%,15.0,2.5,30,0,Gratuit,Gratuit
Triple Météore,Trimeteor,1,12,0.08,8%,30.0,2.5,30,0,Gratuit,Gratuit
Couronne du Roi Nain,Crown of the Dwarf King,2,12,0.17,17%,13.0,2.17,26,0,Gratuit,Gratuit
Faux Assoiffées,Thirsty Scythes,1,12,0.08,8%,25.0,2.08,25,3,8.33,0.69
Lance Doublée,Dual Spear,3,12,0.25,25%,8.0,2.0,24,0,Gratuit,Gratuit
Lance Triplée,Triple Spear,1,12,0.08,8%,20.0,1.67,20,0,Gratuit,Gratuit
Assistance Divine,Sacred Help,1,12,0.08,8%,20.0,1.67,20,2,10.0,0.83
Chasseresse d'Âmes,Huntress of Souls,1,12,0.08,8%,19.0,1.58,19,1,19.0,1.58
Griffes Sauvages,Wild Claw,9,12,0.75,75%,2.0,1.5,18,3,0.67,0.5
Griffes Démoniaques,Demon Claws,1,12,0.08,8%,17.0,1.42,17,1,17.0,1.42
Adrénaline Arcanique,Arcane Adrenaline,1,12,0.08,8%,16.0,1.33,16,1,16.0,1.33
Œil de Lynx,Hawk's Eye,2,12,0.17,17%,8.0,1.33,16,0,Gratuit,Gratuit
Chasseur d'Âmes,Soul Hunter,1,12,0.08,8%,15.0,1.25,15,1,15.0,1.25
