,Nom Anglais,nb games valide,total games,ratio,%,pts moy,pts moy total,total point,cout,pts par cout moy,pts par cout total
Faux,Scythe,17,17,1.0,100%,15.29,15.29,260,3,5.1,5.1
Ascension Divine,Divine Ascent,9,17,0.53,53%,25.0,13.24,225,3,8.33,4.41
Économe Sagesse du Trésorier,Treasurer's Wisdom,12,17,0.71,71%,17.0,12.0,204,2,8.5,6.0
Armure d'Obsidienne,Obsidian Battle Plate,10,17,0.59,59%,20.0,11.76,200,2,10.0,5.88
Hache Frénétique,Berseker Ax,12,17,0.71,71%,14.0,9.88,168,2,7.0,4.94
Lame Affutée,Sharp Blade,17,17,1.0,100%,9.53,9.53,162,3,3.18,3.18
Esprit de l'Écuyer,Spirit of the Squire,15,17,0.88,88%,10.6,9.35,159,3,3.53,3.12
Aveuglement,Incapacitor,16,17,0.94,94%,8.44,7.94,135,3,2.81,2.65
Explosion Arcanique,Arcane Explosive,11,17,0.65,65%,12.0,7.76,132,1,12.0,7.76
Sabre Versatile,Versatil Saber,10,17,0.59,59%,11.0,6.47,110,1,11.0,6.47
Parchemin Secret,Secret Scroll,6,17,0.35,35%,18.0,6.35,108,2,9.0,3.17
Tombeau Rocheux,Rock Tomb,10,17,0.59,59%,10.0,5.88,100,1,10.0,5.88
Faux Assoiffées,Thirsty Scythes,4,17,0.24,24%,25.0,5.88,100,3,8.33,1.96
Marteleur précis,Precise Hammer,5,17,0.29,29%,18.0,5.29,90,1,18.0,5.29
Totem du Gardien,Guardian Totem,17,17,1.0,100%,5.0,5.0,85,3,1.67,1.67
Assistance Divine,Sacred Help,4,17,0.24,24%,20.0,4.71,80,2,10.0,2.35
Aura Légendaire,Legend Aura,2,17,0.12,12%,40.0,4.71,80,3,13.33,1.57
Lame Insatiable,Fast Furious Blade,5,17,0.29,29%,16.0,4.71,80,2,8.0,2.35
Couronne du Roi Nain,Crown of the Dwarf King,6,17,0.35,35%,13.0,4.59,78,0,Gratuit,Gratuit
Armure d'Immortel,Immortal Breastplate,5,17,0.29,29%,14.0,4.12,70,1,14.0,4.12
Coup de Mort,Death Helper,7,17,0.41,41%,10.0,4.12,70,1,10.0,4.12
Masse Colossale,Colossal Mace,6,17,0.35,35%,11.0,3.88,66,0,Gratuit,Gratuit
Frappe Chirurgicale,Accurate Sword,4,17,0.24,24%,16.0,3.76,64,1,16.0,3.76
Épées Jumelles,Twin Swords,4,17,0.24,24%,15.0,3.53,60,1,15.0,3.53
Esquive Salvatrice,Evasive Protection,4,17,0.24,24%,15.0,3.53,60,0,Gratuit,Gratuit
Épée Obscure,Swords of Darkness,4,17,0.24,24%,15.0,3.53,60,1,15.0,3.53
Elan de Fureur,Rampage Momentum,4,17,0.24,24%,15.0,3.53,60,2,7.5,1.76
Glaive Vindicatif,Large Sword of Hate,3,17,0.18,18%,20.0,3.53,60,1,20.0,3.53
Le Croque-mort,The Undertaker,4,17,0.24,24%,14.0,3.29,56,1,14.0,3.29
Enchaînement Éclair,Unstoppable Lightning,3,17,0.18,18%,18.0,3.18,54,1,18.0,3.18
Chasseur d'Âmes,Soul Hunter,3,17,0.18,18%,15.0,2.65,45,1,15.0,2.65
Bâton Élémentaire,Earthly Staff,3,17,0.18,18%,15.0,2.65,45,0,Gratuit,Gratuit
Destruction Royale,Royal Destroyer,4,17,0.24,24%,11.0,2.59,44,0,Gratuit,Gratuit
Désintégrateur Magnétique,Magnetic Disintegrator,4,17,0.24,24%,11.0,2.59,44,0,Gratuit,Gratuit
Pillard Féroce,Savage Looter,2,17,0.12,12%,20.0,2.35,40,1,20.0,2.35
Le Marionnettiste,The Puppeteer,2,17,0.12,12%,20.0,2.35,40,2,10.0,1.18
Danse Macabre,Dance of Death,5,17,0.29,29%,8.0,2.35,40,1,8.0,2.35
Décharge Élémentaire,Elemental Discharge,2,17,0.12,12%,18.0,2.12,36,1,18.0,2.12
Griffes Sauvages,Wild Claw,15,17,0.88,88%,2.27,2.0,34,3,0.76,0.67
Soif de Sang,Thirsty Dagger,2,17,0.12,12%,15.0,1.76,30,0,Gratuit,Gratuit
Instinct Sanguinaire,Bloody Instinct,2,17,0.12,12%,15.0,1.76,30,2,7.5,0.88
Épé Sainte,Holy Sword,3,17,0.18,18%,10.0,1.76,30,0,Gratuit,Gratuit
Chasseresse d'Âmes,Huntress of Souls,1,17,0.06,6%,19.0,1.12,19,1,19.0,1.12
Mental d'Acier,Steel Aura,1,17,0.06,6%,18.0,1.06,18,2,9.0,0.53
Esprit omniprésent,Omnipresent Spirit,1,17,0.06,6%,18.0,1.06,18,2,9.0,0.53
Griffes Démoniaques,Demon Claws,1,17,0.06,6%,17.0,1.0,17,1,17.0,1.0
Esprit Guerrier,Spirit of the Warrior,1,17,0.06,6%,16.0,0.94,16,1,16.0,0.94
Adrénaline Arcanique,Arcane Adrenaline,1,17,0.06,6%,16.0,0.94,16,1,16.0,0.94
Œil de Lynx,Hawk's Eye,2,17,0.12,12%,8.0,0.94,16,0,Gratuit,Gratuit
Lance Doublée,Dual Spear,2,17,0.12,12%,8.0,0.94,16,0,Gratuit,Gratuit
Amulette Omnisciente,Omnipresent Amulet,1,17,0.06,6%,11.0,0.65,11,0,Gratuit,Gratuit
Force Divine,Divine Impetu,1,17,0.06,6%,11.0,0.65,11,0,Gratuit,Gratuit
