,Nom Anglais,nb games valide,total games,ratio,%,pts moy,pts moy total,total point,cout,pts par cout moy,pts par cout total,pts par cout moy+1,pts par cout total+1
Marteau Collecteur,Collecting Hammer,1,2,0.5,50%,42.0,21.0,42,2,21.0,10.5,14.0,7.0
Aura Légendaire,Legend Aura,1,2,0.5,50%,40.0,20.0,40,3,13.33,6.67,10.0,5.0
Totem Équivalent,Equivalent Totem,2,2,1.0,100%,17.5,17.5,35,3,5.83,5.83,4.38,4.38
Hache Frénétique,Berseker Ax,2,2,1.0,100%,16.0,16.0,32,2,8.0,8.0,5.33,5.33
Lame Affutée,Sharp Blade,2,2,1.0,100%,15.0,15.0,30,3,5.0,5.0,3.75,3.75
Faux,Scythe,2,2,1.0,100%,13.5,13.5,27,3,4.5,4.5,3.38,3.38
Ascension Divine,Divine Ascent,1,2,0.5,50%,25.0,12.5,25,3,8.33,4.17,6.25,3.12
Explosion Arcanique,Arcane Explosive,2,2,1.0,100%,12.0,12.0,24,1,12.0,12.0,6.0,6.0
Enchaînement Éclair,Unstoppable Lightning,1,2,0.5,50%,22.0,11.0,22,2,11.0,5.5,7.33,3.67
Assistance Divine,Sacred Help,1,2,0.5,50%,20.0,10.0,20,2,10.0,5.0,6.67,3.33
Armure d'Immortel,Immortal Breastplate,1,2,0.5,50%,20.0,10.0,20,1,20.0,10.0,10.0,5.0
Épée Obscure,Swords of Darkness,1,2,0.5,50%,20.0,10.0,20,1,20.0,10.0,10.0,5.0
Chasseur d'Âmes,Soul Hunter,1,2,0.5,50%,20.0,10.0,20,1,20.0,10.0,10.0,5.0
Armure d'Obsidienne,Obsidian Battle Plate,1,2,0.5,50%,20.0,10.0,20,2,10.0,5.0,6.67,3.33
Danse Macabre,Dance of Death,2,2,1.0,100%,10.0,10.0,20,1,10.0,10.0,5.0,5.0
Mental d'Acier,Steel Aura,1,2,0.5,50%,18.0,9.0,18,2,9.0,4.5,6.0,3.0
Marteleur précis,Precise Hammer,1,2,0.5,50%,18.0,9.0,18,1,18.0,9.0,9.0,4.5
Esprit de l'Écuyer,Spirit of the Squire,2,2,1.0,100%,9.0,9.0,18,3,3.0,3.0,2.25,2.25
Sabre Versatile,Versatil Saber,1,2,0.5,50%,18.0,9.0,18,1,18.0,9.0,9.0,4.5
Parchemin Secret,Secret Scroll,1,2,0.5,50%,18.0,9.0,18,2,9.0,4.5,6.0,3.0
Bâton du Conquérant,Staff of Conquered Worlds,1,2,0.5,50%,15.0,7.5,15,0,Gratuit,Gratuit,15.0,7.5
Faux Parfaite,Perfect Scythe,1,2,0.5,50%,15.0,7.5,15,0,Gratuit,Gratuit,15.0,7.5
Elan de Fureur,Rampage Momentum,1,2,0.5,50%,15.0,7.5,15,1,15.0,7.5,7.5,3.75
Aveuglement,Incapacitor,2,2,1.0,100%,7.5,7.5,15,3,2.5,2.5,1.88,1.88
Épé Sainte,Holy Sword,1,2,0.5,50%,15.0,7.5,15,0,Gratuit,Gratuit,15.0,7.5
Couronne du Roi Nain,Crown of the Dwarf King,1,2,0.5,50%,13.0,6.5,13,0,Gratuit,Gratuit,13.0,6.5
Totem du Gardien,Guardian Totem,2,2,1.0,100%,5.5,5.5,11,3,1.83,1.83,1.38,1.38
Griffes Sauvages,Wild Claw,1,2,0.5,50%,2.0,1.0,2,3,0.67,0.33,0.5,0.25
