,Nom Anglais,nb games valide,total games,ratio,%,pts moy,pts moy total,total point,cout,pts par cout moy,pts par cout total,pts par cout moy+1,pts par cout total+1
Totem Équivalent,Equivalent Totem,14,14,1.0,100%,15.57,15.57,218,2,7.79,7.79,5.19,5.19
Faux,Scythe,14,14,1.0,100%,12.29,12.29,172,3,4.1,4.1,3.07,3.07
Armure d'Obsidienne,Obsidian Battle Plate,8,14,0.57,57%,20.0,11.43,160,2,10.0,5.71,6.67,3.81
Lame Affutée,Sharp Blade,11,14,0.79,79%,13.09,10.29,144,3,4.36,3.43,3.27,2.57
Marteau Collecteur,Collecting Hammer,8,14,0.57,57%,10.62,6.07,85,2,5.31,3.04,3.54,2.02
Épée Obscure,Swords of Darkness,5,14,0.36,36%,17.0,6.07,85,1,17.0,6.07,8.5,3.04
Esprit de l'Écuyer,Spirit of the Squire,12,14,0.86,86%,7.0,6.0,84,3,2.33,2.0,1.75,1.5
Hache Frénétique,Berseker Ax,6,14,0.43,43%,14.0,6.0,84,2,7.0,3.0,4.67,2.0
Armure d'Immortel,Immortal Breastplate,5,14,0.36,36%,14.4,5.14,72,1,14.4,5.14,7.2,2.57
Chasseur d'Âmes,Soul Hunter,4,14,0.29,29%,17.5,5.0,70,1,17.5,5.0,8.75,2.5
Danse Macabre,Dance of Death,8,14,0.57,57%,8.0,4.57,64,1,8.0,4.57,4.0,2.29
Elan de Fureur,Rampage Momentum,4,14,0.29,29%,15.0,4.29,60,2,7.5,2.15,5.0,1.43
Le Marionnettiste,The Puppeteer,3,14,0.21,21%,20.0,4.29,60,2,10.0,2.15,6.67,1.43
Faux Parfaite,Perfect Scythe,4,14,0.29,29%,15.0,4.29,60,0,Gratuit,Gratuit,15.0,4.29
Triple Météore,Trimeteor,2,14,0.14,14%,30.0,4.29,60,0,Gratuit,Gratuit,30.0,4.29
Aveuglement,Incapacitor,11,14,0.79,79%,5.18,4.07,57,3,1.73,1.36,1.29,1.02
Enchaînement Éclair,Unstoppable Lightning,3,14,0.21,21%,18.0,3.86,54,1,18.0,3.86,9.0,1.93
Explosion Arcanique,Arcane Explosive,4,14,0.29,29%,12.0,3.43,48,1,12.0,3.43,6.0,1.72
Totem du Gardien,Guardian Totem,14,14,1.0,100%,3.21,3.21,45,3,1.07,1.07,0.8,0.8
Sabre Versatile,Versatil Saber,4,14,0.29,29%,11.0,3.14,44,1,11.0,3.14,5.5,1.57
Désintégrateur Magnétique,Magnetic Disintegrator,4,14,0.29,29%,11.0,3.14,44,0,Gratuit,Gratuit,11.0,3.14
Aura Légendaire,Legend Aura,1,14,0.07,7%,40.0,2.86,40,3,13.33,0.95,10.0,0.71
Assistance Divine,Sacred Help,2,14,0.14,14%,20.0,2.86,40,2,10.0,1.43,6.67,0.95
Être de Lumière,Being of Light,2,14,0.14,14%,18.0,2.57,36,1,18.0,2.57,9.0,1.28
Marteleur précis,Precise Hammer,2,14,0.14,14%,18.0,2.57,36,1,18.0,2.57,9.0,1.28
Économe Sagesse du Trésorier,Treasurer's Wisdom,2,14,0.14,14%,17.0,2.43,34,2,8.5,1.22,5.67,0.81
Masse Colossale,Colossal Mace,3,14,0.21,21%,11.0,2.36,33,0,Gratuit,Gratuit,11.0,2.36
Esprit Guerrier,Spirit of the Warrior,2,14,0.14,14%,16.0,2.29,32,1,16.0,2.29,8.0,1.15
Gantelet Impérieux,Imperious Gauntlet,1,14,0.07,7%,30.0,2.14,30,1,30.0,2.14,15.0,1.07
Force Divine,Divine Impetu,2,14,0.14,14%,13.0,1.86,26,0,Gratuit,Gratuit,13.0,1.86
Tombeau Rocheux,Rock Tomb,2,14,0.14,14%,10.0,1.43,20,1,10.0,1.43,5.0,0.71
Pillard Féroce,Savage Looter,1,14,0.07,7%,20.0,1.43,20,1,20.0,1.43,10.0,0.71
Épé Sainte,Holy Sword,2,14,0.14,14%,10.0,1.43,20,0,Gratuit,Gratuit,10.0,1.43
Esprit omniprésent,Omnipresent Spirit,1,14,0.07,7%,18.0,1.29,18,2,9.0,0.65,6.0,0.43
Parchemin Secret,Secret Scroll,1,14,0.07,7%,18.0,1.29,18,2,9.0,0.65,6.0,0.43
Lame Insatiable,Fast Furious Blade,1,14,0.07,7%,16.0,1.14,16,2,8.0,0.57,5.33,0.38
Soif de Sang,Thirsty Dagger,1,14,0.07,7%,15.0,1.07,15,0,Gratuit,Gratuit,15.0,1.07
Couronne du Roi Nain,Crown of the Dwarf King,1,14,0.07,7%,13.0,0.93,13,0,Gratuit,Gratuit,13.0,0.93
Coup de Mort,Death Helper,1,14,0.07,7%,10.0,0.71,10,1,10.0,0.71,5.0,0.35
Griffes Sauvages,Wild Claw,5,14,0.36,36%,1.8,0.64,9,3,0.6,0.21,0.45,0.16
