,Nom Anglais,nb games valide,total games,ratio,%,pts moy,pts moy total,total point,cout,pts par cout moy,pts par cout total,pts par cout moy+1,pts par cout total+1
Totem Équivalent,Equivalent Totem,9,9,1.0,100%,15.89,15.89,143,2,7.95,7.95,5.3,5.3
Armure d'Obsidienne,Obsidian Battle Plate,6,9,0.67,67%,20.0,13.33,120,2,10.0,6.67,6.67,4.44
Faux,Scythe,9,9,1.0,100%,12.44,12.44,112,3,4.15,4.15,3.11,3.11
Lame Affutée,Sharp Blade,8,9,0.89,89%,11.62,10.33,93,3,3.87,3.44,2.9,2.58
Épée Obscure,Swords of Darkness,4,9,0.44,44%,17.0,7.56,68,1,17.0,7.56,8.5,3.78
Triple Météore,Trimeteor,2,9,0.22,22%,30.0,6.67,60,0,Gratuit,Gratuit,30.0,6.67
Hache Frénétique,Berseker Ax,4,9,0.44,44%,14.0,6.22,56,2,7.0,3.11,4.67,2.07
Armure d'Immortel,Immortal Breastplate,4,9,0.44,44%,14.0,6.22,56,1,14.0,6.22,7.0,3.11
Esprit de l'Écuyer,Spirit of the Squire,8,9,0.89,89%,6.38,5.67,51,3,2.13,1.89,1.59,1.42
Elan de Fureur,Rampage Momentum,3,9,0.33,33%,15.0,5.0,45,2,7.5,2.5,5.0,1.67
Faux Parfaite,Perfect Scythe,3,9,0.33,33%,15.0,5.0,45,0,Gratuit,Gratuit,15.0,5.0
Désintégrateur Magnétique,Magnetic Disintegrator,4,9,0.44,44%,11.0,4.89,44,0,Gratuit,Gratuit,11.0,4.89
Assistance Divine,Sacred Help,2,9,0.22,22%,20.0,4.44,40,2,10.0,2.22,6.67,1.48
Danse Macabre,Dance of Death,5,9,0.56,56%,8.0,4.44,40,1,8.0,4.44,4.0,2.22
Le Marionnettiste,The Puppeteer,2,9,0.22,22%,20.0,4.44,40,2,10.0,2.22,6.67,1.48
Aveuglement,Incapacitor,8,9,0.89,89%,4.88,4.33,39,3,1.63,1.44,1.22,1.08
Enchaînement Éclair,Unstoppable Lightning,2,9,0.22,22%,18.0,4.0,36,1,18.0,4.0,9.0,2.0
Explosion Arcanique,Arcane Explosive,3,9,0.33,33%,12.0,4.0,36,1,12.0,4.0,6.0,2.0
Être de Lumière,Being of Light,2,9,0.22,22%,18.0,4.0,36,1,18.0,4.0,9.0,2.0
Marteau Collecteur,Collecting Hammer,5,9,0.56,56%,7.2,4.0,36,2,3.6,2.0,2.4,1.33
Sabre Versatile,Versatil Saber,3,9,0.33,33%,11.0,3.67,33,1,11.0,3.67,5.5,1.83
Masse Colossale,Colossal Mace,3,9,0.33,33%,11.0,3.67,33,0,Gratuit,Gratuit,11.0,3.67
Esprit Guerrier,Spirit of the Warrior,2,9,0.22,22%,16.0,3.56,32,1,16.0,3.56,8.0,1.78
Gantelet Impérieux,Imperious Gauntlet,1,9,0.11,11%,30.0,3.33,30,1,30.0,3.33,15.0,1.67
Chasseur d'Âmes,Soul Hunter,2,9,0.22,22%,15.0,3.33,30,1,15.0,3.33,7.5,1.67
Totem du Gardien,Guardian Totem,9,9,1.0,100%,3.0,3.0,27,3,1.0,1.0,0.75,0.75
Tombeau Rocheux,Rock Tomb,2,9,0.22,22%,10.0,2.22,20,1,10.0,2.22,5.0,1.11
Pillard Féroce,Savage Looter,1,9,0.11,11%,20.0,2.22,20,1,20.0,2.22,10.0,1.11
Économe Sagesse du Trésorier,Treasurer's Wisdom,1,9,0.11,11%,17.0,1.89,17,2,8.5,0.94,5.67,0.63
Lame Insatiable,Fast Furious Blade,1,9,0.11,11%,16.0,1.78,16,2,8.0,0.89,5.33,0.59
Force Divine,Divine Impetu,1,9,0.11,11%,11.0,1.22,11,0,Gratuit,Gratuit,11.0,1.22
Coup de Mort,Death Helper,1,9,0.11,11%,10.0,1.11,10,1,10.0,1.11,5.0,0.56
Épé Sainte,Holy Sword,1,9,0.11,11%,10.0,1.11,10,0,Gratuit,Gratuit,10.0,1.11
Griffes Sauvages,Wild Claw,4,9,0.44,44%,1.5,0.67,6,3,0.5,0.22,0.38,0.17
