,Nom Anglais,nb games valide,total games,ratio,%,pts moy,pts moy total,total point,cout,pts par cout moy,pts par cout total,pts par cout moy+1,pts par cout total+1
Chasseur d'Âmes,Soul Hunter,2,2,1.0,100%,20.0,20.0,40,1,20.0,20.0,10.0,10.0
Totem Équivalent,Equivalent Totem,2,2,1.0,100%,15.5,15.5,31,2,7.75,7.75,5.17,5.17
Faux,Scythe,2,2,1.0,100%,13.0,13.0,26,3,4.33,4.33,3.25,3.25
Lame Affutée,Sharp Blade,2,2,1.0,100%,4.5,4.5,9,3,1.5,1.5,1.12,1.12
Marteau Collecteur,Collecting Hammer,1,2,0.5,50%,7.0,3.5,7,2,3.5,1.75,2.33,1.17
Aveuglement,Incapacitor,1,2,0.5,50%,6.0,3.0,6,3,2.0,1.0,1.5,0.75
Totem du Gardien,Guardian Totem,2,2,1.0,100%,2.0,2.0,4,3,0.67,0.67,0.5,0.5
Griffes Sauvages,Wild Claw,2,2,1.0,100%,1.0,1.0,2,3,0.33,0.33,0.25,0.25
