,Nom Anglais,nb games valide,total games,ratio,%,pts moy,pts moy total,total point,cout,pts par cout moy,pts par cout total,pts par cout moy+1,pts par cout total+1
Totem Équivalent,Equivalent Totem,7,7,1.0,100%,15.86,15.86,111,2,7.93,7.93,5.29,5.29
Faux,Scythe,7,7,1.0,100%,12.57,12.57,88,3,4.19,4.19,3.14,3.14
Armure d'Obsidienne,Obsidian Battle Plate,4,7,0.57,57%,20.0,11.43,80,2,10.0,5.71,6.67,3.81
Lame Affutée,Sharp Blade,6,7,0.86,86%,11.5,9.86,69,3,3.83,3.29,2.88,2.46
Épée Obscure,Swords of Darkness,3,7,0.43,43%,17.0,7.29,51,1,17.0,7.29,8.5,3.65
Faux Parfaite,Perfect Scythe,3,7,0.43,43%,15.0,6.43,45,0,Gratuit,Gratuit,15.0,6.43
Désintégrateur Magnétique,Magnetic Disintegrator,4,7,0.57,57%,11.0,6.29,44,0,Gratuit,Gratuit,11.0,6.29
Hache Frénétique,Berseker Ax,3,7,0.43,43%,14.0,6.0,42,2,7.0,3.0,4.67,2.0
Assistance Divine,Sacred Help,2,7,0.29,29%,20.0,5.71,40,2,10.0,2.85,6.67,1.9
Esprit de l'Écuyer,Spirit of the Squire,6,7,0.86,86%,6.5,5.57,39,3,2.17,1.86,1.62,1.39
Explosion Arcanique,Arcane Explosive,3,7,0.43,43%,12.0,5.14,36,1,12.0,5.14,6.0,2.57
Être de Lumière,Being of Light,2,7,0.29,29%,18.0,5.14,36,1,18.0,5.14,9.0,2.57
Masse Colossale,Colossal Mace,3,7,0.43,43%,11.0,4.71,33,0,Gratuit,Gratuit,11.0,4.71
Danse Macabre,Dance of Death,4,7,0.57,57%,8.0,4.57,32,1,8.0,4.57,4.0,2.29
Esprit Guerrier,Spirit of the Warrior,2,7,0.29,29%,16.0,4.57,32,1,16.0,4.57,8.0,2.29
Gantelet Impérieux,Imperious Gauntlet,1,7,0.14,14%,30.0,4.29,30,1,30.0,4.29,15.0,2.15
Triple Météore,Trimeteor,1,7,0.14,14%,30.0,4.29,30,0,Gratuit,Gratuit,30.0,4.29
Aveuglement,Incapacitor,6,7,0.86,86%,5.0,4.29,30,3,1.67,1.43,1.25,1.07
Chasseur d'Âmes,Soul Hunter,2,7,0.29,29%,15.0,4.29,30,1,15.0,4.29,7.5,2.15
Elan de Fureur,Rampage Momentum,2,7,0.29,29%,15.0,4.29,30,2,7.5,2.15,5.0,1.43
Armure d'Immortel,Immortal Breastplate,2,7,0.29,29%,14.0,4.0,28,1,14.0,4.0,7.0,2.0
Marteau Collecteur,Collecting Hammer,3,7,0.43,43%,8.0,3.43,24,2,4.0,1.72,2.67,1.14
Sabre Versatile,Versatil Saber,2,7,0.29,29%,11.0,3.14,22,1,11.0,3.14,5.5,1.57
Le Marionnettiste,The Puppeteer,1,7,0.14,14%,20.0,2.86,20,2,10.0,1.43,6.67,0.95
Pillard Féroce,Savage Looter,1,7,0.14,14%,20.0,2.86,20,1,20.0,2.86,10.0,1.43
Tombeau Rocheux,Rock Tomb,2,7,0.29,29%,10.0,2.86,20,1,10.0,2.86,5.0,1.43
Totem du Gardien,Guardian Totem,7,7,1.0,100%,2.71,2.71,19,3,0.9,0.9,0.68,0.68
Enchaînement Éclair,Unstoppable Lightning,1,7,0.14,14%,18.0,2.57,18,1,18.0,2.57,9.0,1.28
Économe Sagesse du Trésorier,Treasurer's Wisdom,1,7,0.14,14%,17.0,2.43,17,2,8.5,1.22,5.67,0.81
Lame Insatiable,Fast Furious Blade,1,7,0.14,14%,16.0,2.29,16,2,8.0,1.15,5.33,0.76
Force Divine,Divine Impetu,1,7,0.14,14%,11.0,1.57,11,0,Gratuit,Gratuit,11.0,1.57
Coup de Mort,Death Helper,1,7,0.14,14%,10.0,1.43,10,1,10.0,1.43,5.0,0.71
Griffes Sauvages,Wild Claw,4,7,0.57,57%,1.5,0.86,6,3,0.5,0.29,0.38,0.21
