,Nom Anglais,nb games valide,total games,ratio,%,pts moy,pts moy total,total point,cout,pts par cout moy,pts par cout total,pts par cout moy+1,pts par cout total+1
Totem Équivalent,Equivalent Totem,12,12,1.0,100%,16.08,16.08,193,2,8.04,8.04,5.36,5.36
Faux,Scythe,12,12,1.0,100%,12.25,12.25,147,3,4.08,4.08,3.06,3.06
Ascension Divine,Divine Ascent,5,12,0.42,42%,25.0,10.42,125,3,8.33,3.47,6.25,2.6
Lame Affutée,Sharp Blade,11,12,0.92,92%,10.09,9.25,111,3,3.36,3.08,2.52,2.31
Hache Frénétique,Berseker Ax,7,12,0.58,58%,14.0,8.17,98,2,7.0,4.08,4.67,2.72
Épée Obscure,Swords of Darkness,5,12,0.42,42%,17.0,7.08,85,1,17.0,7.08,8.5,3.54
Économe Sagesse du Trésorier,Treasurer's Wisdom,5,12,0.42,42%,17.0,7.08,85,2,8.5,3.54,5.67,2.36
Esprit de l'Écuyer,Spirit of the Squire,10,12,0.83,83%,8.1,6.75,81,3,2.7,2.25,2.02,1.69
Marteau Collecteur,Collecting Hammer,6,12,0.5,50%,13.17,6.58,79,2,6.58,3.29,4.39,2.19
Le Marionnettiste,The Puppeteer,3,12,0.25,25%,20.0,5.0,60,2,10.0,2.5,6.67,1.67
Aveuglement,Incapacitor,11,12,0.92,92%,5.45,5.0,60,3,1.82,1.67,1.36,1.25
Assistance Divine,Sacred Help,3,12,0.25,25%,20.0,5.0,60,2,10.0,2.5,6.67,1.67
Chasseur d'Âmes,Soul Hunter,3,12,0.25,25%,15.0,3.75,45,1,15.0,3.75,7.5,1.88
Armure d'Obsidienne,Obsidian Battle Plate,2,12,0.17,17%,20.0,3.33,40,2,10.0,1.67,6.67,1.11
Danse Macabre,Dance of Death,5,12,0.42,42%,8.0,3.33,40,1,8.0,3.33,4.0,1.67
Marteleur précis,Precise Hammer,2,12,0.17,17%,18.0,3.0,36,1,18.0,3.0,9.0,1.5
Totem du Gardien,Guardian Totem,12,12,1.0,100%,2.75,2.75,33,3,0.92,0.92,0.69,0.69
Faux Assoiffées,Thirsty Scythes,1,12,0.08,8%,25.0,2.08,25,3,8.33,0.69,6.25,0.52
Coup de Mort,Death Helper,2,12,0.17,17%,10.0,1.67,20,1,10.0,1.67,5.0,0.83
Esprit omniprésent,Omnipresent Spirit,1,12,0.08,8%,18.0,1.5,18,2,9.0,0.75,6.0,0.5
Mental d'Acier,Steel Aura,1,12,0.08,8%,18.0,1.5,18,2,9.0,0.75,6.0,0.5
Être de Lumière,Being of Light,1,12,0.08,8%,18.0,1.5,18,1,18.0,1.5,9.0,0.75
Enchaînement Éclair,Unstoppable Lightning,1,12,0.08,8%,18.0,1.5,18,1,18.0,1.5,9.0,0.75
Esprit Guerrier,Spirit of the Warrior,1,12,0.08,8%,16.0,1.33,16,1,16.0,1.33,8.0,0.67
Elan de Fureur,Rampage Momentum,1,12,0.08,8%,15.0,1.25,15,2,7.5,0.62,5.0,0.42
Soif de Sang,Thirsty Dagger,1,12,0.08,8%,15.0,1.25,15,0,Gratuit,Gratuit,15.0,1.25
Armure d'Immortel,Immortal Breastplate,1,12,0.08,8%,14.0,1.17,14,1,14.0,1.17,7.0,0.58
Explosion Arcanique,Arcane Explosive,1,12,0.08,8%,12.0,1.0,12,1,12.0,1.0,6.0,0.5
Sabre Versatile,Versatil Saber,1,12,0.08,8%,11.0,0.92,11,1,11.0,0.92,5.5,0.46
Désintégrateur Magnétique,Magnetic Disintegrator,1,12,0.08,8%,11.0,0.92,11,0,Gratuit,Gratuit,11.0,0.92
Griffes Sauvages,Wild Claw,1,12,0.08,8%,2.0,0.17,2,3,0.67,0.06,0.5,0.04
