,Nom Anglais,nb games valide,total games,ratio,%,pts moy,pts moy total,total point,cout,pts par cout moy,pts par cout total,pts par cout moy+1,pts par cout total+1
Totem Équivalent,Equivalent Totem,4,4,1.0,100%,16.5,16.5,66,2,8.25,8.25,5.5,5.5
Le Marionnettiste,The Puppeteer,3,4,0.75,75%,20.0,15.0,60,2,10.0,7.5,6.67,5.0
Lame Affutée,Sharp Blade,4,4,1.0,100%,14.25,14.25,57,3,4.75,4.75,3.56,3.56
Faux,Scythe,4,4,1.0,100%,12.75,12.75,51,3,4.25,4.25,3.19,3.19
Ascension Divine,Divine Ascent,2,4,0.5,50%,25.0,12.5,50,3,8.33,4.17,6.25,3.12
Marteau Collecteur,Collecting Hammer,3,4,0.75,75%,16.0,12.0,48,2,8.0,6.0,5.33,4.0
Hache Frénétique,Berseker Ax,3,4,0.75,75%,14.0,10.5,42,2,7.0,5.25,4.67,3.5
Esprit de l'Écuyer,Spirit of the Squire,4,4,1.0,100%,9.0,9.0,36,3,3.0,3.0,2.25,2.25
Épée Obscure,Swords of Darkness,2,4,0.5,50%,17.0,8.5,34,1,17.0,8.5,8.5,4.25
Économe Sagesse du Trésorier,Treasurer's Wisdom,2,4,0.5,50%,17.0,8.5,34,2,8.5,4.25,5.67,2.83
Chasseur d'Âmes,Soul Hunter,2,4,0.5,50%,15.0,7.5,30,1,15.0,7.5,7.5,3.75
Aveuglement,Incapacitor,4,4,1.0,100%,6.75,6.75,27,3,2.25,2.25,1.69,1.69
Faux Assoiffées,Thirsty Scythes,1,4,0.25,25%,25.0,6.25,25,3,8.33,2.08,6.25,1.56
Danse Macabre,Dance of Death,3,4,0.75,75%,8.0,6.0,24,1,8.0,6.0,4.0,3.0
Coup de Mort,Death Helper,2,4,0.5,50%,10.0,5.0,20,1,10.0,5.0,5.0,2.5
Assistance Divine,Sacred Help,1,4,0.25,25%,20.0,5.0,20,2,10.0,2.5,6.67,1.67
Marteleur précis,Precise Hammer,1,4,0.25,25%,18.0,4.5,18,1,18.0,4.5,9.0,2.25
Enchaînement Éclair,Unstoppable Lightning,1,4,0.25,25%,18.0,4.5,18,1,18.0,4.5,9.0,2.25
Esprit omniprésent,Omnipresent Spirit,1,4,0.25,25%,18.0,4.5,18,2,9.0,2.25,6.0,1.5
Elan de Fureur,Rampage Momentum,1,4,0.25,25%,15.0,3.75,15,2,7.5,1.88,5.0,1.25
Soif de Sang,Thirsty Dagger,1,4,0.25,25%,15.0,3.75,15,0,Gratuit,Gratuit,15.0,3.75
Totem du Gardien,Guardian Totem,4,4,1.0,100%,2.75,2.75,11,3,0.92,0.92,0.69,0.69
