,Nom Anglais,nb games valide,total games,ratio,%,pts moy,pts moy total,total point,cout,pts par cout moy,pts par cout total,pts par cout moy+1,pts par cout total+1
Chasseur d'Âmes,Soul Hunter,2,2,1.0,100%,20.0,20.0,40,1,20.0,20.0,10.0,10.0
Marteau Collecteur,Collecting Hammer,2,2,1.0,100%,17.5,17.5,35,2,8.75,8.75,5.83,5.83
Totem Équivalent,Equivalent Totem,2,2,1.0,100%,15.5,15.5,31,2,7.75,7.75,5.17,5.17
Faux,Scythe,2,2,1.0,100%,14.0,14.0,28,3,4.67,4.67,3.5,3.5
Faux Assoiffées,Thirsty Scythes,1,2,0.5,50%,25.0,12.5,25,3,8.33,4.17,6.25,3.12
Ascension Divine,Divine Ascent,1,2,0.5,50%,25.0,12.5,25,3,8.33,4.17,6.25,3.12
Explosion Arcanique,Arcane Explosive,2,2,1.0,100%,12.0,12.0,24,1,12.0,12.0,6.0,6.0
Bâton de Conquête,Conquering Staff,1,2,0.5,50%,24.0,12.0,24,2,12.0,6.0,8.0,4.0
Lame Affutée,Sharp Blade,2,2,1.0,100%,10.5,10.5,21,3,3.5,3.5,2.62,2.62
Aveuglement,Incapacitor,2,2,1.0,100%,10.5,10.5,21,3,3.5,3.5,2.62,2.62
Assistance Divine,Sacred Help,1,2,0.5,50%,20.0,10.0,20,2,10.0,5.0,6.67,3.33
Épée Obscure,Swords of Darkness,1,2,0.5,50%,17.0,8.5,17,1,17.0,8.5,8.5,4.25
Économe Sagesse du Trésorier,Treasurer's Wisdom,1,2,0.5,50%,17.0,8.5,17,2,8.5,4.25,5.67,2.83
Soif de Sang,Thirsty Dagger,1,2,0.5,50%,15.0,7.5,15,0,Gratuit,Gratuit,15.0,7.5
Hache Frénétique,Berseker Ax,1,2,0.5,50%,14.0,7.0,14,2,7.0,3.5,4.67,2.33
Tombeau Rocheux,Rock Tomb,1,2,0.5,50%,10.0,5.0,10,1,10.0,5.0,5.0,2.5
Œil de Lynx,Hawk's Eye,1,2,0.5,50%,10.0,5.0,10,0,Gratuit,Gratuit,10.0,5.0
Esprit de l'Écuyer,Spirit of the Squire,2,2,1.0,100%,4.5,4.5,9,3,1.5,1.5,1.12,1.12
Danse Macabre,Dance of Death,1,2,0.5,50%,8.0,4.0,8,1,8.0,4.0,4.0,2.0
Griffes Sauvages,Wild Claw,1,2,0.5,50%,5.0,2.5,5,3,1.67,0.83,1.25,0.62
Totem du Gardien,Guardian Totem,2,2,1.0,100%,2.5,2.5,5,3,0.83,0.83,0.62,0.62
