,Nom Anglais,nb games valide,total games,ratio,%,pts moy,pts moy total,total point,cout,pts par cout moy,pts par cout total,pts par cout moy+1,pts par cout total+1
Marteau Collecteur,Collecting Hammer,1,1,1.0,100%,21.0,21.0,21,2,10.5,10.5,7.0,7.0
Chasseur d'Âmes,Soul Hunter,1,1,1.0,100%,20.0,20.0,20,1,20.0,20.0,10.0,10.0
Totem Équivalent,Equivalent Totem,1,1,1.0,100%,13.0,13.0,13,2,6.5,6.5,4.33,4.33
Explosion Arcanique,Arcane Explosive,1,1,1.0,100%,12.0,12.0,12,1,12.0,12.0,6.0,6.0
Faux,Scythe,1,1,1.0,100%,10.0,10.0,10,3,3.33,3.33,2.5,2.5
Lame Affutée,Sharp Blade,1,1,1.0,100%,3.0,3.0,3,3,1.0,1.0,0.75,0.75
Esprit de l'Écuyer,Spirit of the Squire,1,1,1.0,100%,3.0,3.0,3,3,1.0,1.0,0.75,0.75
Aveuglement,Incapacitor,1,1,1.0,100%,3.0,3.0,3,3,1.0,1.0,0.75,0.75
Totem du Gardien,Guardian Totem,1,1,1.0,100%,3.0,3.0,3,3,1.0,1.0,0.75,0.75
