,Nom Anglais,nb games valide,total games,ratio,%,pts moy,pts moy total,total point,cout,pts par cout moy,pts par cout total
Marteau Collecteur,Collecting Hammer,2,3,0.67,67%,24.0,16.0,48,2,12.0,8.0
Totem Équivalent,Equivalent Totem,3,3,1.0,100%,15.33,15.33,46,1,15.33,15.33
Faux,Scythe,3,3,1.0,100%,11.33,11.33,34,3,3.78,3.78
Chasseur d'Âmes,Soul Hunter,2,3,0.67,67%,15.0,10.0,30,1,15.0,10.0
Ascension Divine,Divine Ascent,1,3,0.33,33%,25.0,8.33,25,3,8.33,2.78
Le Marionnettiste,The Puppeteer,1,3,0.33,33%,20.0,6.67,20,2,10.0,3.33
Assistance Divine,Sacred Help,1,3,0.33,33%,20.0,6.67,20,2,10.0,3.33
Être de Lumière,Being of Light,1,3,0.33,33%,18.0,6.0,18,1,18.0,6.0
Marteleur précis,Precise Hammer,1,3,0.33,33%,18.0,6.0,18,1,18.0,6.0
Aveuglement,Incapacitor,2,3,0.67,67%,7.5,5.0,15,3,2.5,1.67
Totem du Gardien,Guardian Totem,3,3,1.0,100%,5.0,5.0,15,3,1.67,1.67
Soif de Sang,Thirsty Dagger,1,3,0.33,33%,15.0,5.0,15,0,Gratuit,Gratuit
Lame Affutée,Sharp Blade,2,3,0.67,67%,7.5,5.0,15,3,2.5,1.67
Hache Frénétique,Berseker Ax,1,3,0.33,33%,14.0,4.67,14,2,7.0,2.33
Œil de Lynx,Hawk's Eye,1,3,0.33,33%,8.0,2.67,8,0,Gratuit,Gratuit
Esprit de l'Écuyer,Spirit of the Squire,1,3,0.33,33%,3.0,1.0,3,3,1.0,0.33
Griffes Sauvages,Wild Claw,1,3,0.33,33%,1.0,0.33,1,3,0.33,0.11
