,Nom Anglais,nb games valide,total games,ratio,%,pts moy,pts moy total,total point,cout,pts par cout moy,pts par cout total,pts par cout moy+1,pts par cout total+1
Totem Équivalent,Equivalent Totem,15,15,1.0,100%,15.8,15.8,237,2,7.9,7.9,5.27,5.27
Faux,Scythe,15,15,1.0,100%,12.33,12.33,185,3,4.11,4.11,3.08,3.08
Marteau Collecteur,Collecting Hammer,11,15,0.73,73%,13.55,9.93,149,2,6.78,4.96,4.52,3.31
Armure d'Obsidienne,Obsidian Battle Plate,6,15,0.4,40%,20.0,8.0,120,2,10.0,4.0,6.67,2.67
Lame Affutée,Sharp Blade,13,15,0.87,87%,8.31,7.2,108,3,2.77,2.4,2.08,1.8
Hache Frénétique,Berseker Ax,7,15,0.47,47%,14.0,6.53,98,2,7.0,3.27,4.67,2.18
Chasseur d'Âmes,Soul Hunter,5,15,0.33,33%,16.0,5.33,80,1,16.0,5.33,8.0,2.67
Ascension Divine,Divine Ascent,3,15,0.2,20%,25.0,5.0,75,3,8.33,1.67,6.25,1.25
Totem du Gardien,Guardian Totem,15,15,1.0,100%,4.73,4.73,71,3,1.58,1.58,1.18,1.18
Économe Sagesse du Trésorier,Treasurer's Wisdom,4,15,0.27,27%,17.0,4.53,68,2,8.5,2.27,5.67,1.51
Esprit de l'Écuyer,Spirit of the Squire,9,15,0.6,60%,6.67,4.0,60,3,2.22,1.33,1.67,1.0
Marteleur précis,Precise Hammer,3,15,0.2,20%,18.0,3.6,54,1,18.0,3.6,9.0,1.8
Aveuglement,Incapacitor,12,15,0.8,80%,4.5,3.6,54,3,1.5,1.2,1.12,0.9
Faux Assoiffées,Thirsty Scythes,2,15,0.13,13%,25.0,3.33,50,3,8.33,1.11,6.25,0.83
Explosion Arcanique,Arcane Explosive,4,15,0.27,27%,12.0,3.2,48,1,12.0,3.2,6.0,1.6
Le Marionnettiste,The Puppeteer,2,15,0.13,13%,20.0,2.67,40,2,10.0,1.33,6.67,0.89
Pillard Féroce,Savage Looter,2,15,0.13,13%,20.0,2.67,40,1,20.0,2.67,10.0,1.33
Assistance Divine,Sacred Help,2,15,0.13,13%,20.0,2.67,40,2,10.0,1.33,6.67,0.89
Parchemin Secret,Secret Scroll,2,15,0.13,13%,18.0,2.4,36,2,9.0,1.2,6.0,0.8
Épée Obscure,Swords of Darkness,2,15,0.13,13%,17.0,2.27,34,1,17.0,2.27,8.5,1.14
Sabre Versatile,Versatil Saber,3,15,0.2,20%,11.0,2.2,33,1,11.0,2.2,5.5,1.1
Esprit Guerrier,Spirit of the Warrior,2,15,0.13,13%,16.0,2.13,32,1,16.0,2.13,8.0,1.06
Gantelet Impérieux,Imperious Gauntlet,1,15,0.07,7%,30.0,2.0,30,1,30.0,2.0,15.0,1.0
Soif de Sang,Thirsty Dagger,2,15,0.13,13%,15.0,2.0,30,0,Gratuit,Gratuit,15.0,2.0
Armure d'Immortel,Immortal Breastplate,2,15,0.13,13%,15.0,2.0,30,1,15.0,2.0,7.5,1.0
Couronne du Roi Nain,Crown of the Dwarf King,2,15,0.13,13%,13.0,1.73,26,0,Gratuit,Gratuit,13.0,1.73
Coup de Mort,Death Helper,2,15,0.13,13%,11.5,1.53,23,1,11.5,1.53,5.75,0.77
Tombeau Rocheux,Rock Tomb,2,15,0.13,13%,10.0,1.33,20,1,10.0,1.33,5.0,0.67
Chasseresse d'Âmes,Huntress of Souls,1,15,0.07,7%,19.0,1.27,19,1,19.0,1.27,9.5,0.64
Œil de Lynx,Hawk's Eye,2,15,0.13,13%,9.0,1.2,18,0,Gratuit,Gratuit,9.0,1.2
Mental d'Acier,Steel Aura,1,15,0.07,7%,18.0,1.2,18,2,9.0,0.6,6.0,0.4
Être de Lumière,Being of Light,1,15,0.07,7%,18.0,1.2,18,1,18.0,1.2,9.0,0.6
Enchaînement Éclair,Unstoppable Lightning,1,15,0.07,7%,18.0,1.2,18,1,18.0,1.2,9.0,0.6
Griffes Démoniaques,Demon Claws,1,15,0.07,7%,17.0,1.13,17,1,17.0,1.13,8.5,0.56
Danse Macabre,Dance of Death,2,15,0.13,13%,8.0,1.07,16,1,8.0,1.07,4.0,0.54
Elan de Fureur,Rampage Momentum,1,15,0.07,7%,15.0,1.0,15,2,7.5,0.5,5.0,0.33
Faux Parfaite,Perfect Scythe,1,15,0.07,7%,15.0,1.0,15,0,Gratuit,Gratuit,15.0,1.0
Griffes Sauvages,Wild Claw,8,15,0.53,53%,1.62,0.87,13,3,0.54,0.29,0.41,0.22
Désintégrateur Magnétique,Magnetic Disintegrator,1,15,0.07,7%,11.0,0.73,11,0,Gratuit,Gratuit,11.0,0.73
