,Nom Anglais,nb games valide,total games,ratio,%,pts moy,pts moy total,total point,cout,pts par cout moy,pts par cout total
Faux,Scythe,13,13,1.0,100%,14.38,14.38,187,3,4.79,4.79
Armure d'Obsidienne,Obsidian Battle Plate,7,13,0.54,54%,20.0,10.77,140,2,10.0,5.38
Économe Sagesse du Trésorier,Treasurer's Wisdom,8,13,0.62,62%,17.0,10.46,136,2,8.5,5.23
Aveuglement,Incapacitor,13,13,1.0,100%,9.23,9.23,120,3,3.08,3.08
Pillard Féroce,Savage Looter,6,13,0.46,46%,20.0,9.23,120,1,20.0,9.23
Hache Frénétique,Berseker Ax,7,13,0.54,54%,14.0,7.54,98,2,7.0,3.77
Lame Affutée,Sharp Blade,9,13,0.69,69%,10.67,7.38,96,3,3.56,2.46
Esprit de l'Écuyer,Spirit of the Squire,11,13,0.85,85%,7.36,6.23,81,3,2.45,2.08
Ascension Divine,Divine Ascent,3,13,0.23,23%,25.0,5.77,75,3,8.33,1.92
Parchemin Secret,Secret Scroll,4,13,0.31,31%,18.0,5.54,72,2,9.0,2.77
Explosion Arcanique,Arcane Explosive,6,13,0.46,46%,12.0,5.54,72,1,12.0,5.54
Armure d'Immortel,Immortal Breastplate,5,13,0.38,38%,14.0,5.38,70,1,14.0,5.38
Totem du Gardien,Guardian Totem,13,13,1.0,100%,5.31,5.31,69,3,1.77,1.77
Lame Insatiable,Fast Furious Blade,4,13,0.31,31%,16.0,4.92,64,2,8.0,2.46
Frappe Chirurgicale,Accurate Sword,4,13,0.31,31%,16.0,4.92,64,1,16.0,4.92
Esquive Salvatrice,Evasive Protection,4,13,0.31,31%,15.0,4.62,60,0,Gratuit,Gratuit
Glaive Vindicatif,Large Sword of Hate,3,13,0.23,23%,20.0,4.62,60,1,20.0,4.62
Épée Obscure,Swords of Darkness,4,13,0.31,31%,15.0,4.62,60,1,15.0,4.62
Sabre Versatile,Versatil Saber,5,13,0.38,38%,11.0,4.23,55,1,11.0,4.23
Faux Assoiffées,Thirsty Scythes,2,13,0.15,15%,25.0,3.85,50,3,8.33,1.28
Bâton de Conquête,Conquering Staff,2,13,0.15,15%,24.0,3.69,48,2,12.0,1.84
Elan de Fureur,Rampage Momentum,3,13,0.23,23%,15.0,3.46,45,2,7.5,1.73
Désintégrateur Magnétique,Magnetic Disintegrator,4,13,0.31,31%,11.0,3.38,44,0,Gratuit,Gratuit
Destruction Royale,Royal Destroyer,4,13,0.31,31%,11.0,3.38,44,0,Gratuit,Gratuit
Masse Colossale,Colossal Mace,4,13,0.31,31%,11.0,3.38,44,0,Gratuit,Gratuit
Épées Jumelles,Twin Swords,4,13,0.31,31%,10.0,3.08,40,1,10.0,3.08
Le Marionnettiste,The Puppeteer,2,13,0.15,15%,20.0,3.08,40,2,10.0,1.54
Couronne du Roi Nain,Crown of the Dwarf King,3,13,0.23,23%,13.0,3.0,39,0,Gratuit,Gratuit
Chasseresse d'Âmes,Huntress of Souls,2,13,0.15,15%,19.0,2.92,38,1,19.0,2.92
Esprit omniprésent,Omnipresent Spirit,2,13,0.15,15%,18.0,2.77,36,2,9.0,1.39
Enchaînement Éclair,Unstoppable Lightning,2,13,0.15,15%,18.0,2.77,36,1,18.0,2.77
Griffes Démoniaques,Demon Claws,2,13,0.15,15%,17.0,2.62,34,1,17.0,2.62
Danse Macabre,Dance of Death,4,13,0.31,31%,8.0,2.46,32,1,8.0,2.46
Triple Météore,Trimeteor,1,13,0.08,8%,30.0,2.31,30,0,Gratuit,Gratuit
Chasseur d'Âmes,Soul Hunter,2,13,0.15,15%,15.0,2.31,30,1,15.0,2.31
Instinct Sanguinaire,Bloody Instinct,2,13,0.15,15%,15.0,2.31,30,2,7.5,1.16
Griffes Sauvages,Wild Claw,10,13,0.77,77%,2.9,2.23,29,3,0.97,0.74
Le Croque-mort,The Undertaker,2,13,0.15,15%,14.0,2.15,28,1,14.0,2.15
Lance Doublée,Dual Spear,3,13,0.23,23%,8.0,1.85,24,0,Gratuit,Gratuit
Assistance Divine,Sacred Help,1,13,0.08,8%,20.0,1.54,20,2,10.0,0.77
Tombeau Rocheux,Rock Tomb,2,13,0.15,15%,10.0,1.54,20,1,10.0,1.54
Lance Triplée,Triple Spear,1,13,0.08,8%,20.0,1.54,20,0,Gratuit,Gratuit
Coup de Mort,Death Helper,2,13,0.15,15%,10.0,1.54,20,1,10.0,1.54
Mental d'Acier,Steel Aura,1,13,0.08,8%,18.0,1.38,18,2,9.0,0.69
Esprit Guerrier,Spirit of the Warrior,1,13,0.08,8%,16.0,1.23,16,1,16.0,1.23
Œil de Lynx,Hawk's Eye,2,13,0.15,15%,8.0,1.23,16,0,Gratuit,Gratuit
Bâton Élémentaire,Earthly Staff,1,13,0.08,8%,15.0,1.15,15,0,Gratuit,Gratuit
Amulette Omnisciente,Omnipresent Amulet,1,13,0.08,8%,11.0,0.85,11,0,Gratuit,Gratuit
Épé Sainte,Holy Sword,1,13,0.08,8%,10.0,0.77,10,0,Gratuit,Gratuit
