,Nom Anglais,nb games valide,total games,ratio,%,pts moy,pts moy total,total point,cout,pts par cout moy,pts par cout total,pts par cout moy+1,pts par cout total+1
Totem Équivalent,Equivalent Totem,17,17,1.0,100%,15.65,15.65,266,2,7.83,7.83,5.22,5.22
Faux,Scythe,17,17,1.0,100%,12.24,12.24,208,3,4.08,4.08,3.06,3.06
Marteau Collecteur,Collecting Hammer,12,17,0.71,71%,13.58,9.59,163,2,6.79,4.79,4.53,3.2
Armure d'Obsidienne,Obsidian Battle Plate,7,17,0.41,41%,20.0,8.24,140,2,10.0,4.12,6.67,2.75
Lame Affutée,Sharp Blade,15,17,0.88,88%,7.8,6.88,117,3,2.6,2.29,1.95,1.72
Hache Frénétique,Berseker Ax,8,17,0.47,47%,14.0,6.59,112,2,7.0,3.29,4.67,2.2
Économe Sagesse du Trésorier,Treasurer's Wisdom,5,17,0.29,29%,17.0,5.0,85,2,8.5,2.5,5.67,1.67
Chasseur d'Âmes,Soul Hunter,5,17,0.29,29%,16.0,4.71,80,1,16.0,4.71,8.0,2.35
Totem du Gardien,Guardian Totem,17,17,1.0,100%,4.65,4.65,79,3,1.55,1.55,1.16,1.16
Ascension Divine,Divine Ascent,3,17,0.18,18%,25.0,4.41,75,3,8.33,1.47,6.25,1.1
Explosion Arcanique,Arcane Explosive,6,17,0.35,35%,12.0,4.24,72,1,12.0,4.24,6.0,2.12
Esprit de l'Écuyer,Spirit of the Squire,10,17,0.59,59%,6.9,4.06,69,3,2.3,1.35,1.73,1.01
Aveuglement,Incapacitor,14,17,0.82,82%,4.29,3.53,60,3,1.43,1.18,1.07,0.88
Marteleur précis,Precise Hammer,3,17,0.18,18%,18.0,3.18,54,1,18.0,3.18,9.0,1.59
Faux Assoiffées,Thirsty Scythes,2,17,0.12,12%,25.0,2.94,50,3,8.33,0.98,6.25,0.73
Le Marionnettiste,The Puppeteer,2,17,0.12,12%,20.0,2.35,40,2,10.0,1.18,6.67,0.78
Pillard Féroce,Savage Looter,2,17,0.12,12%,20.0,2.35,40,1,20.0,2.35,10.0,1.18
Assistance Divine,Sacred Help,2,17,0.12,12%,20.0,2.35,40,2,10.0,1.18,6.67,0.78
Parchemin Secret,Secret Scroll,2,17,0.12,12%,18.0,2.12,36,2,9.0,1.06,6.0,0.71
Épée Obscure,Swords of Darkness,2,17,0.12,12%,17.0,2.0,34,1,17.0,2.0,8.5,1.0
Sabre Versatile,Versatil Saber,3,17,0.18,18%,11.0,1.94,33,1,11.0,1.94,5.5,0.97
Esprit Guerrier,Spirit of the Warrior,2,17,0.12,12%,16.0,1.88,32,1,16.0,1.88,8.0,0.94
Gantelet Impérieux,Imperious Gauntlet,1,17,0.06,6%,30.0,1.76,30,1,30.0,1.76,15.0,0.88
Armure d'Immortel,Immortal Breastplate,2,17,0.12,12%,15.0,1.76,30,1,15.0,1.76,7.5,0.88
Soif de Sang,Thirsty Dagger,2,17,0.12,12%,15.0,1.76,30,0,Gratuit,Gratuit,15.0,1.76
Couronne du Roi Nain,Crown of the Dwarf King,2,17,0.12,12%,13.0,1.53,26,0,Gratuit,Gratuit,13.0,1.53
Coup de Mort,Death Helper,2,17,0.12,12%,11.5,1.35,23,1,11.5,1.35,5.75,0.68
Tombeau Rocheux,Rock Tomb,2,17,0.12,12%,10.0,1.18,20,1,10.0,1.18,5.0,0.59
Chasseresse d'Âmes,Huntress of Souls,1,17,0.06,6%,19.0,1.12,19,1,19.0,1.12,9.5,0.56
Enchaînement Éclair,Unstoppable Lightning,1,17,0.06,6%,18.0,1.06,18,1,18.0,1.06,9.0,0.53
Œil de Lynx,Hawk's Eye,2,17,0.12,12%,9.0,1.06,18,0,Gratuit,Gratuit,9.0,1.06
Mental d'Acier,Steel Aura,1,17,0.06,6%,18.0,1.06,18,2,9.0,0.53,6.0,0.35
Être de Lumière,Being of Light,1,17,0.06,6%,18.0,1.06,18,1,18.0,1.06,9.0,0.53
Griffes Démoniaques,Demon Claws,1,17,0.06,6%,17.0,1.0,17,1,17.0,1.0,8.5,0.5
Danse Macabre,Dance of Death,2,17,0.12,12%,8.0,0.94,16,1,8.0,0.94,4.0,0.47
Faux Parfaite,Perfect Scythe,1,17,0.06,6%,15.0,0.88,15,0,Gratuit,Gratuit,15.0,0.88
Masse Colossale,Colossal Mace,1,17,0.06,6%,15.0,0.88,15,0,Gratuit,Gratuit,15.0,0.88
Elan de Fureur,Rampage Momentum,1,17,0.06,6%,15.0,0.88,15,2,7.5,0.44,5.0,0.29
Griffes Sauvages,Wild Claw,9,17,0.53,53%,1.56,0.82,14,3,0.52,0.27,0.39,0.2
Désintégrateur Magnétique,Magnetic Disintegrator,1,17,0.06,6%,11.0,0.65,11,0,Gratuit,Gratuit,11.0,0.65
