,Nom Anglais,nb games valide,total games,ratio,%,pts moy,pts moy total,total point,cout,pts par cout moy,pts par cout total
Totem Équivalent,Equivalent Totem,2,2,1.0,100%,16.5,16.5,33,1,16.5,16.5
Marteau Collecteur,Collecting Hammer,1,2,0.5,50%,30.0,15.0,30,2,15.0,7.5
Chasseur d'Âmes,Soul Hunter,2,2,1.0,100%,15.0,15.0,30,1,15.0,15.0
Faux,Scythe,2,2,1.0,100%,12.5,12.5,25,3,4.17,4.17
Ascension Divine,Divine Ascent,1,2,0.5,50%,25.0,12.5,25,3,8.33,4.17
Le Marionnettiste,The Puppeteer,1,2,0.5,50%,20.0,10.0,20,2,10.0,5.0
Assistance Divine,Sacred Help,1,2,0.5,50%,20.0,10.0,20,2,10.0,5.0
Être de Lumière,Being of Light,1,2,0.5,50%,18.0,9.0,18,1,18.0,9.0
Marteleur précis,Precise Hammer,1,2,0.5,50%,18.0,9.0,18,1,18.0,9.0
Lame Affutée,Sharp Blade,2,2,1.0,100%,7.5,7.5,15,3,2.5,2.5
Soif de Sang,Thirsty Dagger,1,2,0.5,50%,15.0,7.5,15,0,Gratuit,Gratuit
Aveuglement,Incapacitor,2,2,1.0,100%,7.5,7.5,15,3,2.5,2.5
Hache Frénétique,Berseker Ax,1,2,0.5,50%,14.0,7.0,14,2,7.0,3.5
Totem du Gardien,Guardian Totem,2,2,1.0,100%,6.0,6.0,12,3,2.0,2.0
Œil de Lynx,Hawk's Eye,1,2,0.5,50%,8.0,4.0,8,0,Gratuit,Gratuit
Esprit de l'Écuyer,Spirit of the Squire,1,2,0.5,50%,3.0,1.5,3,3,1.0,0.5
Griffes Sauvages,Wild Claw,1,2,0.5,50%,1.0,0.5,1,3,0.33,0.17
