,Nom Anglais,nb games valide,total games,ratio,%,pts moy,pts moy total,total point,cout,pts par cout moy,pts par cout total,pts par cout moy+1,pts par cout total+1
Gantelet Impérieux,Imperious Gauntlet,1,1,1.0,100%,30.0,30.0,30,1,30.0,30.0,15.0,15.0
Assistance Divine,Sacred Help,1,1,1.0,100%,20.0,20.0,20,2,10.0,10.0,6.67,6.67
Armure d'Obsidienne,Obsidian Battle Plate,1,1,1.0,100%,20.0,20.0,20,2,10.0,10.0,6.67,6.67
Pillard Féroce,Savage Looter,1,1,1.0,100%,20.0,20.0,20,1,20.0,20.0,10.0,10.0
Chasseur d'Âmes,Soul Hunter,1,1,1.0,100%,20.0,20.0,20,1,20.0,20.0,10.0,10.0
Chasseresse d'Âmes,Huntress of Souls,1,1,1.0,100%,19.0,19.0,19,1,19.0,19.0,9.5,9.5
Totem Équivalent,Equivalent Totem,1,1,1.0,100%,17.0,17.0,17,2,8.5,8.5,5.67,5.67
Griffes Démoniaques,Demon Claws,1,1,1.0,100%,17.0,17.0,17,1,17.0,17.0,8.5,8.5
Faux,Scythe,1,1,1.0,100%,16.0,16.0,16,3,5.33,5.33,4.0,4.0
Lame Insatiable,Fast Furious Blade,1,1,1.0,100%,16.0,16.0,16,2,8.0,8.0,5.33,5.33
Armure d'Immortel,Immortal Breastplate,1,1,1.0,100%,16.0,16.0,16,1,16.0,16.0,8.0,8.0
Esprit Guerrier,Spirit of the Warrior,1,1,1.0,100%,16.0,16.0,16,1,16.0,16.0,8.0,8.0
Faux Parfaite,Perfect Scythe,1,1,1.0,100%,15.0,15.0,15,0,Gratuit,Gratuit,15.0,15.0
Hache Frénétique,Berseker Ax,1,1,1.0,100%,14.0,14.0,14,2,7.0,7.0,4.67,4.67
Marteau Collecteur,Collecting Hammer,1,1,1.0,100%,7.0,7.0,7,2,3.5,3.5,2.33,2.33
Esprit de l'Écuyer,Spirit of the Squire,1,1,1.0,100%,6.0,6.0,6,3,2.0,2.0,1.5,1.5
Aveuglement,Incapacitor,1,1,1.0,100%,3.0,3.0,3,3,1.0,1.0,0.75,0.75
Lame Affutée,Sharp Blade,1,1,1.0,100%,3.0,3.0,3,3,1.0,1.0,0.75,0.75
Totem du Gardien,Guardian Totem,1,1,1.0,100%,3.0,3.0,3,3,1.0,1.0,0.75,0.75
Griffes Sauvages,Wild Claw,1,1,1.0,100%,2.0,2.0,2,3,0.67,0.67,0.5,0.5
