,Nom Anglais,nb games valide,total games,ratio,%,pts moy,pts moy total,total point,cout,pts par cout moy,pts par cout total,pts par cout moy+1,pts par cout total+1
Totem Équivalent,Equivalent Totem,5,5,1.0,100%,15.0,15.0,75,2,7.5,7.5,5.0,5.0
Marteau Collecteur,Collecting Hammer,3,5,0.6,60%,18.0,10.8,54,2,9.0,5.4,6.0,3.6
Faux,Scythe,5,5,1.0,100%,10.8,10.8,54,3,3.6,3.6,2.7,2.7
Chasseur d'Âmes,Soul Hunter,2,5,0.4,40%,15.0,6.0,30,1,15.0,6.0,7.5,3.0
Hache Frénétique,Berseker Ax,2,5,0.4,40%,14.0,5.6,28,2,7.0,2.8,4.67,1.87
Totem du Gardien,Guardian Totem,5,5,1.0,100%,5.2,5.2,26,3,1.73,1.73,1.3,1.3
Ascension Divine,Divine Ascent,1,5,0.2,20%,25.0,5.0,25,3,8.33,1.67,6.25,1.25
Lame Affutée,Sharp Blade,4,5,0.8,80%,5.25,4.2,21,3,1.75,1.4,1.31,1.05
Assistance Divine,Sacred Help,1,5,0.2,20%,20.0,4.0,20,2,10.0,2.0,6.67,1.33
Le Marionnettiste,The Puppeteer,1,5,0.2,20%,20.0,4.0,20,2,10.0,2.0,6.67,1.33
Être de Lumière,Being of Light,1,5,0.2,20%,18.0,3.6,18,1,18.0,3.6,9.0,1.8
Marteleur précis,Precise Hammer,1,5,0.2,20%,18.0,3.6,18,1,18.0,3.6,9.0,1.8
Aveuglement,Incapacitor,3,5,0.6,60%,6.0,3.6,18,3,2.0,1.2,1.5,0.9
Soif de Sang,Thirsty Dagger,1,5,0.2,20%,15.0,3.0,15,0,Gratuit,Gratuit,15.0,3.0
Esprit de l'Écuyer,Spirit of the Squire,3,5,0.6,60%,3.0,1.8,9,3,1.0,0.6,0.75,0.45
Œil de Lynx,Hawk's Eye,1,5,0.2,20%,8.0,1.6,8,0,Gratuit,Gratuit,8.0,1.6
Griffes Sauvages,Wild Claw,1,5,0.2,20%,1.0,0.2,1,3,0.33,0.07,0.25,0.05
