,Nom Anglais,nb games valide,total games,ratio,%,pts moy,pts moy total,total point,cout,pts par cout moy,pts par cout total,pts par cout moy+1,pts par cout total+1
Triple Météore,Trimeteor,1,1,1.0,100%,30.0,30.0,30,0,Gratuit,Gratuit,30.0,30.0
Épée Obscure,Swords of Darkness,1,1,1.0,100%,20.0,20.0,20,1,20.0,20.0,10.0,10.0
Assistance Divine,Sacred Help,1,1,1.0,100%,20.0,20.0,20,2,10.0,10.0,6.67,6.67
Lame Insatiable,Fast Furious Blade,1,1,1.0,100%,18.0,18.0,18,2,9.0,9.0,6.0,6.0
Hache Frénétique,Berseker Ax,1,1,1.0,100%,16.0,16.0,16,2,8.0,8.0,5.33,5.33
Lame Affutée,Sharp Blade,1,1,1.0,100%,15.0,15.0,15,3,5.0,5.0,3.75,3.75
Faux Parfaite,Perfect Scythe,1,1,1.0,100%,15.0,15.0,15,0,Gratuit,Gratuit,15.0,15.0
Totem Équivalent,Equivalent Totem,1,1,1.0,100%,14.0,14.0,14,3,4.67,4.67,3.5,3.5
Faux,Scythe,1,1,1.0,100%,13.0,13.0,13,3,4.33,4.33,3.25,3.25
Danse Macabre,Dance of Death,1,1,1.0,100%,10.0,10.0,10,1,10.0,10.0,5.0,5.0
Marteau Collecteur,Collecting Hammer,1,1,1.0,100%,7.0,7.0,7,2,3.5,3.5,2.33,2.33
Totem du Gardien,Guardian Totem,1,1,1.0,100%,4.0,4.0,4,3,1.33,1.33,1.0,1.0
Esprit de l'Écuyer,Spirit of the Squire,1,1,1.0,100%,3.0,3.0,3,3,1.0,1.0,0.75,0.75
Griffes Sauvages,Wild Claw,1,1,1.0,100%,1.0,1.0,1,3,0.33,0.33,0.25,0.25
