,Nom Anglais,nb games valide,total games,ratio,%,pts moy,pts moy total,total point,cout,pts par cout moy,pts par cout total
Faux,Scythe,11,11,1.0,100%,12.82,12.82,141,3,4.27,4.27
Aveuglement,Incapacitor,11,11,1.0,100%,10.64,10.64,117,3,3.55,3.55
Économe Sagesse du Trésorier,Treasurer's Wisdom,5,11,0.45,45%,17.0,7.73,85,2,8.5,3.87
Hache Frénétique,Berseker Ax,6,11,0.55,55%,14.0,7.64,84,2,7.0,3.82
Esprit de l'Écuyer,Spirit of the Squire,6,11,0.55,55%,13.5,7.36,81,3,4.5,2.45
Armure d'Obsidienne,Obsidian Battle Plate,4,11,0.36,36%,20.0,7.27,80,2,10.0,3.63
Explosion Arcanique,Arcane Explosive,6,11,0.55,55%,12.0,6.55,72,1,12.0,6.55
Lame Affutée,Sharp Blade,10,11,0.91,91%,7.2,6.55,72,3,2.4,2.18
Ascension Divine,Divine Ascent,2,11,0.18,18%,25.0,4.55,50,3,8.33,1.52
Épée Obscure,Swords of Darkness,3,11,0.27,27%,15.0,4.09,45,1,15.0,4.09
Le Marionnettiste,The Puppeteer,2,11,0.18,18%,20.0,3.64,40,2,10.0,1.82
Sabre Versatile,Versatil Saber,3,11,0.27,27%,11.0,3.0,33,1,11.0,3.0
Chasseur d'Âmes,Soul Hunter,2,11,0.18,18%,15.0,2.73,30,1,15.0,2.73
Épées Jumelles,Twin Swords,3,11,0.27,27%,10.0,2.73,30,1,10.0,2.73
Coup de Mort,Death Helper,3,11,0.27,27%,10.0,2.73,30,1,10.0,2.73
Totem du Gardien,Guardian Totem,11,11,1.0,100%,2.55,2.55,28,3,0.85,0.85
Faux Assoiffées,Thirsty Scythes,1,11,0.09,9%,25.0,2.27,25,3,8.33,0.76
Bâton de Conquête,Conquering Staff,1,11,0.09,9%,24.0,2.18,24,2,12.0,1.09
Masse Colossale,Colossal Mace,2,11,0.18,18%,11.0,2.0,22,0,Gratuit,Gratuit
Mental d'Acier,Steel Aura,1,11,0.09,9%,18.0,1.64,18,2,9.0,0.82
Danse Macabre,Dance of Death,2,11,0.18,18%,8.0,1.45,16,1,8.0,1.45
Soif de Sang,Thirsty Dagger,1,11,0.09,9%,15.0,1.36,15,0,Gratuit,Gratuit
Esquive Salvatrice,Evasive Protection,1,11,0.09,9%,15.0,1.36,15,0,Gratuit,Gratuit
Elan de Fureur,Rampage Momentum,1,11,0.09,9%,15.0,1.36,15,2,7.5,0.68
Armure d'Immortel,Immortal Breastplate,1,11,0.09,9%,14.0,1.27,14,1,14.0,1.27
Le Croque-mort,The Undertaker,1,11,0.09,9%,14.0,1.27,14,1,14.0,1.27
Griffes Sauvages,Wild Claw,6,11,0.55,55%,2.0,1.09,12,3,0.67,0.36
Désintégrateur Magnétique,Magnetic Disintegrator,1,11,0.09,9%,11.0,1.0,11,0,Gratuit,Gratuit
Destruction Royale,Royal Destroyer,1,11,0.09,9%,11.0,1.0,11,0,Gratuit,Gratuit
Amulette Omnisciente,Omnipresent Amulet,1,11,0.09,9%,11.0,1.0,11,0,Gratuit,Gratuit
Force Divine,Divine Impetu,1,11,0.09,9%,11.0,1.0,11,0,Gratuit,Gratuit
Tombeau Rocheux,Rock Tomb,1,11,0.09,9%,10.0,0.91,10,1,10.0,0.91
Lance Doublée,Dual Spear,1,11,0.09,9%,8.0,0.73,8,0,Gratuit,Gratuit
