,Nom Anglais,nb games valide,total games,ratio,%,pts moy,pts moy total,total point,cout,pts par cout moy,pts par cout total,pts par cout moy+1,pts par cout total+1
Totem Équivalent,Equivalent Totem,6,6,1.0,100%,16.17,16.17,97,2,8.09,8.09,5.39,5.39
Faux,Scythe,6,6,1.0,100%,12.67,12.67,76,3,4.22,4.22,3.17,3.17
Chasseur d'Âmes,Soul Hunter,5,6,0.83,83%,15.0,12.5,75,1,15.0,12.5,7.5,6.25
Lame Affutée,Sharp Blade,6,6,1.0,100%,10.5,10.5,63,3,3.5,3.5,2.62,2.62
Hache Frénétique,Berseker Ax,4,6,0.67,67%,14.0,9.33,56,2,7.0,4.67,4.67,3.11
Armure d'Obsidienne,Obsidian Battle Plate,2,6,0.33,33%,20.0,6.67,40,2,10.0,3.33,6.67,2.22
Mental d'Acier,Steel Aura,2,6,0.33,33%,18.0,6.0,36,2,9.0,3.0,6.0,2.0
Épée Obscure,Swords of Darkness,2,6,0.33,33%,17.0,5.67,34,1,17.0,5.67,8.5,2.83
Économe Sagesse du Trésorier,Treasurer's Wisdom,2,6,0.33,33%,17.0,5.67,34,2,8.5,2.83,5.67,1.89
Esprit de l'Écuyer,Spirit of the Squire,4,6,0.67,67%,8.25,5.5,33,3,2.75,1.83,2.06,1.38
Gantelet Impérieux,Imperious Gauntlet,1,6,0.17,17%,30.0,5.0,30,1,30.0,5.0,15.0,2.5
Triple Météore,Trimeteor,1,6,0.17,17%,30.0,5.0,30,0,Gratuit,Gratuit,30.0,5.0
Faux Parfaite,Perfect Scythe,2,6,0.33,33%,15.0,5.0,30,0,Gratuit,Gratuit,15.0,5.0
Aveuglement,Incapacitor,6,6,1.0,100%,5.0,5.0,30,3,1.67,1.67,1.25,1.25
Le Marionnettiste,The Puppeteer,1,6,0.17,17%,20.0,3.33,20,2,10.0,1.67,6.67,1.11
Assistance Divine,Sacred Help,1,6,0.17,17%,20.0,3.33,20,2,10.0,1.67,6.67,1.11
Épé Sainte,Holy Sword,2,6,0.33,33%,10.0,3.33,20,0,Gratuit,Gratuit,10.0,3.33
Totem du Gardien,Guardian Totem,6,6,1.0,100%,3.17,3.17,19,3,1.06,1.06,0.79,0.79
Enchaînement Éclair,Unstoppable Lightning,1,6,0.17,17%,18.0,3.0,18,1,18.0,3.0,9.0,1.5
Danse Macabre,Dance of Death,2,6,0.33,33%,8.0,2.67,16,1,8.0,2.67,4.0,1.33
Elan de Fureur,Rampage Momentum,1,6,0.17,17%,15.0,2.5,15,2,7.5,1.25,5.0,0.83
Explosion Arcanique,Arcane Explosive,1,6,0.17,17%,12.0,2.0,12,1,12.0,2.0,6.0,1.0
Désintégrateur Magnétique,Magnetic Disintegrator,1,6,0.17,17%,11.0,1.83,11,0,Gratuit,Gratuit,11.0,1.83
Tombeau Rocheux,Rock Tomb,1,6,0.17,17%,10.0,1.67,10,1,10.0,1.67,5.0,0.83
Coup de Mort,Death Helper,1,6,0.17,17%,10.0,1.67,10,1,10.0,1.67,5.0,0.83
Marteau Collecteur,Collecting Hammer,1,6,0.17,17%,6.0,1.0,6,2,3.0,0.5,2.0,0.33
Griffes Sauvages,Wild Claw,3,6,0.5,50%,1.33,0.67,4,3,0.44,0.22,0.33,0.17
