,Nom Anglais,nb games valide,total games,ratio,%,pts moy,pts moy total,total point,cout,pts par cout moy,pts par cout total
Faux,Scythe,13,13,1.0,100%,13.23,13.23,172,3,4.41,4.41
Aveuglement,Incapacitor,13,13,1.0,100%,10.85,10.85,141,3,3.62,3.62
Armure d'Obsidienne,Obsidian Battle Plate,6,13,0.46,46%,20.0,9.23,120,2,10.0,4.62
Hache Frénétique,Berseker Ax,8,13,0.62,62%,14.0,8.62,112,2,7.0,4.31
Esprit de l'Écuyer,Spirit of the Squire,8,13,0.62,62%,13.88,8.54,111,3,4.63,2.85
Économe Sagesse du Trésorier,Treasurer's Wisdom,6,13,0.46,46%,17.0,7.85,102,2,8.5,3.92
Lame Affutée,Sharp Blade,12,13,0.92,92%,7.5,6.92,90,3,2.5,2.31
Explosion Arcanique,Arcane Explosive,7,13,0.54,54%,12.0,6.46,84,1,12.0,6.46
Ascension Divine,Divine Ascent,3,13,0.23,23%,25.0,5.77,75,3,8.33,1.92
Sabre Versatile,Versatil Saber,5,13,0.38,38%,11.0,4.23,55,1,11.0,4.23
Mental d'Acier,Steel Aura,3,13,0.23,23%,18.0,4.15,54,2,9.0,2.08
Faux Assoiffées,Thirsty Scythes,2,13,0.15,15%,25.0,3.85,50,3,8.33,1.28
Coup de Mort,Death Helper,5,13,0.38,38%,10.0,3.85,50,1,10.0,3.85
Épée Obscure,Swords of Darkness,3,13,0.23,23%,15.0,3.46,45,1,15.0,3.46
Le Marionnettiste,The Puppeteer,2,13,0.15,15%,20.0,3.08,40,2,10.0,1.54
Totem du Gardien,Guardian Totem,13,13,1.0,100%,2.46,2.46,32,3,0.82,0.82
Épées Jumelles,Twin Swords,3,13,0.23,23%,10.0,2.31,30,1,10.0,2.31
Elan de Fureur,Rampage Momentum,2,13,0.15,15%,15.0,2.31,30,2,7.5,1.16
Esquive Salvatrice,Evasive Protection,2,13,0.15,15%,15.0,2.31,30,0,Gratuit,Gratuit
Chasseur d'Âmes,Soul Hunter,2,13,0.15,15%,15.0,2.31,30,1,15.0,2.31
Armure d'Immortel,Immortal Breastplate,2,13,0.15,15%,14.0,2.15,28,1,14.0,2.15
Danse Macabre,Dance of Death,3,13,0.23,23%,8.0,1.85,24,1,8.0,1.85
Bâton de Conquête,Conquering Staff,1,13,0.08,8%,24.0,1.85,24,2,12.0,0.93
Masse Colossale,Colossal Mace,2,13,0.15,15%,11.0,1.69,22,0,Gratuit,Gratuit
Assistance Divine,Sacred Help,1,13,0.08,8%,20.0,1.54,20,2,10.0,0.77
Être de Lumière,Being of Light,1,13,0.08,8%,18.0,1.38,18,1,18.0,1.38
Griffes Sauvages,Wild Claw,8,13,0.62,62%,2.12,1.31,17,3,0.71,0.44
Adrénaline Arcanique,Arcane Adrenaline,1,13,0.08,8%,16.0,1.23,16,1,16.0,1.23
Soif de Sang,Thirsty Dagger,1,13,0.08,8%,15.0,1.15,15,0,Gratuit,Gratuit
Instinct Sanguinaire,Bloody Instinct,1,13,0.08,8%,15.0,1.15,15,2,7.5,0.57
Le Croque-mort,The Undertaker,1,13,0.08,8%,14.0,1.08,14,1,14.0,1.08
Amulette Omnisciente,Omnipresent Amulet,1,13,0.08,8%,11.0,0.85,11,0,Gratuit,Gratuit
Force Divine,Divine Impetu,1,13,0.08,8%,11.0,0.85,11,0,Gratuit,Gratuit
Destruction Royale,Royal Destroyer,1,13,0.08,8%,11.0,0.85,11,0,Gratuit,Gratuit
Désintégrateur Magnétique,Magnetic Disintegrator,1,13,0.08,8%,11.0,0.85,11,0,Gratuit,Gratuit
Tombeau Rocheux,Rock Tomb,1,13,0.08,8%,10.0,0.77,10,1,10.0,0.77
Lance Doublée,Dual Spear,1,13,0.08,8%,8.0,0.62,8,0,Gratuit,Gratuit
