,Nom Anglais,nb games valide,total games,ratio,%,pts moy,pts moy total,total point,cout,pts par cout moy,pts par cout total,pts par cout moy+1,pts par cout total+1
Totem Équivalent,Equivalent Totem,3,3,1.0,100%,17.33,17.33,52,2,8.66,8.66,5.78,5.78
Faux Assoiffées,Thirsty Scythes,2,3,0.67,67%,25.0,16.67,50,3,8.33,5.56,6.25,4.17
Ascension Divine,Divine Ascent,2,3,0.67,67%,25.0,16.67,50,3,8.33,5.56,6.25,4.17
Faux,Scythe,3,3,1.0,100%,16.33,16.33,49,3,5.44,5.44,4.08,4.08
Hache Frénétique,Berseker Ax,3,3,1.0,100%,14.0,14.0,42,2,7.0,7.0,4.67,4.67
Épée Obscure,Swords of Darkness,2,3,0.67,67%,17.0,11.33,34,1,17.0,11.33,8.5,5.67
Économe Sagesse du Trésorier,Treasurer's Wisdom,2,3,0.67,67%,17.0,11.33,34,2,8.5,5.67,5.67,3.78
Lame Affutée,Sharp Blade,3,3,1.0,100%,10.0,10.0,30,3,3.33,3.33,2.5,2.5
Faux Parfaite,Perfect Scythe,2,3,0.67,67%,15.0,10.0,30,0,Gratuit,Gratuit,15.0,10.0
Explosion Arcanique,Arcane Explosive,2,3,0.67,67%,12.0,8.0,24,1,12.0,8.0,6.0,4.0
Tombeau Rocheux,Rock Tomb,2,3,0.67,67%,10.0,6.67,20,1,10.0,6.67,5.0,3.33
Assistance Divine,Sacred Help,1,3,0.33,33%,20.0,6.67,20,2,10.0,3.33,6.67,2.22
Marteau Collecteur,Collecting Hammer,2,3,0.67,67%,9.0,6.0,18,2,4.5,3.0,3.0,2.0
Danse Macabre,Dance of Death,2,3,0.67,67%,8.0,5.33,16,1,8.0,5.33,4.0,2.67
Chasseur d'Âmes,Soul Hunter,1,3,0.33,33%,15.0,5.0,15,1,15.0,5.0,7.5,2.5
Totem du Gardien,Guardian Totem,3,3,1.0,100%,4.33,4.33,13,3,1.44,1.44,1.08,1.08
Aveuglement,Incapacitor,3,3,1.0,100%,4.0,4.0,12,3,1.33,1.33,1.0,1.0
Esprit de l'Écuyer,Spirit of the Squire,2,3,0.67,67%,4.5,3.0,9,3,1.5,1.0,1.12,0.75
Œil de Lynx,Hawk's Eye,1,3,0.33,33%,8.0,2.67,8,0,Gratuit,Gratuit,8.0,2.67
Griffes Sauvages,Wild Claw,3,3,1.0,100%,1.67,1.67,5,3,0.56,0.56,0.42,0.42
