,Nom Anglais,nb games valide,total games,ratio,%,pts moy,pts moy total,total point,cout,pts par cout moy,pts par cout total
Épée Obscure,Swords of Darkness,1,1,1.0,100%,17.0,17.0,17,1,17.0,17.0
Totem Équivalent,Equivalent Totem,1,1,1.0,100%,16.0,16.0,16,1,16.0,16.0
Lame Affutée,Sharp Blade,1,1,1.0,100%,15.0,15.0,15,3,5.0,5.0
Faux Parfaite,Perfect Scythe,1,1,1.0,100%,15.0,15.0,15,0,Gratuit,Gratuit
Chasseur d'Âmes,Soul Hunter,1,1,1.0,100%,15.0,15.0,15,1,15.0,15.0
Hache Frénétique,Berseker Ax,1,1,1.0,100%,14.0,14.0,14,2,7.0,7.0
Faux,Scythe,1,1,1.0,100%,12.0,12.0,12,3,4.0,4.0
Danse Macabre,Dance of Death,1,1,1.0,100%,8.0,8.0,8,1,8.0,8.0
Esprit de l'Écuyer,Spirit of the Squire,1,1,1.0,100%,3.0,3.0,3,3,1.0,1.0
Aveuglement,Incapacitor,1,1,1.0,100%,3.0,3.0,3,3,1.0,1.0
Totem du Gardien,Guardian Totem,1,1,1.0,100%,2.0,2.0,2,3,0.67,0.67
Griffes Sauvages,Wild Claw,1,1,1.0,100%,1.0,1.0,1,3,0.33,0.33
