,Nom Anglais,nb games valide,total games,ratio,%,pts moy,pts moy total,total point,cout,pts par cout moy,pts par cout total
Armure d'Obsidienne,Obsidian Battle Plate,8,10,0.8,80%,20.0,16.0,160,2,10.0,8.0
Faux,Scythe,10,10,1.0,100%,14.8,14.8,148,3,4.93,4.93
Hache Frénétique,Berseker Ax,7,10,0.7,70%,14.0,9.8,98,2,7.0,4.9
Économe Sagesse du Trésorier,Treasurer's Wisdom,5,10,0.5,50%,17.0,8.5,85,2,8.5,4.25
Esprit de l'Écuyer,Spirit of the Squire,10,10,1.0,100%,7.8,7.8,78,3,2.6,2.6
Lame Affutée,Sharp Blade,7,10,0.7,70%,10.71,7.5,75,3,3.57,2.5
Ascension Divine,Divine Ascent,3,10,0.3,30%,25.0,7.5,75,3,8.33,2.5
Aveuglement,Incapacitor,9,10,0.9,90%,8.0,7.2,72,3,2.67,2.4
Mental d'Acier,Steel Aura,4,10,0.4,40%,18.0,7.2,72,2,9.0,3.6
Explosion Arcanique,Arcane Explosive,6,10,0.6,60%,12.0,7.2,72,1,12.0,7.2
Lame Insatiable,Fast Furious Blade,4,10,0.4,40%,16.0,6.4,64,2,8.0,3.2
Instinct Sanguinaire,Bloody Instinct,4,10,0.4,40%,15.0,6.0,60,2,7.5,3.0
Marteleur précis,Precise Hammer,3,10,0.3,30%,18.0,5.4,54,1,18.0,5.4
Parchemin Secret,Secret Scroll,3,10,0.3,30%,18.0,5.4,54,2,9.0,2.7
Tombeau Rocheux,Rock Tomb,5,10,0.5,50%,10.0,5.0,50,1,10.0,5.0
Faux Assoiffées,Thirsty Scythes,2,10,0.2,20%,25.0,5.0,50,3,8.33,1.67
Frappe Chirurgicale,Accurate Sword,3,10,0.3,30%,16.0,4.8,48,1,16.0,4.8
Sabre Versatile,Versatil Saber,4,10,0.4,40%,11.0,4.4,44,1,11.0,4.4
Armure d'Immortel,Immortal Breastplate,3,10,0.3,30%,14.0,4.2,42,1,14.0,4.2
Glaive Vindicatif,Large Sword of Hate,2,10,0.2,20%,20.0,4.0,40,1,20.0,4.0
Aura Légendaire,Legend Aura,1,10,0.1,10%,40.0,4.0,40,3,13.33,1.33
Assistance Divine,Sacred Help,2,10,0.2,20%,20.0,4.0,40,2,10.0,2.0
Totem du Gardien,Guardian Totem,10,10,1.0,100%,3.5,3.5,35,3,1.17,1.17
Masse Colossale,Colossal Mace,3,10,0.3,30%,11.0,3.3,33,0,Gratuit,Gratuit
Esprit Guerrier,Spirit of the Warrior,2,10,0.2,20%,16.0,3.2,32,1,16.0,3.2
Masse de Siège,Siege Mace,2,10,0.2,20%,16.0,3.2,32,0,Gratuit,Gratuit
Esquive Salvatrice,Evasive Protection,2,10,0.2,20%,15.0,3.0,30,0,Gratuit,Gratuit
Elan de Fureur,Rampage Momentum,2,10,0.2,20%,15.0,3.0,30,2,7.5,1.5
Épée Obscure,Swords of Darkness,2,10,0.2,20%,15.0,3.0,30,1,15.0,3.0
Le Croque-mort,The Undertaker,2,10,0.2,20%,14.0,2.8,28,1,14.0,2.8
Danse Macabre,Dance of Death,3,10,0.3,30%,8.0,2.4,24,1,8.0,2.4
Griffes Sauvages,Wild Claw,8,10,0.8,80%,2.75,2.2,22,3,0.92,0.73
Le Marionnettiste,The Puppeteer,1,10,0.1,10%,20.0,2.0,20,2,10.0,1.0
Pillard Féroce,Savage Looter,1,10,0.1,10%,20.0,2.0,20,1,20.0,2.0
Épées Jumelles,Twin Swords,2,10,0.2,20%,10.0,2.0,20,1,10.0,2.0
Être de Lumière,Being of Light,1,10,0.1,10%,18.0,1.8,18,1,18.0,1.8
Enchaînement Éclair,Unstoppable Lightning,1,10,0.1,10%,18.0,1.8,18,1,18.0,1.8
Œil de Lynx,Hawk's Eye,2,10,0.2,20%,8.0,1.6,16,0,Gratuit,Gratuit
Lance Doublée,Dual Spear,2,10,0.2,20%,8.0,1.6,16,0,Gratuit,Gratuit
Bâton Élémentaire,Earthly Staff,1,10,0.1,10%,15.0,1.5,15,0,Gratuit,Gratuit
Chasseur d'Âmes,Soul Hunter,1,10,0.1,10%,15.0,1.5,15,1,15.0,1.5
Couronne du Roi Nain,Crown of the Dwarf King,1,10,0.1,10%,13.0,1.3,13,0,Gratuit,Gratuit
Coup de Mort,Death Helper,1,10,0.1,10%,10.0,1.0,10,1,10.0,1.0
Épé Sainte,Holy Sword,1,10,0.1,10%,10.0,1.0,10,0,Gratuit,Gratuit
