,Nom Anglais,nb games valide,total games,ratio,%,pts moy,pts moy total,total point,cout,pts par cout moy,pts par cout total,pts par cout moy+1,pts par cout total+1
Chasseur d'Âmes,Soul Hunter,2,2,1.0,100%,20.0,20.0,40,1,20.0,20.0,10.0,10.0
Totem Équivalent,Equivalent Totem,2,2,1.0,100%,16.0,16.0,32,2,8.0,8.0,5.33,5.33
Faux,Scythe,2,2,1.0,100%,13.0,13.0,26,3,4.33,4.33,3.25,3.25
Assistance Divine,Sacred Help,1,2,0.5,50%,20.0,10.0,20,2,10.0,5.0,6.67,3.33
Armure d'Obsidienne,Obsidian Battle Plate,1,2,0.5,50%,20.0,10.0,20,2,10.0,5.0,6.67,3.33
Mental d'Acier,Steel Aura,1,2,0.5,50%,18.0,9.0,18,2,9.0,4.5,6.0,3.0
Enchaînement Éclair,Unstoppable Lightning,1,2,0.5,50%,18.0,9.0,18,1,18.0,9.0,9.0,4.5
Lame Affutée,Sharp Blade,2,2,1.0,100%,9.0,9.0,18,3,3.0,3.0,2.25,2.25
Armure d'Immortel,Immortal Breastplate,1,2,0.5,50%,16.0,8.0,16,1,16.0,8.0,8.0,4.0
Faux Parfaite,Perfect Scythe,1,2,0.5,50%,15.0,7.5,15,0,Gratuit,Gratuit,15.0,7.5
Masse Colossale,Colossal Mace,1,2,0.5,50%,15.0,7.5,15,0,Gratuit,Gratuit,15.0,7.5
Elan de Fureur,Rampage Momentum,1,2,0.5,50%,15.0,7.5,15,2,7.5,3.75,5.0,2.5
Force Divine,Divine Impetu,1,2,0.5,50%,15.0,7.5,15,0,Gratuit,Gratuit,15.0,7.5
Marteau Collecteur,Collecting Hammer,1,2,0.5,50%,14.0,7.0,14,2,7.0,3.5,4.67,2.33
Explosion Arcanique,Arcane Explosive,1,2,0.5,50%,12.0,6.0,12,1,12.0,6.0,6.0,3.0
Sabre Versatile,Versatil Saber,1,2,0.5,50%,11.0,5.5,11,1,11.0,5.5,5.5,2.75
Épé Sainte,Holy Sword,1,2,0.5,50%,10.0,5.0,10,0,Gratuit,Gratuit,10.0,5.0
Danse Macabre,Dance of Death,1,2,0.5,50%,8.0,4.0,8,1,8.0,4.0,4.0,2.0
Totem du Gardien,Guardian Totem,2,2,1.0,100%,3.5,3.5,7,3,1.17,1.17,0.88,0.88
Esprit de l'Écuyer,Spirit of the Squire,1,2,0.5,50%,3.0,1.5,3,3,1.0,0.5,0.75,0.38
Aveuglement,Incapacitor,1,2,0.5,50%,3.0,1.5,3,3,1.0,0.5,0.75,0.38
