,Nom Anglais,nb games valide,total games,ratio,%,pts moy,pts moy total,total point,cout,pts par cout moy,pts par cout total
Faux,Scythe,12,12,1.0,100%,15.33,15.33,184,3,5.11,5.11
Armure d'Obsidienne,Obsidian Battle Plate,8,12,0.67,67%,20.0,13.33,160,2,10.0,6.67
Aveuglement,Incapacitor,11,12,0.92,92%,11.45,10.5,126,3,3.82,3.5
Hache Frénétique,Berseker Ax,9,12,0.75,75%,14.0,10.5,126,2,7.0,5.25
Ascension Divine,Divine Ascent,5,12,0.42,42%,25.0,10.42,125,3,8.33,3.47
Économe Sagesse du Trésorier,Treasurer's Wisdom,7,12,0.58,58%,17.0,9.92,119,2,8.5,4.96
Lame Affutée,Sharp Blade,8,12,0.67,67%,11.62,7.75,93,3,3.87,2.58
Esprit de l'Écuyer,Spirit of the Squire,11,12,0.92,92%,7.91,7.25,87,3,2.64,2.42
Explosion Arcanique,Arcane Explosive,7,12,0.58,58%,12.0,7.0,84,1,12.0,7.0
Faux Assoiffées,Thirsty Scythes,3,12,0.25,25%,25.0,6.25,75,3,8.33,2.08
Mental d'Acier,Steel Aura,4,12,0.33,33%,18.0,6.0,72,2,9.0,3.0
Lame Insatiable,Fast Furious Blade,4,12,0.33,33%,16.0,5.33,64,2,8.0,2.67
Tombeau Rocheux,Rock Tomb,6,12,0.5,50%,10.0,5.0,60,1,10.0,5.0
Instinct Sanguinaire,Bloody Instinct,4,12,0.33,33%,15.0,5.0,60,2,7.5,2.5
Assistance Divine,Sacred Help,3,12,0.25,25%,20.0,5.0,60,2,10.0,2.5
Parchemin Secret,Secret Scroll,3,12,0.25,25%,18.0,4.5,54,2,9.0,2.25
Marteleur précis,Precise Hammer,3,12,0.25,25%,18.0,4.5,54,1,18.0,4.5
Frappe Chirurgicale,Accurate Sword,3,12,0.25,25%,16.0,4.0,48,1,16.0,4.0
Elan de Fureur,Rampage Momentum,3,12,0.25,25%,15.0,3.75,45,2,7.5,1.88
Sabre Versatile,Versatil Saber,4,12,0.33,33%,11.0,3.67,44,1,11.0,3.67
Totem du Gardien,Guardian Totem,12,12,1.0,100%,3.67,3.67,44,3,1.22,1.22
Armure d'Immortel,Immortal Breastplate,3,12,0.25,25%,14.0,3.5,42,1,14.0,3.5
Pillard Féroce,Savage Looter,2,12,0.17,17%,20.0,3.33,40,1,20.0,3.33
Glaive Vindicatif,Large Sword of Hate,2,12,0.17,17%,20.0,3.33,40,1,20.0,3.33
Aura Légendaire,Legend Aura,1,12,0.08,8%,40.0,3.33,40,3,13.33,1.11
Masse Colossale,Colossal Mace,3,12,0.25,25%,11.0,2.75,33,0,Gratuit,Gratuit
Esprit Guerrier,Spirit of the Warrior,2,12,0.17,17%,16.0,2.67,32,1,16.0,2.67
Danse Macabre,Dance of Death,4,12,0.33,33%,8.0,2.67,32,1,8.0,2.67
Masse de Siège,Siege Mace,2,12,0.17,17%,16.0,2.67,32,0,Gratuit,Gratuit
Épée Obscure,Swords of Darkness,2,12,0.17,17%,15.0,2.5,30,1,15.0,2.5
Esquive Salvatrice,Evasive Protection,2,12,0.17,17%,15.0,2.5,30,0,Gratuit,Gratuit
Griffes Sauvages,Wild Claw,10,12,0.83,83%,2.9,2.42,29,3,0.97,0.81
Le Croque-mort,The Undertaker,2,12,0.17,17%,14.0,2.33,28,1,14.0,2.33
Bâton de Conquête,Conquering Staff,1,12,0.08,8%,24.0,2.0,24,2,12.0,1.0
Œil de Lynx,Hawk's Eye,3,12,0.25,25%,8.0,2.0,24,0,Gratuit,Gratuit
Le Marionnettiste,The Puppeteer,1,12,0.08,8%,20.0,1.67,20,2,10.0,0.83
Épées Jumelles,Twin Swords,2,12,0.17,17%,10.0,1.67,20,1,10.0,1.67
Être de Lumière,Being of Light,1,12,0.08,8%,18.0,1.5,18,1,18.0,1.5
Enchaînement Éclair,Unstoppable Lightning,1,12,0.08,8%,18.0,1.5,18,1,18.0,1.5
Lance Doublée,Dual Spear,2,12,0.17,17%,8.0,1.33,16,0,Gratuit,Gratuit
Bâton Élémentaire,Earthly Staff,1,12,0.08,8%,15.0,1.25,15,0,Gratuit,Gratuit
Chasseur d'Âmes,Soul Hunter,1,12,0.08,8%,15.0,1.25,15,1,15.0,1.25
Couronne du Roi Nain,Crown of the Dwarf King,1,12,0.08,8%,13.0,1.08,13,0,Gratuit,Gratuit
Coup de Mort,Death Helper,1,12,0.08,8%,10.0,0.83,10,1,10.0,0.83
Épé Sainte,Holy Sword,1,12,0.08,8%,10.0,0.83,10,0,Gratuit,Gratuit
