,Nom Anglais,nb games valide,total games,ratio,%,pts moy,pts moy total,total point,cout,pts par cout moy,pts par cout total,pts par cout moy+1,pts par cout total+1
Totem Équivalent,Equivalent Totem,15,15,1.0,100%,15.87,15.87,238,2,7.93,7.93,5.29,5.29
Faux,Scythe,15,15,1.0,100%,13.47,13.47,202,3,4.49,4.49,3.37,3.37
Hache Frénétique,Berseker Ax,10,15,0.67,67%,14.0,9.33,140,2,7.0,4.67,4.67,3.11
Lame Affutée,Sharp Blade,12,15,0.8,80%,11.0,8.8,132,3,3.67,2.93,2.75,2.2
Marteau Collecteur,Collecting Hammer,7,15,0.47,47%,18.0,8.4,126,2,9.0,4.2,6.0,2.8
Économe Sagesse du Trésorier,Treasurer's Wisdom,7,15,0.47,47%,17.0,7.93,119,2,8.5,3.96,5.67,2.64
Esprit de l'Écuyer,Spirit of the Squire,13,15,0.87,87%,7.62,6.6,99,3,2.54,2.2,1.91,1.65
Épée Obscure,Swords of Darkness,5,15,0.33,33%,17.0,5.67,85,1,17.0,5.67,8.5,2.83
Assistance Divine,Sacred Help,4,15,0.27,27%,20.0,5.33,80,2,10.0,2.67,6.67,1.78
Aura Légendaire,Legend Aura,2,15,0.13,13%,40.0,5.33,80,3,13.33,1.78,10.0,1.33
Ascension Divine,Divine Ascent,3,15,0.2,20%,25.0,5.0,75,3,8.33,1.67,6.25,1.25
Aveuglement,Incapacitor,14,15,0.93,93%,5.14,4.8,72,3,1.71,1.6,1.28,1.2
Totem du Gardien,Guardian Totem,15,15,1.0,100%,4.07,4.07,61,3,1.36,1.36,1.02,1.02
Elan de Fureur,Rampage Momentum,4,15,0.27,27%,15.0,4.0,60,2,7.5,2.0,5.0,1.33
Chasseur d'Âmes,Soul Hunter,3,15,0.2,20%,20.0,4.0,60,1,20.0,4.0,10.0,2.0
Faux Parfaite,Perfect Scythe,4,15,0.27,27%,15.0,4.0,60,0,Gratuit,Gratuit,15.0,4.0
Gantelet Impérieux,Imperious Gauntlet,2,15,0.13,13%,30.0,4.0,60,1,30.0,4.0,15.0,2.0
Danse Macabre,Dance of Death,7,15,0.47,47%,8.0,3.73,56,1,8.0,3.73,4.0,1.86
Coup de Mort,Death Helper,4,15,0.27,27%,13.0,3.47,52,1,13.0,3.47,6.5,1.74
Esprit Guerrier,Spirit of the Warrior,3,15,0.2,20%,16.0,3.2,48,1,16.0,3.2,8.0,1.6
Explosion Arcanique,Arcane Explosive,4,15,0.27,27%,12.0,3.2,48,1,12.0,3.2,6.0,1.6
Tombeau Rocheux,Rock Tomb,4,15,0.27,27%,10.0,2.67,40,1,10.0,2.67,5.0,1.33
Armure d'Obsidienne,Obsidian Battle Plate,2,15,0.13,13%,20.0,2.67,40,2,10.0,1.33,6.67,0.89
Parchemin Secret,Secret Scroll,2,15,0.13,13%,18.0,2.4,36,2,9.0,1.2,6.0,0.8
Enchaînement Éclair,Unstoppable Lightning,2,15,0.13,13%,18.0,2.4,36,1,18.0,2.4,9.0,1.2
Marteleur précis,Precise Hammer,2,15,0.13,13%,18.0,2.4,36,1,18.0,2.4,9.0,1.2
Lame Insatiable,Fast Furious Blade,2,15,0.13,13%,16.0,2.13,32,2,8.0,1.06,5.33,0.71
Armure d'Immortel,Immortal Breastplate,2,15,0.13,13%,16.0,2.13,32,1,16.0,2.13,8.0,1.06
Triple Météore,Trimeteor,1,15,0.07,7%,30.0,2.0,30,0,Gratuit,Gratuit,30.0,2.0
Faux Assoiffées,Thirsty Scythes,1,15,0.07,7%,25.0,1.67,25,3,8.33,0.56,6.25,0.42
Désintégrateur Magnétique,Magnetic Disintegrator,2,15,0.13,13%,11.0,1.47,22,0,Gratuit,Gratuit,11.0,1.47
Sabre Versatile,Versatil Saber,2,15,0.13,13%,11.0,1.47,22,1,11.0,1.47,5.5,0.73
Épé Sainte,Holy Sword,2,15,0.13,13%,10.0,1.33,20,0,Gratuit,Gratuit,10.0,1.33
Mental d'Acier,Steel Aura,1,15,0.07,7%,18.0,1.2,18,2,9.0,0.6,6.0,0.4
Être de Lumière,Being of Light,1,15,0.07,7%,18.0,1.2,18,1,18.0,1.2,9.0,0.6
Esprit omniprésent,Omnipresent Spirit,1,15,0.07,7%,18.0,1.2,18,2,9.0,0.6,6.0,0.4
Griffes Sauvages,Wild Claw,10,15,0.67,67%,1.7,1.13,17,3,0.57,0.38,0.42,0.28
Adrénaline Arcanique,Arcane Adrenaline,1,15,0.07,7%,16.0,1.07,16,1,16.0,1.07,8.0,0.54
Masse de Siège,Siege Mace,1,15,0.07,7%,16.0,1.07,16,0,Gratuit,Gratuit,16.0,1.07
Force Divine,Divine Impetu,1,15,0.07,7%,15.0,1.0,15,0,Gratuit,Gratuit,15.0,1.0
