,Nom Anglais,nb games valide,total games,ratio,%,pts moy,pts moy total,total point,cout,pts par cout moy,pts par cout total
Totem Équivalent,Equivalent Totem,3,3,1.0,100%,17.0,17.0,51,2,8.5,8.5
Faux,Scythe,3,3,1.0,100%,13.33,13.33,40,3,4.44,4.44
Lame Affutée,Sharp Blade,3,3,1.0,100%,12.0,12.0,36,3,4.0,4.0
Faux Parfaite,Perfect Scythe,2,3,0.67,67%,15.0,10.0,30,0,Gratuit,Gratuit
Chasseur d'Âmes,Soul Hunter,2,3,0.67,67%,15.0,10.0,30,1,15.0,10.0
Gantelet Impérieux,Imperious Gauntlet,1,3,0.33,33%,30.0,10.0,30,1,30.0,10.0
Hache Frénétique,Berseker Ax,2,3,0.67,67%,14.0,9.33,28,2,7.0,4.67
Ascension Divine,Divine Ascent,1,3,0.33,33%,25.0,8.33,25,3,8.33,2.78
Esprit de l'Écuyer,Spirit of the Squire,3,3,1.0,100%,8.0,8.0,24,3,2.67,2.67
Désintégrateur Magnétique,Magnetic Disintegrator,2,3,0.67,67%,11.0,7.33,22,0,Gratuit,Gratuit
Armure d'Obsidienne,Obsidian Battle Plate,1,3,0.33,33%,20.0,6.67,20,2,10.0,3.33
Pillard Féroce,Savage Looter,1,3,0.33,33%,20.0,6.67,20,1,20.0,6.67
Épée Obscure,Swords of Darkness,1,3,0.33,33%,17.0,5.67,17,1,17.0,5.67
Économe Sagesse du Trésorier,Treasurer's Wisdom,1,3,0.33,33%,17.0,5.67,17,2,8.5,2.83
Aveuglement,Incapacitor,3,3,1.0,100%,4.0,4.0,12,3,1.33,1.33
Explosion Arcanique,Arcane Explosive,1,3,0.33,33%,12.0,4.0,12,1,12.0,4.0
Coup de Mort,Death Helper,1,3,0.33,33%,10.0,3.33,10,1,10.0,3.33
Épé Sainte,Holy Sword,1,3,0.33,33%,10.0,3.33,10,0,Gratuit,Gratuit
Totem du Gardien,Guardian Totem,3,3,1.0,100%,2.67,2.67,8,3,0.89,0.89
Danse Macabre,Dance of Death,1,3,0.33,33%,8.0,2.67,8,1,8.0,2.67
Marteau Collecteur,Collecting Hammer,1,3,0.33,33%,6.0,2.0,6,2,3.0,1.0
Griffes Sauvages,Wild Claw,1,3,0.33,33%,1.0,0.33,1,3,0.33,0.11
