,Nom Anglais,nb games valide,total games,ratio,%,pts moy,pts moy total,total point,cout,pts par cout moy,pts par cout total,pts par cout moy+1,pts par cout total+1
Totem Équivalent,Equivalent Totem,17,17,1.0,100%,15.94,15.94,271,2,7.97,7.97,5.31,5.31
Faux,Scythe,17,17,1.0,100%,14.18,14.18,241,3,4.73,4.73,3.54,3.54
Hache Frénétique,Berseker Ax,13,17,0.76,76%,14.0,10.71,182,2,7.0,5.36,4.67,3.57
Gantelet Impérieux,Imperious Gauntlet,6,17,0.35,35%,30.0,10.59,180,1,30.0,10.59,15.0,5.29
Marteau Collecteur,Collecting Hammer,10,17,0.59,59%,15.4,9.06,154,2,7.7,4.53,5.13,3.02
Ascension Divine,Divine Ascent,6,17,0.35,35%,25.0,8.82,150,3,8.33,2.94,6.25,2.21
Faux Parfaite,Perfect Scythe,10,17,0.59,59%,15.0,8.82,150,0,Gratuit,Gratuit,15.0,8.82
Économe Sagesse du Trésorier,Treasurer's Wisdom,8,17,0.47,47%,17.0,8.0,136,2,8.5,4.0,5.67,2.67
Lame Affutée,Sharp Blade,14,17,0.82,82%,9.64,7.94,135,3,3.21,2.65,2.41,1.99
Aveuglement,Incapacitor,15,17,0.88,88%,7.0,6.18,105,3,2.33,2.06,1.75,1.54
Esprit de l'Écuyer,Spirit of the Squire,14,17,0.82,82%,7.29,6.0,102,3,2.43,2.0,1.82,1.5
Armure d'Obsidienne,Obsidian Battle Plate,5,17,0.29,29%,20.0,5.88,100,2,10.0,2.94,6.67,1.96
Chasseur d'Âmes,Soul Hunter,5,17,0.29,29%,20.0,5.88,100,1,20.0,5.88,10.0,2.94
Marteleur précis,Precise Hammer,5,17,0.29,29%,18.0,5.29,90,1,18.0,5.29,9.0,2.65
Explosion Arcanique,Arcane Explosive,7,17,0.41,41%,12.0,4.94,84,1,12.0,4.94,6.0,2.47
Totem du Gardien,Guardian Totem,17,17,1.0,100%,4.76,4.76,81,3,1.59,1.59,1.19,1.19
Esprit Guerrier,Spirit of the Warrior,5,17,0.29,29%,16.0,4.71,80,1,16.0,4.71,8.0,2.35
Œil de Lynx,Hawk's Eye,8,17,0.47,47%,10.0,4.71,80,0,Gratuit,Gratuit,10.0,4.71
Aura Légendaire,Legend Aura,2,17,0.12,12%,40.0,4.71,80,3,13.33,1.57,10.0,1.18
Faux Assoiffées,Thirsty Scythes,3,17,0.18,18%,25.0,4.41,75,3,8.33,1.47,6.25,1.1
Épée Obscure,Swords of Darkness,4,17,0.24,24%,17.0,4.0,68,1,17.0,4.0,8.5,2.0
Lame Insatiable,Fast Furious Blade,4,17,0.24,24%,16.0,3.76,64,2,8.0,1.88,5.33,1.25
Triple Météore,Trimeteor,2,17,0.12,12%,30.0,3.53,60,0,Gratuit,Gratuit,30.0,3.53
Désintégrateur Magnétique,Magnetic Disintegrator,5,17,0.29,29%,11.0,3.24,55,0,Gratuit,Gratuit,11.0,3.24
Mental d'Acier,Steel Aura,3,17,0.18,18%,18.0,3.18,54,2,9.0,1.59,6.0,1.06
Parchemin Secret,Secret Scroll,3,17,0.18,18%,18.0,3.18,54,2,9.0,1.59,6.0,1.06
Armure d'Immortel,Immortal Breastplate,3,17,0.18,18%,16.0,2.82,48,1,16.0,2.82,8.0,1.41
Elan de Fureur,Rampage Momentum,3,17,0.18,18%,15.0,2.65,45,2,7.5,1.32,5.0,0.88
Sabre Versatile,Versatil Saber,4,17,0.24,24%,11.0,2.59,44,1,11.0,2.59,5.5,1.29
Assistance Divine,Sacred Help,2,17,0.12,12%,20.0,2.35,40,2,10.0,1.18,6.67,0.78
Coup de Mort,Death Helper,3,17,0.18,18%,13.0,2.29,39,1,13.0,2.29,6.5,1.15
Esprit omniprésent,Omnipresent Spirit,2,17,0.12,12%,18.0,2.12,36,2,9.0,1.06,6.0,0.71
Enchaînement Éclair,Unstoppable Lightning,2,17,0.12,12%,18.0,2.12,36,1,18.0,2.12,9.0,1.06
Danse Macabre,Dance of Death,4,17,0.24,24%,8.0,1.88,32,1,8.0,1.88,4.0,0.94
Tombeau Rocheux,Rock Tomb,3,17,0.18,18%,10.0,1.76,30,1,10.0,1.76,5.0,0.88
Masse Colossale,Colossal Mace,2,17,0.12,12%,15.0,1.76,30,0,Gratuit,Gratuit,15.0,1.76
Couronne du Roi Nain,Crown of the Dwarf King,2,17,0.12,12%,13.0,1.53,26,0,Gratuit,Gratuit,13.0,1.53
Bâton de Conquête,Conquering Staff,1,17,0.06,6%,24.0,1.41,24,2,12.0,0.7,8.0,0.47
Épé Sainte,Holy Sword,2,17,0.12,12%,10.0,1.18,20,0,Gratuit,Gratuit,10.0,1.18
Le Marionnettiste,The Puppeteer,1,17,0.06,6%,20.0,1.18,20,2,10.0,0.59,6.67,0.39
Être de Lumière,Being of Light,1,17,0.06,6%,18.0,1.06,18,1,18.0,1.06,9.0,0.53
Décharge Élémentaire,Elemental Discharge,1,17,0.06,6%,18.0,1.06,18,1,18.0,1.06,9.0,0.53
Adrénaline Arcanique,Arcane Adrenaline,1,17,0.06,6%,16.0,0.94,16,1,16.0,0.94,8.0,0.47
Force Divine,Divine Impetu,1,17,0.06,6%,15.0,0.88,15,0,Gratuit,Gratuit,15.0,0.88
Griffes Sauvages,Wild Claw,6,17,0.35,35%,1.5,0.53,9,3,0.5,0.18,0.38,0.13
