,Nom Anglais,nb games valide,total games,ratio,%,pts moy,pts moy total,total point,cout,pts par cout moy,pts par cout total,pts par cout moy+1,pts par cout total+1
Totem Équivalent,Equivalent Totem,11,11,1.0,100%,16.55,16.55,182,2,8.28,8.28,5.52,5.52
Faux,Scythe,11,11,1.0,100%,14.64,14.64,161,3,4.88,4.88,3.66,3.66
Armure d'Obsidienne,Obsidian Battle Plate,7,11,0.64,64%,20.0,12.73,140,2,10.0,6.37,6.67,4.24
Économe Sagesse du Trésorier,Treasurer's Wisdom,6,11,0.55,55%,17.0,9.27,102,2,8.5,4.63,5.67,3.09
Ascension Divine,Divine Ascent,4,11,0.36,36%,25.0,9.09,100,3,8.33,3.03,6.25,2.27
Marteau Collecteur,Collecting Hammer,6,11,0.55,55%,16.5,9.0,99,2,8.25,4.5,5.5,3.0
Hache Frénétique,Berseker Ax,6,11,0.55,55%,14.0,7.64,84,2,7.0,3.82,4.67,2.55
Marteleur précis,Precise Hammer,4,11,0.36,36%,18.0,6.55,72,1,18.0,6.55,9.0,3.27
Aveuglement,Incapacitor,10,11,0.91,91%,6.9,6.27,69,3,2.3,2.09,1.73,1.57
Esprit de l'Écuyer,Spirit of the Squire,9,11,0.82,82%,7.0,5.73,63,3,2.33,1.91,1.75,1.43
Faux Parfaite,Perfect Scythe,4,11,0.36,36%,15.0,5.45,60,0,Gratuit,Gratuit,15.0,5.45
Explosion Arcanique,Arcane Explosive,5,11,0.45,45%,12.0,5.45,60,1,12.0,5.45,6.0,2.73
Totem du Gardien,Guardian Totem,11,11,1.0,100%,5.45,5.45,60,3,1.82,1.82,1.36,1.36
Assistance Divine,Sacred Help,3,11,0.27,27%,20.0,5.45,60,2,10.0,2.73,6.67,1.82
Lame Affutée,Sharp Blade,9,11,0.82,82%,6.0,4.91,54,3,2.0,1.64,1.5,1.23
Chasseur d'Âmes,Soul Hunter,3,11,0.27,27%,15.0,4.09,45,1,15.0,4.09,7.5,2.04
Pillard Féroce,Savage Looter,2,11,0.18,18%,20.0,3.64,40,1,20.0,3.64,10.0,1.82
Tombeau Rocheux,Rock Tomb,4,11,0.36,36%,10.0,3.64,40,1,10.0,3.64,5.0,1.82
Sabre Versatile,Versatil Saber,3,11,0.27,27%,11.0,3.0,33,1,11.0,3.0,5.5,1.5
Lame Insatiable,Fast Furious Blade,2,11,0.18,18%,16.0,2.91,32,2,8.0,1.46,5.33,0.97
Gantelet Impérieux,Imperious Gauntlet,1,11,0.09,9%,30.0,2.73,30,1,30.0,2.73,15.0,1.36
Œil de Lynx,Hawk's Eye,3,11,0.27,27%,8.67,2.36,26,0,Gratuit,Gratuit,8.67,2.36
Faux Assoiffées,Thirsty Scythes,1,11,0.09,9%,25.0,2.27,25,3,8.33,0.76,6.25,0.57
Bâton de Conquête,Conquering Staff,1,11,0.09,9%,24.0,2.18,24,2,12.0,1.09,8.0,0.73
Coup de Mort,Death Helper,2,11,0.18,18%,10.0,1.82,20,1,10.0,1.82,5.0,0.91
Le Marionnettiste,The Puppeteer,1,11,0.09,9%,20.0,1.82,20,2,10.0,0.91,6.67,0.61
Mental d'Acier,Steel Aura,1,11,0.09,9%,18.0,1.64,18,2,9.0,0.82,6.0,0.55
Esprit omniprésent,Omnipresent Spirit,1,11,0.09,9%,18.0,1.64,18,2,9.0,0.82,6.0,0.55
Épée Obscure,Swords of Darkness,1,11,0.09,9%,17.0,1.55,17,1,17.0,1.55,8.5,0.78
Esprit Guerrier,Spirit of the Warrior,1,11,0.09,9%,16.0,1.45,16,1,16.0,1.45,8.0,0.72
Griffes Sauvages,Wild Claw,6,11,0.55,55%,2.33,1.27,14,3,0.78,0.42,0.58,0.32
Désintégrateur Magnétique,Magnetic Disintegrator,1,11,0.09,9%,11.0,1.0,11,0,Gratuit,Gratuit,11.0,1.0
