,Nom Anglais,nb games valide,total games,ratio,%,pts moy,pts moy total,total point,cout,pts par cout moy,pts par cout total
Ascension Divine,Divine Ascent,2,2,1.0,100%,25.0,25.0,50,3,8.33,8.33
Armure d'Obsidienne,Obsidian Battle Plate,2,2,1.0,100%,20.0,20.0,40,2,10.0,10.0
Totem Équivalent,Equivalent Totem,2,2,1.0,100%,18.0,18.0,36,1,18.0,18.0
Économe Sagesse du Trésorier,Treasurer's Wisdom,2,2,1.0,100%,17.0,17.0,34,2,8.5,8.5
Faux,Scythe,2,2,1.0,100%,15.5,15.5,31,3,5.17,5.17
Chasseur d'Âmes,Soul Hunter,2,2,1.0,100%,15.0,15.0,30,1,15.0,15.0
Hache Frénétique,Berseker Ax,2,2,1.0,100%,14.0,14.0,28,2,7.0,7.0
Marteau Collecteur,Collecting Hammer,1,2,0.5,50%,24.0,12.0,24,2,12.0,6.0
Assistance Divine,Sacred Help,1,2,0.5,50%,20.0,10.0,20,2,10.0,5.0
Tombeau Rocheux,Rock Tomb,2,2,1.0,100%,10.0,10.0,20,1,10.0,10.0
Marteleur précis,Precise Hammer,1,2,0.5,50%,18.0,9.0,18,1,18.0,9.0
Esprit de l'Écuyer,Spirit of the Squire,2,2,1.0,100%,9.0,9.0,18,3,3.0,3.0
Lame Affutée,Sharp Blade,2,2,1.0,100%,7.5,7.5,15,3,2.5,2.5
Totem du Gardien,Guardian Totem,2,2,1.0,100%,7.0,7.0,14,3,2.33,2.33
Sabre Versatile,Versatil Saber,1,2,0.5,50%,11.0,5.5,11,1,11.0,5.5
Coup de Mort,Death Helper,1,2,0.5,50%,10.0,5.0,10,1,10.0,5.0
Œil de Lynx,Hawk's Eye,1,2,0.5,50%,8.0,4.0,8,0,Gratuit,Gratuit
Aveuglement,Incapacitor,2,2,1.0,100%,3.0,3.0,6,3,1.0,1.0
Griffes Sauvages,Wild Claw,2,2,1.0,100%,2.5,2.5,5,3,0.83,0.83
