,Nom Anglais,nb games valide,total games,ratio,%,pts moy,pts moy total,total point,cout,pts par cout moy,pts par cout total
Faux,Scythe,11,11,1.0,100%,13.73,13.73,151,3,4.58,4.58
Aveuglement,Incapacitor,10,11,0.91,91%,9.9,9.0,99,3,3.3,3.0
Esprit de l'Écuyer,Spirit of the Squire,11,11,1.0,100%,9.0,9.0,99,3,3.0,3.0
Totem du Gardien,Guardian Totem,11,11,1.0,100%,6.36,6.36,70,3,2.12,2.12
Hache Frénétique,Berseker Ax,5,11,0.45,45%,14.0,6.36,70,2,7.0,3.18
Économe Sagesse du Trésorier,Treasurer's Wisdom,4,11,0.36,36%,17.0,6.18,68,2,8.5,3.09
Le Marionnettiste,The Puppeteer,3,11,0.27,27%,20.0,5.45,60,2,10.0,2.73
Armure d'Obsidienne,Obsidian Battle Plate,3,11,0.27,27%,20.0,5.45,60,2,10.0,2.73
Ascension Divine,Divine Ascent,2,11,0.18,18%,25.0,4.55,50,3,8.33,1.52
Bâton de Conquête,Conquering Staff,2,11,0.18,18%,24.0,4.36,48,2,12.0,2.18
Lame Affutée,Sharp Blade,7,11,0.64,64%,6.0,3.82,42,3,2.0,1.27
Coup de Mort,Death Helper,4,11,0.36,36%,10.0,3.64,40,1,10.0,3.64
Explosion Arcanique,Arcane Explosive,3,11,0.27,27%,12.0,3.27,36,1,12.0,3.27
Mental d'Acier,Steel Aura,2,11,0.18,18%,18.0,3.27,36,2,9.0,1.64
Parchemin Secret,Secret Scroll,2,11,0.18,18%,18.0,3.27,36,2,9.0,1.64
Esprit Guerrier,Spirit of the Warrior,2,11,0.18,18%,16.0,2.91,32,1,16.0,2.91
Instinct Sanguinaire,Bloody Instinct,2,11,0.18,18%,15.0,2.73,30,2,7.5,1.36
Couronne du Roi Nain,Crown of the Dwarf King,2,11,0.18,18%,13.0,2.36,26,0,Gratuit,Gratuit
Faux Assoiffées,Thirsty Scythes,1,11,0.09,9%,25.0,2.27,25,3,8.33,0.76
Œil de Lynx,Hawk's Eye,3,11,0.27,27%,8.0,2.18,24,0,Gratuit,Gratuit
Sabre Versatile,Versatil Saber,2,11,0.18,18%,11.0,2.0,22,1,11.0,2.0
Pillard Féroce,Savage Looter,1,11,0.09,9%,20.0,1.82,20,1,20.0,1.82
Tombeau Rocheux,Rock Tomb,2,11,0.18,18%,10.0,1.82,20,1,10.0,1.82
Glaive Vindicatif,Large Sword of Hate,1,11,0.09,9%,20.0,1.82,20,1,20.0,1.82
Chasseresse d'Âmes,Huntress of Souls,1,11,0.09,9%,19.0,1.73,19,1,19.0,1.73
Esprit omniprésent,Omnipresent Spirit,1,11,0.09,9%,18.0,1.64,18,2,9.0,0.82
Griffes Démoniaques,Demon Claws,1,11,0.09,9%,17.0,1.55,17,1,17.0,1.55
Lame Insatiable,Fast Furious Blade,1,11,0.09,9%,16.0,1.45,16,2,8.0,0.72
Frappe Chirurgicale,Accurate Sword,1,11,0.09,9%,16.0,1.45,16,1,16.0,1.45
Esquive Salvatrice,Evasive Protection,1,11,0.09,9%,15.0,1.36,15,0,Gratuit,Gratuit
Épée Obscure,Swords of Darkness,1,11,0.09,9%,15.0,1.36,15,1,15.0,1.36
Elan de Fureur,Rampage Momentum,1,11,0.09,9%,15.0,1.36,15,2,7.5,0.68
Armure d'Immortel,Immortal Breastplate,1,11,0.09,9%,14.0,1.27,14,1,14.0,1.27
Le Croque-mort,The Undertaker,1,11,0.09,9%,14.0,1.27,14,1,14.0,1.27
Désintégrateur Magnétique,Magnetic Disintegrator,1,11,0.09,9%,11.0,1.0,11,0,Gratuit,Gratuit
Amulette Omnisciente,Omnipresent Amulet,1,11,0.09,9%,11.0,1.0,11,0,Gratuit,Gratuit
Force Divine,Divine Impetu,1,11,0.09,9%,11.0,1.0,11,0,Gratuit,Gratuit
Masse Colossale,Colossal Mace,1,11,0.09,9%,11.0,1.0,11,0,Gratuit,Gratuit
Destruction Royale,Royal Destroyer,1,11,0.09,9%,11.0,1.0,11,0,Gratuit,Gratuit
Épées Jumelles,Twin Swords,1,11,0.09,9%,10.0,0.91,10,1,10.0,0.91
Épé Sainte,Holy Sword,1,11,0.09,9%,10.0,0.91,10,0,Gratuit,Gratuit
Griffes Sauvages,Wild Claw,6,11,0.55,55%,1.5,0.82,9,3,0.5,0.27
Danse Macabre,Dance of Death,1,11,0.09,9%,8.0,0.73,8,1,8.0,0.73
Lance Doublée,Dual Spear,1,11,0.09,9%,8.0,0.73,8,0,Gratuit,Gratuit
