,Nom Anglais,nb games valide,total games,ratio,%,pts moy,pts moy total,total point,cout,pts par cout moy,pts par cout total,pts par cout moy+1,pts par cout total+1
Totem Équivalent,Equivalent Totem,5,5,1.0,100%,16.4,16.4,82,2,8.2,8.2,5.47,5.47
Faux,Scythe,5,5,1.0,100%,13.8,13.8,69,3,4.6,4.6,3.45,3.45
Ascension Divine,Divine Ascent,2,5,0.4,40%,25.0,10.0,50,3,8.33,3.33,6.25,2.5
Hache Frénétique,Berseker Ax,3,5,0.6,60%,14.0,8.4,42,2,7.0,4.2,4.67,2.8
Assistance Divine,Sacred Help,2,5,0.4,40%,20.0,8.0,40,2,10.0,4.0,6.67,2.67
Être de Lumière,Being of Light,2,5,0.4,40%,18.0,7.2,36,1,18.0,7.2,9.0,3.6
Épée Obscure,Swords of Darkness,2,5,0.4,40%,17.0,6.8,34,1,17.0,6.8,8.5,3.4
Économe Sagesse du Trésorier,Treasurer's Wisdom,2,5,0.4,40%,17.0,6.8,34,2,8.5,3.4,5.67,2.27
Lame Insatiable,Fast Furious Blade,2,5,0.4,40%,16.0,6.4,32,2,8.0,3.2,5.33,2.13
Esprit de l'Écuyer,Spirit of the Squire,5,5,1.0,100%,6.0,6.0,30,3,2.0,2.0,1.5,1.5
Totem du Gardien,Guardian Totem,5,5,1.0,100%,5.2,5.2,26,3,1.73,1.73,1.3,1.3
Faux Assoiffées,Thirsty Scythes,1,5,0.2,20%,25.0,5.0,25,3,8.33,1.67,6.25,1.25
Lame Affutée,Sharp Blade,4,5,0.8,80%,5.25,4.2,21,3,1.75,1.4,1.31,1.05
Armure d'Obsidienne,Obsidian Battle Plate,1,5,0.2,20%,20.0,4.0,20,2,10.0,2.0,6.67,1.33
Le Marionnettiste,The Puppeteer,1,5,0.2,20%,20.0,4.0,20,2,10.0,2.0,6.67,1.33
Aveuglement,Incapacitor,3,5,0.6,60%,6.0,3.6,18,3,2.0,1.2,1.5,0.9
Marteau Collecteur,Collecting Hammer,2,5,0.4,40%,9.0,3.6,18,2,4.5,1.8,3.0,1.2
Faux Parfaite,Perfect Scythe,1,5,0.2,20%,15.0,3.0,15,0,Gratuit,Gratuit,15.0,3.0
Armure d'Immortel,Immortal Breastplate,1,5,0.2,20%,14.0,2.8,14,1,14.0,2.8,7.0,1.4
Tombeau Rocheux,Rock Tomb,1,5,0.2,20%,10.0,2.0,10,1,10.0,2.0,5.0,1.0
Coup de Mort,Death Helper,1,5,0.2,20%,10.0,2.0,10,1,10.0,2.0,5.0,1.0
Œil de Lynx,Hawk's Eye,1,5,0.2,20%,8.0,1.6,8,0,Gratuit,Gratuit,8.0,1.6
Griffes Sauvages,Wild Claw,2,5,0.4,40%,1.5,0.6,3,3,0.5,0.2,0.38,0.15
