,Nom Anglais,nb games valide,total games,ratio,%,pts moy,pts moy total,total point,cout,pts par cout moy,pts par cout total
Totem Équivalent,Equivalent Totem,3,3,1.0,100%,16.0,16.0,48,2,8.0,8.0
Assistance Divine,Sacred Help,2,3,0.67,67%,20.0,13.33,40,2,10.0,6.67
Faux,Scythe,3,3,1.0,100%,12.67,12.67,38,3,4.22,4.22
Être de Lumière,Being of Light,2,3,0.67,67%,18.0,12.0,36,1,18.0,12.0
Hache Frénétique,Berseker Ax,2,3,0.67,67%,14.0,9.33,28,2,7.0,4.67
Ascension Divine,Divine Ascent,1,3,0.33,33%,25.0,8.33,25,3,8.33,2.78
Esprit de l'Écuyer,Spirit of the Squire,3,3,1.0,100%,7.0,7.0,21,3,2.33,2.33
Le Marionnettiste,The Puppeteer,1,3,0.33,33%,20.0,6.67,20,2,10.0,3.33
Économe Sagesse du Trésorier,Treasurer's Wisdom,1,3,0.33,33%,17.0,5.67,17,2,8.5,2.83
Épée Obscure,Swords of Darkness,1,3,0.33,33%,17.0,5.67,17,1,17.0,5.67
Lame Insatiable,Fast Furious Blade,1,3,0.33,33%,16.0,5.33,16,2,8.0,2.67
Totem du Gardien,Guardian Totem,3,3,1.0,100%,5.0,5.0,15,3,1.67,1.67
Faux Parfaite,Perfect Scythe,1,3,0.33,33%,15.0,5.0,15,0,Gratuit,Gratuit
Coup de Mort,Death Helper,1,3,0.33,33%,10.0,3.33,10,1,10.0,3.33
Lame Affutée,Sharp Blade,2,3,0.67,67%,4.5,3.0,9,3,1.5,1.0
Marteau Collecteur,Collecting Hammer,1,3,0.33,33%,6.0,2.0,6,2,3.0,1.0
Aveuglement,Incapacitor,1,3,0.33,33%,3.0,1.0,3,3,1.0,0.33
Griffes Sauvages,Wild Claw,1,3,0.33,33%,1.0,0.33,1,3,0.33,0.11
