,Nom Anglais,nb games valide,total games,ratio,%,pts moy,pts moy total,total point,cout,pts par cout moy,pts par cout total
Faux,Scythe,5,5,1.0,100%,15.8,15.8,79,3,5.27,5.27
Aveuglement,Incapacitor,5,5,1.0,100%,10.2,10.2,51,3,3.4,3.4
Faux Assoiffées,Thirsty Scythes,2,5,0.4,40%,25.0,10.0,50,3,8.33,3.33
Ascension Divine,Divine Ascent,2,5,0.4,40%,25.0,10.0,50,3,8.33,3.33
Lame Affutée,Sharp Blade,5,5,1.0,100%,9.0,9.0,45,3,3.0,3.0
Aura Légendaire,Legend Aura,1,5,0.2,20%,40.0,8.0,40,3,13.33,2.67
Armure d'Obsidienne,Obsidian Battle Plate,2,5,0.4,40%,20.0,8.0,40,2,10.0,4.0
Explosion Arcanique,Arcane Explosive,3,5,0.6,60%,12.0,7.2,36,1,12.0,7.2
Marteleur précis,Precise Hammer,2,5,0.4,40%,18.0,7.2,36,1,18.0,7.2
Économe Sagesse du Trésorier,Treasurer's Wisdom,2,5,0.4,40%,17.0,6.8,34,2,8.5,3.4
Esprit de l'Écuyer,Spirit of the Squire,4,5,0.8,80%,8.25,6.6,33,3,2.75,2.2
Lame Insatiable,Fast Furious Blade,2,5,0.4,40%,16.0,6.4,32,2,8.0,3.2
Hache Frénétique,Berseker Ax,2,5,0.4,40%,14.0,5.6,28,2,7.0,2.8
Totem du Gardien,Guardian Totem,5,5,1.0,100%,4.8,4.8,24,3,1.6,1.6
Bâton de Conquête,Conquering Staff,1,5,0.2,20%,24.0,4.8,24,2,12.0,2.4
Sabre Versatile,Versatil Saber,2,5,0.4,40%,11.0,4.4,22,1,11.0,4.4
Tombeau Rocheux,Rock Tomb,2,5,0.4,40%,10.0,4.0,20,1,10.0,4.0
Le Marionnettiste,The Puppeteer,1,5,0.2,20%,20.0,4.0,20,2,10.0,2.0
Glaive Vindicatif,Large Sword of Hate,1,5,0.2,20%,20.0,4.0,20,1,20.0,4.0
Assistance Divine,Sacred Help,1,5,0.2,20%,20.0,4.0,20,2,10.0,2.0
Être de Lumière,Being of Light,1,5,0.2,20%,18.0,3.6,18,1,18.0,3.6
Parchemin Secret,Secret Scroll,1,5,0.2,20%,18.0,3.6,18,2,9.0,1.8
Enchaînement Éclair,Unstoppable Lightning,1,5,0.2,20%,18.0,3.6,18,1,18.0,3.6
Décharge Élémentaire,Elemental Discharge,1,5,0.2,20%,18.0,3.6,18,1,18.0,3.6
Danse Macabre,Dance of Death,2,5,0.4,40%,8.0,3.2,16,1,8.0,3.2
Esquive Salvatrice,Evasive Protection,1,5,0.2,20%,15.0,3.0,15,0,Gratuit,Gratuit
Elan de Fureur,Rampage Momentum,1,5,0.2,20%,15.0,3.0,15,2,7.5,1.5
Épée Obscure,Swords of Darkness,1,5,0.2,20%,15.0,3.0,15,1,15.0,3.0
Armure d'Immortel,Immortal Breastplate,1,5,0.2,20%,14.0,2.8,14,1,14.0,2.8
Le Croque-mort,The Undertaker,1,5,0.2,20%,14.0,2.8,14,1,14.0,2.8
Griffes Sauvages,Wild Claw,4,5,0.8,80%,2.75,2.2,11,3,0.92,0.73
Destruction Royale,Royal Destroyer,1,5,0.2,20%,11.0,2.2,11,0,Gratuit,Gratuit
Désintégrateur Magnétique,Magnetic Disintegrator,1,5,0.2,20%,11.0,2.2,11,0,Gratuit,Gratuit
Épées Jumelles,Twin Swords,1,5,0.2,20%,10.0,2.0,10,1,10.0,2.0
Coup de Mort,Death Helper,1,5,0.2,20%,10.0,2.0,10,1,10.0,2.0
Lance Doublée,Dual Spear,1,5,0.2,20%,8.0,1.6,8,0,Gratuit,Gratuit
Œil de Lynx,Hawk's Eye,1,5,0.2,20%,8.0,1.6,8,0,Gratuit,Gratuit
