,Nom Anglais,nb games valide,total games,ratio,%,pts moy,pts moy total,total point,cout,pts par cout moy,pts par cout total
Faux,Scythe,10,10,1.0,100%,15.8,15.8,158,3,5.27,5.27
Ascension Divine,Divine Ascent,4,10,0.4,40%,25.0,10.0,100,3,8.33,3.33
Armure d'Obsidienne,Obsidian Battle Plate,5,10,0.5,50%,20.0,10.0,100,2,10.0,5.0
Aveuglement,Incapacitor,9,10,0.9,90%,10.33,9.3,93,3,3.44,3.1
Économe Sagesse du Trésorier,Treasurer's Wisdom,5,10,0.5,50%,17.0,8.5,85,2,8.5,4.25
Faux Assoiffées,Thirsty Scythes,3,10,0.3,30%,25.0,7.5,75,3,8.33,2.5
Esprit de l'Écuyer,Spirit of the Squire,9,10,0.9,90%,7.67,6.9,69,3,2.56,2.3
Lame Affutée,Sharp Blade,9,10,0.9,90%,7.0,6.3,63,3,2.33,2.1
Le Marionnettiste,The Puppeteer,3,10,0.3,30%,20.0,6.0,60,2,10.0,3.0
Hache Frénétique,Berseker Ax,4,10,0.4,40%,14.0,5.6,56,2,7.0,2.8
Marteleur précis,Precise Hammer,3,10,0.3,30%,18.0,5.4,54,1,18.0,5.4
Totem du Gardien,Guardian Totem,10,10,1.0,100%,5.2,5.2,52,3,1.73,1.73
Explosion Arcanique,Arcane Explosive,4,10,0.4,40%,12.0,4.8,48,1,12.0,4.8
Sabre Versatile,Versatil Saber,4,10,0.4,40%,11.0,4.4,44,1,11.0,4.4
Assistance Divine,Sacred Help,2,10,0.2,20%,20.0,4.0,40,2,10.0,2.0
Aura Légendaire,Legend Aura,1,10,0.1,10%,40.0,4.0,40,3,13.33,1.33
Parchemin Secret,Secret Scroll,2,10,0.2,20%,18.0,3.6,36,2,9.0,1.8
Lame Insatiable,Fast Furious Blade,2,10,0.2,20%,16.0,3.2,32,2,8.0,1.6
Épée Obscure,Swords of Darkness,2,10,0.2,20%,15.0,3.0,30,1,15.0,3.0
Tombeau Rocheux,Rock Tomb,3,10,0.3,30%,10.0,3.0,30,1,10.0,3.0
Bâton de Conquête,Conquering Staff,1,10,0.1,10%,24.0,2.4,24,2,12.0,1.2
Griffes Sauvages,Wild Claw,8,10,0.8,80%,2.88,2.3,23,3,0.96,0.77
Coup de Mort,Death Helper,2,10,0.2,20%,10.0,2.0,20,1,10.0,2.0
Glaive Vindicatif,Large Sword of Hate,1,10,0.1,10%,20.0,2.0,20,1,20.0,2.0
Épées Jumelles,Twin Swords,2,10,0.2,20%,10.0,2.0,20,1,10.0,2.0
Pillard Féroce,Savage Looter,1,10,0.1,10%,20.0,2.0,20,1,20.0,2.0
Mental d'Acier,Steel Aura,1,10,0.1,10%,18.0,1.8,18,2,9.0,0.9
Être de Lumière,Being of Light,1,10,0.1,10%,18.0,1.8,18,1,18.0,1.8
Enchaînement Éclair,Unstoppable Lightning,1,10,0.1,10%,18.0,1.8,18,1,18.0,1.8
Décharge Élémentaire,Elemental Discharge,1,10,0.1,10%,18.0,1.8,18,1,18.0,1.8
Œil de Lynx,Hawk's Eye,2,10,0.2,20%,8.0,1.6,16,0,Gratuit,Gratuit
Masse de Siège,Siege Mace,1,10,0.1,10%,16.0,1.6,16,0,Gratuit,Gratuit
Danse Macabre,Dance of Death,2,10,0.2,20%,8.0,1.6,16,1,8.0,1.6
Lance Doublée,Dual Spear,2,10,0.2,20%,8.0,1.6,16,0,Gratuit,Gratuit
Elan de Fureur,Rampage Momentum,1,10,0.1,10%,15.0,1.5,15,2,7.5,0.75
Esquive Salvatrice,Evasive Protection,1,10,0.1,10%,15.0,1.5,15,0,Gratuit,Gratuit
Soif de Sang,Thirsty Dagger,1,10,0.1,10%,15.0,1.5,15,0,Gratuit,Gratuit
Instinct Sanguinaire,Bloody Instinct,1,10,0.1,10%,15.0,1.5,15,2,7.5,0.75
Armure d'Immortel,Immortal Breastplate,1,10,0.1,10%,14.0,1.4,14,1,14.0,1.4
Le Croque-mort,The Undertaker,1,10,0.1,10%,14.0,1.4,14,1,14.0,1.4
Amulette Omnisciente,Omnipresent Amulet,1,10,0.1,10%,11.0,1.1,11,0,Gratuit,Gratuit
Destruction Royale,Royal Destroyer,1,10,0.1,10%,11.0,1.1,11,0,Gratuit,Gratuit
Désintégrateur Magnétique,Magnetic Disintegrator,1,10,0.1,10%,11.0,1.1,11,0,Gratuit,Gratuit
