,Nom Anglais,nb games valide,total games,ratio,%,pts moy,pts moy total,total point,cout,pts par cout moy,pts par cout total,pts par cout moy+1,pts par cout total+1
Totem Équivalent,Equivalent Totem,8,8,1.0,100%,15.88,15.88,127,2,7.94,7.94,5.29,5.29
Faux,Scythe,8,8,1.0,100%,13.5,13.5,108,3,4.5,4.5,3.38,3.38
Ascension Divine,Divine Ascent,3,8,0.38,38%,25.0,9.38,75,3,8.33,3.13,6.25,2.35
Assistance Divine,Sacred Help,3,8,0.38,38%,20.0,7.5,60,2,10.0,3.75,6.67,2.5
Hache Frénétique,Berseker Ax,4,8,0.5,50%,14.0,7.0,56,2,7.0,3.5,4.67,2.33
Marteau Collecteur,Collecting Hammer,4,8,0.5,50%,13.5,6.75,54,2,6.75,3.38,4.5,2.25
Économe Sagesse du Trésorier,Treasurer's Wisdom,3,8,0.38,38%,17.0,6.38,51,2,8.5,3.19,5.67,2.13
Épée Obscure,Swords of Darkness,3,8,0.38,38%,17.0,6.38,51,1,17.0,6.38,8.5,3.19
Faux Assoiffées,Thirsty Scythes,2,8,0.25,25%,25.0,6.25,50,3,8.33,2.08,6.25,1.56
Esprit de l'Écuyer,Spirit of the Squire,7,8,0.88,88%,6.0,5.25,42,3,2.0,1.75,1.5,1.31
Le Marionnettiste,The Puppeteer,2,8,0.25,25%,20.0,5.0,40,2,10.0,2.5,6.67,1.67
Totem du Gardien,Guardian Totem,8,8,1.0,100%,5.0,5.0,40,3,1.67,1.67,1.25,1.25
Être de Lumière,Being of Light,2,8,0.25,25%,18.0,4.5,36,1,18.0,4.5,9.0,2.25
Lame Affutée,Sharp Blade,5,8,0.62,62%,6.6,4.12,33,3,2.2,1.37,1.65,1.03
Aveuglement,Incapacitor,6,8,0.75,75%,5.5,4.12,33,3,1.83,1.37,1.38,1.03
Lame Insatiable,Fast Furious Blade,2,8,0.25,25%,16.0,4.0,32,2,8.0,2.0,5.33,1.33
Tombeau Rocheux,Rock Tomb,2,8,0.25,25%,10.0,2.5,20,1,10.0,2.5,5.0,1.25
Armure d'Obsidienne,Obsidian Battle Plate,1,8,0.12,12%,20.0,2.5,20,2,10.0,1.25,6.67,0.83
Marteleur précis,Precise Hammer,1,8,0.12,12%,18.0,2.25,18,1,18.0,2.25,9.0,1.12
Masse de Siège,Siege Mace,1,8,0.12,12%,16.0,2.0,16,0,Gratuit,Gratuit,16.0,2.0
Œil de Lynx,Hawk's Eye,2,8,0.25,25%,8.0,2.0,16,0,Gratuit,Gratuit,8.0,2.0
Elan de Fureur,Rampage Momentum,1,8,0.12,12%,15.0,1.88,15,2,7.5,0.94,5.0,0.63
Faux Parfaite,Perfect Scythe,1,8,0.12,12%,15.0,1.88,15,0,Gratuit,Gratuit,15.0,1.88
Armure d'Immortel,Immortal Breastplate,1,8,0.12,12%,14.0,1.75,14,1,14.0,1.75,7.0,0.88
Explosion Arcanique,Arcane Explosive,1,8,0.12,12%,12.0,1.5,12,1,12.0,1.5,6.0,0.75
Masse Colossale,Colossal Mace,1,8,0.12,12%,11.0,1.38,11,0,Gratuit,Gratuit,11.0,1.38
Coup de Mort,Death Helper,1,8,0.12,12%,10.0,1.25,10,1,10.0,1.25,5.0,0.62
Danse Macabre,Dance of Death,1,8,0.12,12%,8.0,1.0,8,1,8.0,1.0,4.0,0.5
Griffes Sauvages,Wild Claw,4,8,0.5,50%,1.5,0.75,6,3,0.5,0.25,0.38,0.19
