,Nom Anglais,nb games valide,total games,ratio,%,pts moy,pts moy total,total point,cout,pts par cout moy,pts par cout total
Faux,Scythe,17,17,1.0,100%,14.82,14.82,252,3,4.94,4.94
Armure d'Obsidienne,Obsidian Battle Plate,8,17,0.47,47%,20.0,9.41,160,2,10.0,4.71
Aveuglement,Incapacitor,16,17,0.94,94%,8.44,7.94,135,3,2.81,2.65
Ascension Divine,Divine Ascent,5,17,0.29,29%,25.0,7.35,125,3,8.33,2.45
Esprit de l'Écuyer,Spirit of the Squire,15,17,0.88,88%,7.4,6.53,111,3,2.47,2.18
Économe Sagesse du Trésorier,Treasurer's Wisdom,6,17,0.35,35%,17.0,6.0,102,2,8.5,3.0
Faux Assoiffées,Thirsty Scythes,4,17,0.24,24%,25.0,5.88,100,3,8.33,1.96
Lame Affutée,Sharp Blade,14,17,0.82,82%,7.07,5.82,99,3,2.36,1.94
Totem du Gardien,Guardian Totem,17,17,1.0,100%,5.18,5.18,88,3,1.73,1.73
Hache Frénétique,Berseker Ax,6,17,0.35,35%,14.0,4.94,84,2,7.0,2.47
Assistance Divine,Sacred Help,4,17,0.24,24%,20.0,4.71,80,2,10.0,2.35
Sabre Versatile,Versatil Saber,7,17,0.41,41%,11.0,4.53,77,1,11.0,4.53
Épée Obscure,Swords of Darkness,5,17,0.29,29%,15.0,4.41,75,1,15.0,4.41
Le Marionnettiste,The Puppeteer,3,17,0.18,18%,20.0,3.53,60,2,10.0,1.76
Explosion Arcanique,Arcane Explosive,5,17,0.29,29%,12.0,3.53,60,1,12.0,3.53
Marteleur précis,Precise Hammer,3,17,0.18,18%,18.0,3.18,54,1,18.0,3.18
Épées Jumelles,Twin Swords,5,17,0.29,29%,10.0,2.94,50,1,10.0,2.94
Lame Insatiable,Fast Furious Blade,3,17,0.18,18%,16.0,2.82,48,2,8.0,1.41
Instinct Sanguinaire,Bloody Instinct,3,17,0.18,18%,15.0,2.65,45,2,7.5,1.32
Aura Légendaire,Legend Aura,1,17,0.06,6%,40.0,2.35,40,3,13.33,0.78
Tombeau Rocheux,Rock Tomb,4,17,0.24,24%,10.0,2.35,40,1,10.0,2.35
Glaive Vindicatif,Large Sword of Hate,2,17,0.12,12%,20.0,2.35,40,1,20.0,2.35
Lance Doublée,Dual Spear,5,17,0.29,29%,8.0,2.35,40,0,Gratuit,Gratuit
Griffes Sauvages,Wild Claw,13,17,0.76,76%,2.85,2.18,37,3,0.95,0.73
Parchemin Secret,Secret Scroll,2,17,0.12,12%,18.0,2.12,36,2,9.0,1.06
Mental d'Acier,Steel Aura,2,17,0.12,12%,18.0,2.12,36,2,9.0,1.06
Esquive Salvatrice,Evasive Protection,2,17,0.12,12%,15.0,1.76,30,0,Gratuit,Gratuit
Le Croque-mort,The Undertaker,2,17,0.12,12%,14.0,1.65,28,1,14.0,1.65
Armure d'Immortel,Immortal Breastplate,2,17,0.12,12%,14.0,1.65,28,1,14.0,1.65
Bâton de Conquête,Conquering Staff,1,17,0.06,6%,24.0,1.41,24,2,12.0,0.7
Désintégrateur Magnétique,Magnetic Disintegrator,2,17,0.12,12%,11.0,1.29,22,0,Gratuit,Gratuit
Pillard Féroce,Savage Looter,1,17,0.06,6%,20.0,1.18,20,1,20.0,1.18
Coup de Mort,Death Helper,2,17,0.12,12%,10.0,1.18,20,1,10.0,1.18
Décharge Élémentaire,Elemental Discharge,1,17,0.06,6%,18.0,1.06,18,1,18.0,1.06
Enchaînement Éclair,Unstoppable Lightning,1,17,0.06,6%,18.0,1.06,18,1,18.0,1.06
Être de Lumière,Being of Light,1,17,0.06,6%,18.0,1.06,18,1,18.0,1.06
Esprit Guerrier,Spirit of the Warrior,1,17,0.06,6%,16.0,0.94,16,1,16.0,0.94
Danse Macabre,Dance of Death,2,17,0.12,12%,8.0,0.94,16,1,8.0,0.94
Adrénaline Arcanique,Arcane Adrenaline,1,17,0.06,6%,16.0,0.94,16,1,16.0,0.94
Masse de Siège,Siege Mace,1,17,0.06,6%,16.0,0.94,16,0,Gratuit,Gratuit
Œil de Lynx,Hawk's Eye,2,17,0.12,12%,8.0,0.94,16,0,Gratuit,Gratuit
Soif de Sang,Thirsty Dagger,1,17,0.06,6%,15.0,0.88,15,0,Gratuit,Gratuit
Elan de Fureur,Rampage Momentum,1,17,0.06,6%,15.0,0.88,15,2,7.5,0.44
Amulette Omnisciente,Omnipresent Amulet,1,17,0.06,6%,11.0,0.65,11,0,Gratuit,Gratuit
Destruction Royale,Royal Destroyer,1,17,0.06,6%,11.0,0.65,11,0,Gratuit,Gratuit
Épé Sainte,Holy Sword,1,17,0.06,6%,10.0,0.59,10,0,Gratuit,Gratuit
