,Nom Anglais,nb games valide,total games,ratio,%,pts moy,pts moy total,total point,cout,pts par cout moy,pts par cout total,pts par cout moy+1,pts par cout total+1
Totem Équivalent,Equivalent Totem,9,9,1.0,100%,15.89,15.89,143,2,7.95,7.95,5.3,5.3
Faux,Scythe,9,9,1.0,100%,13.44,13.44,121,3,4.48,4.48,3.36,3.36
Ascension Divine,Divine Ascent,3,9,0.33,33%,25.0,8.33,75,3,8.33,2.78,6.25,2.08
Assistance Divine,Sacred Help,3,9,0.33,33%,20.0,6.67,60,2,10.0,3.33,6.67,2.22
Hache Frénétique,Berseker Ax,4,9,0.44,44%,14.0,6.22,56,2,7.0,3.11,4.67,2.07
Marteau Collecteur,Collecting Hammer,4,9,0.44,44%,13.5,6.0,54,2,6.75,3.0,4.5,2.0
Économe Sagesse du Trésorier,Treasurer's Wisdom,3,9,0.33,33%,17.0,5.67,51,2,8.5,2.83,5.67,1.89
Épée Obscure,Swords of Darkness,3,9,0.33,33%,17.0,5.67,51,1,17.0,5.67,8.5,2.83
Faux Assoiffées,Thirsty Scythes,2,9,0.22,22%,25.0,5.56,50,3,8.33,1.85,6.25,1.39
Totem du Gardien,Guardian Totem,9,9,1.0,100%,5.0,5.0,45,3,1.67,1.67,1.25,1.25
Esprit de l'Écuyer,Spirit of the Squire,7,9,0.78,78%,6.0,4.67,42,3,2.0,1.56,1.5,1.17
Lame Affutée,Sharp Blade,6,9,0.67,67%,7.0,4.67,42,3,2.33,1.56,1.75,1.17
Le Marionnettiste,The Puppeteer,2,9,0.22,22%,20.0,4.44,40,2,10.0,2.22,6.67,1.48
Être de Lumière,Being of Light,2,9,0.22,22%,18.0,4.0,36,1,18.0,4.0,9.0,2.0
Aveuglement,Incapacitor,6,9,0.67,67%,5.5,3.67,33,3,1.83,1.22,1.38,0.92
Lame Insatiable,Fast Furious Blade,2,9,0.22,22%,16.0,3.56,32,2,8.0,1.78,5.33,1.19
Faux Parfaite,Perfect Scythe,2,9,0.22,22%,15.0,3.33,30,0,Gratuit,Gratuit,15.0,3.33
Explosion Arcanique,Arcane Explosive,2,9,0.22,22%,12.0,2.67,24,1,12.0,2.67,6.0,1.33
Tombeau Rocheux,Rock Tomb,2,9,0.22,22%,10.0,2.22,20,1,10.0,2.22,5.0,1.11
Armure d'Obsidienne,Obsidian Battle Plate,1,9,0.11,11%,20.0,2.22,20,2,10.0,1.11,6.67,0.74
Marteleur précis,Precise Hammer,1,9,0.11,11%,18.0,2.0,18,1,18.0,2.0,9.0,1.0
Masse de Siège,Siege Mace,1,9,0.11,11%,16.0,1.78,16,0,Gratuit,Gratuit,16.0,1.78
Œil de Lynx,Hawk's Eye,2,9,0.22,22%,8.0,1.78,16,0,Gratuit,Gratuit,8.0,1.78
Elan de Fureur,Rampage Momentum,1,9,0.11,11%,15.0,1.67,15,2,7.5,0.83,5.0,0.56
Armure d'Immortel,Immortal Breastplate,1,9,0.11,11%,14.0,1.56,14,1,14.0,1.56,7.0,0.78
Masse Colossale,Colossal Mace,1,9,0.11,11%,11.0,1.22,11,0,Gratuit,Gratuit,11.0,1.22
Coup de Mort,Death Helper,1,9,0.11,11%,10.0,1.11,10,1,10.0,1.11,5.0,0.56
Danse Macabre,Dance of Death,1,9,0.11,11%,8.0,0.89,8,1,8.0,0.89,4.0,0.45
Griffes Sauvages,Wild Claw,4,9,0.44,44%,1.5,0.67,6,3,0.5,0.22,0.38,0.17
