,Nom Anglais,nb games valide,total games,ratio,%,pts moy,pts moy total,total point,cout,pts par cout moy,pts par cout total
Faux,Scythe,13,13,1.0,100%,15.08,15.08,196,3,5.03,5.03
Armure d'Obsidienne,Obsidian Battle Plate,6,13,0.46,46%,20.0,9.23,120,2,10.0,4.62
Aveuglement,Incapacitor,12,13,0.92,92%,9.25,8.54,111,3,3.08,2.85
Ascension Divine,Divine Ascent,4,13,0.31,31%,25.0,7.69,100,3,8.33,2.56
Économe Sagesse du Trésorier,Treasurer's Wisdom,5,13,0.38,38%,17.0,6.54,85,2,8.5,3.27
Esprit de l'Écuyer,Spirit of the Squire,11,13,0.85,85%,7.36,6.23,81,3,2.45,2.08
Lame Affutée,Sharp Blade,11,13,0.85,85%,7.09,6.0,78,3,2.36,2.0
Faux Assoiffées,Thirsty Scythes,3,13,0.23,23%,25.0,5.77,75,3,8.33,1.92
Hache Frénétique,Berseker Ax,5,13,0.38,38%,14.0,5.38,70,2,7.0,2.69
Totem du Gardien,Guardian Totem,13,13,1.0,100%,4.92,4.92,64,3,1.64,1.64
Assistance Divine,Sacred Help,3,13,0.23,23%,20.0,4.62,60,2,10.0,2.31
Épée Obscure,Swords of Darkness,4,13,0.31,31%,15.0,4.62,60,1,15.0,4.62
Le Marionnettiste,The Puppeteer,3,13,0.23,23%,20.0,4.62,60,2,10.0,2.31
Sabre Versatile,Versatil Saber,5,13,0.38,38%,11.0,4.23,55,1,11.0,4.23
Marteleur précis,Precise Hammer,3,13,0.23,23%,18.0,4.15,54,1,18.0,4.15
Lame Insatiable,Fast Furious Blade,3,13,0.23,23%,16.0,3.69,48,2,8.0,1.84
Explosion Arcanique,Arcane Explosive,4,13,0.31,31%,12.0,3.69,48,1,12.0,3.69
Aura Légendaire,Legend Aura,1,13,0.08,8%,40.0,3.08,40,3,13.33,1.03
Glaive Vindicatif,Large Sword of Hate,2,13,0.15,15%,20.0,3.08,40,1,20.0,3.08
Épées Jumelles,Twin Swords,4,13,0.31,31%,10.0,3.08,40,1,10.0,3.08
Parchemin Secret,Secret Scroll,2,13,0.15,15%,18.0,2.77,36,2,9.0,1.39
Mental d'Acier,Steel Aura,2,13,0.15,15%,18.0,2.77,36,2,9.0,1.39
Lance Doublée,Dual Spear,4,13,0.31,31%,8.0,2.46,32,0,Gratuit,Gratuit
Griffes Sauvages,Wild Claw,10,13,0.77,77%,3.0,2.31,30,3,1.0,0.77
Esquive Salvatrice,Evasive Protection,2,13,0.15,15%,15.0,2.31,30,0,Gratuit,Gratuit
Tombeau Rocheux,Rock Tomb,3,13,0.23,23%,10.0,2.31,30,1,10.0,2.31
Armure d'Immortel,Immortal Breastplate,2,13,0.15,15%,14.0,2.15,28,1,14.0,2.15
Bâton de Conquête,Conquering Staff,1,13,0.08,8%,24.0,1.85,24,2,12.0,0.93
Coup de Mort,Death Helper,2,13,0.15,15%,10.0,1.54,20,1,10.0,1.54
Pillard Féroce,Savage Looter,1,13,0.08,8%,20.0,1.54,20,1,20.0,1.54
Enchaînement Éclair,Unstoppable Lightning,1,13,0.08,8%,18.0,1.38,18,1,18.0,1.38
Décharge Élémentaire,Elemental Discharge,1,13,0.08,8%,18.0,1.38,18,1,18.0,1.38
Être de Lumière,Being of Light,1,13,0.08,8%,18.0,1.38,18,1,18.0,1.38
Esprit Guerrier,Spirit of the Warrior,1,13,0.08,8%,16.0,1.23,16,1,16.0,1.23
Adrénaline Arcanique,Arcane Adrenaline,1,13,0.08,8%,16.0,1.23,16,1,16.0,1.23
Œil de Lynx,Hawk's Eye,2,13,0.15,15%,8.0,1.23,16,0,Gratuit,Gratuit
Danse Macabre,Dance of Death,2,13,0.15,15%,8.0,1.23,16,1,8.0,1.23
Masse de Siège,Siege Mace,1,13,0.08,8%,16.0,1.23,16,0,Gratuit,Gratuit
Soif de Sang,Thirsty Dagger,1,13,0.08,8%,15.0,1.15,15,0,Gratuit,Gratuit
Elan de Fureur,Rampage Momentum,1,13,0.08,8%,15.0,1.15,15,2,7.5,0.57
Instinct Sanguinaire,Bloody Instinct,1,13,0.08,8%,15.0,1.15,15,2,7.5,0.57
Le Croque-mort,The Undertaker,1,13,0.08,8%,14.0,1.08,14,1,14.0,1.08
Amulette Omnisciente,Omnipresent Amulet,1,13,0.08,8%,11.0,0.85,11,0,Gratuit,Gratuit
Destruction Royale,Royal Destroyer,1,13,0.08,8%,11.0,0.85,11,0,Gratuit,Gratuit
Désintégrateur Magnétique,Magnetic Disintegrator,1,13,0.08,8%,11.0,0.85,11,0,Gratuit,Gratuit
