,Nom Anglais,nb games valide,total games,ratio,%,pts moy,pts moy total,total point,cout,pts par cout moy,pts par cout total,pts par cout moy+1,pts par cout total+1
Totem Équivalent,Equivalent Totem,5,5,1.0,100%,16.0,16.0,80,3,5.33,5.33,4.0,4.0
Faux,Scythe,5,5,1.0,100%,13.8,13.8,69,3,4.6,4.6,3.45,3.45
Armure d'Obsidienne,Obsidian Battle Plate,3,5,0.6,60%,20.0,12.0,60,2,10.0,6.0,6.67,4.0
Faux Parfaite,Perfect Scythe,4,5,0.8,80%,15.0,12.0,60,0,Gratuit,Gratuit,15.0,12.0
Assistance Divine,Sacred Help,3,5,0.6,60%,20.0,12.0,60,2,10.0,6.0,6.67,4.0
Gantelet Impérieux,Imperious Gauntlet,2,5,0.4,40%,22.0,8.8,44,1,22.0,8.8,11.0,4.4
Armure d'Immortel,Immortal Breastplate,2,5,0.4,40%,20.0,8.0,40,1,20.0,8.0,10.0,4.0
Esprit de l'Écuyer,Spirit of the Squire,4,5,0.8,80%,9.75,7.8,39,3,3.25,2.6,2.44,1.95
Mental d'Acier,Steel Aura,2,5,0.4,40%,18.0,7.2,36,2,9.0,3.6,6.0,2.4
Sabre Versatile,Versatil Saber,2,5,0.4,40%,18.0,7.2,36,1,18.0,7.2,9.0,3.6
Hache Frénétique,Berseker Ax,2,5,0.4,40%,16.0,6.4,32,2,8.0,3.2,5.33,2.13
Lame Affutée,Sharp Blade,4,5,0.8,80%,7.5,6.0,30,3,2.5,2.0,1.88,1.5
Coup de Mort,Death Helper,2,5,0.4,40%,13.0,5.2,26,1,13.0,5.2,6.5,2.6
Ascension Divine,Divine Ascent,1,5,0.2,20%,25.0,5.0,25,3,8.33,1.67,6.25,1.25
Faux Assoiffées,Thirsty Scythes,1,5,0.2,20%,25.0,5.0,25,3,8.33,1.67,6.25,1.25
Totem du Gardien,Guardian Totem,5,5,1.0,100%,5.0,5.0,25,3,1.67,1.67,1.25,1.25
Aveuglement,Incapacitor,5,5,1.0,100%,4.8,4.8,24,3,1.6,1.6,1.2,1.2
Danse Macabre,Dance of Death,2,5,0.4,40%,10.0,4.0,20,1,10.0,4.0,5.0,2.0
Chasseur d'Âmes,Soul Hunter,1,5,0.2,20%,20.0,4.0,20,1,20.0,4.0,10.0,2.0
Marteleur précis,Precise Hammer,1,5,0.2,20%,18.0,3.6,18,1,18.0,3.6,9.0,1.8
Lame Insatiable,Fast Furious Blade,1,5,0.2,20%,18.0,3.6,18,2,9.0,1.8,6.0,1.2
Soif de Sang,Thirsty Dagger,1,5,0.2,20%,15.0,3.0,15,0,Gratuit,Gratuit,15.0,3.0
Marteau Collecteur,Collecting Hammer,1,5,0.2,20%,14.0,2.8,14,2,7.0,1.4,4.67,0.93
Explosion Arcanique,Arcane Explosive,1,5,0.2,20%,12.0,2.4,12,1,12.0,2.4,6.0,1.2
Griffes Sauvages,Wild Claw,1,5,0.2,20%,1.0,0.2,1,3,0.33,0.07,0.25,0.05
